Process Name,PID,Operation,Path,Result,Detail,Date & Time,Event Class,Image Path,User,Command Line,TID,Parent PID,Content,Label
cmd.exe,10676,Process Start,,SUCCESS,"Parent PID: 8028, Command line: cmd.exe /C tasklist, Current directory: C:\Windows\system32\, Environment: ;	ALLUSERSPROFILE=C:\ProgramData;	APPDATA=C:\Users\ezk\AppData\Roaming;	CommonProgramFiles=C:\Program Files\Common Files;	CommonProgramFiles(x86)=C:\Program Files (x86)\Common Files;	CommonProgramW6432=C:\Program Files\Common Files;	COMPUTERNAME=DESKTOP-BA1RQFC;	ComSpec=C:\Windows\system32\cmd.exe;	DriverData=C:\Windows\System32\Drivers\DriverData;	HOMEDRIVE=C:;	HOMEPATH=\Users\ezk;	LOCALAPPDATA=C:\Users\ezk\AppData\Local;	LOGONSERVER=\\DC02;	NUMBER_OF_PROCESSORS=2;	OneDrive=C:\Users\ezk\OneDrive;	OS=Windows_NT;	Path=C:\Windows\system32;C:\Windows;C:\Windows\System32\Wbem;C:\Windows\System32\WindowsPowerShell\v1.0\;C:\Windows\System32\OpenSSH\;C:\Users\ezk\AppData\Local\Microsoft\WindowsApps;	PATHEXT=.COM;.EXE;.BAT;.CMD;.VBS;.VBE;.JS;.JSE;.WSF;.WSH;.MSC;.CPL;	PROCESSOR_ARCHITECTURE=AMD64;	PROCESSOR_IDENTIFIER=Intel64 Family 6 Model 165 Stepping 5, GenuineIntel;	PROCESSOR_LEVEL=6;	PROCESSOR_REVISION=a505;	ProgramData=C:\ProgramData;	ProgramFiles=C:\Program Files;	ProgramFiles(x86)=C:\Program Files (x86);	ProgramW6432=C:\Program Files;	PSModulePath=C:\Users\ezk\Documents\WindowsPowerShell\Modules;C:\Program Files\WindowsPowerShell\Modules;C:\Windows\system32\WindowsPowerShell\v1.0\Modules;	PUBLIC=C:\Users\Public;	SystemDrive=C:;	SystemRoot=C:\Windows;	TEMP=C:\Users\ezk\AppData\Local\Temp;	TMP=C:\Users\ezk\AppData\Local\Temp;	USERDNSDOMAIN=BLUETEAM.COM;	USERDOMAIN=BLUETEAM;	USERDOMAIN_ROAMINGPROFILE=BLUETEAM;	USERNAME=ezk;	USERPROFILE=C:\Users\ezk;	windir=C:\Windows",4/14/2022 12:40:51 PM,Process,C:\Windows\system32\cmd.exe,BLUETEAM\ezk,cmd.exe /C tasklist,2456,8028,"cmd.exe 10676 Process Start None SUCCESS Parent PID: 8028, Command line: cmd.exe /C tasklist, Current directory: C:\Windows\system32\, Environment: ;	ALLUSERSPROFILE=C:\ProgramData;	APPDATA=C:\Users\ezk\AppData\Roaming;	CommonProgramFiles=C:\Program Files\Common Files;	CommonProgramFiles(x86)=C:\Program Files (x86)\Common Files;	CommonProgramW6432=C:\Program Files\Common Files;	COMPUTERNAME=DESKTOP-BA1RQFC;	ComSpec=C:\Windows\system32\cmd.exe;	DriverData=C:\Windows\System32\Drivers\DriverData;	HOMEDRIVE=C:;	HOMEPATH=\Users\ezk;	LOCALAPPDATA=C:\Users\ezk\AppData\Local;	LOGONSERVER=\\DC02;	NUMBER_OF_PROCESSORS=2;	OneDrive=C:\Users\ezk\OneDrive;	OS=Windows_NT;	Path=C:\Windows\system32;C:\Windows;C:\Windows\System32\Wbem;C:\Windows\System32\WindowsPowerShell\v1.0\;C:\Windows\System32\OpenSSH\;C:\Users\ezk\AppData\Local\Microsoft\WindowsApps;	PATHEXT=.COM;.EXE;.BAT;.CMD;.VBS;.VBE;.JS;.JSE;.WSF;.WSH;.MSC;.CPL;	PROCESSOR_ARCHITECTURE=AMD64;	PROCESSOR_IDENTIFIER=Intel64 Family 6 Model 165 Stepping 5, GenuineIntel;	PROCESSOR_LEVEL=6;	PROCESSOR_REVISION=a505;	ProgramData=C:\ProgramData;	ProgramFiles=C:\Program Files;	ProgramFiles(x86)=C:\Program Files (x86);	ProgramW6432=C:\Program Files;	PSModulePath=C:\Users\ezk\Documents\WindowsPowerShell\Modules;C:\Program Files\WindowsPowerShell\Modules;C:\Windows\system32\WindowsPowerShell\v1.0\Modules;	PUBLIC=C:\Users\Public;	SystemDrive=C:;	SystemRoot=C:\Windows;	TEMP=C:\Users\ezk\AppData\Local\Temp;	TMP=C:\Users\ezk\AppData\Local\Temp;	USERDNSDOMAIN=BLUETEAM.COM;	USERDOMAIN=BLUETEAM;	USERDOMAIN_ROAMINGPROFILE=BLUETEAM;	USERNAME=ezk;	USERPROFILE=C:\Users\ezk;	windir=C:\Windows 4/14/2022 12:40:51 PM Process C:\Windows\system32\cmd.exe BLUETEAM\ezk cmd.exe /C tasklist 2456 8028",benign
cmd.exe,10676,RegCloseKey,HKLM\System\CurrentControlSet\Control\FileSystem,SUCCESS,,4/14/2022 12:40:51 PM,Registry,C:\Windows\system32\cmd.exe,BLUETEAM\ezk,cmd.exe /C tasklist,10244,8028,cmd.exe 10676 RegCloseKey HKLM\System\CurrentControlSet\Control\FileSystem SUCCESS None 4/14/2022 12:40:51 PM Registry C:\Windows\system32\cmd.exe BLUETEAM\ezk cmd.exe /C tasklist 10244 8028,benign
cmd.exe,10676,RegQueryValue,HKLM\System\CurrentControlSet\Control\FileSystem\LongPathsEnabled,SUCCESS,"Type: REG_DWORD, Length: 4, Data: 0",4/14/2022 12:40:51 PM,Registry,C:\Windows\system32\cmd.exe,BLUETEAM\ezk,cmd.exe /C tasklist,10244,8028,"cmd.exe 10676 RegQueryValue HKLM\System\CurrentControlSet\Control\FileSystem\LongPathsEnabled SUCCESS Type: REG_DWORD, Length: 4, Data: 0 4/14/2022 12:40:51 PM Registry C:\Windows\system32\cmd.exe BLUETEAM\ezk cmd.exe /C tasklist 10244 8028",benign
cmd.exe,10676,RegOpenKey,HKLM\System\CurrentControlSet\Control\FileSystem,SUCCESS,Desired Access: Read,4/14/2022 12:40:51 PM,Registry,C:\Windows\system32\cmd.exe,BLUETEAM\ezk,cmd.exe /C tasklist,10244,8028,cmd.exe 10676 RegOpenKey HKLM\System\CurrentControlSet\Control\FileSystem SUCCESS Desired Access: Read 4/14/2022 12:40:51 PM Registry C:\Windows\system32\cmd.exe BLUETEAM\ezk cmd.exe /C tasklist 10244 8028,benign
cmd.exe,10676,RegOpenKey,HKLM\System\CurrentControlSet\Control\FileSystem\,REPARSE,Desired Access: Read,4/14/2022 12:40:51 PM,Registry,C:\Windows\system32\cmd.exe,BLUETEAM\ezk,cmd.exe /C tasklist,10244,8028,cmd.exe 10676 RegOpenKey HKLM\System\CurrentControlSet\Control\FileSystem\ REPARSE Desired Access: Read 4/14/2022 12:40:51 PM Registry C:\Windows\system32\cmd.exe BLUETEAM\ezk cmd.exe /C tasklist 10244 8028,benign
cmd.exe,10676,RegCloseKey,HKLM\SOFTWARE\Policies\Microsoft\Windows\safer\codeidentifiers,SUCCESS,,4/14/2022 12:40:51 PM,Registry,C:\Windows\system32\cmd.exe,BLUETEAM\ezk,cmd.exe /C tasklist,10244,8028,cmd.exe 10676 RegCloseKey HKLM\SOFTWARE\Policies\Microsoft\Windows\safer\codeidentifiers SUCCESS None 4/14/2022 12:40:51 PM Registry C:\Windows\system32\cmd.exe BLUETEAM\ezk cmd.exe /C tasklist 10244 8028,benign
cmd.exe,10676,RegQueryValue,HKLM\SOFTWARE\Policies\Microsoft\Windows\safer\codeidentifiers\TransparentEnabled,NAME NOT FOUND,Length: 80,4/14/2022 12:40:51 PM,Registry,C:\Windows\system32\cmd.exe,BLUETEAM\ezk,cmd.exe /C tasklist,10244,8028,cmd.exe 10676 RegQueryValue HKLM\SOFTWARE\Policies\Microsoft\Windows\safer\codeidentifiers\TransparentEnabled NAME NOT FOUND Length: 80 4/14/2022 12:40:51 PM Registry C:\Windows\system32\cmd.exe BLUETEAM\ezk cmd.exe /C tasklist 10244 8028,benign
cmd.exe,10676,RegOpenKey,HKLM\Software\Policies\Microsoft\Windows\Safer\CodeIdentifiers,SUCCESS,Desired Access: Query Value,4/14/2022 12:40:51 PM,Registry,C:\Windows\system32\cmd.exe,BLUETEAM\ezk,cmd.exe /C tasklist,10244,8028,cmd.exe 10676 RegOpenKey HKLM\Software\Policies\Microsoft\Windows\Safer\CodeIdentifiers SUCCESS Desired Access: Query Value 4/14/2022 12:40:51 PM Registry C:\Windows\system32\cmd.exe BLUETEAM\ezk cmd.exe /C tasklist 10244 8028,benign
cmd.exe,10676,RegOpenKey,HKLM\System\CurrentControlSet\Control\Srp\GP\DLL,NAME NOT FOUND,Desired Access: Read,4/14/2022 12:40:51 PM,Registry,C:\Windows\system32\cmd.exe,BLUETEAM\ezk,cmd.exe /C tasklist,10244,8028,cmd.exe 10676 RegOpenKey HKLM\System\CurrentControlSet\Control\Srp\GP\DLL NAME NOT FOUND Desired Access: Read 4/14/2022 12:40:51 PM Registry C:\Windows\system32\cmd.exe BLUETEAM\ezk cmd.exe /C tasklist 10244 8028,benign
cmd.exe,10676,RegOpenKey,HKLM\System\CurrentControlSet\Control\Srp\GP\DLL,REPARSE,Desired Access: Read,4/14/2022 12:40:51 PM,Registry,C:\Windows\system32\cmd.exe,BLUETEAM\ezk,cmd.exe /C tasklist,10244,8028,cmd.exe 10676 RegOpenKey HKLM\System\CurrentControlSet\Control\Srp\GP\DLL REPARSE Desired Access: Read 4/14/2022 12:40:51 PM Registry C:\Windows\system32\cmd.exe BLUETEAM\ezk cmd.exe /C tasklist 10244 8028,benign
cmd.exe,10676,RegOpenKey,HKLM\System\CurrentControlSet\Control\SafeBoot\Option,NAME NOT FOUND,"Desired Access: Query Value, Set Value",4/14/2022 12:40:51 PM,Registry,C:\Windows\system32\cmd.exe,BLUETEAM\ezk,cmd.exe /C tasklist,10244,8028,"cmd.exe 10676 RegOpenKey HKLM\System\CurrentControlSet\Control\SafeBoot\Option NAME NOT FOUND Desired Access: Query Value, Set Value 4/14/2022 12:40:51 PM Registry C:\Windows\system32\cmd.exe BLUETEAM\ezk cmd.exe /C tasklist 10244 8028",benign
cmd.exe,10676,RegOpenKey,HKLM\System\CurrentControlSet\Control\SafeBoot\Option,REPARSE,"Desired Access: Query Value, Set Value",4/14/2022 12:40:51 PM,Registry,C:\Windows\system32\cmd.exe,BLUETEAM\ezk,cmd.exe /C tasklist,10244,8028,"cmd.exe 10676 RegOpenKey HKLM\System\CurrentControlSet\Control\SafeBoot\Option REPARSE Desired Access: Query Value, Set Value 4/14/2022 12:40:51 PM Registry C:\Windows\system32\cmd.exe BLUETEAM\ezk cmd.exe /C tasklist 10244 8028",benign
cmd.exe,10676,RegOpenKey,HKCU\Software\Policies\Microsoft\Windows\Safer\CodeIdentifiers,NAME NOT FOUND,Desired Access: Query Value,4/14/2022 12:40:51 PM,Registry,C:\Windows\system32\cmd.exe,BLUETEAM\ezk,cmd.exe /C tasklist,10244,8028,cmd.exe 10676 RegOpenKey HKCU\Software\Policies\Microsoft\Windows\Safer\CodeIdentifiers NAME NOT FOUND Desired Access: Query Value 4/14/2022 12:40:51 PM Registry C:\Windows\system32\cmd.exe BLUETEAM\ezk cmd.exe /C tasklist 10244 8028,benign
cmd.exe,10676,RegCloseKey,HKLM\System\CurrentControlSet\Control\Session Manager,SUCCESS,,4/14/2022 12:40:51 PM,Registry,C:\Windows\system32\cmd.exe,BLUETEAM\ezk,cmd.exe /C tasklist,10244,8028,cmd.exe 10676 RegCloseKey HKLM\System\CurrentControlSet\Control\Session Manager SUCCESS None 4/14/2022 12:40:51 PM Registry C:\Windows\system32\cmd.exe BLUETEAM\ezk cmd.exe /C tasklist 10244 8028,benign
cmd.exe,10676,CreateFile,C:\Windows\System32,SUCCESS,"Desired Access: Execute/Traverse, Synchronize, Disposition: Open, Options: Directory, Synchronous IO Non-Alert, Attributes: n/a, ShareMode: Read, Write, AllocationSize: n/a, OpenResult: Opened",4/14/2022 12:40:51 PM,File System,C:\Windows\system32\cmd.exe,BLUETEAM\ezk,cmd.exe /C tasklist,10244,8028,"cmd.exe 10676 CreateFile C:\Windows\System32 SUCCESS Desired Access: Execute/Traverse, Synchronize, Disposition: Open, Options: Directory, Synchronous IO Non-Alert, Attributes: n/a, ShareMode: Read, Write, AllocationSize: n/a, OpenResult: Opened 4/14/2022 12:40:51 PM File System C:\Windows\system32\cmd.exe BLUETEAM\ezk cmd.exe /C tasklist 10244 8028",benign
cmd.exe,10676,RegOpenKey,HKLM\System\CurrentControlSet\Control\Session Manager,REPARSE,Desired Access: Query Value,4/14/2022 12:40:51 PM,Registry,C:\Windows\system32\cmd.exe,BLUETEAM\ezk,cmd.exe /C tasklist,10244,8028,cmd.exe 10676 RegOpenKey HKLM\System\CurrentControlSet\Control\Session Manager REPARSE Desired Access: Query Value 4/14/2022 12:40:51 PM Registry C:\Windows\system32\cmd.exe BLUETEAM\ezk cmd.exe /C tasklist 10244 8028,benign
cmd.exe,10676,RegOpenKey,HKLM\System\CurrentControlSet\Control\Session Manager,SUCCESS,Desired Access: Query Value,4/14/2022 12:40:51 PM,Registry,C:\Windows\system32\cmd.exe,BLUETEAM\ezk,cmd.exe /C tasklist,10244,8028,cmd.exe 10676 RegOpenKey HKLM\System\CurrentControlSet\Control\Session Manager SUCCESS Desired Access: Query Value 4/14/2022 12:40:51 PM Registry C:\Windows\system32\cmd.exe BLUETEAM\ezk cmd.exe /C tasklist 10244 8028,benign
cmd.exe,10676,RegCloseKey,HKLM\System\CurrentControlSet\Control\Session Manager,SUCCESS,,4/14/2022 12:40:51 PM,Registry,C:\Windows\system32\cmd.exe,BLUETEAM\ezk,cmd.exe /C tasklist,10244,8028,cmd.exe 10676 RegCloseKey HKLM\System\CurrentControlSet\Control\Session Manager SUCCESS None 4/14/2022 12:40:51 PM Registry C:\Windows\system32\cmd.exe BLUETEAM\ezk cmd.exe /C tasklist 10244 8028,benign
cmd.exe,10676,RegQueryValue,HKLM\System\CurrentControlSet\Control\Session Manager\RaiseExceptionOnPossibleDeadlock,NAME NOT FOUND,Length: 80,4/14/2022 12:40:51 PM,Registry,C:\Windows\system32\cmd.exe,BLUETEAM\ezk,cmd.exe /C tasklist,10244,8028,cmd.exe 10676 RegQueryValue HKLM\System\CurrentControlSet\Control\Session Manager\RaiseExceptionOnPossibleDeadlock NAME NOT FOUND Length: 80 4/14/2022 12:40:51 PM Registry C:\Windows\system32\cmd.exe BLUETEAM\ezk cmd.exe /C tasklist 10244 8028,benign
cmd.exe,10676,RegOpenKey,HKLM\System\CurrentControlSet\Control\Session Manager\Segment Heap,NAME NOT FOUND,Desired Access: Query Value,4/14/2022 12:40:51 PM,Registry,C:\Windows\system32\cmd.exe,BLUETEAM\ezk,cmd.exe /C tasklist,10244,8028,cmd.exe 10676 RegOpenKey HKLM\System\CurrentControlSet\Control\Session Manager\Segment Heap NAME NOT FOUND Desired Access: Query Value 4/14/2022 12:40:51 PM Registry C:\Windows\system32\cmd.exe BLUETEAM\ezk cmd.exe /C tasklist 10244 8028,benign
cmd.exe,10676,RegOpenKey,HKLM\SYSTEM\CurrentControlSet\Control\Session Manager,REPARSE,"Desired Access: Query Value, Enumerate Sub Keys",4/14/2022 12:40:51 PM,Registry,C:\Windows\system32\cmd.exe,BLUETEAM\ezk,cmd.exe /C tasklist,10244,8028,"cmd.exe 10676 RegOpenKey HKLM\SYSTEM\CurrentControlSet\Control\Session Manager REPARSE Desired Access: Query Value, Enumerate Sub Keys 4/14/2022 12:40:51 PM Registry C:\Windows\system32\cmd.exe BLUETEAM\ezk cmd.exe /C tasklist 10244 8028",benign
cmd.exe,10676,RegOpenKey,HKLM\System\CurrentControlSet\Control\Session Manager,SUCCESS,"Desired Access: Query Value, Enumerate Sub Keys",4/14/2022 12:40:51 PM,Registry,C:\Windows\system32\cmd.exe,BLUETEAM\ezk,cmd.exe /C tasklist,10244,8028,"cmd.exe 10676 RegOpenKey HKLM\System\CurrentControlSet\Control\Session Manager SUCCESS Desired Access: Query Value, Enumerate Sub Keys 4/14/2022 12:40:51 PM Registry C:\Windows\system32\cmd.exe BLUETEAM\ezk cmd.exe /C tasklist 10244 8028",benign
cmd.exe,10676,RegQueryValue,HKLM\System\CurrentControlSet\Control\Session Manager\ResourcePolicies,NAME NOT FOUND,Length: 24,4/14/2022 12:40:51 PM,Registry,C:\Windows\system32\cmd.exe,BLUETEAM\ezk,cmd.exe /C tasklist,10244,8028,cmd.exe 10676 RegQueryValue HKLM\System\CurrentControlSet\Control\Session Manager\ResourcePolicies NAME NOT FOUND Length: 24 4/14/2022 12:40:51 PM Registry C:\Windows\system32\cmd.exe BLUETEAM\ezk cmd.exe /C tasklist 10244 8028,benign
cmd.exe,10676,RegOpenKey,HKLM\SYSTEM\CurrentControlSet\Control\Session Manager\Segment Heap,REPARSE,Desired Access: Query Value,4/14/2022 12:40:51 PM,Registry,C:\Windows\system32\cmd.exe,BLUETEAM\ezk,cmd.exe /C tasklist,10244,8028,cmd.exe 10676 RegOpenKey HKLM\SYSTEM\CurrentControlSet\Control\Session Manager\Segment Heap REPARSE Desired Access: Query Value 4/14/2022 12:40:51 PM Registry C:\Windows\system32\cmd.exe BLUETEAM\ezk cmd.exe /C tasklist 10244 8028,benign
tasklist.exe,4132,RegQueryValue,HKCR\CLSID\{D68AF00A-29CB-43FA-8504-CE99A996D9EA}\ActivateOnHostFlags,NAME NOT FOUND,Length: 16,4/14/2022 12:40:52 PM,Registry,C:\Windows\system32\tasklist.exe,BLUETEAM\ezk,tasklist,1384,10676,tasklist.exe 4132 RegQueryValue HKCR\CLSID\{D68AF00A-29CB-43FA-8504-CE99A996D9EA}\ActivateOnHostFlags NAME NOT FOUND Length: 16 4/14/2022 12:40:52 PM Registry C:\Windows\system32\tasklist.exe BLUETEAM\ezk tasklist 1384 10676,benign
tasklist.exe,4132,RegOpenKey,HKCR\CLSID\{D68AF00A-29CB-43FA-8504-CE99A996D9EA},SUCCESS,Desired Access: Read,4/14/2022 12:40:52 PM,Registry,C:\Windows\system32\tasklist.exe,BLUETEAM\ezk,tasklist,1384,10676,tasklist.exe 4132 RegOpenKey HKCR\CLSID\{D68AF00A-29CB-43FA-8504-CE99A996D9EA} SUCCESS Desired Access: Read 4/14/2022 12:40:52 PM Registry C:\Windows\system32\tasklist.exe BLUETEAM\ezk tasklist 1384 10676,benign
tasklist.exe,4132,RegQueryKey,HKCR\CLSID\{D68AF00A-29CB-43FA-8504-CE99A996D9EA},SUCCESS,Query: Name,4/14/2022 12:40:52 PM,Registry,C:\Windows\system32\tasklist.exe,BLUETEAM\ezk,tasklist,1384,10676,tasklist.exe 4132 RegQueryKey HKCR\CLSID\{D68AF00A-29CB-43FA-8504-CE99A996D9EA} SUCCESS Query: Name 4/14/2022 12:40:52 PM Registry C:\Windows\system32\tasklist.exe BLUETEAM\ezk tasklist 1384 10676,benign
tasklist.exe,4132,RegOpenKey,HKCR\CLSID\{D68AF00A-29CB-43FA-8504-CE99A996D9EA}\TreatAs,NAME NOT FOUND,Desired Access: Query Value,4/14/2022 12:40:52 PM,Registry,C:\Windows\system32\tasklist.exe,BLUETEAM\ezk,tasklist,1384,10676,tasklist.exe 4132 RegOpenKey HKCR\CLSID\{D68AF00A-29CB-43FA-8504-CE99A996D9EA}\TreatAs NAME NOT FOUND Desired Access: Query Value 4/14/2022 12:40:52 PM Registry C:\Windows\system32\tasklist.exe BLUETEAM\ezk tasklist 1384 10676,benign
tasklist.exe,4132,RegQueryKey,HKCR\CLSID\{D68AF00A-29CB-43FA-8504-CE99A996D9EA},SUCCESS,"Query: HandleTags, HandleTags: 0x0",4/14/2022 12:40:52 PM,Registry,C:\Windows\system32\tasklist.exe,BLUETEAM\ezk,tasklist,1384,10676,"tasklist.exe 4132 RegQueryKey HKCR\CLSID\{D68AF00A-29CB-43FA-8504-CE99A996D9EA} SUCCESS Query: HandleTags, HandleTags: 0x0 4/14/2022 12:40:52 PM Registry C:\Windows\system32\tasklist.exe BLUETEAM\ezk tasklist 1384 10676",benign
tasklist.exe,4132,RegQueryKey,HKCR,SUCCESS,"Query: HandleTags, HandleTags: 0x0",4/14/2022 12:40:52 PM,Registry,C:\Windows\system32\tasklist.exe,BLUETEAM\ezk,tasklist,1384,10676,"tasklist.exe 4132 RegQueryKey HKCR SUCCESS Query: HandleTags, HandleTags: 0x0 4/14/2022 12:40:52 PM Registry C:\Windows\system32\tasklist.exe BLUETEAM\ezk tasklist 1384 10676",benign
tasklist.exe,4132,RegCloseKey,HKCR\CLSID\{D68AF00A-29CB-43FA-8504-CE99A996D9EA}\InprocServer32,SUCCESS,,4/14/2022 12:40:52 PM,Registry,C:\Windows\system32\tasklist.exe,BLUETEAM\ezk,tasklist,1384,10676,tasklist.exe 4132 RegCloseKey HKCR\CLSID\{D68AF00A-29CB-43FA-8504-CE99A996D9EA}\InprocServer32 SUCCESS None 4/14/2022 12:40:52 PM Registry C:\Windows\system32\tasklist.exe BLUETEAM\ezk tasklist 1384 10676,benign
tasklist.exe,4132,RegOpenKey,HKCR\CLSID\{D68AF00A-29CB-43FA-8504-CE99A996D9EA}\InprocHandler,NAME NOT FOUND,Desired Access: Query Value,4/14/2022 12:40:52 PM,Registry,C:\Windows\system32\tasklist.exe,BLUETEAM\ezk,tasklist,1384,10676,tasklist.exe 4132 RegOpenKey HKCR\CLSID\{D68AF00A-29CB-43FA-8504-CE99A996D9EA}\InprocHandler NAME NOT FOUND Desired Access: Query Value 4/14/2022 12:40:52 PM Registry C:\Windows\system32\tasklist.exe BLUETEAM\ezk tasklist 1384 10676,benign
tasklist.exe,4132,RegQueryKey,HKCR\CLSID\{D68AF00A-29CB-43FA-8504-CE99A996D9EA},SUCCESS,"Query: HandleTags, HandleTags: 0x0",4/14/2022 12:40:52 PM,Registry,C:\Windows\system32\tasklist.exe,BLUETEAM\ezk,tasklist,1384,10676,"tasklist.exe 4132 RegQueryKey HKCR\CLSID\{D68AF00A-29CB-43FA-8504-CE99A996D9EA} SUCCESS Query: HandleTags, HandleTags: 0x0 4/14/2022 12:40:52 PM Registry C:\Windows\system32\tasklist.exe BLUETEAM\ezk tasklist 1384 10676",benign
tasklist.exe,4132,RegOpenKey,HKCR\CLSID\{D68AF00A-29CB-43FA-8504-CE99A996D9EA}\InprocHandler32,NAME NOT FOUND,Desired Access: Query Value,4/14/2022 12:40:52 PM,Registry,C:\Windows\system32\tasklist.exe,BLUETEAM\ezk,tasklist,1384,10676,tasklist.exe 4132 RegOpenKey HKCR\CLSID\{D68AF00A-29CB-43FA-8504-CE99A996D9EA}\InprocHandler32 NAME NOT FOUND Desired Access: Query Value 4/14/2022 12:40:52 PM Registry C:\Windows\system32\tasklist.exe BLUETEAM\ezk tasklist 1384 10676,benign
tasklist.exe,4132,RegQueryKey,HKCR\CLSID\{D68AF00A-29CB-43FA-8504-CE99A996D9EA},SUCCESS,"Query: HandleTags, HandleTags: 0x0",4/14/2022 12:40:52 PM,Registry,C:\Windows\system32\tasklist.exe,BLUETEAM\ezk,tasklist,1384,10676,"tasklist.exe 4132 RegQueryKey HKCR\CLSID\{D68AF00A-29CB-43FA-8504-CE99A996D9EA} SUCCESS Query: HandleTags, HandleTags: 0x0 4/14/2022 12:40:52 PM Registry C:\Windows\system32\tasklist.exe BLUETEAM\ezk tasklist 1384 10676",benign
tasklist.exe,4132,RegQueryValue,HKCR\CLSID\{D68AF00A-29CB-43FA-8504-CE99A996D9EA}\InprocServer32\ThreadingModel,SUCCESS,"Type: REG_SZ, Length: 10, Data: Both",4/14/2022 12:40:52 PM,Registry,C:\Windows\system32\tasklist.exe,BLUETEAM\ezk,tasklist,1384,10676,"tasklist.exe 4132 RegQueryValue HKCR\CLSID\{D68AF00A-29CB-43FA-8504-CE99A996D9EA}\InprocServer32\ThreadingModel SUCCESS Type: REG_SZ, Length: 10, Data: Both 4/14/2022 12:40:52 PM Registry C:\Windows\system32\tasklist.exe BLUETEAM\ezk tasklist 1384 10676",benign
tasklist.exe,4132,RegQueryValue,HKCR\CLSID\{D68AF00A-29CB-43FA-8504-CE99A996D9EA}\(Default),BUFFER OVERFLOW,Length: 12,4/14/2022 12:40:52 PM,Registry,C:\Windows\system32\tasklist.exe,BLUETEAM\ezk,tasklist,1384,10676,tasklist.exe 4132 RegQueryValue HKCR\CLSID\{D68AF00A-29CB-43FA-8504-CE99A996D9EA}\(Default) BUFFER OVERFLOW Length: 12 4/14/2022 12:40:52 PM Registry C:\Windows\system32\tasklist.exe BLUETEAM\ezk tasklist 1384 10676,benign
tasklist.exe,4132,RegCloseKey,HKCR\CLSID\{D68AF00A-29CB-43FA-8504-CE99A996D9EA},SUCCESS,,4/14/2022 12:40:52 PM,Registry,C:\Windows\system32\tasklist.exe,BLUETEAM\ezk,tasklist,1384,10676,tasklist.exe 4132 RegCloseKey HKCR\CLSID\{D68AF00A-29CB-43FA-8504-CE99A996D9EA} SUCCESS None 4/14/2022 12:40:52 PM Registry C:\Windows\system32\tasklist.exe BLUETEAM\ezk tasklist 1384 10676,benign
tasklist.exe,4132,RegQueryValue,HKCR\CLSID\{D68AF00A-29CB-43FA-8504-CE99A996D9EA}\(Default),SUCCESS,"Type: REG_SZ, Length: 116, Data: Microsoft WBEM (non)Standard Marshaling for IWbemServices",4/14/2022 12:40:52 PM,Registry,C:\Windows\system32\tasklist.exe,BLUETEAM\ezk,tasklist,1384,10676,"tasklist.exe 4132 RegQueryValue HKCR\CLSID\{D68AF00A-29CB-43FA-8504-CE99A996D9EA}\(Default) SUCCESS Type: REG_SZ, Length: 116, Data: Microsoft WBEM (non)Standard Marshaling for IWbemServices 4/14/2022 12:40:52 PM Registry C:\Windows\system32\tasklist.exe BLUETEAM\ezk tasklist 1384 10676",benign
tasklist.exe,4132,RegOpenKey,HKCR\CLSID\{D68AF00A-29CB-43FA-8504-CE99A996D9EA}\InprocHandler,NAME NOT FOUND,Desired Access: Query Value,4/14/2022 12:40:52 PM,Registry,C:\Windows\system32\tasklist.exe,BLUETEAM\ezk,tasklist,1384,10676,tasklist.exe 4132 RegOpenKey HKCR\CLSID\{D68AF00A-29CB-43FA-8504-CE99A996D9EA}\InprocHandler NAME NOT FOUND Desired Access: Query Value 4/14/2022 12:40:52 PM Registry C:\Windows\system32\tasklist.exe BLUETEAM\ezk tasklist 1384 10676,benign
tasklist.exe,4132,RegOpenKey,HKCR\CLSID\{D68AF00A-29CB-43FA-8504-CE99A996D9EA}\InprocServer32,SUCCESS,Desired Access: Read,4/14/2022 12:40:52 PM,Registry,C:\Windows\system32\tasklist.exe,BLUETEAM\ezk,tasklist,1384,10676,tasklist.exe 4132 RegOpenKey HKCR\CLSID\{D68AF00A-29CB-43FA-8504-CE99A996D9EA}\InprocServer32 SUCCESS Desired Access: Read 4/14/2022 12:40:52 PM Registry C:\Windows\system32\tasklist.exe BLUETEAM\ezk tasklist 1384 10676,benign
tasklist.exe,4132,RegQueryValue,HKCR\CLSID\{D68AF00A-29CB-43FA-8504-CE99A996D9EA}\InprocServer32\InprocServer32,NAME NOT FOUND,Length: 12,4/14/2022 12:40:52 PM,Registry,C:\Windows\system32\tasklist.exe,BLUETEAM\ezk,tasklist,1384,10676,tasklist.exe 4132 RegQueryValue HKCR\CLSID\{D68AF00A-29CB-43FA-8504-CE99A996D9EA}\InprocServer32\InprocServer32 NAME NOT FOUND Length: 12 4/14/2022 12:40:52 PM Registry C:\Windows\system32\tasklist.exe BLUETEAM\ezk tasklist 1384 10676,benign
tasklist.exe,4132,RegQueryValue,HKCR\CLSID\{D68AF00A-29CB-43FA-8504-CE99A996D9EA}\InprocServer32\(Default),BUFFER OVERFLOW,Length: 12,4/14/2022 12:40:52 PM,Registry,C:\Windows\system32\tasklist.exe,BLUETEAM\ezk,tasklist,1384,10676,tasklist.exe 4132 RegQueryValue HKCR\CLSID\{D68AF00A-29CB-43FA-8504-CE99A996D9EA}\InprocServer32\(Default) BUFFER OVERFLOW Length: 12 4/14/2022 12:40:52 PM Registry C:\Windows\system32\tasklist.exe BLUETEAM\ezk tasklist 1384 10676,benign
tasklist.exe,4132,RegQueryValue,HKCR\CLSID\{D68AF00A-29CB-43FA-8504-CE99A996D9EA}\InprocServer32\(Default),SUCCESS,"Type: REG_EXPAND_SZ, Length: 80, Data: %systemroot%\system32\wbem\fastprox.dll",4/14/2022 12:40:52 PM,Registry,C:\Windows\system32\tasklist.exe,BLUETEAM\ezk,tasklist,1384,10676,"tasklist.exe 4132 RegQueryValue HKCR\CLSID\{D68AF00A-29CB-43FA-8504-CE99A996D9EA}\InprocServer32\(Default) SUCCESS Type: REG_EXPAND_SZ, Length: 80, Data: %systemroot%\system32\wbem\fastprox.dll 4/14/2022 12:40:52 PM Registry C:\Windows\system32\tasklist.exe BLUETEAM\ezk tasklist 1384 10676",benign
tasklist.exe,4132,RegQueryValue,HKCR\CLSID\{D68AF00A-29CB-43FA-8504-CE99A996D9EA}\InprocServer32\(Default),SUCCESS,"Type: REG_EXPAND_SZ, Length: 80, Data: %systemroot%\system32\wbem\fastprox.dll",4/14/2022 12:40:52 PM,Registry,C:\Windows\system32\tasklist.exe,BLUETEAM\ezk,tasklist,1384,10676,"tasklist.exe 4132 RegQueryValue HKCR\CLSID\{D68AF00A-29CB-43FA-8504-CE99A996D9EA}\InprocServer32\(Default) SUCCESS Type: REG_EXPAND_SZ, Length: 80, Data: %systemroot%\system32\wbem\fastprox.dll 4/14/2022 12:40:52 PM Registry C:\Windows\system32\tasklist.exe BLUETEAM\ezk tasklist 1384 10676",benign
tasklist.exe,4132,RegQueryValue,HKCR\CLSID\{D68AF00A-29CB-43FA-8504-CE99A996D9EA}\InprocServer32\ThreadingModel,SUCCESS,"Type: REG_SZ, Length: 10, Data: Both",4/14/2022 12:40:52 PM,Registry,C:\Windows\system32\tasklist.exe,BLUETEAM\ezk,tasklist,1384,10676,"tasklist.exe 4132 RegQueryValue HKCR\CLSID\{D68AF00A-29CB-43FA-8504-CE99A996D9EA}\InprocServer32\ThreadingModel SUCCESS Type: REG_SZ, Length: 10, Data: Both 4/14/2022 12:40:52 PM Registry C:\Windows\system32\tasklist.exe BLUETEAM\ezk tasklist 1384 10676",benign
tasklist.exe,4132,RegCloseKey,HKCR\CLSID\{D68AF00A-29CB-43FA-8504-CE99A996D9EA}\InprocServer32,SUCCESS,,4/14/2022 12:40:52 PM,Registry,C:\Windows\system32\tasklist.exe,BLUETEAM\ezk,tasklist,1384,10676,tasklist.exe 4132 RegCloseKey HKCR\CLSID\{D68AF00A-29CB-43FA-8504-CE99A996D9EA}\InprocServer32 SUCCESS None 4/14/2022 12:40:52 PM Registry C:\Windows\system32\tasklist.exe BLUETEAM\ezk tasklist 1384 10676,benign
tasklist.exe,4132,RegQueryKey,HKCR\CLSID\{D68AF00A-29CB-43FA-8504-CE99A996D9EA},SUCCESS,"Query: HandleTags, HandleTags: 0x0",4/14/2022 12:40:52 PM,Registry,C:\Windows\system32\tasklist.exe,BLUETEAM\ezk,tasklist,1384,10676,"tasklist.exe 4132 RegQueryKey HKCR\CLSID\{D68AF00A-29CB-43FA-8504-CE99A996D9EA} SUCCESS Query: HandleTags, HandleTags: 0x0 4/14/2022 12:40:52 PM Registry C:\Windows\system32\tasklist.exe BLUETEAM\ezk tasklist 1384 10676",benign
tasklist.exe,4132,RegOpenKey,HKCR\CLSID\{D68AF00A-29CB-43FA-8504-CE99A996D9EA}\InprocHandler32,NAME NOT FOUND,Desired Access: Query Value,4/14/2022 12:40:52 PM,Registry,C:\Windows\system32\tasklist.exe,BLUETEAM\ezk,tasklist,1384,10676,tasklist.exe 4132 RegOpenKey HKCR\CLSID\{D68AF00A-29CB-43FA-8504-CE99A996D9EA}\InprocHandler32 NAME NOT FOUND Desired Access: Query Value 4/14/2022 12:40:52 PM Registry C:\Windows\system32\tasklist.exe BLUETEAM\ezk tasklist 1384 10676,benign
tasklist.exe,4132,RegQueryKey,HKCR\CLSID\{D68AF00A-29CB-43FA-8504-CE99A996D9EA},SUCCESS,"Query: HandleTags, HandleTags: 0x0",4/14/2022 12:40:52 PM,Registry,C:\Windows\system32\tasklist.exe,BLUETEAM\ezk,tasklist,1384,10676,"tasklist.exe 4132 RegQueryKey HKCR\CLSID\{D68AF00A-29CB-43FA-8504-CE99A996D9EA} SUCCESS Query: HandleTags, HandleTags: 0x0 4/14/2022 12:40:52 PM Registry C:\Windows\system32\tasklist.exe BLUETEAM\ezk tasklist 1384 10676",benign
tasklist.exe,4132,RegQueryValue,HKCR\CLSID\{D68AF00A-29CB-43FA-8504-CE99A996D9EA}\InprocServer32\(Default),SUCCESS,"Type: REG_EXPAND_SZ, Length: 80, Data: %systemroot%\system32\wbem\fastprox.dll",4/14/2022 12:40:52 PM,Registry,C:\Windows\system32\tasklist.exe,BLUETEAM\ezk,tasklist,1384,10676,"tasklist.exe 4132 RegQueryValue HKCR\CLSID\{D68AF00A-29CB-43FA-8504-CE99A996D9EA}\InprocServer32\(Default) SUCCESS Type: REG_EXPAND_SZ, Length: 80, Data: %systemroot%\system32\wbem\fastprox.dll 4/14/2022 12:40:52 PM Registry C:\Windows\system32\tasklist.exe BLUETEAM\ezk tasklist 1384 10676",benign
tasklist.exe,4132,RegQueryKey,HKCR\CLSID\{D68AF00A-29CB-43FA-8504-CE99A996D9EA},SUCCESS,"Query: HandleTags, HandleTags: 0x0",4/14/2022 12:40:52 PM,Registry,C:\Windows\system32\tasklist.exe,BLUETEAM\ezk,tasklist,1384,10676,"tasklist.exe 4132 RegQueryKey HKCR\CLSID\{D68AF00A-29CB-43FA-8504-CE99A996D9EA} SUCCESS Query: HandleTags, HandleTags: 0x0 4/14/2022 12:40:52 PM Registry C:\Windows\system32\tasklist.exe BLUETEAM\ezk tasklist 1384 10676",benign
tasklist.exe,4132,RegOpenKey,HKCR\CLSID\{D68AF00A-29CB-43FA-8504-CE99A996D9EA}\LocalServer32,NAME NOT FOUND,Desired Access: Read,4/14/2022 12:40:52 PM,Registry,C:\Windows\system32\tasklist.exe,BLUETEAM\ezk,tasklist,1384,10676,tasklist.exe 4132 RegOpenKey HKCR\CLSID\{D68AF00A-29CB-43FA-8504-CE99A996D9EA}\LocalServer32 NAME NOT FOUND Desired Access: Read 4/14/2022 12:40:52 PM Registry C:\Windows\system32\tasklist.exe BLUETEAM\ezk tasklist 1384 10676,benign
tasklist.exe,4132,RegQueryValue,HKCR\CLSID\{D68AF00A-29CB-43FA-8504-CE99A996D9EA}\AppID,NAME NOT FOUND,Length: 112,4/14/2022 12:40:52 PM,Registry,C:\Windows\system32\tasklist.exe,BLUETEAM\ezk,tasklist,1384,10676,tasklist.exe 4132 RegQueryValue HKCR\CLSID\{D68AF00A-29CB-43FA-8504-CE99A996D9EA}\AppID NAME NOT FOUND Length: 112 4/14/2022 12:40:52 PM Registry C:\Windows\system32\tasklist.exe BLUETEAM\ezk tasklist 1384 10676,benign
tasklist.exe,4132,RegQueryKey,HKCR\CLSID\{D68AF00A-29CB-43FA-8504-CE99A996D9EA},SUCCESS,"Query: HandleTags, HandleTags: 0x0",4/14/2022 12:40:52 PM,Registry,C:\Windows\system32\tasklist.exe,BLUETEAM\ezk,tasklist,1384,10676,"tasklist.exe 4132 RegQueryKey HKCR\CLSID\{D68AF00A-29CB-43FA-8504-CE99A996D9EA} SUCCESS Query: HandleTags, HandleTags: 0x0 4/14/2022 12:40:52 PM Registry C:\Windows\system32\tasklist.exe BLUETEAM\ezk tasklist 1384 10676",benign
tasklist.exe,4132,RegQueryValue,HKCR\CLSID\{D68AF00A-29CB-43FA-8504-CE99A996D9EA}\InprocServer32\(Default),SUCCESS,"Type: REG_EXPAND_SZ, Length: 80, Data: %systemroot%\system32\wbem\fastprox.dll",4/14/2022 12:40:52 PM,Registry,C:\Windows\system32\tasklist.exe,BLUETEAM\ezk,tasklist,1384,10676,"tasklist.exe 4132 RegQueryValue HKCR\CLSID\{D68AF00A-29CB-43FA-8504-CE99A996D9EA}\InprocServer32\(Default) SUCCESS Type: REG_EXPAND_SZ, Length: 80, Data: %systemroot%\system32\wbem\fastprox.dll 4/14/2022 12:40:52 PM Registry C:\Windows\system32\tasklist.exe BLUETEAM\ezk tasklist 1384 10676",benign
tasklist.exe,4132,RegQueryKey,HKCR,SUCCESS,"Query: HandleTags, HandleTags: 0x0",4/14/2022 12:40:52 PM,Registry,C:\Windows\system32\tasklist.exe,BLUETEAM\ezk,tasklist,1384,10676,"tasklist.exe 4132 RegQueryKey HKCR SUCCESS Query: HandleTags, HandleTags: 0x0 4/14/2022 12:40:52 PM Registry C:\Windows\system32\tasklist.exe BLUETEAM\ezk tasklist 1384 10676",benign
tasklist.exe,4132,RegQueryValue,HKCR\CLSID\{D68AF00A-29CB-43FA-8504-CE99A996D9EA}\InprocServer32\InprocServer32,NAME NOT FOUND,Length: 12,4/14/2022 12:40:52 PM,Registry,C:\Windows\system32\tasklist.exe,BLUETEAM\ezk,tasklist,1384,10676,tasklist.exe 4132 RegQueryValue HKCR\CLSID\{D68AF00A-29CB-43FA-8504-CE99A996D9EA}\InprocServer32\InprocServer32 NAME NOT FOUND Length: 12 4/14/2022 12:40:52 PM Registry C:\Windows\system32\tasklist.exe BLUETEAM\ezk tasklist 1384 10676,benign
tasklist.exe,4132,RegOpenKey,HKLM\Software\Policies\Microsoft\System\DNSClient,NAME NOT FOUND,Desired Access: Read,4/14/2022 12:40:52 PM,Registry,C:\Windows\system32\tasklist.exe,BLUETEAM\ezk,tasklist,1384,10676,tasklist.exe 4132 RegOpenKey HKLM\Software\Policies\Microsoft\System\DNSClient NAME NOT FOUND Desired Access: Read 4/14/2022 12:40:52 PM Registry C:\Windows\system32\tasklist.exe BLUETEAM\ezk tasklist 1384 10676,benign
tasklist.exe,4132,RegOpenKey,HKLM\Software\Policies\Microsoft\System\DNSClient,NAME NOT FOUND,Desired Access: Read,4/14/2022 12:40:52 PM,Registry,C:\Windows\system32\tasklist.exe,BLUETEAM\ezk,tasklist,1384,10676,tasklist.exe 4132 RegOpenKey HKLM\Software\Policies\Microsoft\System\DNSClient NAME NOT FOUND Desired Access: Read 4/14/2022 12:40:52 PM Registry C:\Windows\system32\tasklist.exe BLUETEAM\ezk tasklist 1384 10676,benign
tasklist.exe,4132,RegOpenKey,HKLM\System\CurrentControlSet\Services\Tcpip\Parameters,REPARSE,Desired Access: Read,4/14/2022 12:40:52 PM,Registry,C:\Windows\system32\tasklist.exe,BLUETEAM\ezk,tasklist,1384,10676,tasklist.exe 4132 RegOpenKey HKLM\System\CurrentControlSet\Services\Tcpip\Parameters REPARSE Desired Access: Read 4/14/2022 12:40:52 PM Registry C:\Windows\system32\tasklist.exe BLUETEAM\ezk tasklist 1384 10676,benign
tasklist.exe,4132,RegOpenKey,HKLM\System\CurrentControlSet\Services\Tcpip\Parameters,SUCCESS,Desired Access: Read,4/14/2022 12:40:52 PM,Registry,C:\Windows\system32\tasklist.exe,BLUETEAM\ezk,tasklist,1384,10676,tasklist.exe 4132 RegOpenKey HKLM\System\CurrentControlSet\Services\Tcpip\Parameters SUCCESS Desired Access: Read 4/14/2022 12:40:52 PM Registry C:\Windows\system32\tasklist.exe BLUETEAM\ezk tasklist 1384 10676,benign
tasklist.exe,4132,RegQueryValue,HKLM\System\CurrentControlSet\Services\Tcpip\Parameters\Domain,SUCCESS,"Type: REG_SZ, Length: 26, Data: blueteam.com",4/14/2022 12:40:52 PM,Registry,C:\Windows\system32\tasklist.exe,BLUETEAM\ezk,tasklist,1384,10676,"tasklist.exe 4132 RegQueryValue HKLM\System\CurrentControlSet\Services\Tcpip\Parameters\Domain SUCCESS Type: REG_SZ, Length: 26, Data: blueteam.com 4/14/2022 12:40:52 PM Registry C:\Windows\system32\tasklist.exe BLUETEAM\ezk tasklist 1384 10676",benign
tasklist.exe,4132,RegCloseKey,HKLM\System\CurrentControlSet\Services\Tcpip\Parameters,SUCCESS,,4/14/2022 12:40:52 PM,Registry,C:\Windows\system32\tasklist.exe,BLUETEAM\ezk,tasklist,1384,10676,tasklist.exe 4132 RegCloseKey HKLM\System\CurrentControlSet\Services\Tcpip\Parameters SUCCESS None 4/14/2022 12:40:52 PM Registry C:\Windows\system32\tasklist.exe BLUETEAM\ezk tasklist 1384 10676,benign
tasklist.exe,4132,RegOpenKey,HKLM\System\CurrentControlSet\Control\Nls\CustomLocale,REPARSE,Desired Access: Read,4/14/2022 12:40:52 PM,Registry,C:\Windows\system32\tasklist.exe,BLUETEAM\ezk,tasklist,1384,10676,tasklist.exe 4132 RegOpenKey HKLM\System\CurrentControlSet\Control\Nls\CustomLocale REPARSE Desired Access: Read 4/14/2022 12:40:52 PM Registry C:\Windows\system32\tasklist.exe BLUETEAM\ezk tasklist 1384 10676,benign
tasklist.exe,4132,RegOpenKey,HKLM\System\CurrentControlSet\Control\Nls\CustomLocale,SUCCESS,Desired Access: Read,4/14/2022 12:40:52 PM,Registry,C:\Windows\system32\tasklist.exe,BLUETEAM\ezk,tasklist,1384,10676,tasklist.exe 4132 RegOpenKey HKLM\System\CurrentControlSet\Control\Nls\CustomLocale SUCCESS Desired Access: Read 4/14/2022 12:40:52 PM Registry C:\Windows\system32\tasklist.exe BLUETEAM\ezk tasklist 1384 10676,benign
tasklist.exe,4132,RegQueryValue,HKLM\System\CurrentControlSet\Control\Nls\CustomLocale\en,NAME NOT FOUND,Length: 532,4/14/2022 12:40:52 PM,Registry,C:\Windows\system32\tasklist.exe,BLUETEAM\ezk,tasklist,1384,10676,tasklist.exe 4132 RegQueryValue HKLM\System\CurrentControlSet\Control\Nls\CustomLocale\en NAME NOT FOUND Length: 532 4/14/2022 12:40:52 PM Registry C:\Windows\system32\tasklist.exe BLUETEAM\ezk tasklist 1384 10676,benign
tasklist.exe,4132,RegCloseKey,HKLM\System\CurrentControlSet\Control\Nls\CustomLocale,SUCCESS,,4/14/2022 12:40:52 PM,Registry,C:\Windows\system32\tasklist.exe,BLUETEAM\ezk,tasklist,1384,10676,tasklist.exe 4132 RegCloseKey HKLM\System\CurrentControlSet\Control\Nls\CustomLocale SUCCESS None 4/14/2022 12:40:52 PM Registry C:\Windows\system32\tasklist.exe BLUETEAM\ezk tasklist 1384 10676,benign
tasklist.exe,4132,RegOpenKey,HKLM\System\CurrentControlSet\Control\Nls\ExtendedLocale,REPARSE,Desired Access: Read,4/14/2022 12:40:52 PM,Registry,C:\Windows\system32\tasklist.exe,BLUETEAM\ezk,tasklist,1384,10676,tasklist.exe 4132 RegOpenKey HKLM\System\CurrentControlSet\Control\Nls\ExtendedLocale REPARSE Desired Access: Read 4/14/2022 12:40:52 PM Registry C:\Windows\system32\tasklist.exe BLUETEAM\ezk tasklist 1384 10676,benign
tasklist.exe,4132,RegOpenKey,HKLM\System\CurrentControlSet\Control\Nls\ExtendedLocale,SUCCESS,Desired Access: Read,4/14/2022 12:40:52 PM,Registry,C:\Windows\system32\tasklist.exe,BLUETEAM\ezk,tasklist,1384,10676,tasklist.exe 4132 RegOpenKey HKLM\System\CurrentControlSet\Control\Nls\ExtendedLocale SUCCESS Desired Access: Read 4/14/2022 12:40:52 PM Registry C:\Windows\system32\tasklist.exe BLUETEAM\ezk tasklist 1384 10676,benign
tasklist.exe,4132,RegQueryValue,HKLM\System\CurrentControlSet\Control\Nls\ExtendedLocale\en,NAME NOT FOUND,Length: 532,4/14/2022 12:40:52 PM,Registry,C:\Windows\system32\tasklist.exe,BLUETEAM\ezk,tasklist,1384,10676,tasklist.exe 4132 RegQueryValue HKLM\System\CurrentControlSet\Control\Nls\ExtendedLocale\en NAME NOT FOUND Length: 532 4/14/2022 12:40:52 PM Registry C:\Windows\system32\tasklist.exe BLUETEAM\ezk tasklist 1384 10676,benign
tasklist.exe,4132,RegCloseKey,HKLM\System\CurrentControlSet\Control\Nls\ExtendedLocale,SUCCESS,,4/14/2022 12:40:52 PM,Registry,C:\Windows\system32\tasklist.exe,BLUETEAM\ezk,tasklist,1384,10676,tasklist.exe 4132 RegCloseKey HKLM\System\CurrentControlSet\Control\Nls\ExtendedLocale SUCCESS None 4/14/2022 12:40:52 PM Registry C:\Windows\system32\tasklist.exe BLUETEAM\ezk tasklist 1384 10676,benign
tasklist.exe,4132,RegQueryKey,HKCR,SUCCESS,"Query: HandleTags, HandleTags: 0x0",4/14/2022 12:40:52 PM,Registry,C:\Windows\system32\tasklist.exe,BLUETEAM\ezk,tasklist,1384,10676,"tasklist.exe 4132 RegQueryKey HKCR SUCCESS Query: HandleTags, HandleTags: 0x0 4/14/2022 12:40:52 PM Registry C:\Windows\system32\tasklist.exe BLUETEAM\ezk tasklist 1384 10676",benign
tasklist.exe,4132,RegOpenKey,HKCR\Interface\{9556DC99-828C-11CF-A37E-00AA003240C7},SUCCESS,Desired Access: Read,4/14/2022 12:40:52 PM,Registry,C:\Windows\system32\tasklist.exe,BLUETEAM\ezk,tasklist,1384,10676,tasklist.exe 4132 RegOpenKey HKCR\Interface\{9556DC99-828C-11CF-A37E-00AA003240C7} SUCCESS Desired Access: Read 4/14/2022 12:40:52 PM Registry C:\Windows\system32\tasklist.exe BLUETEAM\ezk tasklist 1384 10676,benign
tasklist.exe,4132,RegQueryKey,HKCR\Interface\{9556DC99-828C-11CF-A37E-00AA003240C7},SUCCESS,"Query: HandleTags, HandleTags: 0x0",4/14/2022 12:40:52 PM,Registry,C:\Windows\system32\tasklist.exe,BLUETEAM\ezk,tasklist,1384,10676,"tasklist.exe 4132 RegQueryKey HKCR\Interface\{9556DC99-828C-11CF-A37E-00AA003240C7} SUCCESS Query: HandleTags, HandleTags: 0x0 4/14/2022 12:40:52 PM Registry C:\Windows\system32\tasklist.exe BLUETEAM\ezk tasklist 1384 10676",benign
tasklist.exe,4132,RegOpenKey,HKCR\CLSID\{D68AF00A-29CB-43FA-8504-CE99A996D9EA}\InprocServer32,SUCCESS,Desired Access: Read,4/14/2022 12:40:52 PM,Registry,C:\Windows\system32\tasklist.exe,BLUETEAM\ezk,tasklist,1384,10676,tasklist.exe 4132 RegOpenKey HKCR\CLSID\{D68AF00A-29CB-43FA-8504-CE99A996D9EA}\InprocServer32 SUCCESS Desired Access: Read 4/14/2022 12:40:52 PM Registry C:\Windows\system32\tasklist.exe BLUETEAM\ezk tasklist 1384 10676,benign
tasklist.exe,4132,RegQueryKey,HKCR\CLSID\{D68AF00A-29CB-43FA-8504-CE99A996D9EA},SUCCESS,"Query: HandleTags, HandleTags: 0x0",4/14/2022 12:40:52 PM,Registry,C:\Windows\system32\tasklist.exe,BLUETEAM\ezk,tasklist,1384,10676,"tasklist.exe 4132 RegQueryKey HKCR\CLSID\{D68AF00A-29CB-43FA-8504-CE99A996D9EA} SUCCESS Query: HandleTags, HandleTags: 0x0 4/14/2022 12:40:52 PM Registry C:\Windows\system32\tasklist.exe BLUETEAM\ezk tasklist 1384 10676",benign
tasklist.exe,4132,RegQueryValue,HKCR\CLSID\{D68AF00A-29CB-43FA-8504-CE99A996D9EA}\(Default),SUCCESS,"Type: REG_SZ, Length: 116, Data: Microsoft WBEM (non)Standard Marshaling for IWbemServices",4/14/2022 12:40:52 PM,Registry,C:\Windows\system32\tasklist.exe,BLUETEAM\ezk,tasklist,1384,10676,"tasklist.exe 4132 RegQueryValue HKCR\CLSID\{D68AF00A-29CB-43FA-8504-CE99A996D9EA}\(Default) SUCCESS Type: REG_SZ, Length: 116, Data: Microsoft WBEM (non)Standard Marshaling for IWbemServices 4/14/2022 12:40:52 PM Registry C:\Windows\system32\tasklist.exe BLUETEAM\ezk tasklist 1384 10676",benign
tasklist.exe,4132,RegQueryValue,HKCR\CLSID\{D68AF00A-29CB-43FA-8504-CE99A996D9EA}\(Default),BUFFER OVERFLOW,Length: 12,4/14/2022 12:40:52 PM,Registry,C:\Windows\system32\tasklist.exe,BLUETEAM\ezk,tasklist,1384,10676,tasklist.exe 4132 RegQueryValue HKCR\CLSID\{D68AF00A-29CB-43FA-8504-CE99A996D9EA}\(Default) BUFFER OVERFLOW Length: 12 4/14/2022 12:40:52 PM Registry C:\Windows\system32\tasklist.exe BLUETEAM\ezk tasklist 1384 10676,benign
tasklist.exe,4132,RegQueryValue,HKCR\CLSID\{D68AF00A-29CB-43FA-8504-CE99A996D9EA}\ActivateOnHostFlags,NAME NOT FOUND,Length: 16,4/14/2022 12:40:52 PM,Registry,C:\Windows\system32\tasklist.exe,BLUETEAM\ezk,tasklist,1384,10676,tasklist.exe 4132 RegQueryValue HKCR\CLSID\{D68AF00A-29CB-43FA-8504-CE99A996D9EA}\ActivateOnHostFlags NAME NOT FOUND Length: 16 4/14/2022 12:40:52 PM Registry C:\Windows\system32\tasklist.exe BLUETEAM\ezk tasklist 1384 10676,benign
tasklist.exe,4132,RegQueryKey,HKCR\CLSID\{D68AF00A-29CB-43FA-8504-CE99A996D9EA},SUCCESS,Query: Name,4/14/2022 12:40:52 PM,Registry,C:\Windows\system32\tasklist.exe,BLUETEAM\ezk,tasklist,1384,10676,tasklist.exe 4132 RegQueryKey HKCR\CLSID\{D68AF00A-29CB-43FA-8504-CE99A996D9EA} SUCCESS Query: Name 4/14/2022 12:40:52 PM Registry C:\Windows\system32\tasklist.exe BLUETEAM\ezk tasklist 1384 10676,benign
tasklist.exe,4132,RegQueryValue,HKCR\CLSID\{D68AF00A-29CB-43FA-8504-CE99A996D9EA}\InprocServer32\(Default),BUFFER OVERFLOW,Length: 12,4/14/2022 12:40:52 PM,Registry,C:\Windows\system32\tasklist.exe,BLUETEAM\ezk,tasklist,1384,10676,tasklist.exe 4132 RegQueryValue HKCR\CLSID\{D68AF00A-29CB-43FA-8504-CE99A996D9EA}\InprocServer32\(Default) BUFFER OVERFLOW Length: 12 4/14/2022 12:40:52 PM Registry C:\Windows\system32\tasklist.exe BLUETEAM\ezk tasklist 1384 10676,benign
tasklist.exe,4132,RegOpenKey,HKCR\CLSID\{D68AF00A-29CB-43FA-8504-CE99A996D9EA}\TreatAs,NAME NOT FOUND,Desired Access: Query Value,4/14/2022 12:40:52 PM,Registry,C:\Windows\system32\tasklist.exe,BLUETEAM\ezk,tasklist,1384,10676,tasklist.exe 4132 RegOpenKey HKCR\CLSID\{D68AF00A-29CB-43FA-8504-CE99A996D9EA}\TreatAs NAME NOT FOUND Desired Access: Query Value 4/14/2022 12:40:52 PM Registry C:\Windows\system32\tasklist.exe BLUETEAM\ezk tasklist 1384 10676,benign
tasklist.exe,4132,RegOpenKey,HKCR\CLSID\{D68AF00A-29CB-43FA-8504-CE99A996D9EA},SUCCESS,Desired Access: Read,4/14/2022 12:40:52 PM,Registry,C:\Windows\system32\tasklist.exe,BLUETEAM\ezk,tasklist,1384,10676,tasklist.exe 4132 RegOpenKey HKCR\CLSID\{D68AF00A-29CB-43FA-8504-CE99A996D9EA} SUCCESS Desired Access: Read 4/14/2022 12:40:52 PM Registry C:\Windows\system32\tasklist.exe BLUETEAM\ezk tasklist 1384 10676,benign
tasklist.exe,4132,RegQueryKey,HKCR\CLSID\{D68AF00A-29CB-43FA-8504-CE99A996D9EA},SUCCESS,"Query: HandleTags, HandleTags: 0x0",4/14/2022 12:40:52 PM,Registry,C:\Windows\system32\tasklist.exe,BLUETEAM\ezk,tasklist,1384,10676,"tasklist.exe 4132 RegQueryKey HKCR\CLSID\{D68AF00A-29CB-43FA-8504-CE99A996D9EA} SUCCESS Query: HandleTags, HandleTags: 0x0 4/14/2022 12:40:52 PM Registry C:\Windows\system32\tasklist.exe BLUETEAM\ezk tasklist 1384 10676",benign
tasklist.exe,4132,RegCloseKey,HKCR\Interface\{9556DC99-828C-11CF-A37E-00AA003240C7},SUCCESS,,4/14/2022 12:40:52 PM,Registry,C:\Windows\system32\tasklist.exe,BLUETEAM\ezk,tasklist,1384,10676,tasklist.exe 4132 RegCloseKey HKCR\Interface\{9556DC99-828C-11CF-A37E-00AA003240C7} SUCCESS None 4/14/2022 12:40:52 PM Registry C:\Windows\system32\tasklist.exe BLUETEAM\ezk tasklist 1384 10676,benign
tasklist.exe,4132,RegCloseKey,HKCR\Interface\{9556DC99-828C-11CF-A37E-00AA003240C7}\ProxyStubClsid32,SUCCESS,,4/14/2022 12:40:52 PM,Registry,C:\Windows\system32\tasklist.exe,BLUETEAM\ezk,tasklist,1384,10676,tasklist.exe 4132 RegCloseKey HKCR\Interface\{9556DC99-828C-11CF-A37E-00AA003240C7}\ProxyStubClsid32 SUCCESS None 4/14/2022 12:40:52 PM Registry C:\Windows\system32\tasklist.exe BLUETEAM\ezk tasklist 1384 10676,benign
tasklist.exe,4132,RegQueryValue,HKCR\Interface\{9556DC99-828C-11CF-A37E-00AA003240C7}\ProxyStubClsid32\(Default),SUCCESS,"Type: REG_SZ, Length: 78, Data: {D68AF00A-29CB-43FA-8504-CE99A996D9EA}",4/14/2022 12:40:52 PM,Registry,C:\Windows\system32\tasklist.exe,BLUETEAM\ezk,tasklist,1384,10676,"tasklist.exe 4132 RegQueryValue HKCR\Interface\{9556DC99-828C-11CF-A37E-00AA003240C7}\ProxyStubClsid32\(Default) SUCCESS Type: REG_SZ, Length: 78, Data: {D68AF00A-29CB-43FA-8504-CE99A996D9EA} 4/14/2022 12:40:52 PM Registry C:\Windows\system32\tasklist.exe BLUETEAM\ezk tasklist 1384 10676",benign
tasklist.exe,4132,RegOpenKey,HKCR\Interface\{9556DC99-828C-11CF-A37E-00AA003240C7}\ProxyStubClsid32,SUCCESS,Desired Access: Read,4/14/2022 12:40:52 PM,Registry,C:\Windows\system32\tasklist.exe,BLUETEAM\ezk,tasklist,1384,10676,tasklist.exe 4132 RegOpenKey HKCR\Interface\{9556DC99-828C-11CF-A37E-00AA003240C7}\ProxyStubClsid32 SUCCESS Desired Access: Read 4/14/2022 12:40:52 PM Registry C:\Windows\system32\tasklist.exe BLUETEAM\ezk tasklist 1384 10676,benign
tasklist.exe,4132,RegQueryKey,HKCR\CLSID\{D68AF00A-29CB-43FA-8504-CE99A996D9EA},SUCCESS,"Query: HandleTags, HandleTags: 0x0",4/14/2022 12:40:52 PM,Registry,C:\Windows\system32\tasklist.exe,BLUETEAM\ezk,tasklist,1384,10676,"tasklist.exe 4132 RegQueryKey HKCR\CLSID\{D68AF00A-29CB-43FA-8504-CE99A996D9EA} SUCCESS Query: HandleTags, HandleTags: 0x0 4/14/2022 12:40:52 PM Registry C:\Windows\system32\tasklist.exe BLUETEAM\ezk tasklist 1384 10676",benign
tasklist.exe,4132,RegOpenKey,HKCR\CLSID\{D68AF00A-29CB-43FA-8504-CE99A996D9EA}\LocalServer,NAME NOT FOUND,Desired Access: Query Value,4/14/2022 12:40:52 PM,Registry,C:\Windows\system32\tasklist.exe,BLUETEAM\ezk,tasklist,1384,10676,tasklist.exe 4132 RegOpenKey HKCR\CLSID\{D68AF00A-29CB-43FA-8504-CE99A996D9EA}\LocalServer NAME NOT FOUND Desired Access: Query Value 4/14/2022 12:40:52 PM Registry C:\Windows\system32\tasklist.exe BLUETEAM\ezk tasklist 1384 10676,benign
tasklist.exe,4132,CreateFile,C:\Windows\System32\wbem\fastprox.dll,SUCCESS,"Desired Access: Read Attributes, Disposition: Open, Options: Open Reparse Point, Attributes: n/a, ShareMode: Read, Write, Delete, AllocationSize: n/a, OpenResult: Opened",4/14/2022 12:40:52 PM,File System,C:\Windows\system32\tasklist.exe,BLUETEAM\ezk,tasklist,1384,10676,"tasklist.exe 4132 CreateFile C:\Windows\System32\wbem\fastprox.dll SUCCESS Desired Access: Read Attributes, Disposition: Open, Options: Open Reparse Point, Attributes: n/a, ShareMode: Read, Write, Delete, AllocationSize: n/a, OpenResult: Opened 4/14/2022 12:40:52 PM File System C:\Windows\system32\tasklist.exe BLUETEAM\ezk tasklist 1384 10676",benign
tasklist.exe,4132,RegOpenKey,HKCR\CLSID\{D68AF00A-29CB-43FA-8504-CE99A996D9EA},SUCCESS,Desired Access: Read,4/14/2022 12:40:52 PM,Registry,C:\Windows\system32\tasklist.exe,BLUETEAM\ezk,tasklist,1384,10676,tasklist.exe 4132 RegOpenKey HKCR\CLSID\{D68AF00A-29CB-43FA-8504-CE99A996D9EA} SUCCESS Desired Access: Read 4/14/2022 12:40:52 PM Registry C:\Windows\system32\tasklist.exe BLUETEAM\ezk tasklist 1384 10676,benign
tasklist.exe,4132,RegOpenKey,HKCR\CLSID\{2781761E-28E0-4109-99FE-B9D127C57AFE}\InprocServer32,SUCCESS,Desired Access: Query Value,4/14/2022 12:40:52 PM,Registry,C:\Windows\system32\tasklist.exe,BLUETEAM\ezk,tasklist,1384,10676,tasklist.exe 4132 RegOpenKey HKCR\CLSID\{2781761E-28E0-4109-99FE-B9D127C57AFE}\InprocServer32 SUCCESS Desired Access: Query Value 4/14/2022 12:40:52 PM Registry C:\Windows\system32\tasklist.exe BLUETEAM\ezk tasklist 1384 10676,benign
tasklist.exe,4132,RegQueryValue,HKCR\CLSID\{2781761E-28E0-4109-99FE-B9D127C57AFE}\InprocServer32\(Default),BUFFER OVERFLOW,Length: 144,4/14/2022 12:40:52 PM,Registry,C:\Windows\system32\tasklist.exe,BLUETEAM\ezk,tasklist,1384,10676,tasklist.exe 4132 RegQueryValue HKCR\CLSID\{2781761E-28E0-4109-99FE-B9D127C57AFE}\InprocServer32\(Default) BUFFER OVERFLOW Length: 144 4/14/2022 12:40:52 PM Registry C:\Windows\system32\tasklist.exe BLUETEAM\ezk tasklist 1384 10676,benign
tasklist.exe,4132,RegQueryValue,HKCR\CLSID\{2781761E-28E0-4109-99FE-B9D127C57AFE}\InprocServer32\(Default),SUCCESS,"Type: REG_EXPAND_SZ, Length: 152, Data: ""%ProgramData%\Microsoft\Windows Defender\Platform\4.18.2109.6-0\MpOav.dll""",4/14/2022 12:40:52 PM,Registry,C:\Windows\system32\tasklist.exe,BLUETEAM\ezk,tasklist,1384,10676,"tasklist.exe 4132 RegQueryValue HKCR\CLSID\{2781761E-28E0-4109-99FE-B9D127C57AFE}\InprocServer32\(Default) SUCCESS Type: REG_EXPAND_SZ, Length: 152, Data: ""%ProgramData%\Microsoft\Windows Defender\Platform\4.18.2109.6-0\MpOav.dll"" 4/14/2022 12:40:52 PM Registry C:\Windows\system32\tasklist.exe BLUETEAM\ezk tasklist 1384 10676",benign
tasklist.exe,4132,RegCloseKey,HKCR\CLSID\{2781761E-28E0-4109-99FE-B9D127C57AFE}\InprocServer32,SUCCESS,,4/14/2022 12:40:52 PM,Registry,C:\Windows\system32\tasklist.exe,BLUETEAM\ezk,tasklist,1384,10676,tasklist.exe 4132 RegCloseKey HKCR\CLSID\{2781761E-28E0-4109-99FE-B9D127C57AFE}\InprocServer32 SUCCESS None 4/14/2022 12:40:52 PM Registry C:\Windows\system32\tasklist.exe BLUETEAM\ezk tasklist 1384 10676,benign
tasklist.exe,4132,CreateFile,C:\Windows\System32\userenv.dll,SUCCESS,"Desired Access: Read Attributes, Disposition: Open, Options: Open Reparse Point, Attributes: n/a, ShareMode: Read, Write, Delete, AllocationSize: n/a, OpenResult: Opened",4/14/2022 12:40:52 PM,File System,C:\Windows\system32\tasklist.exe,BLUETEAM\ezk,tasklist,1384,10676,"tasklist.exe 4132 CreateFile C:\Windows\System32\userenv.dll SUCCESS Desired Access: Read Attributes, Disposition: Open, Options: Open Reparse Point, Attributes: n/a, ShareMode: Read, Write, Delete, AllocationSize: n/a, OpenResult: Opened 4/14/2022 12:40:52 PM File System C:\Windows\system32\tasklist.exe BLUETEAM\ezk tasklist 1384 10676",benign
tasklist.exe,4132,QueryBasicInformationFile,C:\Windows\System32\userenv.dll,SUCCESS,"CreationTime: 9/22/2021 5:22:06 PM, LastAccessTime: 4/14/2022 12:38:58 PM, LastWriteTime: 9/22/2021 5:22:06 PM, ChangeTime: 10/15/2021 2:25:23 PM, FileAttributes: A",4/14/2022 12:40:52 PM,File System,C:\Windows\system32\tasklist.exe,BLUETEAM\ezk,tasklist,1384,10676,"tasklist.exe 4132 QueryBasicInformationFile C:\Windows\System32\userenv.dll SUCCESS CreationTime: 9/22/2021 5:22:06 PM, LastAccessTime: 4/14/2022 12:38:58 PM, LastWriteTime: 9/22/2021 5:22:06 PM, ChangeTime: 10/15/2021 2:25:23 PM, FileAttributes: A 4/14/2022 12:40:52 PM File System C:\Windows\system32\tasklist.exe BLUETEAM\ezk tasklist 1384 10676",benign
tasklist.exe,4132,CloseFile,C:\Windows\System32\userenv.dll,SUCCESS,,4/14/2022 12:40:52 PM,File System,C:\Windows\system32\tasklist.exe,BLUETEAM\ezk,tasklist,1384,10676,tasklist.exe 4132 CloseFile C:\Windows\System32\userenv.dll SUCCESS None 4/14/2022 12:40:52 PM File System C:\Windows\system32\tasklist.exe BLUETEAM\ezk tasklist 1384 10676,benign
tasklist.exe,4132,CreateFile,C:\Windows\System32\userenv.dll,SUCCESS,"Desired Access: Read Data/List Directory, Execute/Traverse, Synchronize, Disposition: Open, Options: Synchronous IO Non-Alert, Non-Directory File, Attributes: n/a, ShareMode: Read, Delete, AllocationSize: n/a, OpenResult: Opened",4/14/2022 12:40:52 PM,File System,C:\Windows\system32\tasklist.exe,BLUETEAM\ezk,tasklist,1384,10676,"tasklist.exe 4132 CreateFile C:\Windows\System32\userenv.dll SUCCESS Desired Access: Read Data/List Directory, Execute/Traverse, Synchronize, Disposition: Open, Options: Synchronous IO Non-Alert, Non-Directory File, Attributes: n/a, ShareMode: Read, Delete, AllocationSize: n/a, OpenResult: Opened 4/14/2022 12:40:52 PM File System C:\Windows\system32\tasklist.exe BLUETEAM\ezk tasklist 1384 10676",benign
tasklist.exe,4132,CloseFile,C:\Windows\System32\userenv.dll,SUCCESS,,4/14/2022 12:40:52 PM,File System,C:\Windows\system32\tasklist.exe,BLUETEAM\ezk,tasklist,1384,10676,tasklist.exe 4132 CloseFile C:\Windows\System32\userenv.dll SUCCESS None 4/14/2022 12:40:52 PM File System C:\Windows\system32\tasklist.exe BLUETEAM\ezk tasklist 1384 10676,benign
tasklist.exe,4132,CreateFile,C:\Windows\System32\profapi.dll,SUCCESS,"Desired Access: Read Attributes, Disposition: Open, Options: Open Reparse Point, Attributes: n/a, ShareMode: Read, Write, Delete, AllocationSize: n/a, OpenResult: Opened",4/14/2022 12:40:52 PM,File System,C:\Windows\system32\tasklist.exe,BLUETEAM\ezk,tasklist,1384,10676,"tasklist.exe 4132 CreateFile C:\Windows\System32\profapi.dll SUCCESS Desired Access: Read Attributes, Disposition: Open, Options: Open Reparse Point, Attributes: n/a, ShareMode: Read, Write, Delete, AllocationSize: n/a, OpenResult: Opened 4/14/2022 12:40:52 PM File System C:\Windows\system32\tasklist.exe BLUETEAM\ezk tasklist 1384 10676",benign
tasklist.exe,4132,QueryBasicInformationFile,C:\Windows\System32\profapi.dll,SUCCESS,"CreationTime: 9/22/2021 5:22:09 PM, LastAccessTime: 4/14/2022 12:38:58 PM, LastWriteTime: 9/22/2021 5:22:09 PM, ChangeTime: 10/15/2021 2:25:23 PM, FileAttributes: A",4/14/2022 12:40:52 PM,File System,C:\Windows\system32\tasklist.exe,BLUETEAM\ezk,tasklist,1384,10676,"tasklist.exe 4132 QueryBasicInformationFile C:\Windows\System32\profapi.dll SUCCESS CreationTime: 9/22/2021 5:22:09 PM, LastAccessTime: 4/14/2022 12:38:58 PM, LastWriteTime: 9/22/2021 5:22:09 PM, ChangeTime: 10/15/2021 2:25:23 PM, FileAttributes: A 4/14/2022 12:40:52 PM File System C:\Windows\system32\tasklist.exe BLUETEAM\ezk tasklist 1384 10676",benign
tasklist.exe,4132,CloseFile,C:\Windows\System32\profapi.dll,SUCCESS,,4/14/2022 12:40:52 PM,File System,C:\Windows\system32\tasklist.exe,BLUETEAM\ezk,tasklist,1384,10676,tasklist.exe 4132 CloseFile C:\Windows\System32\profapi.dll SUCCESS None 4/14/2022 12:40:52 PM File System C:\Windows\system32\tasklist.exe BLUETEAM\ezk tasklist 1384 10676,benign
tasklist.exe,4132,CreateFile,C:\Windows\System32\profapi.dll,SUCCESS,"Desired Access: Read Data/List Directory, Execute/Traverse, Synchronize, Disposition: Open, Options: Synchronous IO Non-Alert, Non-Directory File, Attributes: n/a, ShareMode: Read, Delete, AllocationSize: n/a, OpenResult: Opened",4/14/2022 12:40:52 PM,File System,C:\Windows\system32\tasklist.exe,BLUETEAM\ezk,tasklist,1384,10676,"tasklist.exe 4132 CreateFile C:\Windows\System32\profapi.dll SUCCESS Desired Access: Read Data/List Directory, Execute/Traverse, Synchronize, Disposition: Open, Options: Synchronous IO Non-Alert, Non-Directory File, Attributes: n/a, ShareMode: Read, Delete, AllocationSize: n/a, OpenResult: Opened 4/14/2022 12:40:52 PM File System C:\Windows\system32\tasklist.exe BLUETEAM\ezk tasklist 1384 10676",benign
tasklist.exe,4132,CloseFile,C:\Windows\System32\profapi.dll,SUCCESS,,4/14/2022 12:40:52 PM,File System,C:\Windows\system32\tasklist.exe,BLUETEAM\ezk,tasklist,1384,10676,tasklist.exe 4132 CloseFile C:\Windows\System32\profapi.dll SUCCESS None 4/14/2022 12:40:52 PM File System C:\Windows\system32\tasklist.exe BLUETEAM\ezk tasklist 1384 10676,benign
tasklist.exe,4132,RegQueryKey,HKLM,SUCCESS,"Query: HandleTags, HandleTags: 0x0",4/14/2022 12:40:52 PM,Registry,C:\Windows\system32\tasklist.exe,BLUETEAM\ezk,tasklist,1384,10676,"tasklist.exe 4132 RegQueryKey HKLM SUCCESS Query: HandleTags, HandleTags: 0x0 4/14/2022 12:40:52 PM Registry C:\Windows\system32\tasklist.exe BLUETEAM\ezk tasklist 1384 10676",benign
tasklist.exe,4132,RegOpenKey,HKLM\Software\Microsoft\Windows NT\CurrentVersion\ProfileList,SUCCESS,Desired Access: Read,4/14/2022 12:40:52 PM,Registry,C:\Windows\system32\tasklist.exe,BLUETEAM\ezk,tasklist,1384,10676,tasklist.exe 4132 RegOpenKey HKLM\Software\Microsoft\Windows NT\CurrentVersion\ProfileList SUCCESS Desired Access: Read 4/14/2022 12:40:52 PM Registry C:\Windows\system32\tasklist.exe BLUETEAM\ezk tasklist 1384 10676,benign
tasklist.exe,4132,RegQueryValue,HKLM\SOFTWARE\Microsoft\Windows NT\CurrentVersion\ProfileList\ProgramData,BUFFER OVERFLOW,Length: 12,4/14/2022 12:40:52 PM,Registry,C:\Windows\system32\tasklist.exe,BLUETEAM\ezk,tasklist,1384,10676,tasklist.exe 4132 RegQueryValue HKLM\SOFTWARE\Microsoft\Windows NT\CurrentVersion\ProfileList\ProgramData BUFFER OVERFLOW Length: 12 4/14/2022 12:40:52 PM Registry C:\Windows\system32\tasklist.exe BLUETEAM\ezk tasklist 1384 10676,benign
tasklist.exe,4132,CloseFile,C:\Windows\Temp,SUCCESS,,4/14/2022 12:40:52 PM,File System,C:\Windows\system32\tasklist.exe,BLUETEAM\ezk,tasklist,1384,10676,tasklist.exe 4132 CloseFile C:\Windows\Temp SUCCESS None 4/14/2022 12:40:52 PM File System C:\Windows\system32\tasklist.exe BLUETEAM\ezk tasklist 1384 10676,benign
tasklist.exe,4132,QueryBasicInformationFile,C:\Windows\Temp,SUCCESS,"CreationTime: 12/7/2019 5:14:52 PM, LastAccessTime: 4/14/2022 12:28:24 PM, LastWriteTime: 4/14/2022 12:28:24 PM, ChangeTime: 4/14/2022 12:28:24 PM, FileAttributes: D",4/14/2022 12:40:52 PM,File System,C:\Windows\system32\tasklist.exe,BLUETEAM\ezk,tasklist,1384,10676,"tasklist.exe 4132 QueryBasicInformationFile C:\Windows\Temp SUCCESS CreationTime: 12/7/2019 5:14:52 PM, LastAccessTime: 4/14/2022 12:28:24 PM, LastWriteTime: 4/14/2022 12:28:24 PM, ChangeTime: 4/14/2022 12:28:24 PM, FileAttributes: D 4/14/2022 12:40:52 PM File System C:\Windows\system32\tasklist.exe BLUETEAM\ezk tasklist 1384 10676",benign
tasklist.exe,4132,CreateFile,C:\Windows\Temp,SUCCESS,"Desired Access: Read Attributes, Disposition: Open, Options: Open Reparse Point, Attributes: n/a, ShareMode: Read, Write, Delete, AllocationSize: n/a, OpenResult: Opened",4/14/2022 12:40:52 PM,File System,C:\Windows\system32\tasklist.exe,BLUETEAM\ezk,tasklist,1384,10676,"tasklist.exe 4132 CreateFile C:\Windows\Temp SUCCESS Desired Access: Read Attributes, Disposition: Open, Options: Open Reparse Point, Attributes: n/a, ShareMode: Read, Write, Delete, AllocationSize: n/a, OpenResult: Opened 4/14/2022 12:40:52 PM File System C:\Windows\system32\tasklist.exe BLUETEAM\ezk tasklist 1384 10676",benign
tasklist.exe,4132,RegQueryKey,HKLM\System\CurrentControlSet\Control\Session Manager\Environment,SUCCESS,"Query: Cached, SubKeys: 0, Values: 15",4/14/2022 12:40:52 PM,Registry,C:\Windows\system32\tasklist.exe,BLUETEAM\ezk,tasklist,1384,10676,"tasklist.exe 4132 RegQueryKey HKLM\System\CurrentControlSet\Control\Session Manager\Environment SUCCESS Query: Cached, SubKeys: 0, Values: 15 4/14/2022 12:40:52 PM Registry C:\Windows\system32\tasklist.exe BLUETEAM\ezk tasklist 1384 10676",benign
tasklist.exe,4132,RegOpenKey,HKLM\System\CurrentControlSet\Control\Session Manager\Environment,SUCCESS,Desired Access: Read,4/14/2022 12:40:52 PM,Registry,C:\Windows\system32\tasklist.exe,BLUETEAM\ezk,tasklist,1384,10676,tasklist.exe 4132 RegOpenKey HKLM\System\CurrentControlSet\Control\Session Manager\Environment SUCCESS Desired Access: Read 4/14/2022 12:40:52 PM Registry C:\Windows\system32\tasklist.exe BLUETEAM\ezk tasklist 1384 10676,benign
tasklist.exe,4132,RegOpenKey,HKLM\System\CurrentControlSet\Control\Session Manager\Environment,REPARSE,Desired Access: Read,4/14/2022 12:40:52 PM,Registry,C:\Windows\system32\tasklist.exe,BLUETEAM\ezk,tasklist,1384,10676,tasklist.exe 4132 RegOpenKey HKLM\System\CurrentControlSet\Control\Session Manager\Environment REPARSE Desired Access: Read 4/14/2022 12:40:52 PM Registry C:\Windows\system32\tasklist.exe BLUETEAM\ezk tasklist 1384 10676,benign
tasklist.exe,4132,RegQueryKey,HKLM,SUCCESS,"Query: HandleTags, HandleTags: 0x0",4/14/2022 12:40:52 PM,Registry,C:\Windows\system32\tasklist.exe,BLUETEAM\ezk,tasklist,1384,10676,"tasklist.exe 4132 RegQueryKey HKLM SUCCESS Query: HandleTags, HandleTags: 0x0 4/14/2022 12:40:52 PM Registry C:\Windows\system32\tasklist.exe BLUETEAM\ezk tasklist 1384 10676",benign
tasklist.exe,4132,RegQueryKey,HKLM,SUCCESS,"Query: HandleTags, HandleTags: 0x0",4/14/2022 12:40:52 PM,Registry,C:\Windows\system32\tasklist.exe,BLUETEAM\ezk,tasklist,1384,10676,"tasklist.exe 4132 RegQueryKey HKLM SUCCESS Query: HandleTags, HandleTags: 0x0 4/14/2022 12:40:52 PM Registry C:\Windows\system32\tasklist.exe BLUETEAM\ezk tasklist 1384 10676",benign
tasklist.exe,4132,RegQueryValue,HKLM\SOFTWARE\Microsoft\Windows NT\CurrentVersion\ProfileList\Public,SUCCESS,"Type: REG_EXPAND_SZ, Length: 54, Data: %SystemDrive%\Users\Public",4/14/2022 12:40:52 PM,Registry,C:\Windows\system32\tasklist.exe,BLUETEAM\ezk,tasklist,1384,10676,"tasklist.exe 4132 RegQueryValue HKLM\SOFTWARE\Microsoft\Windows NT\CurrentVersion\ProfileList\Public SUCCESS Type: REG_EXPAND_SZ, Length: 54, Data: %SystemDrive%\Users\Public 4/14/2022 12:40:52 PM Registry C:\Windows\system32\tasklist.exe BLUETEAM\ezk tasklist 1384 10676",benign
tasklist.exe,4132,RegQueryValue,HKLM\SOFTWARE\Microsoft\Windows NT\CurrentVersion\ProfileList\Public,BUFFER OVERFLOW,Length: 12,4/14/2022 12:40:52 PM,Registry,C:\Windows\system32\tasklist.exe,BLUETEAM\ezk,tasklist,1384,10676,tasklist.exe 4132 RegQueryValue HKLM\SOFTWARE\Microsoft\Windows NT\CurrentVersion\ProfileList\Public BUFFER OVERFLOW Length: 12 4/14/2022 12:40:52 PM Registry C:\Windows\system32\tasklist.exe BLUETEAM\ezk tasklist 1384 10676,benign
tasklist.exe,4132,RegOpenKey,HKLM\Software\Microsoft\Windows NT\CurrentVersion\ProfileList,SUCCESS,Desired Access: Read,4/14/2022 12:40:52 PM,Registry,C:\Windows\system32\tasklist.exe,BLUETEAM\ezk,tasklist,1384,10676,tasklist.exe 4132 RegOpenKey HKLM\Software\Microsoft\Windows NT\CurrentVersion\ProfileList SUCCESS Desired Access: Read 4/14/2022 12:40:52 PM Registry C:\Windows\system32\tasklist.exe BLUETEAM\ezk tasklist 1384 10676,benign
tasklist.exe,4132,RegQueryKey,HKLM,SUCCESS,"Query: HandleTags, HandleTags: 0x0",4/14/2022 12:40:52 PM,Registry,C:\Windows\system32\tasklist.exe,BLUETEAM\ezk,tasklist,1384,10676,"tasklist.exe 4132 RegQueryKey HKLM SUCCESS Query: HandleTags, HandleTags: 0x0 4/14/2022 12:40:52 PM Registry C:\Windows\system32\tasklist.exe BLUETEAM\ezk tasklist 1384 10676",benign
tasklist.exe,4132,RegCloseKey,HKLM\SOFTWARE\Microsoft\Windows NT\CurrentVersion\ProfileList,SUCCESS,,4/14/2022 12:40:52 PM,Registry,C:\Windows\system32\tasklist.exe,BLUETEAM\ezk,tasklist,1384,10676,tasklist.exe 4132 RegCloseKey HKLM\SOFTWARE\Microsoft\Windows NT\CurrentVersion\ProfileList SUCCESS None 4/14/2022 12:40:52 PM Registry C:\Windows\system32\tasklist.exe BLUETEAM\ezk tasklist 1384 10676,benign
tasklist.exe,4132,RegQueryValue,HKLM\SOFTWARE\Microsoft\Windows NT\CurrentVersion\ProfileList\ProgramData,SUCCESS,"Type: REG_EXPAND_SZ, Length: 52, Data: %SystemDrive%\ProgramData",4/14/2022 12:40:52 PM,Registry,C:\Windows\system32\tasklist.exe,BLUETEAM\ezk,tasklist,1384,10676,"tasklist.exe 4132 RegQueryValue HKLM\SOFTWARE\Microsoft\Windows NT\CurrentVersion\ProfileList\ProgramData SUCCESS Type: REG_EXPAND_SZ, Length: 52, Data: %SystemDrive%\ProgramData 4/14/2022 12:40:52 PM Registry C:\Windows\system32\tasklist.exe BLUETEAM\ezk tasklist 1384 10676",benign
tasklist.exe,4132,RegCloseKey,HKLM\SOFTWARE\Microsoft\Windows NT\CurrentVersion\ProfileList,SUCCESS,,4/14/2022 12:40:52 PM,Registry,C:\Windows\system32\tasklist.exe,BLUETEAM\ezk,tasklist,1384,10676,tasklist.exe 4132 RegCloseKey HKLM\SOFTWARE\Microsoft\Windows NT\CurrentVersion\ProfileList SUCCESS None 4/14/2022 12:40:52 PM Registry C:\Windows\system32\tasklist.exe BLUETEAM\ezk tasklist 1384 10676,benign
tasklist.exe,4132,RegQueryKey,HKCR,SUCCESS,"Query: HandleTags, HandleTags: 0x0",4/14/2022 12:40:52 PM,Registry,C:\Windows\system32\tasklist.exe,BLUETEAM\ezk,tasklist,1384,10676,"tasklist.exe 4132 RegQueryKey HKCR SUCCESS Query: HandleTags, HandleTags: 0x0 4/14/2022 12:40:52 PM Registry C:\Windows\system32\tasklist.exe BLUETEAM\ezk tasklist 1384 10676",benign
tasklist.exe,4132,RegQueryKey,HKLM\SOFTWARE\Microsoft\AMSI\Providers,SUCCESS,"Query: Cached, SubKeys: 1, Values: 0",4/14/2022 12:40:52 PM,Registry,C:\Windows\system32\tasklist.exe,BLUETEAM\ezk,tasklist,1384,10676,"tasklist.exe 4132 RegQueryKey HKLM\SOFTWARE\Microsoft\AMSI\Providers SUCCESS Query: Cached, SubKeys: 1, Values: 0 4/14/2022 12:40:52 PM Registry C:\Windows\system32\tasklist.exe BLUETEAM\ezk tasklist 1384 10676",benign
tasklist.exe,4132,RegQueryKey,HKLM,SUCCESS,"Query: HandleTags, HandleTags: 0x0",4/14/2022 12:40:52 PM,Registry,C:\Windows\system32\tasklist.exe,BLUETEAM\ezk,tasklist,1384,10676,"tasklist.exe 4132 RegQueryKey HKLM SUCCESS Query: HandleTags, HandleTags: 0x0 4/14/2022 12:40:52 PM Registry C:\Windows\system32\tasklist.exe BLUETEAM\ezk tasklist 1384 10676",benign
tasklist.exe,4132,RegQueryKey,HKCR\CLSID\{D68AF00A-29CB-43FA-8504-CE99A996D9EA},SUCCESS,"Query: HandleTags, HandleTags: 0x0",4/14/2022 12:40:52 PM,Registry,C:\Windows\system32\tasklist.exe,BLUETEAM\ezk,tasklist,1384,10676,"tasklist.exe 4132 RegQueryKey HKCR\CLSID\{D68AF00A-29CB-43FA-8504-CE99A996D9EA} SUCCESS Query: HandleTags, HandleTags: 0x0 4/14/2022 12:40:52 PM Registry C:\Windows\system32\tasklist.exe BLUETEAM\ezk tasklist 1384 10676",benign
tasklist.exe,4132,RegOpenKey,HKCR\CLSID\{D68AF00A-29CB-43FA-8504-CE99A996D9EA}\Elevation,NAME NOT FOUND,Desired Access: Read,4/14/2022 12:40:52 PM,Registry,C:\Windows\system32\tasklist.exe,BLUETEAM\ezk,tasklist,1384,10676,tasklist.exe 4132 RegOpenKey HKCR\CLSID\{D68AF00A-29CB-43FA-8504-CE99A996D9EA}\Elevation NAME NOT FOUND Desired Access: Read 4/14/2022 12:40:52 PM Registry C:\Windows\system32\tasklist.exe BLUETEAM\ezk tasklist 1384 10676,benign
tasklist.exe,4132,RegCloseKey,HKCR\CLSID\{D68AF00A-29CB-43FA-8504-CE99A996D9EA},SUCCESS,,4/14/2022 12:40:52 PM,Registry,C:\Windows\system32\tasklist.exe,BLUETEAM\ezk,tasklist,1384,10676,tasklist.exe 4132 RegCloseKey HKCR\CLSID\{D68AF00A-29CB-43FA-8504-CE99A996D9EA} SUCCESS None 4/14/2022 12:40:52 PM Registry C:\Windows\system32\tasklist.exe BLUETEAM\ezk tasklist 1384 10676,benign
tasklist.exe,4132,RegCloseKey,HKCR\CLSID\{D68AF00A-29CB-43FA-8504-CE99A996D9EA},SUCCESS,,4/14/2022 12:40:52 PM,Registry,C:\Windows\system32\tasklist.exe,BLUETEAM\ezk,tasklist,1384,10676,tasklist.exe 4132 RegCloseKey HKCR\CLSID\{D68AF00A-29CB-43FA-8504-CE99A996D9EA} SUCCESS None 4/14/2022 12:40:52 PM Registry C:\Windows\system32\tasklist.exe BLUETEAM\ezk tasklist 1384 10676,benign
tasklist.exe,4132,RegQueryKey,HKCR,SUCCESS,"Query: HandleTags, HandleTags: 0x0",4/14/2022 12:40:52 PM,Registry,C:\Windows\system32\tasklist.exe,BLUETEAM\ezk,tasklist,1384,10676,"tasklist.exe 4132 RegQueryKey HKCR SUCCESS Query: HandleTags, HandleTags: 0x0 4/14/2022 12:40:52 PM Registry C:\Windows\system32\tasklist.exe BLUETEAM\ezk tasklist 1384 10676",benign
tasklist.exe,4132,RegOpenKey,HKCR\CLSID\{D68AF00A-29CB-43FA-8504-CE99A996D9EA},SUCCESS,Desired Access: Read,4/14/2022 12:40:52 PM,Registry,C:\Windows\system32\tasklist.exe,BLUETEAM\ezk,tasklist,1384,10676,tasklist.exe 4132 RegOpenKey HKCR\CLSID\{D68AF00A-29CB-43FA-8504-CE99A996D9EA} SUCCESS Desired Access: Read 4/14/2022 12:40:52 PM Registry C:\Windows\system32\tasklist.exe BLUETEAM\ezk tasklist 1384 10676,benign
tasklist.exe,4132,RegQueryKey,HKCR\CLSID\{D68AF00A-29CB-43FA-8504-CE99A996D9EA},SUCCESS,"Query: HandleTags, HandleTags: 0x0",4/14/2022 12:40:52 PM,Registry,C:\Windows\system32\tasklist.exe,BLUETEAM\ezk,tasklist,1384,10676,"tasklist.exe 4132 RegQueryKey HKCR\CLSID\{D68AF00A-29CB-43FA-8504-CE99A996D9EA} SUCCESS Query: HandleTags, HandleTags: 0x0 4/14/2022 12:40:52 PM Registry C:\Windows\system32\tasklist.exe BLUETEAM\ezk tasklist 1384 10676",benign
tasklist.exe,4132,RegOpenKey,HKCR\CLSID\{D68AF00A-29CB-43FA-8504-CE99A996D9EA}\TreatAs,NAME NOT FOUND,Desired Access: Read,4/14/2022 12:40:52 PM,Registry,C:\Windows\system32\tasklist.exe,BLUETEAM\ezk,tasklist,1384,10676,tasklist.exe 4132 RegOpenKey HKCR\CLSID\{D68AF00A-29CB-43FA-8504-CE99A996D9EA}\TreatAs NAME NOT FOUND Desired Access: Read 4/14/2022 12:40:52 PM Registry C:\Windows\system32\tasklist.exe BLUETEAM\ezk tasklist 1384 10676,benign
tasklist.exe,4132,RegCloseKey,HKCR\CLSID\{D68AF00A-29CB-43FA-8504-CE99A996D9EA},SUCCESS,,4/14/2022 12:40:52 PM,Registry,C:\Windows\system32\tasklist.exe,BLUETEAM\ezk,tasklist,1384,10676,tasklist.exe 4132 RegCloseKey HKCR\CLSID\{D68AF00A-29CB-43FA-8504-CE99A996D9EA} SUCCESS None 4/14/2022 12:40:52 PM Registry C:\Windows\system32\tasklist.exe BLUETEAM\ezk tasklist 1384 10676,benign
tasklist.exe,4132,RegCloseKey,HKLM\System\CurrentControlSet\Services\Tcpip\Parameters,SUCCESS,,4/14/2022 12:40:52 PM,Registry,C:\Windows\system32\tasklist.exe,BLUETEAM\ezk,tasklist,1384,10676,tasklist.exe 4132 RegCloseKey HKLM\System\CurrentControlSet\Services\Tcpip\Parameters SUCCESS None 4/14/2022 12:40:52 PM Registry C:\Windows\system32\tasklist.exe BLUETEAM\ezk tasklist 1384 10676,benign
tasklist.exe,4132,QueryBasicInformationFile,C:\Windows\System32\wbem\fastprox.dll,SUCCESS,"CreationTime: 9/22/2021 5:21:21 PM, LastAccessTime: 4/14/2022 12:39:00 PM, LastWriteTime: 9/22/2021 5:21:21 PM, ChangeTime: 10/15/2021 2:25:23 PM, FileAttributes: A",4/14/2022 12:40:52 PM,File System,C:\Windows\system32\tasklist.exe,BLUETEAM\ezk,tasklist,1384,10676,"tasklist.exe 4132 QueryBasicInformationFile C:\Windows\System32\wbem\fastprox.dll SUCCESS CreationTime: 9/22/2021 5:21:21 PM, LastAccessTime: 4/14/2022 12:39:00 PM, LastWriteTime: 9/22/2021 5:21:21 PM, ChangeTime: 10/15/2021 2:25:23 PM, FileAttributes: A 4/14/2022 12:40:52 PM File System C:\Windows\system32\tasklist.exe BLUETEAM\ezk tasklist 1384 10676",benign
tasklist.exe,4132,CloseFile,C:\Windows\System32\wbem\fastprox.dll,SUCCESS,,4/14/2022 12:40:52 PM,File System,C:\Windows\system32\tasklist.exe,BLUETEAM\ezk,tasklist,1384,10676,tasklist.exe 4132 CloseFile C:\Windows\System32\wbem\fastprox.dll SUCCESS None 4/14/2022 12:40:52 PM File System C:\Windows\system32\tasklist.exe BLUETEAM\ezk tasklist 1384 10676,benign
tasklist.exe,4132,CreateFile,C:\Windows\System32\wbem\fastprox.dll,SUCCESS,"Desired Access: Read Data/List Directory, Execute/Traverse, Synchronize, Disposition: Open, Options: Synchronous IO Non-Alert, Non-Directory File, Attributes: n/a, ShareMode: Read, Delete, AllocationSize: n/a, OpenResult: Opened",4/14/2022 12:40:52 PM,File System,C:\Windows\system32\tasklist.exe,BLUETEAM\ezk,tasklist,1384,10676,"tasklist.exe 4132 CreateFile C:\Windows\System32\wbem\fastprox.dll SUCCESS Desired Access: Read Data/List Directory, Execute/Traverse, Synchronize, Disposition: Open, Options: Synchronous IO Non-Alert, Non-Directory File, Attributes: n/a, ShareMode: Read, Delete, AllocationSize: n/a, OpenResult: Opened 4/14/2022 12:40:52 PM File System C:\Windows\system32\tasklist.exe BLUETEAM\ezk tasklist 1384 10676",benign
tasklist.exe,4132,CloseFile,C:\Windows\System32\wbem\fastprox.dll,SUCCESS,,4/14/2022 12:40:52 PM,File System,C:\Windows\system32\tasklist.exe,BLUETEAM\ezk,tasklist,1384,10676,tasklist.exe 4132 CloseFile C:\Windows\System32\wbem\fastprox.dll SUCCESS None 4/14/2022 12:40:52 PM File System C:\Windows\system32\tasklist.exe BLUETEAM\ezk tasklist 1384 10676,benign
tasklist.exe,4132,RegQueryKey,HKLM,SUCCESS,"Query: HandleTags, HandleTags: 0x0",4/14/2022 12:40:52 PM,Registry,C:\Windows\system32\tasklist.exe,BLUETEAM\ezk,tasklist,1384,10676,"tasklist.exe 4132 RegQueryKey HKLM SUCCESS Query: HandleTags, HandleTags: 0x0 4/14/2022 12:40:52 PM Registry C:\Windows\system32\tasklist.exe BLUETEAM\ezk tasklist 1384 10676",benign
tasklist.exe,4132,RegOpenKey,HKLM\Software\Microsoft\WBEM\CIMOM,SUCCESS,Desired Access: Read,4/14/2022 12:40:52 PM,Registry,C:\Windows\system32\tasklist.exe,BLUETEAM\ezk,tasklist,1384,10676,tasklist.exe 4132 RegOpenKey HKLM\Software\Microsoft\WBEM\CIMOM SUCCESS Desired Access: Read 4/14/2022 12:40:52 PM Registry C:\Windows\system32\tasklist.exe BLUETEAM\ezk tasklist 1384 10676,benign
tasklist.exe,4132,RegQueryValue,HKLM\SOFTWARE\Microsoft\Wbem\CIMOM\ProcessID,SUCCESS,"Type: REG_DWORD, Length: 4, Data: 1984",4/14/2022 12:40:52 PM,Registry,C:\Windows\system32\tasklist.exe,BLUETEAM\ezk,tasklist,1384,10676,"tasklist.exe 4132 RegQueryValue HKLM\SOFTWARE\Microsoft\Wbem\CIMOM\ProcessID SUCCESS Type: REG_DWORD, Length: 4, Data: 1984 4/14/2022 12:40:52 PM Registry C:\Windows\system32\tasklist.exe BLUETEAM\ezk tasklist 1384 10676",benign
tasklist.exe,4132,CloseFile,C:\Windows\System32\amsi.dll,SUCCESS,,4/14/2022 12:40:52 PM,File System,C:\Windows\system32\tasklist.exe,BLUETEAM\ezk,tasklist,1384,10676,tasklist.exe 4132 CloseFile C:\Windows\System32\amsi.dll SUCCESS None 4/14/2022 12:40:52 PM File System C:\Windows\system32\tasklist.exe BLUETEAM\ezk tasklist 1384 10676,benign
tasklist.exe,4132,CreateFile,C:\Windows\System32\amsi.dll,SUCCESS,"Desired Access: Read Data/List Directory, Execute/Traverse, Synchronize, Disposition: Open, Options: Synchronous IO Non-Alert, Non-Directory File, Attributes: n/a, ShareMode: Read, Delete, AllocationSize: n/a, OpenResult: Opened",4/14/2022 12:40:52 PM,File System,C:\Windows\system32\tasklist.exe,BLUETEAM\ezk,tasklist,1384,10676,"tasklist.exe 4132 CreateFile C:\Windows\System32\amsi.dll SUCCESS Desired Access: Read Data/List Directory, Execute/Traverse, Synchronize, Disposition: Open, Options: Synchronous IO Non-Alert, Non-Directory File, Attributes: n/a, ShareMode: Read, Delete, AllocationSize: n/a, OpenResult: Opened 4/14/2022 12:40:52 PM File System C:\Windows\system32\tasklist.exe BLUETEAM\ezk tasklist 1384 10676",benign
tasklist.exe,4132,CloseFile,C:\Windows\System32\amsi.dll,SUCCESS,,4/14/2022 12:40:52 PM,File System,C:\Windows\system32\tasklist.exe,BLUETEAM\ezk,tasklist,1384,10676,tasklist.exe 4132 CloseFile C:\Windows\System32\amsi.dll SUCCESS None 4/14/2022 12:40:52 PM File System C:\Windows\system32\tasklist.exe BLUETEAM\ezk tasklist 1384 10676,benign
tasklist.exe,4132,QueryBasicInformationFile,C:\Windows\System32\amsi.dll,SUCCESS,"CreationTime: 9/22/2021 5:21:24 PM, LastAccessTime: 4/14/2022 12:38:58 PM, LastWriteTime: 9/22/2021 5:21:24 PM, ChangeTime: 10/15/2021 2:25:23 PM, FileAttributes: A",4/14/2022 12:40:52 PM,File System,C:\Windows\system32\tasklist.exe,BLUETEAM\ezk,tasklist,1384,10676,"tasklist.exe 4132 QueryBasicInformationFile C:\Windows\System32\amsi.dll SUCCESS CreationTime: 9/22/2021 5:21:24 PM, LastAccessTime: 4/14/2022 12:38:58 PM, LastWriteTime: 9/22/2021 5:21:24 PM, ChangeTime: 10/15/2021 2:25:23 PM, FileAttributes: A 4/14/2022 12:40:52 PM File System C:\Windows\system32\tasklist.exe BLUETEAM\ezk tasklist 1384 10676",benign
tasklist.exe,4132,CreateFile,C:\Windows\System32\amsi.dll,SUCCESS,"Desired Access: Read Attributes, Disposition: Open, Options: Open Reparse Point, Attributes: n/a, ShareMode: Read, Write, Delete, AllocationSize: n/a, OpenResult: Opened",4/14/2022 12:40:52 PM,File System,C:\Windows\system32\tasklist.exe,BLUETEAM\ezk,tasklist,1384,10676,"tasklist.exe 4132 CreateFile C:\Windows\System32\amsi.dll SUCCESS Desired Access: Read Attributes, Disposition: Open, Options: Open Reparse Point, Attributes: n/a, ShareMode: Read, Write, Delete, AllocationSize: n/a, OpenResult: Opened 4/14/2022 12:40:52 PM File System C:\Windows\system32\tasklist.exe BLUETEAM\ezk tasklist 1384 10676",benign
tasklist.exe,4132,RegCloseKey,HKLM\SOFTWARE\Microsoft\Wbem,SUCCESS,,4/14/2022 12:40:52 PM,Registry,C:\Windows\system32\tasklist.exe,BLUETEAM\ezk,tasklist,1384,10676,tasklist.exe 4132 RegCloseKey HKLM\SOFTWARE\Microsoft\Wbem SUCCESS None 4/14/2022 12:40:52 PM Registry C:\Windows\system32\tasklist.exe BLUETEAM\ezk tasklist 1384 10676,benign
tasklist.exe,4132,RegOpenKey,HKLM\Software\Microsoft\AMSI\Providers,SUCCESS,"Desired Access: Query Value, Enumerate Sub Keys",4/14/2022 12:40:52 PM,Registry,C:\Windows\system32\tasklist.exe,BLUETEAM\ezk,tasklist,1384,10676,"tasklist.exe 4132 RegOpenKey HKLM\Software\Microsoft\AMSI\Providers SUCCESS Desired Access: Query Value, Enumerate Sub Keys 4/14/2022 12:40:52 PM Registry C:\Windows\system32\tasklist.exe BLUETEAM\ezk tasklist 1384 10676",benign
tasklist.exe,4132,RegQueryValue,HKLM\SOFTWARE\Microsoft\Wbem\AmsiEnable,NAME NOT FOUND,Length: 16,4/14/2022 12:40:52 PM,Registry,C:\Windows\system32\tasklist.exe,BLUETEAM\ezk,tasklist,1384,10676,tasklist.exe 4132 RegQueryValue HKLM\SOFTWARE\Microsoft\Wbem\AmsiEnable NAME NOT FOUND Length: 16 4/14/2022 12:40:52 PM Registry C:\Windows\system32\tasklist.exe BLUETEAM\ezk tasklist 1384 10676,benign
tasklist.exe,4132,RegQueryKey,HKLM,SUCCESS,"Query: HandleTags, HandleTags: 0x0",4/14/2022 12:40:52 PM,Registry,C:\Windows\system32\tasklist.exe,BLUETEAM\ezk,tasklist,1384,10676,"tasklist.exe 4132 RegQueryKey HKLM SUCCESS Query: HandleTags, HandleTags: 0x0 4/14/2022 12:40:52 PM Registry C:\Windows\system32\tasklist.exe BLUETEAM\ezk tasklist 1384 10676",benign
tasklist.exe,4132,RegCloseKey,HKLM\SOFTWARE\Microsoft\Wbem\CIMOM,SUCCESS,,4/14/2022 12:40:52 PM,Registry,C:\Windows\system32\tasklist.exe,BLUETEAM\ezk,tasklist,1384,10676,tasklist.exe 4132 RegCloseKey HKLM\SOFTWARE\Microsoft\Wbem\CIMOM SUCCESS None 4/14/2022 12:40:52 PM Registry C:\Windows\system32\tasklist.exe BLUETEAM\ezk tasklist 1384 10676,benign
tasklist.exe,4132,RegQueryValue,HKLM\SOFTWARE\Microsoft\Wbem\CIMOM\IdentifierLimit,NAME NOT FOUND,Length: 16,4/14/2022 12:40:52 PM,Registry,C:\Windows\system32\tasklist.exe,BLUETEAM\ezk,tasklist,1384,10676,tasklist.exe 4132 RegQueryValue HKLM\SOFTWARE\Microsoft\Wbem\CIMOM\IdentifierLimit NAME NOT FOUND Length: 16 4/14/2022 12:40:52 PM Registry C:\Windows\system32\tasklist.exe BLUETEAM\ezk tasklist 1384 10676,benign
tasklist.exe,4132,RegQueryValue,HKLM\SOFTWARE\Microsoft\Wbem\CIMOM\ObjectLimit,NAME NOT FOUND,Length: 16,4/14/2022 12:40:52 PM,Registry,C:\Windows\system32\tasklist.exe,BLUETEAM\ezk,tasklist,1384,10676,tasklist.exe 4132 RegQueryValue HKLM\SOFTWARE\Microsoft\Wbem\CIMOM\ObjectLimit NAME NOT FOUND Length: 16 4/14/2022 12:40:52 PM Registry C:\Windows\system32\tasklist.exe BLUETEAM\ezk tasklist 1384 10676,benign
tasklist.exe,4132,RegQueryValue,HKLM\SOFTWARE\Microsoft\Wbem\CIMOM\ContextLimit,NAME NOT FOUND,Length: 16,4/14/2022 12:40:52 PM,Registry,C:\Windows\system32\tasklist.exe,BLUETEAM\ezk,tasklist,1384,10676,tasklist.exe 4132 RegQueryValue HKLM\SOFTWARE\Microsoft\Wbem\CIMOM\ContextLimit NAME NOT FOUND Length: 16 4/14/2022 12:40:52 PM Registry C:\Windows\system32\tasklist.exe BLUETEAM\ezk tasklist 1384 10676,benign
tasklist.exe,4132,RegQueryValue,HKLM\SOFTWARE\Microsoft\Wbem\CIMOM\EnablePrivateObjectHeap,NAME NOT FOUND,Length: 16,4/14/2022 12:40:52 PM,Registry,C:\Windows\system32\tasklist.exe,BLUETEAM\ezk,tasklist,1384,10676,tasklist.exe 4132 RegQueryValue HKLM\SOFTWARE\Microsoft\Wbem\CIMOM\EnablePrivateObjectHeap NAME NOT FOUND Length: 16 4/14/2022 12:40:52 PM Registry C:\Windows\system32\tasklist.exe BLUETEAM\ezk tasklist 1384 10676,benign
tasklist.exe,4132,RegOpenKey,HKLM\Software\Microsoft\WBEM,SUCCESS,Desired Access: Read,4/14/2022 12:40:52 PM,Registry,C:\Windows\system32\tasklist.exe,BLUETEAM\ezk,tasklist,1384,10676,tasklist.exe 4132 RegOpenKey HKLM\Software\Microsoft\WBEM SUCCESS Desired Access: Read 4/14/2022 12:40:52 PM Registry C:\Windows\system32\tasklist.exe BLUETEAM\ezk tasklist 1384 10676,benign
tasklist.exe,4132,RegQueryValue,HKLM\System\CurrentControlSet\Services\Tcpip\Parameters\Hostname,SUCCESS,"Type: REG_SZ, Length: 32, Data: DESKTOP-BA1RQFC",4/14/2022 12:40:52 PM,Registry,C:\Windows\system32\tasklist.exe,BLUETEAM\ezk,tasklist,1384,10676,"tasklist.exe 4132 RegQueryValue HKLM\System\CurrentControlSet\Services\Tcpip\Parameters\Hostname SUCCESS Type: REG_SZ, Length: 32, Data: DESKTOP-BA1RQFC 4/14/2022 12:40:52 PM Registry C:\Windows\system32\tasklist.exe BLUETEAM\ezk tasklist 1384 10676",benign
tasklist.exe,4132,RegQueryValue,HKCR\Interface\{D4781CD6-E5D3-44DF-AD94-930EFE48A887}\ProxyStubClsid32\(Default),SUCCESS,"Type: REG_SZ, Length: 78, Data: {7C857801-7381-11CF-884D-00AA004B2E24}",4/14/2022 12:40:52 PM,Registry,C:\Windows\system32\tasklist.exe,BLUETEAM\ezk,tasklist,1384,10676,"tasklist.exe 4132 RegQueryValue HKCR\Interface\{D4781CD6-E5D3-44DF-AD94-930EFE48A887}\ProxyStubClsid32\(Default) SUCCESS Type: REG_SZ, Length: 78, Data: {7C857801-7381-11CF-884D-00AA004B2E24} 4/14/2022 12:40:52 PM Registry C:\Windows\system32\tasklist.exe BLUETEAM\ezk tasklist 1384 10676",benign
tasklist.exe,4132,RegOpenKey,HKLM\System\CurrentControlSet\Services\Tcpip\Parameters,REPARSE,Desired Access: Read,4/14/2022 12:40:52 PM,Registry,C:\Windows\system32\tasklist.exe,BLUETEAM\ezk,tasklist,1384,10676,tasklist.exe 4132 RegOpenKey HKLM\System\CurrentControlSet\Services\Tcpip\Parameters REPARSE Desired Access: Read 4/14/2022 12:40:52 PM Registry C:\Windows\system32\tasklist.exe BLUETEAM\ezk tasklist 1384 10676,benign
tasklist.exe,4132,CloseFile,C:\Windows\System32\rpcss.dll,SUCCESS,,4/14/2022 12:40:52 PM,File System,C:\Windows\system32\tasklist.exe,BLUETEAM\ezk,tasklist,1384,10676,tasklist.exe 4132 CloseFile C:\Windows\System32\rpcss.dll SUCCESS None 4/14/2022 12:40:52 PM File System C:\Windows\system32\tasklist.exe BLUETEAM\ezk tasklist 1384 10676,benign
tasklist.exe,4132,CreateFile,C:\Windows\System32\rpcss.dll,SUCCESS,"Desired Access: Read Data/List Directory, Synchronize, Disposition: Open, Options: Synchronous IO Non-Alert, Non-Directory File, Attributes: n/a, ShareMode: Read, Delete, AllocationSize: n/a, OpenResult: Opened",4/14/2022 12:40:52 PM,File System,C:\Windows\system32\tasklist.exe,BLUETEAM\ezk,tasklist,1384,10676,"tasklist.exe 4132 CreateFile C:\Windows\System32\rpcss.dll SUCCESS Desired Access: Read Data/List Directory, Synchronize, Disposition: Open, Options: Synchronous IO Non-Alert, Non-Directory File, Attributes: n/a, ShareMode: Read, Delete, AllocationSize: n/a, OpenResult: Opened 4/14/2022 12:40:52 PM File System C:\Windows\system32\tasklist.exe BLUETEAM\ezk tasklist 1384 10676",benign
tasklist.exe,4132,CloseFile,C:\Windows\System32\rpcss.dll,SUCCESS,,4/14/2022 12:40:52 PM,File System,C:\Windows\system32\tasklist.exe,BLUETEAM\ezk,tasklist,1384,10676,tasklist.exe 4132 CloseFile C:\Windows\System32\rpcss.dll SUCCESS None 4/14/2022 12:40:52 PM File System C:\Windows\system32\tasklist.exe BLUETEAM\ezk tasklist 1384 10676,benign
tasklist.exe,4132,RegQueryKey,HKCR,SUCCESS,"Query: HandleTags, HandleTags: 0x0",4/14/2022 12:40:52 PM,Registry,C:\Windows\system32\tasklist.exe,BLUETEAM\ezk,tasklist,1384,10676,"tasklist.exe 4132 RegQueryKey HKCR SUCCESS Query: HandleTags, HandleTags: 0x0 4/14/2022 12:40:52 PM Registry C:\Windows\system32\tasklist.exe BLUETEAM\ezk tasklist 1384 10676",benign
tasklist.exe,4132,RegOpenKey,HKCR\Interface\{00000134-0000-0000-C000-000000000046},SUCCESS,Desired Access: Read,4/14/2022 12:40:52 PM,Registry,C:\Windows\system32\tasklist.exe,BLUETEAM\ezk,tasklist,1384,10676,tasklist.exe 4132 RegOpenKey HKCR\Interface\{00000134-0000-0000-C000-000000000046} SUCCESS Desired Access: Read 4/14/2022 12:40:52 PM Registry C:\Windows\system32\tasklist.exe BLUETEAM\ezk tasklist 1384 10676,benign
tasklist.exe,4132,RegQueryKey,HKCR\Interface\{00000134-0000-0000-C000-000000000046},SUCCESS,"Query: HandleTags, HandleTags: 0x0",4/14/2022 12:40:52 PM,Registry,C:\Windows\system32\tasklist.exe,BLUETEAM\ezk,tasklist,1384,10676,"tasklist.exe 4132 RegQueryKey HKCR\Interface\{00000134-0000-0000-C000-000000000046} SUCCESS Query: HandleTags, HandleTags: 0x0 4/14/2022 12:40:52 PM Registry C:\Windows\system32\tasklist.exe BLUETEAM\ezk tasklist 1384 10676",benign
tasklist.exe,4132,RegOpenKey,HKCR\Interface\{00000134-0000-0000-C000-000000000046}\ProxyStubClsid32,SUCCESS,Desired Access: Read,4/14/2022 12:40:52 PM,Registry,C:\Windows\system32\tasklist.exe,BLUETEAM\ezk,tasklist,1384,10676,tasklist.exe 4132 RegOpenKey HKCR\Interface\{00000134-0000-0000-C000-000000000046}\ProxyStubClsid32 SUCCESS Desired Access: Read 4/14/2022 12:40:52 PM Registry C:\Windows\system32\tasklist.exe BLUETEAM\ezk tasklist 1384 10676,benign
tasklist.exe,4132,RegQueryValue,HKCR\Interface\{00000134-0000-0000-C000-000000000046}\ProxyStubClsid32\(Default),SUCCESS,"Type: REG_SZ, Length: 78, Data: {00000320-0000-0000-C000-000000000046}",4/14/2022 12:40:52 PM,Registry,C:\Windows\system32\tasklist.exe,BLUETEAM\ezk,tasklist,1384,10676,"tasklist.exe 4132 RegQueryValue HKCR\Interface\{00000134-0000-0000-C000-000000000046}\ProxyStubClsid32\(Default) SUCCESS Type: REG_SZ, Length: 78, Data: {00000320-0000-0000-C000-000000000046} 4/14/2022 12:40:52 PM Registry C:\Windows\system32\tasklist.exe BLUETEAM\ezk tasklist 1384 10676",benign
tasklist.exe,4132,RegCloseKey,HKCR\Interface\{00000134-0000-0000-C000-000000000046}\ProxyStubClsid32,SUCCESS,,4/14/2022 12:40:52 PM,Registry,C:\Windows\system32\tasklist.exe,BLUETEAM\ezk,tasklist,1384,10676,tasklist.exe 4132 RegCloseKey HKCR\Interface\{00000134-0000-0000-C000-000000000046}\ProxyStubClsid32 SUCCESS None 4/14/2022 12:40:52 PM Registry C:\Windows\system32\tasklist.exe BLUETEAM\ezk tasklist 1384 10676,benign
tasklist.exe,4132,RegCloseKey,HKCR\Interface\{00000134-0000-0000-C000-000000000046},SUCCESS,,4/14/2022 12:40:52 PM,Registry,C:\Windows\system32\tasklist.exe,BLUETEAM\ezk,tasklist,1384,10676,tasklist.exe 4132 RegCloseKey HKCR\Interface\{00000134-0000-0000-C000-000000000046} SUCCESS None 4/14/2022 12:40:52 PM Registry C:\Windows\system32\tasklist.exe BLUETEAM\ezk tasklist 1384 10676,benign
tasklist.exe,4132,RegOpenKey,HKLM\Software\Microsoft\Rpc\Extensions,SUCCESS,Desired Access: Read,4/14/2022 12:40:52 PM,Registry,C:\Windows\system32\tasklist.exe,BLUETEAM\ezk,tasklist,1384,10676,tasklist.exe 4132 RegOpenKey HKLM\Software\Microsoft\Rpc\Extensions SUCCESS Desired Access: Read 4/14/2022 12:40:52 PM Registry C:\Windows\system32\tasklist.exe BLUETEAM\ezk tasklist 1384 10676,benign
tasklist.exe,4132,RegQueryValue,HKLM\SOFTWARE\Microsoft\Rpc\Extensions\NdrOleExtDLL,SUCCESS,"Type: REG_EXPAND_SZ, Length: 24, Data: combase.dll",4/14/2022 12:40:52 PM,Registry,C:\Windows\system32\tasklist.exe,BLUETEAM\ezk,tasklist,1384,10676,"tasklist.exe 4132 RegQueryValue HKLM\SOFTWARE\Microsoft\Rpc\Extensions\NdrOleExtDLL SUCCESS Type: REG_EXPAND_SZ, Length: 24, Data: combase.dll 4/14/2022 12:40:52 PM Registry C:\Windows\system32\tasklist.exe BLUETEAM\ezk tasklist 1384 10676",benign
tasklist.exe,4132,RegCloseKey,HKLM\SOFTWARE\Microsoft\Rpc\Extensions,SUCCESS,,4/14/2022 12:40:52 PM,Registry,C:\Windows\system32\tasklist.exe,BLUETEAM\ezk,tasklist,1384,10676,tasklist.exe 4132 RegCloseKey HKLM\SOFTWARE\Microsoft\Rpc\Extensions SUCCESS None 4/14/2022 12:40:52 PM Registry C:\Windows\system32\tasklist.exe BLUETEAM\ezk tasklist 1384 10676,benign
tasklist.exe,4132,RegQueryKey,HKLM,SUCCESS,"Query: HandleTags, HandleTags: 0x0",4/14/2022 12:40:52 PM,Registry,C:\Windows\system32\tasklist.exe,BLUETEAM\ezk,tasklist,1384,10676,"tasklist.exe 4132 RegQueryKey HKLM SUCCESS Query: HandleTags, HandleTags: 0x0 4/14/2022 12:40:52 PM Registry C:\Windows\system32\tasklist.exe BLUETEAM\ezk tasklist 1384 10676",benign
tasklist.exe,4132,QueryBasicInformationFile,C:\Windows\System32\rpcss.dll,SUCCESS,"CreationTime: 9/22/2021 5:22:05 PM, LastAccessTime: 4/14/2022 12:40:52 PM, LastWriteTime: 9/22/2021 5:22:05 PM, ChangeTime: 10/15/2021 2:25:23 PM, FileAttributes: A",4/14/2022 12:40:52 PM,File System,C:\Windows\system32\tasklist.exe,BLUETEAM\ezk,tasklist,1384,10676,"tasklist.exe 4132 QueryBasicInformationFile C:\Windows\System32\rpcss.dll SUCCESS CreationTime: 9/22/2021 5:22:05 PM, LastAccessTime: 4/14/2022 12:40:52 PM, LastWriteTime: 9/22/2021 5:22:05 PM, ChangeTime: 10/15/2021 2:25:23 PM, FileAttributes: A 4/14/2022 12:40:52 PM File System C:\Windows\system32\tasklist.exe BLUETEAM\ezk tasklist 1384 10676",benign
tasklist.exe,4132,RegOpenKey,HKLM\Software\Microsoft\Ole,SUCCESS,Desired Access: Read,4/14/2022 12:40:52 PM,Registry,C:\Windows\system32\tasklist.exe,BLUETEAM\ezk,tasklist,1384,10676,tasklist.exe 4132 RegOpenKey HKLM\Software\Microsoft\Ole SUCCESS Desired Access: Read 4/14/2022 12:40:52 PM Registry C:\Windows\system32\tasklist.exe BLUETEAM\ezk tasklist 1384 10676,benign
tasklist.exe,4132,RegCloseKey,HKLM\SOFTWARE\Microsoft\Ole,SUCCESS,,4/14/2022 12:40:52 PM,Registry,C:\Windows\system32\tasklist.exe,BLUETEAM\ezk,tasklist,1384,10676,tasklist.exe 4132 RegCloseKey HKLM\SOFTWARE\Microsoft\Ole SUCCESS None 4/14/2022 12:40:52 PM Registry C:\Windows\system32\tasklist.exe BLUETEAM\ezk tasklist 1384 10676,benign
tasklist.exe,4132,RegQueryKey,HKCR,SUCCESS,"Query: HandleTags, HandleTags: 0x0",4/14/2022 12:40:52 PM,Registry,C:\Windows\system32\tasklist.exe,BLUETEAM\ezk,tasklist,1384,10676,"tasklist.exe 4132 RegQueryKey HKCR SUCCESS Query: HandleTags, HandleTags: 0x0 4/14/2022 12:40:52 PM Registry C:\Windows\system32\tasklist.exe BLUETEAM\ezk tasklist 1384 10676",benign
tasklist.exe,4132,RegOpenKey,HKCR\Interface\{F309AD18-D86A-11D0-A075-00C04FB68820},SUCCESS,Desired Access: Read,4/14/2022 12:40:52 PM,Registry,C:\Windows\system32\tasklist.exe,BLUETEAM\ezk,tasklist,1384,10676,tasklist.exe 4132 RegOpenKey HKCR\Interface\{F309AD18-D86A-11D0-A075-00C04FB68820} SUCCESS Desired Access: Read 4/14/2022 12:40:52 PM Registry C:\Windows\system32\tasklist.exe BLUETEAM\ezk tasklist 1384 10676,benign
tasklist.exe,4132,RegQueryKey,HKCR\Interface\{F309AD18-D86A-11D0-A075-00C04FB68820},SUCCESS,"Query: HandleTags, HandleTags: 0x0",4/14/2022 12:40:52 PM,Registry,C:\Windows\system32\tasklist.exe,BLUETEAM\ezk,tasklist,1384,10676,"tasklist.exe 4132 RegQueryKey HKCR\Interface\{F309AD18-D86A-11D0-A075-00C04FB68820} SUCCESS Query: HandleTags, HandleTags: 0x0 4/14/2022 12:40:52 PM Registry C:\Windows\system32\tasklist.exe BLUETEAM\ezk tasklist 1384 10676",benign
tasklist.exe,4132,RegOpenKey,HKCR\Interface\{F309AD18-D86A-11D0-A075-00C04FB68820}\ProxyStubClsid32,SUCCESS,Desired Access: Read,4/14/2022 12:40:52 PM,Registry,C:\Windows\system32\tasklist.exe,BLUETEAM\ezk,tasklist,1384,10676,tasklist.exe 4132 RegOpenKey HKCR\Interface\{F309AD18-D86A-11D0-A075-00C04FB68820}\ProxyStubClsid32 SUCCESS Desired Access: Read 4/14/2022 12:40:52 PM Registry C:\Windows\system32\tasklist.exe BLUETEAM\ezk tasklist 1384 10676,benign
tasklist.exe,4132,RegQueryValue,HKCR\Interface\{F309AD18-D86A-11D0-A075-00C04FB68820}\ProxyStubClsid32\(Default),SUCCESS,"Type: REG_SZ, Length: 78, Data: {7C857801-7381-11CF-884D-00AA004B2E24}",4/14/2022 12:40:52 PM,Registry,C:\Windows\system32\tasklist.exe,BLUETEAM\ezk,tasklist,1384,10676,"tasklist.exe 4132 RegQueryValue HKCR\Interface\{F309AD18-D86A-11D0-A075-00C04FB68820}\ProxyStubClsid32\(Default) SUCCESS Type: REG_SZ, Length: 78, Data: {7C857801-7381-11CF-884D-00AA004B2E24} 4/14/2022 12:40:52 PM Registry C:\Windows\system32\tasklist.exe BLUETEAM\ezk tasklist 1384 10676",benign
tasklist.exe,4132,RegCloseKey,HKCR\Interface\{F309AD18-D86A-11D0-A075-00C04FB68820}\ProxyStubClsid32,SUCCESS,,4/14/2022 12:40:52 PM,Registry,C:\Windows\system32\tasklist.exe,BLUETEAM\ezk,tasklist,1384,10676,tasklist.exe 4132 RegCloseKey HKCR\Interface\{F309AD18-D86A-11D0-A075-00C04FB68820}\ProxyStubClsid32 SUCCESS None 4/14/2022 12:40:52 PM Registry C:\Windows\system32\tasklist.exe BLUETEAM\ezk tasklist 1384 10676,benign
tasklist.exe,4132,RegCloseKey,HKCR\Interface\{F309AD18-D86A-11D0-A075-00C04FB68820},SUCCESS,,4/14/2022 12:40:52 PM,Registry,C:\Windows\system32\tasklist.exe,BLUETEAM\ezk,tasklist,1384,10676,tasklist.exe 4132 RegCloseKey HKCR\Interface\{F309AD18-D86A-11D0-A075-00C04FB68820} SUCCESS None 4/14/2022 12:40:52 PM Registry C:\Windows\system32\tasklist.exe BLUETEAM\ezk tasklist 1384 10676,benign
tasklist.exe,4132,RegQueryKey,HKCR,SUCCESS,"Query: HandleTags, HandleTags: 0x0",4/14/2022 12:40:52 PM,Registry,C:\Windows\system32\tasklist.exe,BLUETEAM\ezk,tasklist,1384,10676,"tasklist.exe 4132 RegQueryKey HKCR SUCCESS Query: HandleTags, HandleTags: 0x0 4/14/2022 12:40:52 PM Registry C:\Windows\system32\tasklist.exe BLUETEAM\ezk tasklist 1384 10676",benign
tasklist.exe,4132,RegOpenKey,HKCR\CLSID\{7C857801-7381-11CF-884D-00AA004B2E24},SUCCESS,Desired Access: Read,4/14/2022 12:40:52 PM,Registry,C:\Windows\system32\tasklist.exe,BLUETEAM\ezk,tasklist,1384,10676,tasklist.exe 4132 RegOpenKey HKCR\CLSID\{7C857801-7381-11CF-884D-00AA004B2E24} SUCCESS Desired Access: Read 4/14/2022 12:40:52 PM Registry C:\Windows\system32\tasklist.exe BLUETEAM\ezk tasklist 1384 10676,benign
tasklist.exe,4132,RegQueryKey,HKCR\CLSID\{7C857801-7381-11CF-884D-00AA004B2E24},SUCCESS,"Query: HandleTags, HandleTags: 0x0",4/14/2022 12:40:52 PM,Registry,C:\Windows\system32\tasklist.exe,BLUETEAM\ezk,tasklist,1384,10676,"tasklist.exe 4132 RegQueryKey HKCR\CLSID\{7C857801-7381-11CF-884D-00AA004B2E24} SUCCESS Query: HandleTags, HandleTags: 0x0 4/14/2022 12:40:52 PM Registry C:\Windows\system32\tasklist.exe BLUETEAM\ezk tasklist 1384 10676",benign
tasklist.exe,4132,RegOpenKey,HKCR\CLSID\{7C857801-7381-11CF-884D-00AA004B2E24}\TreatAs,NAME NOT FOUND,Desired Access: Query Value,4/14/2022 12:40:52 PM,Registry,C:\Windows\system32\tasklist.exe,BLUETEAM\ezk,tasklist,1384,10676,tasklist.exe 4132 RegOpenKey HKCR\CLSID\{7C857801-7381-11CF-884D-00AA004B2E24}\TreatAs NAME NOT FOUND Desired Access: Query Value 4/14/2022 12:40:52 PM Registry C:\Windows\system32\tasklist.exe BLUETEAM\ezk tasklist 1384 10676,benign
tasklist.exe,4132,RegQueryKey,HKCR\CLSID\{7C857801-7381-11CF-884D-00AA004B2E24},SUCCESS,Query: Name,4/14/2022 12:40:52 PM,Registry,C:\Windows\system32\tasklist.exe,BLUETEAM\ezk,tasklist,1384,10676,tasklist.exe 4132 RegQueryKey HKCR\CLSID\{7C857801-7381-11CF-884D-00AA004B2E24} SUCCESS Query: Name 4/14/2022 12:40:52 PM Registry C:\Windows\system32\tasklist.exe BLUETEAM\ezk tasklist 1384 10676,benign
tasklist.exe,4132,RegQueryValue,HKCR\CLSID\{7C857801-7381-11CF-884D-00AA004B2E24}\ActivateOnHostFlags,NAME NOT FOUND,Length: 16,4/14/2022 12:40:52 PM,Registry,C:\Windows\system32\tasklist.exe,BLUETEAM\ezk,tasklist,1384,10676,tasklist.exe 4132 RegQueryValue HKCR\CLSID\{7C857801-7381-11CF-884D-00AA004B2E24}\ActivateOnHostFlags NAME NOT FOUND Length: 16 4/14/2022 12:40:52 PM Registry C:\Windows\system32\tasklist.exe BLUETEAM\ezk tasklist 1384 10676,benign
tasklist.exe,4132,RegQueryValue,HKLM\SOFTWARE\Microsoft\Ole\MaximumAllowedAllocationSize,NAME NOT FOUND,Length: 16,4/14/2022 12:40:52 PM,Registry,C:\Windows\system32\tasklist.exe,BLUETEAM\ezk,tasklist,1384,10676,tasklist.exe 4132 RegQueryValue HKLM\SOFTWARE\Microsoft\Ole\MaximumAllowedAllocationSize NAME NOT FOUND Length: 16 4/14/2022 12:40:52 PM Registry C:\Windows\system32\tasklist.exe BLUETEAM\ezk tasklist 1384 10676,benign
tasklist.exe,4132,CreateFile,C:\Windows\System32\rpcss.dll,SUCCESS,"Desired Access: Read Attributes, Disposition: Open, Options: Open Reparse Point, Attributes: n/a, ShareMode: Read, Write, Delete, AllocationSize: n/a, OpenResult: Opened",4/14/2022 12:40:52 PM,File System,C:\Windows\system32\tasklist.exe,BLUETEAM\ezk,tasklist,1384,10676,"tasklist.exe 4132 CreateFile C:\Windows\System32\rpcss.dll SUCCESS Desired Access: Read Attributes, Disposition: Open, Options: Open Reparse Point, Attributes: n/a, ShareMode: Read, Write, Delete, AllocationSize: n/a, OpenResult: Opened 4/14/2022 12:40:52 PM File System C:\Windows\system32\tasklist.exe BLUETEAM\ezk tasklist 1384 10676",benign
tasklist.exe,4132,RegCloseKey,HKCR\CLSID\{8BC3F05E-D86B-11D0-A075-00C04FB68820},SUCCESS,,4/14/2022 12:40:52 PM,Registry,C:\Windows\system32\tasklist.exe,BLUETEAM\ezk,tasklist,1384,10676,tasklist.exe 4132 RegCloseKey HKCR\CLSID\{8BC3F05E-D86B-11D0-A075-00C04FB68820} SUCCESS None 4/14/2022 12:40:52 PM Registry C:\Windows\system32\tasklist.exe BLUETEAM\ezk tasklist 1384 10676,benign
tasklist.exe,4132,RegOpenKey,HKCR\CLSID\{8BC3F05E-D86B-11D0-A075-00C04FB68820}\InprocHandler,NAME NOT FOUND,Desired Access: Query Value,4/14/2022 12:40:52 PM,Registry,C:\Windows\system32\tasklist.exe,BLUETEAM\ezk,tasklist,1384,10676,tasklist.exe 4132 RegOpenKey HKCR\CLSID\{8BC3F05E-D86B-11D0-A075-00C04FB68820}\InprocHandler NAME NOT FOUND Desired Access: Query Value 4/14/2022 12:40:52 PM Registry C:\Windows\system32\tasklist.exe BLUETEAM\ezk tasklist 1384 10676,benign
tasklist.exe,4132,RegQueryValue,HKLM\System\CurrentControlSet\Services\Tcpip\Parameters\Hostname,SUCCESS,"Type: REG_SZ, Length: 32, Data: DESKTOP-BA1RQFC",4/14/2022 12:40:52 PM,Registry,C:\Windows\system32\tasklist.exe,BLUETEAM\ezk,tasklist,1384,10676,"tasklist.exe 4132 RegQueryValue HKLM\System\CurrentControlSet\Services\Tcpip\Parameters\Hostname SUCCESS Type: REG_SZ, Length: 32, Data: DESKTOP-BA1RQFC 4/14/2022 12:40:52 PM Registry C:\Windows\system32\tasklist.exe BLUETEAM\ezk tasklist 1384 10676",benign
tasklist.exe,4132,RegCloseKey,HKLM\System\CurrentControlSet\Services\Tcpip\Parameters,SUCCESS,,4/14/2022 12:40:52 PM,Registry,C:\Windows\system32\tasklist.exe,BLUETEAM\ezk,tasklist,1384,10676,tasklist.exe 4132 RegCloseKey HKLM\System\CurrentControlSet\Services\Tcpip\Parameters SUCCESS None 4/14/2022 12:40:52 PM Registry C:\Windows\system32\tasklist.exe BLUETEAM\ezk tasklist 1384 10676,benign
tasklist.exe,4132,RegOpenKey,HKLM\Software\Policies\Microsoft\System\DNSClient,NAME NOT FOUND,Desired Access: Read,4/14/2022 12:40:52 PM,Registry,C:\Windows\system32\tasklist.exe,BLUETEAM\ezk,tasklist,1384,10676,tasklist.exe 4132 RegOpenKey HKLM\Software\Policies\Microsoft\System\DNSClient NAME NOT FOUND Desired Access: Read 4/14/2022 12:40:52 PM Registry C:\Windows\system32\tasklist.exe BLUETEAM\ezk tasklist 1384 10676,benign
tasklist.exe,4132,RegOpenKey,HKLM\Software\Policies\Microsoft\System\DNSClient,NAME NOT FOUND,Desired Access: Read,4/14/2022 12:40:52 PM,Registry,C:\Windows\system32\tasklist.exe,BLUETEAM\ezk,tasklist,1384,10676,tasklist.exe 4132 RegOpenKey HKLM\Software\Policies\Microsoft\System\DNSClient NAME NOT FOUND Desired Access: Read 4/14/2022 12:40:52 PM Registry C:\Windows\system32\tasklist.exe BLUETEAM\ezk tasklist 1384 10676,benign
tasklist.exe,4132,RegOpenKey,HKLM\System\CurrentControlSet\Services\Tcpip\Parameters,REPARSE,Desired Access: Read,4/14/2022 12:40:52 PM,Registry,C:\Windows\system32\tasklist.exe,BLUETEAM\ezk,tasklist,1384,10676,tasklist.exe 4132 RegOpenKey HKLM\System\CurrentControlSet\Services\Tcpip\Parameters REPARSE Desired Access: Read 4/14/2022 12:40:52 PM Registry C:\Windows\system32\tasklist.exe BLUETEAM\ezk tasklist 1384 10676,benign
tasklist.exe,4132,RegOpenKey,HKLM\System\CurrentControlSet\Services\Tcpip\Parameters,SUCCESS,Desired Access: Read,4/14/2022 12:40:52 PM,Registry,C:\Windows\system32\tasklist.exe,BLUETEAM\ezk,tasklist,1384,10676,tasklist.exe 4132 RegOpenKey HKLM\System\CurrentControlSet\Services\Tcpip\Parameters SUCCESS Desired Access: Read 4/14/2022 12:40:52 PM Registry C:\Windows\system32\tasklist.exe BLUETEAM\ezk tasklist 1384 10676,benign
tasklist.exe,4132,RegQueryValue,HKLM\System\CurrentControlSet\Services\Tcpip\Parameters\Domain,SUCCESS,"Type: REG_SZ, Length: 26, Data: blueteam.com",4/14/2022 12:40:52 PM,Registry,C:\Windows\system32\tasklist.exe,BLUETEAM\ezk,tasklist,1384,10676,"tasklist.exe 4132 RegQueryValue HKLM\System\CurrentControlSet\Services\Tcpip\Parameters\Domain SUCCESS Type: REG_SZ, Length: 26, Data: blueteam.com 4/14/2022 12:40:52 PM Registry C:\Windows\system32\tasklist.exe BLUETEAM\ezk tasklist 1384 10676",benign
tasklist.exe,4132,RegCloseKey,HKLM\System\CurrentControlSet\Services\Tcpip\Parameters,SUCCESS,,4/14/2022 12:40:52 PM,Registry,C:\Windows\system32\tasklist.exe,BLUETEAM\ezk,tasklist,1384,10676,tasklist.exe 4132 RegCloseKey HKLM\System\CurrentControlSet\Services\Tcpip\Parameters SUCCESS None 4/14/2022 12:40:52 PM Registry C:\Windows\system32\tasklist.exe BLUETEAM\ezk tasklist 1384 10676,benign
tasklist.exe,4132,RegOpenKey,HKLM\System\CurrentControlSet\Services\Tcpip\Parameters,REPARSE,Desired Access: Read,4/14/2022 12:40:52 PM,Registry,C:\Windows\system32\tasklist.exe,BLUETEAM\ezk,tasklist,1384,10676,tasklist.exe 4132 RegOpenKey HKLM\System\CurrentControlSet\Services\Tcpip\Parameters REPARSE Desired Access: Read 4/14/2022 12:40:52 PM Registry C:\Windows\system32\tasklist.exe BLUETEAM\ezk tasklist 1384 10676,benign
tasklist.exe,4132,RegOpenKey,HKLM\System\CurrentControlSet\Services\Tcpip\Parameters,SUCCESS,Desired Access: Read,4/14/2022 12:40:52 PM,Registry,C:\Windows\system32\tasklist.exe,BLUETEAM\ezk,tasklist,1384,10676,tasklist.exe 4132 RegOpenKey HKLM\System\CurrentControlSet\Services\Tcpip\Parameters SUCCESS Desired Access: Read 4/14/2022 12:40:52 PM Registry C:\Windows\system32\tasklist.exe BLUETEAM\ezk tasklist 1384 10676,benign
tasklist.exe,4132,RegQueryValue,HKLM\System\CurrentControlSet\Services\Tcpip\Parameters\Hostname,SUCCESS,"Type: REG_SZ, Length: 32, Data: DESKTOP-BA1RQFC",4/14/2022 12:40:52 PM,Registry,C:\Windows\system32\tasklist.exe,BLUETEAM\ezk,tasklist,1384,10676,"tasklist.exe 4132 RegQueryValue HKLM\System\CurrentControlSet\Services\Tcpip\Parameters\Hostname SUCCESS Type: REG_SZ, Length: 32, Data: DESKTOP-BA1RQFC 4/14/2022 12:40:52 PM Registry C:\Windows\system32\tasklist.exe BLUETEAM\ezk tasklist 1384 10676",benign
tasklist.exe,4132,RegCloseKey,HKLM\System\CurrentControlSet\Services\Tcpip\Parameters,SUCCESS,,4/14/2022 12:40:52 PM,Registry,C:\Windows\system32\tasklist.exe,BLUETEAM\ezk,tasklist,1384,10676,tasklist.exe 4132 RegCloseKey HKLM\System\CurrentControlSet\Services\Tcpip\Parameters SUCCESS None 4/14/2022 12:40:52 PM Registry C:\Windows\system32\tasklist.exe BLUETEAM\ezk tasklist 1384 10676,benign
tasklist.exe,4132,RegOpenKey,HKLM\Software\Policies\Microsoft\System\DNSClient,NAME NOT FOUND,Desired Access: Read,4/14/2022 12:40:52 PM,Registry,C:\Windows\system32\tasklist.exe,BLUETEAM\ezk,tasklist,1384,10676,tasklist.exe 4132 RegOpenKey HKLM\Software\Policies\Microsoft\System\DNSClient NAME NOT FOUND Desired Access: Read 4/14/2022 12:40:52 PM Registry C:\Windows\system32\tasklist.exe BLUETEAM\ezk tasklist 1384 10676,benign
tasklist.exe,4132,RegOpenKey,HKLM\Software\Policies\Microsoft\System\DNSClient,NAME NOT FOUND,Desired Access: Read,4/14/2022 12:40:52 PM,Registry,C:\Windows\system32\tasklist.exe,BLUETEAM\ezk,tasklist,1384,10676,tasklist.exe 4132 RegOpenKey HKLM\Software\Policies\Microsoft\System\DNSClient NAME NOT FOUND Desired Access: Read 4/14/2022 12:40:52 PM Registry C:\Windows\system32\tasklist.exe BLUETEAM\ezk tasklist 1384 10676,benign
tasklist.exe,4132,RegOpenKey,HKLM\System\CurrentControlSet\Services\Tcpip\Parameters,REPARSE,Desired Access: Read,4/14/2022 12:40:52 PM,Registry,C:\Windows\system32\tasklist.exe,BLUETEAM\ezk,tasklist,1384,10676,tasklist.exe 4132 RegOpenKey HKLM\System\CurrentControlSet\Services\Tcpip\Parameters REPARSE Desired Access: Read 4/14/2022 12:40:52 PM Registry C:\Windows\system32\tasklist.exe BLUETEAM\ezk tasklist 1384 10676,benign
tasklist.exe,4132,RegOpenKey,HKLM\System\CurrentControlSet\Services\Tcpip\Parameters,SUCCESS,Desired Access: Read,4/14/2022 12:40:52 PM,Registry,C:\Windows\system32\tasklist.exe,BLUETEAM\ezk,tasklist,1384,10676,tasklist.exe 4132 RegOpenKey HKLM\System\CurrentControlSet\Services\Tcpip\Parameters SUCCESS Desired Access: Read 4/14/2022 12:40:52 PM Registry C:\Windows\system32\tasklist.exe BLUETEAM\ezk tasklist 1384 10676,benign
tasklist.exe,4132,RegQueryValue,HKLM\System\CurrentControlSet\Services\Tcpip\Parameters\Domain,SUCCESS,"Type: REG_SZ, Length: 26, Data: blueteam.com",4/14/2022 12:40:52 PM,Registry,C:\Windows\system32\tasklist.exe,BLUETEAM\ezk,tasklist,1384,10676,"tasklist.exe 4132 RegQueryValue HKLM\System\CurrentControlSet\Services\Tcpip\Parameters\Domain SUCCESS Type: REG_SZ, Length: 26, Data: blueteam.com 4/14/2022 12:40:52 PM Registry C:\Windows\system32\tasklist.exe BLUETEAM\ezk tasklist 1384 10676",benign
tasklist.exe,4132,RegQueryKey,HKCR\CLSID\{8BC3F05E-D86B-11D0-A075-00C04FB68820},SUCCESS,"Query: HandleTags, HandleTags: 0x0",4/14/2022 12:40:52 PM,Registry,C:\Windows\system32\tasklist.exe,BLUETEAM\ezk,tasklist,1384,10676,"tasklist.exe 4132 RegQueryKey HKCR\CLSID\{8BC3F05E-D86B-11D0-A075-00C04FB68820} SUCCESS Query: HandleTags, HandleTags: 0x0 4/14/2022 12:40:52 PM Registry C:\Windows\system32\tasklist.exe BLUETEAM\ezk tasklist 1384 10676",benign
tasklist.exe,4132,RegOpenKey,HKCR\CLSID\{8BC3F05E-D86B-11D0-A075-00C04FB68820}\InprocHandler32,NAME NOT FOUND,Desired Access: Query Value,4/14/2022 12:40:52 PM,Registry,C:\Windows\system32\tasklist.exe,BLUETEAM\ezk,tasklist,1384,10676,tasklist.exe 4132 RegOpenKey HKCR\CLSID\{8BC3F05E-D86B-11D0-A075-00C04FB68820}\InprocHandler32 NAME NOT FOUND Desired Access: Query Value 4/14/2022 12:40:52 PM Registry C:\Windows\system32\tasklist.exe BLUETEAM\ezk tasklist 1384 10676,benign
tasklist.exe,4132,RegQueryKey,HKCR\CLSID\{8BC3F05E-D86B-11D0-A075-00C04FB68820},SUCCESS,"Query: HandleTags, HandleTags: 0x0",4/14/2022 12:40:52 PM,Registry,C:\Windows\system32\tasklist.exe,BLUETEAM\ezk,tasklist,1384,10676,"tasklist.exe 4132 RegQueryKey HKCR\CLSID\{8BC3F05E-D86B-11D0-A075-00C04FB68820} SUCCESS Query: HandleTags, HandleTags: 0x0 4/14/2022 12:40:52 PM Registry C:\Windows\system32\tasklist.exe BLUETEAM\ezk tasklist 1384 10676",benign
tasklist.exe,4132,RegOpenKey,HKCR\CLSID\{8BC3F05E-D86B-11D0-A075-00C04FB68820}\InprocServer32,NAME NOT FOUND,Desired Access: Read,4/14/2022 12:40:52 PM,Registry,C:\Windows\system32\tasklist.exe,BLUETEAM\ezk,tasklist,1384,10676,tasklist.exe 4132 RegOpenKey HKCR\CLSID\{8BC3F05E-D86B-11D0-A075-00C04FB68820}\InprocServer32 NAME NOT FOUND Desired Access: Read 4/14/2022 12:40:52 PM Registry C:\Windows\system32\tasklist.exe BLUETEAM\ezk tasklist 1384 10676,benign
tasklist.exe,4132,RegQueryKey,HKCR\CLSID\{8BC3F05E-D86B-11D0-A075-00C04FB68820},SUCCESS,"Query: HandleTags, HandleTags: 0x0",4/14/2022 12:40:52 PM,Registry,C:\Windows\system32\tasklist.exe,BLUETEAM\ezk,tasklist,1384,10676,"tasklist.exe 4132 RegQueryKey HKCR\CLSID\{8BC3F05E-D86B-11D0-A075-00C04FB68820} SUCCESS Query: HandleTags, HandleTags: 0x0 4/14/2022 12:40:52 PM Registry C:\Windows\system32\tasklist.exe BLUETEAM\ezk tasklist 1384 10676",benign
tasklist.exe,4132,RegQueryValue,HKCR\CLSID\{8BC3F05E-D86B-11D0-A075-00C04FB68820}\(Default),SUCCESS,"Type: REG_SZ, Length: 78, Data: Windows Management and Instrumentation",4/14/2022 12:40:52 PM,Registry,C:\Windows\system32\tasklist.exe,BLUETEAM\ezk,tasklist,1384,10676,"tasklist.exe 4132 RegQueryValue HKCR\CLSID\{8BC3F05E-D86B-11D0-A075-00C04FB68820}\(Default) SUCCESS Type: REG_SZ, Length: 78, Data: Windows Management and Instrumentation 4/14/2022 12:40:52 PM Registry C:\Windows\system32\tasklist.exe BLUETEAM\ezk tasklist 1384 10676",benign
tasklist.exe,4132,RegQueryValue,HKCR\CLSID\{7C857801-7381-11CF-884D-00AA004B2E24}\(Default),BUFFER OVERFLOW,Length: 12,4/14/2022 12:40:52 PM,Registry,C:\Windows\system32\tasklist.exe,BLUETEAM\ezk,tasklist,1384,10676,tasklist.exe 4132 RegQueryValue HKCR\CLSID\{7C857801-7381-11CF-884D-00AA004B2E24}\(Default) BUFFER OVERFLOW Length: 12 4/14/2022 12:40:52 PM Registry C:\Windows\system32\tasklist.exe BLUETEAM\ezk tasklist 1384 10676,benign
tasklist.exe,4132,RegQueryValue,HKCR\CLSID\{8BC3F05E-D86B-11D0-A075-00C04FB68820}\(Default),BUFFER OVERFLOW,Length: 12,4/14/2022 12:40:52 PM,Registry,C:\Windows\system32\tasklist.exe,BLUETEAM\ezk,tasklist,1384,10676,tasklist.exe 4132 RegQueryValue HKCR\CLSID\{8BC3F05E-D86B-11D0-A075-00C04FB68820}\(Default) BUFFER OVERFLOW Length: 12 4/14/2022 12:40:52 PM Registry C:\Windows\system32\tasklist.exe BLUETEAM\ezk tasklist 1384 10676,benign
tasklist.exe,4132,RegQueryKey,HKCR\CLSID\{8BC3F05E-D86B-11D0-A075-00C04FB68820},SUCCESS,Query: Name,4/14/2022 12:40:52 PM,Registry,C:\Windows\system32\tasklist.exe,BLUETEAM\ezk,tasklist,1384,10676,tasklist.exe 4132 RegQueryKey HKCR\CLSID\{8BC3F05E-D86B-11D0-A075-00C04FB68820} SUCCESS Query: Name 4/14/2022 12:40:52 PM Registry C:\Windows\system32\tasklist.exe BLUETEAM\ezk tasklist 1384 10676,benign
tasklist.exe,4132,RegOpenKey,HKCR\CLSID\{8BC3F05E-D86B-11D0-A075-00C04FB68820}\TreatAs,NAME NOT FOUND,Desired Access: Query Value,4/14/2022 12:40:52 PM,Registry,C:\Windows\system32\tasklist.exe,BLUETEAM\ezk,tasklist,1384,10676,tasklist.exe 4132 RegOpenKey HKCR\CLSID\{8BC3F05E-D86B-11D0-A075-00C04FB68820}\TreatAs NAME NOT FOUND Desired Access: Query Value 4/14/2022 12:40:52 PM Registry C:\Windows\system32\tasklist.exe BLUETEAM\ezk tasklist 1384 10676,benign
tasklist.exe,4132,RegQueryKey,HKCR\CLSID\{8BC3F05E-D86B-11D0-A075-00C04FB68820},SUCCESS,"Query: HandleTags, HandleTags: 0x0",4/14/2022 12:40:52 PM,Registry,C:\Windows\system32\tasklist.exe,BLUETEAM\ezk,tasklist,1384,10676,"tasklist.exe 4132 RegQueryKey HKCR\CLSID\{8BC3F05E-D86B-11D0-A075-00C04FB68820} SUCCESS Query: HandleTags, HandleTags: 0x0 4/14/2022 12:40:52 PM Registry C:\Windows\system32\tasklist.exe BLUETEAM\ezk tasklist 1384 10676",benign
tasklist.exe,4132,RegOpenKey,HKCR\CLSID\{8BC3F05E-D86B-11D0-A075-00C04FB68820},SUCCESS,Desired Access: Read,4/14/2022 12:40:52 PM,Registry,C:\Windows\system32\tasklist.exe,BLUETEAM\ezk,tasklist,1384,10676,tasklist.exe 4132 RegOpenKey HKCR\CLSID\{8BC3F05E-D86B-11D0-A075-00C04FB68820} SUCCESS Desired Access: Read 4/14/2022 12:40:52 PM Registry C:\Windows\system32\tasklist.exe BLUETEAM\ezk tasklist 1384 10676,benign
tasklist.exe,4132,RegQueryKey,HKCR,SUCCESS,"Query: HandleTags, HandleTags: 0x0",4/14/2022 12:40:52 PM,Registry,C:\Windows\system32\tasklist.exe,BLUETEAM\ezk,tasklist,1384,10676,"tasklist.exe 4132 RegQueryKey HKCR SUCCESS Query: HandleTags, HandleTags: 0x0 4/14/2022 12:40:52 PM Registry C:\Windows\system32\tasklist.exe BLUETEAM\ezk tasklist 1384 10676",benign
tasklist.exe,4132,RegCloseKey,HKLM\System\CurrentControlSet\Services\Tcpip\Parameters,SUCCESS,,4/14/2022 12:40:52 PM,Registry,C:\Windows\system32\tasklist.exe,BLUETEAM\ezk,tasklist,1384,10676,tasklist.exe 4132 RegCloseKey HKLM\System\CurrentControlSet\Services\Tcpip\Parameters SUCCESS None 4/14/2022 12:40:52 PM Registry C:\Windows\system32\tasklist.exe BLUETEAM\ezk tasklist 1384 10676,benign
tasklist.exe,4132,RegQueryValue,HKCR\CLSID\{8BC3F05E-D86B-11D0-A075-00C04FB68820}\ActivateOnHostFlags,NAME NOT FOUND,Length: 16,4/14/2022 12:40:52 PM,Registry,C:\Windows\system32\tasklist.exe,BLUETEAM\ezk,tasklist,1384,10676,tasklist.exe 4132 RegQueryValue HKCR\CLSID\{8BC3F05E-D86B-11D0-A075-00C04FB68820}\ActivateOnHostFlags NAME NOT FOUND Length: 16 4/14/2022 12:40:52 PM Registry C:\Windows\system32\tasklist.exe BLUETEAM\ezk tasklist 1384 10676,benign
tasklist.exe,4132,RegQueryValue,HKCR\CLSID\{7C857801-7381-11CF-884D-00AA004B2E24}\(Default),SUCCESS,"Type: REG_SZ, Length: 32, Data: PSFactoryBuffer",4/14/2022 12:40:52 PM,Registry,C:\Windows\system32\tasklist.exe,BLUETEAM\ezk,tasklist,1384,10676,"tasklist.exe 4132 RegQueryValue HKCR\CLSID\{7C857801-7381-11CF-884D-00AA004B2E24}\(Default) SUCCESS Type: REG_SZ, Length: 32, Data: PSFactoryBuffer 4/14/2022 12:40:52 PM Registry C:\Windows\system32\tasklist.exe BLUETEAM\ezk tasklist 1384 10676",benign
tasklist.exe,4132,RegQueryKey,HKCR\CLSID\{7C857801-7381-11CF-884D-00AA004B2E24},SUCCESS,"Query: HandleTags, HandleTags: 0x0",4/14/2022 12:40:52 PM,Registry,C:\Windows\system32\tasklist.exe,BLUETEAM\ezk,tasklist,1384,10676,"tasklist.exe 4132 RegQueryKey HKCR\CLSID\{7C857801-7381-11CF-884D-00AA004B2E24} SUCCESS Query: HandleTags, HandleTags: 0x0 4/14/2022 12:40:52 PM Registry C:\Windows\system32\tasklist.exe BLUETEAM\ezk tasklist 1384 10676",benign
tasklist.exe,4132,RegOpenKey,HKCR\CLSID\{7C857801-7381-11CF-884D-00AA004B2E24}\InprocServer32,SUCCESS,Desired Access: Read,4/14/2022 12:40:52 PM,Registry,C:\Windows\system32\tasklist.exe,BLUETEAM\ezk,tasklist,1384,10676,tasklist.exe 4132 RegOpenKey HKCR\CLSID\{7C857801-7381-11CF-884D-00AA004B2E24}\InprocServer32 SUCCESS Desired Access: Read 4/14/2022 12:40:52 PM Registry C:\Windows\system32\tasklist.exe BLUETEAM\ezk tasklist 1384 10676,benign
tasklist.exe,4132,RegOpenKey,HKCR\CLSID\{7C857801-7381-11CF-884D-00AA004B2E24}\LocalServer,NAME NOT FOUND,Desired Access: Query Value,4/14/2022 12:40:52 PM,Registry,C:\Windows\system32\tasklist.exe,BLUETEAM\ezk,tasklist,1384,10676,tasklist.exe 4132 RegOpenKey HKCR\CLSID\{7C857801-7381-11CF-884D-00AA004B2E24}\LocalServer NAME NOT FOUND Desired Access: Query Value 4/14/2022 12:40:52 PM Registry C:\Windows\system32\tasklist.exe BLUETEAM\ezk tasklist 1384 10676,benign
tasklist.exe,4132,RegQueryKey,HKCR,SUCCESS,"Query: HandleTags, HandleTags: 0x0",4/14/2022 12:40:52 PM,Registry,C:\Windows\system32\tasklist.exe,BLUETEAM\ezk,tasklist,1384,10676,"tasklist.exe 4132 RegQueryKey HKCR SUCCESS Query: HandleTags, HandleTags: 0x0 4/14/2022 12:40:52 PM Registry C:\Windows\system32\tasklist.exe BLUETEAM\ezk tasklist 1384 10676",benign
tasklist.exe,4132,RegOpenKey,HKCR\CLSID\{7C857801-7381-11CF-884D-00AA004B2E24},SUCCESS,Desired Access: Read,4/14/2022 12:40:52 PM,Registry,C:\Windows\system32\tasklist.exe,BLUETEAM\ezk,tasklist,1384,10676,tasklist.exe 4132 RegOpenKey HKCR\CLSID\{7C857801-7381-11CF-884D-00AA004B2E24} SUCCESS Desired Access: Read 4/14/2022 12:40:52 PM Registry C:\Windows\system32\tasklist.exe BLUETEAM\ezk tasklist 1384 10676,benign
tasklist.exe,4132,RegQueryKey,HKCR\CLSID\{7C857801-7381-11CF-884D-00AA004B2E24},SUCCESS,"Query: HandleTags, HandleTags: 0x0",4/14/2022 12:40:52 PM,Registry,C:\Windows\system32\tasklist.exe,BLUETEAM\ezk,tasklist,1384,10676,"tasklist.exe 4132 RegQueryKey HKCR\CLSID\{7C857801-7381-11CF-884D-00AA004B2E24} SUCCESS Query: HandleTags, HandleTags: 0x0 4/14/2022 12:40:52 PM Registry C:\Windows\system32\tasklist.exe BLUETEAM\ezk tasklist 1384 10676",benign
tasklist.exe,4132,RegOpenKey,HKCR\CLSID\{7C857801-7381-11CF-884D-00AA004B2E24}\Elevation,NAME NOT FOUND,Desired Access: Read,4/14/2022 12:40:52 PM,Registry,C:\Windows\system32\tasklist.exe,BLUETEAM\ezk,tasklist,1384,10676,tasklist.exe 4132 RegOpenKey HKCR\CLSID\{7C857801-7381-11CF-884D-00AA004B2E24}\Elevation NAME NOT FOUND Desired Access: Read 4/14/2022 12:40:52 PM Registry C:\Windows\system32\tasklist.exe BLUETEAM\ezk tasklist 1384 10676,benign
tasklist.exe,4132,RegCloseKey,HKCR\CLSID\{7C857801-7381-11CF-884D-00AA004B2E24},SUCCESS,,4/14/2022 12:40:52 PM,Registry,C:\Windows\system32\tasklist.exe,BLUETEAM\ezk,tasklist,1384,10676,tasklist.exe 4132 RegCloseKey HKCR\CLSID\{7C857801-7381-11CF-884D-00AA004B2E24} SUCCESS None 4/14/2022 12:40:52 PM Registry C:\Windows\system32\tasklist.exe BLUETEAM\ezk tasklist 1384 10676,benign
tasklist.exe,4132,RegCloseKey,HKCR\CLSID\{7C857801-7381-11CF-884D-00AA004B2E24},SUCCESS,,4/14/2022 12:40:52 PM,Registry,C:\Windows\system32\tasklist.exe,BLUETEAM\ezk,tasklist,1384,10676,tasklist.exe 4132 RegCloseKey HKCR\CLSID\{7C857801-7381-11CF-884D-00AA004B2E24} SUCCESS None 4/14/2022 12:40:52 PM Registry C:\Windows\system32\tasklist.exe BLUETEAM\ezk tasklist 1384 10676,benign
tasklist.exe,4132,RegQueryKey,HKCR,SUCCESS,"Query: HandleTags, HandleTags: 0x0",4/14/2022 12:40:52 PM,Registry,C:\Windows\system32\tasklist.exe,BLUETEAM\ezk,tasklist,1384,10676,"tasklist.exe 4132 RegQueryKey HKCR SUCCESS Query: HandleTags, HandleTags: 0x0 4/14/2022 12:40:52 PM Registry C:\Windows\system32\tasklist.exe BLUETEAM\ezk tasklist 1384 10676",benign
tasklist.exe,4132,RegOpenKey,HKCR\CLSID\{7C857801-7381-11CF-884D-00AA004B2E24},SUCCESS,Desired Access: Read,4/14/2022 12:40:52 PM,Registry,C:\Windows\system32\tasklist.exe,BLUETEAM\ezk,tasklist,1384,10676,tasklist.exe 4132 RegOpenKey HKCR\CLSID\{7C857801-7381-11CF-884D-00AA004B2E24} SUCCESS Desired Access: Read 4/14/2022 12:40:52 PM Registry C:\Windows\system32\tasklist.exe BLUETEAM\ezk tasklist 1384 10676,benign
tasklist.exe,4132,RegQueryKey,HKCR\CLSID\{7C857801-7381-11CF-884D-00AA004B2E24},SUCCESS,"Query: HandleTags, HandleTags: 0x0",4/14/2022 12:40:52 PM,Registry,C:\Windows\system32\tasklist.exe,BLUETEAM\ezk,tasklist,1384,10676,"tasklist.exe 4132 RegQueryKey HKCR\CLSID\{7C857801-7381-11CF-884D-00AA004B2E24} SUCCESS Query: HandleTags, HandleTags: 0x0 4/14/2022 12:40:52 PM Registry C:\Windows\system32\tasklist.exe BLUETEAM\ezk tasklist 1384 10676",benign
tasklist.exe,4132,RegOpenKey,HKCR\CLSID\{7C857801-7381-11CF-884D-00AA004B2E24}\TreatAs,NAME NOT FOUND,Desired Access: Read,4/14/2022 12:40:52 PM,Registry,C:\Windows\system32\tasklist.exe,BLUETEAM\ezk,tasklist,1384,10676,tasklist.exe 4132 RegOpenKey HKCR\CLSID\{7C857801-7381-11CF-884D-00AA004B2E24}\TreatAs NAME NOT FOUND Desired Access: Read 4/14/2022 12:40:52 PM Registry C:\Windows\system32\tasklist.exe BLUETEAM\ezk tasklist 1384 10676,benign
tasklist.exe,4132,RegCloseKey,HKCR\CLSID\{7C857801-7381-11CF-884D-00AA004B2E24},SUCCESS,,4/14/2022 12:40:52 PM,Registry,C:\Windows\system32\tasklist.exe,BLUETEAM\ezk,tasklist,1384,10676,tasklist.exe 4132 RegCloseKey HKCR\CLSID\{7C857801-7381-11CF-884D-00AA004B2E24} SUCCESS None 4/14/2022 12:40:52 PM Registry C:\Windows\system32\tasklist.exe BLUETEAM\ezk tasklist 1384 10676,benign
tasklist.exe,4132,CreateFile,C:\Windows\System32\wbem\wbemsvc.dll,SUCCESS,"Desired Access: Read Attributes, Disposition: Open, Options: Open Reparse Point, Attributes: n/a, ShareMode: Read, Write, Delete, AllocationSize: n/a, OpenResult: Opened",4/14/2022 12:40:52 PM,File System,C:\Windows\system32\tasklist.exe,BLUETEAM\ezk,tasklist,1384,10676,"tasklist.exe 4132 CreateFile C:\Windows\System32\wbem\wbemsvc.dll SUCCESS Desired Access: Read Attributes, Disposition: Open, Options: Open Reparse Point, Attributes: n/a, ShareMode: Read, Write, Delete, AllocationSize: n/a, OpenResult: Opened 4/14/2022 12:40:52 PM File System C:\Windows\system32\tasklist.exe BLUETEAM\ezk tasklist 1384 10676",benign
tasklist.exe,4132,QueryBasicInformationFile,C:\Windows\System32\wbem\wbemsvc.dll,SUCCESS,"CreationTime: 9/22/2021 5:21:21 PM, LastAccessTime: 4/14/2022 12:39:00 PM, LastWriteTime: 9/22/2021 5:21:21 PM, ChangeTime: 10/15/2021 2:25:23 PM, FileAttributes: A",4/14/2022 12:40:52 PM,File System,C:\Windows\system32\tasklist.exe,BLUETEAM\ezk,tasklist,1384,10676,"tasklist.exe 4132 QueryBasicInformationFile C:\Windows\System32\wbem\wbemsvc.dll SUCCESS CreationTime: 9/22/2021 5:21:21 PM, LastAccessTime: 4/14/2022 12:39:00 PM, LastWriteTime: 9/22/2021 5:21:21 PM, ChangeTime: 10/15/2021 2:25:23 PM, FileAttributes: A 4/14/2022 12:40:52 PM File System C:\Windows\system32\tasklist.exe BLUETEAM\ezk tasklist 1384 10676",benign
tasklist.exe,4132,CloseFile,C:\Windows\System32\wbem\wbemsvc.dll,SUCCESS,,4/14/2022 12:40:52 PM,File System,C:\Windows\system32\tasklist.exe,BLUETEAM\ezk,tasklist,1384,10676,tasklist.exe 4132 CloseFile C:\Windows\System32\wbem\wbemsvc.dll SUCCESS None 4/14/2022 12:40:52 PM File System C:\Windows\system32\tasklist.exe BLUETEAM\ezk tasklist 1384 10676,benign
tasklist.exe,4132,CreateFile,C:\Windows\System32\wbem\wbemsvc.dll,SUCCESS,"Desired Access: Read Data/List Directory, Execute/Traverse, Synchronize, Disposition: Open, Options: Synchronous IO Non-Alert, Non-Directory File, Attributes: n/a, ShareMode: Read, Delete, AllocationSize: n/a, OpenResult: Opened",4/14/2022 12:40:52 PM,File System,C:\Windows\system32\tasklist.exe,BLUETEAM\ezk,tasklist,1384,10676,"tasklist.exe 4132 CreateFile C:\Windows\System32\wbem\wbemsvc.dll SUCCESS Desired Access: Read Data/List Directory, Execute/Traverse, Synchronize, Disposition: Open, Options: Synchronous IO Non-Alert, Non-Directory File, Attributes: n/a, ShareMode: Read, Delete, AllocationSize: n/a, OpenResult: Opened 4/14/2022 12:40:52 PM File System C:\Windows\system32\tasklist.exe BLUETEAM\ezk tasklist 1384 10676",benign
tasklist.exe,4132,CloseFile,C:\Windows\System32\wbem\wbemsvc.dll,SUCCESS,,4/14/2022 12:40:52 PM,File System,C:\Windows\system32\tasklist.exe,BLUETEAM\ezk,tasklist,1384,10676,tasklist.exe 4132 CloseFile C:\Windows\System32\wbem\wbemsvc.dll SUCCESS None 4/14/2022 12:40:52 PM File System C:\Windows\system32\tasklist.exe BLUETEAM\ezk tasklist 1384 10676,benign
tasklist.exe,4132,RegCloseKey,HKCR\Interface\{9F6C78EF-FCE5-42FA-ABEA-3E7DF91921DC},SUCCESS,,4/14/2022 12:40:52 PM,Registry,C:\Windows\system32\tasklist.exe,BLUETEAM\ezk,tasklist,1384,10676,tasklist.exe 4132 RegCloseKey HKCR\Interface\{9F6C78EF-FCE5-42FA-ABEA-3E7DF91921DC} SUCCESS None 4/14/2022 12:40:52 PM Registry C:\Windows\system32\tasklist.exe BLUETEAM\ezk tasklist 1384 10676,benign
tasklist.exe,4132,RegCloseKey,HKCR\Interface\{9F6C78EF-FCE5-42FA-ABEA-3E7DF91921DC}\ProxyStubClsid32,SUCCESS,,4/14/2022 12:40:52 PM,Registry,C:\Windows\system32\tasklist.exe,BLUETEAM\ezk,tasklist,1384,10676,tasklist.exe 4132 RegCloseKey HKCR\Interface\{9F6C78EF-FCE5-42FA-ABEA-3E7DF91921DC}\ProxyStubClsid32 SUCCESS None 4/14/2022 12:40:52 PM Registry C:\Windows\system32\tasklist.exe BLUETEAM\ezk tasklist 1384 10676,benign
tasklist.exe,4132,RegQueryValue,HKCR\Interface\{9F6C78EF-FCE5-42FA-ABEA-3E7DF91921DC}\ProxyStubClsid32\(Default),SUCCESS,"Type: REG_SZ, Length: 78, Data: {7C857801-7381-11CF-884D-00AA004B2E24}",4/14/2022 12:40:52 PM,Registry,C:\Windows\system32\tasklist.exe,BLUETEAM\ezk,tasklist,1384,10676,"tasklist.exe 4132 RegQueryValue HKCR\Interface\{9F6C78EF-FCE5-42FA-ABEA-3E7DF91921DC}\ProxyStubClsid32\(Default) SUCCESS Type: REG_SZ, Length: 78, Data: {7C857801-7381-11CF-884D-00AA004B2E24} 4/14/2022 12:40:52 PM Registry C:\Windows\system32\tasklist.exe BLUETEAM\ezk tasklist 1384 10676",benign
tasklist.exe,4132,RegOpenKey,HKCR\Interface\{9F6C78EF-FCE5-42FA-ABEA-3E7DF91921DC}\ProxyStubClsid32,SUCCESS,Desired Access: Read,4/14/2022 12:40:52 PM,Registry,C:\Windows\system32\tasklist.exe,BLUETEAM\ezk,tasklist,1384,10676,tasklist.exe 4132 RegOpenKey HKCR\Interface\{9F6C78EF-FCE5-42FA-ABEA-3E7DF91921DC}\ProxyStubClsid32 SUCCESS Desired Access: Read 4/14/2022 12:40:52 PM Registry C:\Windows\system32\tasklist.exe BLUETEAM\ezk tasklist 1384 10676,benign
tasklist.exe,4132,RegQueryKey,HKCR\Interface\{9F6C78EF-FCE5-42FA-ABEA-3E7DF91921DC},SUCCESS,"Query: HandleTags, HandleTags: 0x0",4/14/2022 12:40:52 PM,Registry,C:\Windows\system32\tasklist.exe,BLUETEAM\ezk,tasklist,1384,10676,"tasklist.exe 4132 RegQueryKey HKCR\Interface\{9F6C78EF-FCE5-42FA-ABEA-3E7DF91921DC} SUCCESS Query: HandleTags, HandleTags: 0x0 4/14/2022 12:40:52 PM Registry C:\Windows\system32\tasklist.exe BLUETEAM\ezk tasklist 1384 10676",benign
tasklist.exe,4132,RegOpenKey,HKCR\Interface\{9F6C78EF-FCE5-42FA-ABEA-3E7DF91921DC},SUCCESS,Desired Access: Read,4/14/2022 12:40:52 PM,Registry,C:\Windows\system32\tasklist.exe,BLUETEAM\ezk,tasklist,1384,10676,tasklist.exe 4132 RegOpenKey HKCR\Interface\{9F6C78EF-FCE5-42FA-ABEA-3E7DF91921DC} SUCCESS Desired Access: Read 4/14/2022 12:40:52 PM Registry C:\Windows\system32\tasklist.exe BLUETEAM\ezk tasklist 1384 10676,benign
tasklist.exe,4132,RegQueryKey,HKCR\CLSID\{7C857801-7381-11CF-884D-00AA004B2E24},SUCCESS,"Query: HandleTags, HandleTags: 0x0",4/14/2022 12:40:52 PM,Registry,C:\Windows\system32\tasklist.exe,BLUETEAM\ezk,tasklist,1384,10676,"tasklist.exe 4132 RegQueryKey HKCR\CLSID\{7C857801-7381-11CF-884D-00AA004B2E24} SUCCESS Query: HandleTags, HandleTags: 0x0 4/14/2022 12:40:52 PM Registry C:\Windows\system32\tasklist.exe BLUETEAM\ezk tasklist 1384 10676",benign
tasklist.exe,4132,RegQueryKey,HKCR,SUCCESS,"Query: HandleTags, HandleTags: 0x0",4/14/2022 12:40:52 PM,Registry,C:\Windows\system32\tasklist.exe,BLUETEAM\ezk,tasklist,1384,10676,"tasklist.exe 4132 RegQueryKey HKCR SUCCESS Query: HandleTags, HandleTags: 0x0 4/14/2022 12:40:52 PM Registry C:\Windows\system32\tasklist.exe BLUETEAM\ezk tasklist 1384 10676",benign
tasklist.exe,4132,RegCloseKey,HKCR\Interface\{D4781CD6-E5D3-44DF-AD94-930EFE48A887}\ProxyStubClsid32,SUCCESS,,4/14/2022 12:40:52 PM,Registry,C:\Windows\system32\tasklist.exe,BLUETEAM\ezk,tasklist,1384,10676,tasklist.exe 4132 RegCloseKey HKCR\Interface\{D4781CD6-E5D3-44DF-AD94-930EFE48A887}\ProxyStubClsid32 SUCCESS None 4/14/2022 12:40:52 PM Registry C:\Windows\system32\tasklist.exe BLUETEAM\ezk tasklist 1384 10676,benign
tasklist.exe,4132,CreateFile,C:\Windows\Temp,SUCCESS,"Desired Access: Read Attributes, Disposition: Open, Options: Open Reparse Point, Attributes: n/a, ShareMode: Read, Write, Delete, AllocationSize: n/a, OpenResult: Opened",4/14/2022 12:40:52 PM,File System,C:\Windows\system32\tasklist.exe,BLUETEAM\ezk,tasklist,1384,10676,"tasklist.exe 4132 CreateFile C:\Windows\Temp SUCCESS Desired Access: Read Attributes, Disposition: Open, Options: Open Reparse Point, Attributes: n/a, ShareMode: Read, Write, Delete, AllocationSize: n/a, OpenResult: Opened 4/14/2022 12:40:52 PM File System C:\Windows\system32\tasklist.exe BLUETEAM\ezk tasklist 1384 10676",benign
tasklist.exe,4132,RegOpenKey,HKCR\Interface\{D4781CD6-E5D3-44DF-AD94-930EFE48A887}\ProxyStubClsid32,SUCCESS,Desired Access: Read,4/14/2022 12:40:52 PM,Registry,C:\Windows\system32\tasklist.exe,BLUETEAM\ezk,tasklist,1384,10676,tasklist.exe 4132 RegOpenKey HKCR\Interface\{D4781CD6-E5D3-44DF-AD94-930EFE48A887}\ProxyStubClsid32 SUCCESS Desired Access: Read 4/14/2022 12:40:52 PM Registry C:\Windows\system32\tasklist.exe BLUETEAM\ezk tasklist 1384 10676,benign
tasklist.exe,4132,RegQueryKey,HKCR\Interface\{D4781CD6-E5D3-44DF-AD94-930EFE48A887},SUCCESS,"Query: HandleTags, HandleTags: 0x0",4/14/2022 12:40:52 PM,Registry,C:\Windows\system32\tasklist.exe,BLUETEAM\ezk,tasklist,1384,10676,"tasklist.exe 4132 RegQueryKey HKCR\Interface\{D4781CD6-E5D3-44DF-AD94-930EFE48A887} SUCCESS Query: HandleTags, HandleTags: 0x0 4/14/2022 12:40:52 PM Registry C:\Windows\system32\tasklist.exe BLUETEAM\ezk tasklist 1384 10676",benign
tasklist.exe,4132,RegOpenKey,HKCR\Interface\{D4781CD6-E5D3-44DF-AD94-930EFE48A887},SUCCESS,Desired Access: Read,4/14/2022 12:40:52 PM,Registry,C:\Windows\system32\tasklist.exe,BLUETEAM\ezk,tasklist,1384,10676,tasklist.exe 4132 RegOpenKey HKCR\Interface\{D4781CD6-E5D3-44DF-AD94-930EFE48A887} SUCCESS Desired Access: Read 4/14/2022 12:40:52 PM Registry C:\Windows\system32\tasklist.exe BLUETEAM\ezk tasklist 1384 10676,benign
tasklist.exe,4132,RegQueryKey,HKCR,SUCCESS,"Query: HandleTags, HandleTags: 0x0",4/14/2022 12:40:52 PM,Registry,C:\Windows\system32\tasklist.exe,BLUETEAM\ezk,tasklist,1384,10676,"tasklist.exe 4132 RegQueryKey HKCR SUCCESS Query: HandleTags, HandleTags: 0x0 4/14/2022 12:40:52 PM Registry C:\Windows\system32\tasklist.exe BLUETEAM\ezk tasklist 1384 10676",benign
tasklist.exe,4132,RegCloseKey,HKCR\Interface\{D4781CD6-E5D3-44DF-AD94-930EFE48A887},SUCCESS,,4/14/2022 12:40:52 PM,Registry,C:\Windows\system32\tasklist.exe,BLUETEAM\ezk,tasklist,1384,10676,tasklist.exe 4132 RegCloseKey HKCR\Interface\{D4781CD6-E5D3-44DF-AD94-930EFE48A887} SUCCESS None 4/14/2022 12:40:52 PM Registry C:\Windows\system32\tasklist.exe BLUETEAM\ezk tasklist 1384 10676,benign
tasklist.exe,4132,RegOpenKey,HKLM\System\CurrentControlSet\Services\Tcpip\Parameters,SUCCESS,Desired Access: Read,4/14/2022 12:40:52 PM,Registry,C:\Windows\system32\tasklist.exe,BLUETEAM\ezk,tasklist,1384,10676,tasklist.exe 4132 RegOpenKey HKLM\System\CurrentControlSet\Services\Tcpip\Parameters SUCCESS Desired Access: Read 4/14/2022 12:40:52 PM Registry C:\Windows\system32\tasklist.exe BLUETEAM\ezk tasklist 1384 10676,benign
tasklist.exe,4132,RegQueryValue,HKCR\CLSID\{7C857801-7381-11CF-884D-00AA004B2E24}\AppID,NAME NOT FOUND,Length: 112,4/14/2022 12:40:52 PM,Registry,C:\Windows\system32\tasklist.exe,BLUETEAM\ezk,tasklist,1384,10676,tasklist.exe 4132 RegQueryValue HKCR\CLSID\{7C857801-7381-11CF-884D-00AA004B2E24}\AppID NAME NOT FOUND Length: 112 4/14/2022 12:40:52 PM Registry C:\Windows\system32\tasklist.exe BLUETEAM\ezk tasklist 1384 10676,benign
tasklist.exe,4132,RegQueryKey,HKCR\CLSID\{7C857801-7381-11CF-884D-00AA004B2E24},SUCCESS,"Query: HandleTags, HandleTags: 0x0",4/14/2022 12:40:52 PM,Registry,C:\Windows\system32\tasklist.exe,BLUETEAM\ezk,tasklist,1384,10676,"tasklist.exe 4132 RegQueryKey HKCR\CLSID\{7C857801-7381-11CF-884D-00AA004B2E24} SUCCESS Query: HandleTags, HandleTags: 0x0 4/14/2022 12:40:52 PM Registry C:\Windows\system32\tasklist.exe BLUETEAM\ezk tasklist 1384 10676",benign
tasklist.exe,4132,RegQueryValue,HKCR\CLSID\{7C857801-7381-11CF-884D-00AA004B2E24}\InProcServer32\InprocServer32,NAME NOT FOUND,Length: 12,4/14/2022 12:40:52 PM,Registry,C:\Windows\system32\tasklist.exe,BLUETEAM\ezk,tasklist,1384,10676,tasklist.exe 4132 RegQueryValue HKCR\CLSID\{7C857801-7381-11CF-884D-00AA004B2E24}\InProcServer32\InprocServer32 NAME NOT FOUND Length: 12 4/14/2022 12:40:52 PM Registry C:\Windows\system32\tasklist.exe BLUETEAM\ezk tasklist 1384 10676,benign
tasklist.exe,4132,RegQueryValue,HKCR\CLSID\{7C857801-7381-11CF-884D-00AA004B2E24}\InProcServer32\(Default),BUFFER OVERFLOW,Length: 12,4/14/2022 12:40:52 PM,Registry,C:\Windows\system32\tasklist.exe,BLUETEAM\ezk,tasklist,1384,10676,tasklist.exe 4132 RegQueryValue HKCR\CLSID\{7C857801-7381-11CF-884D-00AA004B2E24}\InProcServer32\(Default) BUFFER OVERFLOW Length: 12 4/14/2022 12:40:52 PM Registry C:\Windows\system32\tasklist.exe BLUETEAM\ezk tasklist 1384 10676,benign
tasklist.exe,4132,RegQueryValue,HKCR\CLSID\{7C857801-7381-11CF-884D-00AA004B2E24}\InProcServer32\(Default),SUCCESS,"Type: REG_EXPAND_SZ, Length: 78, Data: %systemroot%\system32\wbem\wbemsvc.dll",4/14/2022 12:40:52 PM,Registry,C:\Windows\system32\tasklist.exe,BLUETEAM\ezk,tasklist,1384,10676,"tasklist.exe 4132 RegQueryValue HKCR\CLSID\{7C857801-7381-11CF-884D-00AA004B2E24}\InProcServer32\(Default) SUCCESS Type: REG_EXPAND_SZ, Length: 78, Data: %systemroot%\system32\wbem\wbemsvc.dll 4/14/2022 12:40:52 PM Registry C:\Windows\system32\tasklist.exe BLUETEAM\ezk tasklist 1384 10676",benign
tasklist.exe,4132,RegQueryValue,HKCR\CLSID\{7C857801-7381-11CF-884D-00AA004B2E24}\InProcServer32\(Default),SUCCESS,"Type: REG_EXPAND_SZ, Length: 78, Data: %systemroot%\system32\wbem\wbemsvc.dll",4/14/2022 12:40:52 PM,Registry,C:\Windows\system32\tasklist.exe,BLUETEAM\ezk,tasklist,1384,10676,"tasklist.exe 4132 RegQueryValue HKCR\CLSID\{7C857801-7381-11CF-884D-00AA004B2E24}\InProcServer32\(Default) SUCCESS Type: REG_EXPAND_SZ, Length: 78, Data: %systemroot%\system32\wbem\wbemsvc.dll 4/14/2022 12:40:52 PM Registry C:\Windows\system32\tasklist.exe BLUETEAM\ezk tasklist 1384 10676",benign
tasklist.exe,4132,RegQueryValue,HKCR\CLSID\{7C857801-7381-11CF-884D-00AA004B2E24}\InProcServer32\ThreadingModel,SUCCESS,"Type: REG_SZ, Length: 10, Data: Both",4/14/2022 12:40:52 PM,Registry,C:\Windows\system32\tasklist.exe,BLUETEAM\ezk,tasklist,1384,10676,"tasklist.exe 4132 RegQueryValue HKCR\CLSID\{7C857801-7381-11CF-884D-00AA004B2E24}\InProcServer32\ThreadingModel SUCCESS Type: REG_SZ, Length: 10, Data: Both 4/14/2022 12:40:52 PM Registry C:\Windows\system32\tasklist.exe BLUETEAM\ezk tasklist 1384 10676",benign
tasklist.exe,4132,RegCloseKey,HKCR\CLSID\{7C857801-7381-11CF-884D-00AA004B2E24}\InProcServer32,SUCCESS,,4/14/2022 12:40:52 PM,Registry,C:\Windows\system32\tasklist.exe,BLUETEAM\ezk,tasklist,1384,10676,tasklist.exe 4132 RegCloseKey HKCR\CLSID\{7C857801-7381-11CF-884D-00AA004B2E24}\InProcServer32 SUCCESS None 4/14/2022 12:40:52 PM Registry C:\Windows\system32\tasklist.exe BLUETEAM\ezk tasklist 1384 10676,benign
tasklist.exe,4132,RegQueryKey,HKCR\CLSID\{7C857801-7381-11CF-884D-00AA004B2E24},SUCCESS,"Query: HandleTags, HandleTags: 0x0",4/14/2022 12:40:52 PM,Registry,C:\Windows\system32\tasklist.exe,BLUETEAM\ezk,tasklist,1384,10676,"tasklist.exe 4132 RegQueryKey HKCR\CLSID\{7C857801-7381-11CF-884D-00AA004B2E24} SUCCESS Query: HandleTags, HandleTags: 0x0 4/14/2022 12:40:52 PM Registry C:\Windows\system32\tasklist.exe BLUETEAM\ezk tasklist 1384 10676",benign
tasklist.exe,4132,RegOpenKey,HKCR\CLSID\{7C857801-7381-11CF-884D-00AA004B2E24}\InprocHandler32,NAME NOT FOUND,Desired Access: Query Value,4/14/2022 12:40:52 PM,Registry,C:\Windows\system32\tasklist.exe,BLUETEAM\ezk,tasklist,1384,10676,tasklist.exe 4132 RegOpenKey HKCR\CLSID\{7C857801-7381-11CF-884D-00AA004B2E24}\InprocHandler32 NAME NOT FOUND Desired Access: Query Value 4/14/2022 12:40:52 PM Registry C:\Windows\system32\tasklist.exe BLUETEAM\ezk tasklist 1384 10676,benign
tasklist.exe,4132,RegQueryKey,HKCR\CLSID\{7C857801-7381-11CF-884D-00AA004B2E24},SUCCESS,"Query: HandleTags, HandleTags: 0x0",4/14/2022 12:40:52 PM,Registry,C:\Windows\system32\tasklist.exe,BLUETEAM\ezk,tasklist,1384,10676,"tasklist.exe 4132 RegQueryKey HKCR\CLSID\{7C857801-7381-11CF-884D-00AA004B2E24} SUCCESS Query: HandleTags, HandleTags: 0x0 4/14/2022 12:40:52 PM Registry C:\Windows\system32\tasklist.exe BLUETEAM\ezk tasklist 1384 10676",benign
tasklist.exe,4132,RegOpenKey,HKCR\CLSID\{7C857801-7381-11CF-884D-00AA004B2E24}\InprocHandler,NAME NOT FOUND,Desired Access: Query Value,4/14/2022 12:40:52 PM,Registry,C:\Windows\system32\tasklist.exe,BLUETEAM\ezk,tasklist,1384,10676,tasklist.exe 4132 RegOpenKey HKCR\CLSID\{7C857801-7381-11CF-884D-00AA004B2E24}\InprocHandler NAME NOT FOUND Desired Access: Query Value 4/14/2022 12:40:52 PM Registry C:\Windows\system32\tasklist.exe BLUETEAM\ezk tasklist 1384 10676,benign
tasklist.exe,4132,RegCloseKey,HKCR\CLSID\{7C857801-7381-11CF-884D-00AA004B2E24},SUCCESS,,4/14/2022 12:40:52 PM,Registry,C:\Windows\system32\tasklist.exe,BLUETEAM\ezk,tasklist,1384,10676,tasklist.exe 4132 RegCloseKey HKCR\CLSID\{7C857801-7381-11CF-884D-00AA004B2E24} SUCCESS None 4/14/2022 12:40:52 PM Registry C:\Windows\system32\tasklist.exe BLUETEAM\ezk tasklist 1384 10676,benign
tasklist.exe,4132,RegQueryKey,HKCR,SUCCESS,"Query: HandleTags, HandleTags: 0x0",4/14/2022 12:40:52 PM,Registry,C:\Windows\system32\tasklist.exe,BLUETEAM\ezk,tasklist,1384,10676,"tasklist.exe 4132 RegQueryKey HKCR SUCCESS Query: HandleTags, HandleTags: 0x0 4/14/2022 12:40:52 PM Registry C:\Windows\system32\tasklist.exe BLUETEAM\ezk tasklist 1384 10676",benign
tasklist.exe,4132,RegOpenKey,HKCR\CLSID\{7C857801-7381-11CF-884D-00AA004B2E24},SUCCESS,Desired Access: Read,4/14/2022 12:40:52 PM,Registry,C:\Windows\system32\tasklist.exe,BLUETEAM\ezk,tasklist,1384,10676,tasklist.exe 4132 RegOpenKey HKCR\CLSID\{7C857801-7381-11CF-884D-00AA004B2E24} SUCCESS Desired Access: Read 4/14/2022 12:40:52 PM Registry C:\Windows\system32\tasklist.exe BLUETEAM\ezk tasklist 1384 10676,benign
tasklist.exe,4132,RegQueryKey,HKCR\CLSID\{7C857801-7381-11CF-884D-00AA004B2E24},SUCCESS,"Query: HandleTags, HandleTags: 0x0",4/14/2022 12:40:52 PM,Registry,C:\Windows\system32\tasklist.exe,BLUETEAM\ezk,tasklist,1384,10676,"tasklist.exe 4132 RegQueryKey HKCR\CLSID\{7C857801-7381-11CF-884D-00AA004B2E24} SUCCESS Query: HandleTags, HandleTags: 0x0 4/14/2022 12:40:52 PM Registry C:\Windows\system32\tasklist.exe BLUETEAM\ezk tasklist 1384 10676",benign
tasklist.exe,4132,RegOpenKey,HKCR\CLSID\{7C857801-7381-11CF-884D-00AA004B2E24}\TreatAs,NAME NOT FOUND,Desired Access: Query Value,4/14/2022 12:40:52 PM,Registry,C:\Windows\system32\tasklist.exe,BLUETEAM\ezk,tasklist,1384,10676,tasklist.exe 4132 RegOpenKey HKCR\CLSID\{7C857801-7381-11CF-884D-00AA004B2E24}\TreatAs NAME NOT FOUND Desired Access: Query Value 4/14/2022 12:40:52 PM Registry C:\Windows\system32\tasklist.exe BLUETEAM\ezk tasklist 1384 10676,benign
tasklist.exe,4132,RegQueryKey,HKCR\CLSID\{7C857801-7381-11CF-884D-00AA004B2E24},SUCCESS,Query: Name,4/14/2022 12:40:52 PM,Registry,C:\Windows\system32\tasklist.exe,BLUETEAM\ezk,tasklist,1384,10676,tasklist.exe 4132 RegQueryKey HKCR\CLSID\{7C857801-7381-11CF-884D-00AA004B2E24} SUCCESS Query: Name 4/14/2022 12:40:52 PM Registry C:\Windows\system32\tasklist.exe BLUETEAM\ezk tasklist 1384 10676,benign
tasklist.exe,4132,RegQueryValue,HKCR\CLSID\{7C857801-7381-11CF-884D-00AA004B2E24}\ActivateOnHostFlags,NAME NOT FOUND,Length: 16,4/14/2022 12:40:52 PM,Registry,C:\Windows\system32\tasklist.exe,BLUETEAM\ezk,tasklist,1384,10676,tasklist.exe 4132 RegQueryValue HKCR\CLSID\{7C857801-7381-11CF-884D-00AA004B2E24}\ActivateOnHostFlags NAME NOT FOUND Length: 16 4/14/2022 12:40:52 PM Registry C:\Windows\system32\tasklist.exe BLUETEAM\ezk tasklist 1384 10676,benign
tasklist.exe,4132,RegOpenKey,HKCR\CLSID\{7C857801-7381-11CF-884D-00AA004B2E24}\InprocHandler,NAME NOT FOUND,Desired Access: Query Value,4/14/2022 12:40:52 PM,Registry,C:\Windows\system32\tasklist.exe,BLUETEAM\ezk,tasklist,1384,10676,tasklist.exe 4132 RegOpenKey HKCR\CLSID\{7C857801-7381-11CF-884D-00AA004B2E24}\InprocHandler NAME NOT FOUND Desired Access: Query Value 4/14/2022 12:40:52 PM Registry C:\Windows\system32\tasklist.exe BLUETEAM\ezk tasklist 1384 10676,benign
tasklist.exe,4132,RegQueryKey,HKCR\CLSID\{7C857801-7381-11CF-884D-00AA004B2E24},SUCCESS,"Query: HandleTags, HandleTags: 0x0",4/14/2022 12:40:52 PM,Registry,C:\Windows\system32\tasklist.exe,BLUETEAM\ezk,tasklist,1384,10676,"tasklist.exe 4132 RegQueryKey HKCR\CLSID\{7C857801-7381-11CF-884D-00AA004B2E24} SUCCESS Query: HandleTags, HandleTags: 0x0 4/14/2022 12:40:52 PM Registry C:\Windows\system32\tasklist.exe BLUETEAM\ezk tasklist 1384 10676",benign
tasklist.exe,4132,RegOpenKey,HKCR\CLSID\{7C857801-7381-11CF-884D-00AA004B2E24}\InprocHandler32,NAME NOT FOUND,Desired Access: Query Value,4/14/2022 12:40:52 PM,Registry,C:\Windows\system32\tasklist.exe,BLUETEAM\ezk,tasklist,1384,10676,tasklist.exe 4132 RegOpenKey HKCR\CLSID\{7C857801-7381-11CF-884D-00AA004B2E24}\InprocHandler32 NAME NOT FOUND Desired Access: Query Value 4/14/2022 12:40:52 PM Registry C:\Windows\system32\tasklist.exe BLUETEAM\ezk tasklist 1384 10676,benign
tasklist.exe,4132,RegQueryKey,HKCR\CLSID\{7C857801-7381-11CF-884D-00AA004B2E24},SUCCESS,"Query: HandleTags, HandleTags: 0x0",4/14/2022 12:40:52 PM,Registry,C:\Windows\system32\tasklist.exe,BLUETEAM\ezk,tasklist,1384,10676,"tasklist.exe 4132 RegQueryKey HKCR\CLSID\{7C857801-7381-11CF-884D-00AA004B2E24} SUCCESS Query: HandleTags, HandleTags: 0x0 4/14/2022 12:40:52 PM Registry C:\Windows\system32\tasklist.exe BLUETEAM\ezk tasklist 1384 10676",benign
tasklist.exe,4132,RegCloseKey,HKCR\CLSID\{7C857801-7381-11CF-884D-00AA004B2E24}\InProcServer32,SUCCESS,,4/14/2022 12:40:52 PM,Registry,C:\Windows\system32\tasklist.exe,BLUETEAM\ezk,tasklist,1384,10676,tasklist.exe 4132 RegCloseKey HKCR\CLSID\{7C857801-7381-11CF-884D-00AA004B2E24}\InProcServer32 SUCCESS None 4/14/2022 12:40:52 PM Registry C:\Windows\system32\tasklist.exe BLUETEAM\ezk tasklist 1384 10676,benign
tasklist.exe,4132,RegQueryValue,HKCR\CLSID\{7C857801-7381-11CF-884D-00AA004B2E24}\InProcServer32\ThreadingModel,SUCCESS,"Type: REG_SZ, Length: 10, Data: Both",4/14/2022 12:40:52 PM,Registry,C:\Windows\system32\tasklist.exe,BLUETEAM\ezk,tasklist,1384,10676,"tasklist.exe 4132 RegQueryValue HKCR\CLSID\{7C857801-7381-11CF-884D-00AA004B2E24}\InProcServer32\ThreadingModel SUCCESS Type: REG_SZ, Length: 10, Data: Both 4/14/2022 12:40:52 PM Registry C:\Windows\system32\tasklist.exe BLUETEAM\ezk tasklist 1384 10676",benign
tasklist.exe,4132,RegOpenKey,HKCR\CLSID\{7C857801-7381-11CF-884D-00AA004B2E24}\LocalServer32,NAME NOT FOUND,Desired Access: Read,4/14/2022 12:40:52 PM,Registry,C:\Windows\system32\tasklist.exe,BLUETEAM\ezk,tasklist,1384,10676,tasklist.exe 4132 RegOpenKey HKCR\CLSID\{7C857801-7381-11CF-884D-00AA004B2E24}\LocalServer32 NAME NOT FOUND Desired Access: Read 4/14/2022 12:40:52 PM Registry C:\Windows\system32\tasklist.exe BLUETEAM\ezk tasklist 1384 10676,benign
tasklist.exe,4132,RegQueryValue,HKCR\CLSID\{7C857801-7381-11CF-884D-00AA004B2E24}\InProcServer32\(Default),SUCCESS,"Type: REG_EXPAND_SZ, Length: 78, Data: %systemroot%\system32\wbem\wbemsvc.dll",4/14/2022 12:40:52 PM,Registry,C:\Windows\system32\tasklist.exe,BLUETEAM\ezk,tasklist,1384,10676,"tasklist.exe 4132 RegQueryValue HKCR\CLSID\{7C857801-7381-11CF-884D-00AA004B2E24}\InProcServer32\(Default) SUCCESS Type: REG_EXPAND_SZ, Length: 78, Data: %systemroot%\system32\wbem\wbemsvc.dll 4/14/2022 12:40:52 PM Registry C:\Windows\system32\tasklist.exe BLUETEAM\ezk tasklist 1384 10676",benign
tasklist.exe,4132,RegQueryValue,HKCR\CLSID\{7C857801-7381-11CF-884D-00AA004B2E24}\InProcServer32\(Default),BUFFER OVERFLOW,Length: 12,4/14/2022 12:40:52 PM,Registry,C:\Windows\system32\tasklist.exe,BLUETEAM\ezk,tasklist,1384,10676,tasklist.exe 4132 RegQueryValue HKCR\CLSID\{7C857801-7381-11CF-884D-00AA004B2E24}\InProcServer32\(Default) BUFFER OVERFLOW Length: 12 4/14/2022 12:40:52 PM Registry C:\Windows\system32\tasklist.exe BLUETEAM\ezk tasklist 1384 10676,benign
tasklist.exe,4132,RegQueryValue,HKCR\CLSID\{7C857801-7381-11CF-884D-00AA004B2E24}\InProcServer32\InprocServer32,NAME NOT FOUND,Length: 12,4/14/2022 12:40:52 PM,Registry,C:\Windows\system32\tasklist.exe,BLUETEAM\ezk,tasklist,1384,10676,tasklist.exe 4132 RegQueryValue HKCR\CLSID\{7C857801-7381-11CF-884D-00AA004B2E24}\InProcServer32\InprocServer32 NAME NOT FOUND Length: 12 4/14/2022 12:40:52 PM Registry C:\Windows\system32\tasklist.exe BLUETEAM\ezk tasklist 1384 10676,benign
tasklist.exe,4132,RegOpenKey,HKCR\CLSID\{7C857801-7381-11CF-884D-00AA004B2E24}\InprocServer32,SUCCESS,Desired Access: Read,4/14/2022 12:40:52 PM,Registry,C:\Windows\system32\tasklist.exe,BLUETEAM\ezk,tasklist,1384,10676,tasklist.exe 4132 RegOpenKey HKCR\CLSID\{7C857801-7381-11CF-884D-00AA004B2E24}\InprocServer32 SUCCESS Desired Access: Read 4/14/2022 12:40:52 PM Registry C:\Windows\system32\tasklist.exe BLUETEAM\ezk tasklist 1384 10676,benign
tasklist.exe,4132,RegQueryKey,HKCR\CLSID\{7C857801-7381-11CF-884D-00AA004B2E24},SUCCESS,"Query: HandleTags, HandleTags: 0x0",4/14/2022 12:40:52 PM,Registry,C:\Windows\system32\tasklist.exe,BLUETEAM\ezk,tasklist,1384,10676,"tasklist.exe 4132 RegQueryKey HKCR\CLSID\{7C857801-7381-11CF-884D-00AA004B2E24} SUCCESS Query: HandleTags, HandleTags: 0x0 4/14/2022 12:40:52 PM Registry C:\Windows\system32\tasklist.exe BLUETEAM\ezk tasklist 1384 10676",benign
tasklist.exe,4132,RegQueryValue,HKCR\CLSID\{7C857801-7381-11CF-884D-00AA004B2E24}\(Default),SUCCESS,"Type: REG_SZ, Length: 32, Data: PSFactoryBuffer",4/14/2022 12:40:52 PM,Registry,C:\Windows\system32\tasklist.exe,BLUETEAM\ezk,tasklist,1384,10676,"tasklist.exe 4132 RegQueryValue HKCR\CLSID\{7C857801-7381-11CF-884D-00AA004B2E24}\(Default) SUCCESS Type: REG_SZ, Length: 32, Data: PSFactoryBuffer 4/14/2022 12:40:52 PM Registry C:\Windows\system32\tasklist.exe BLUETEAM\ezk tasklist 1384 10676",benign
tasklist.exe,4132,RegQueryValue,HKCR\CLSID\{7C857801-7381-11CF-884D-00AA004B2E24}\(Default),BUFFER OVERFLOW,Length: 12,4/14/2022 12:40:52 PM,Registry,C:\Windows\system32\tasklist.exe,BLUETEAM\ezk,tasklist,1384,10676,tasklist.exe 4132 RegQueryValue HKCR\CLSID\{7C857801-7381-11CF-884D-00AA004B2E24}\(Default) BUFFER OVERFLOW Length: 12 4/14/2022 12:40:52 PM Registry C:\Windows\system32\tasklist.exe BLUETEAM\ezk tasklist 1384 10676,benign
tasklist.exe,4132,RegQueryValue,HKCR\CLSID\{7C857801-7381-11CF-884D-00AA004B2E24}\InProcServer32\(Default),SUCCESS,"Type: REG_EXPAND_SZ, Length: 78, Data: %systemroot%\system32\wbem\wbemsvc.dll",4/14/2022 12:40:52 PM,Registry,C:\Windows\system32\tasklist.exe,BLUETEAM\ezk,tasklist,1384,10676,"tasklist.exe 4132 RegQueryValue HKCR\CLSID\{7C857801-7381-11CF-884D-00AA004B2E24}\InProcServer32\(Default) SUCCESS Type: REG_EXPAND_SZ, Length: 78, Data: %systemroot%\system32\wbem\wbemsvc.dll 4/14/2022 12:40:52 PM Registry C:\Windows\system32\tasklist.exe BLUETEAM\ezk tasklist 1384 10676",benign
tasklist.exe,4132,QueryBasicInformationFile,C:\Windows\Temp,SUCCESS,"CreationTime: 12/7/2019 5:14:52 PM, LastAccessTime: 4/14/2022 12:28:24 PM, LastWriteTime: 4/14/2022 12:28:24 PM, ChangeTime: 4/14/2022 12:28:24 PM, FileAttributes: D",4/14/2022 12:40:52 PM,File System,C:\Windows\system32\tasklist.exe,BLUETEAM\ezk,tasklist,1384,10676,"tasklist.exe 4132 QueryBasicInformationFile C:\Windows\Temp SUCCESS CreationTime: 12/7/2019 5:14:52 PM, LastAccessTime: 4/14/2022 12:28:24 PM, LastWriteTime: 4/14/2022 12:28:24 PM, ChangeTime: 4/14/2022 12:28:24 PM, FileAttributes: D 4/14/2022 12:40:52 PM File System C:\Windows\system32\tasklist.exe BLUETEAM\ezk tasklist 1384 10676",benign
tasklist.exe,4132,RegCloseKey,HKLM\SOFTWARE\Microsoft\Windows\CurrentVersion,SUCCESS,,4/14/2022 12:40:52 PM,Registry,C:\Windows\system32\tasklist.exe,BLUETEAM\ezk,tasklist,1384,10676,tasklist.exe 4132 RegCloseKey HKLM\SOFTWARE\Microsoft\Windows\CurrentVersion SUCCESS None 4/14/2022 12:40:52 PM Registry C:\Windows\system32\tasklist.exe BLUETEAM\ezk tasklist 1384 10676,benign
tasklist.exe,4132,RegCloseKey,HKLM\System\CurrentControlSet\Control\Session Manager\Environment,SUCCESS,,4/14/2022 12:40:52 PM,Registry,C:\Windows\system32\tasklist.exe,BLUETEAM\ezk,tasklist,1384,10676,tasklist.exe 4132 RegCloseKey HKLM\System\CurrentControlSet\Control\Session Manager\Environment SUCCESS None 4/14/2022 12:40:52 PM Registry C:\Windows\system32\tasklist.exe BLUETEAM\ezk tasklist 1384 10676,benign
tasklist.exe,4132,RegOpenKey,HKCR\Interface\{1C1C45EE-4395-11D2-B60B-00104B703EFD},SUCCESS,Desired Access: Read,4/14/2022 12:40:52 PM,Registry,C:\Windows\system32\tasklist.exe,BLUETEAM\ezk,tasklist,1384,10676,tasklist.exe 4132 RegOpenKey HKCR\Interface\{1C1C45EE-4395-11D2-B60B-00104B703EFD} SUCCESS Desired Access: Read 4/14/2022 12:40:52 PM Registry C:\Windows\system32\tasklist.exe BLUETEAM\ezk tasklist 1384 10676,benign
tasklist.exe,4132,RegQueryKey,HKCR\Interface\{1C1C45EE-4395-11D2-B60B-00104B703EFD},SUCCESS,"Query: HandleTags, HandleTags: 0x0",4/14/2022 12:40:52 PM,Registry,C:\Windows\system32\tasklist.exe,BLUETEAM\ezk,tasklist,1384,10676,"tasklist.exe 4132 RegQueryKey HKCR\Interface\{1C1C45EE-4395-11D2-B60B-00104B703EFD} SUCCESS Query: HandleTags, HandleTags: 0x0 4/14/2022 12:40:52 PM Registry C:\Windows\system32\tasklist.exe BLUETEAM\ezk tasklist 1384 10676",benign
tasklist.exe,4132,RegOpenKey,HKCR\Interface\{1C1C45EE-4395-11D2-B60B-00104B703EFD}\ProxyStubClsid32,SUCCESS,Desired Access: Read,4/14/2022 12:40:52 PM,Registry,C:\Windows\system32\tasklist.exe,BLUETEAM\ezk,tasklist,1384,10676,tasklist.exe 4132 RegOpenKey HKCR\Interface\{1C1C45EE-4395-11D2-B60B-00104B703EFD}\ProxyStubClsid32 SUCCESS Desired Access: Read 4/14/2022 12:40:52 PM Registry C:\Windows\system32\tasklist.exe BLUETEAM\ezk tasklist 1384 10676,benign
tasklist.exe,4132,RegQueryValue,HKCR\Interface\{1C1C45EE-4395-11D2-B60B-00104B703EFD}\ProxyStubClsid32\(Default),SUCCESS,"Type: REG_SZ, Length: 78, Data: {7C857801-7381-11CF-884D-00AA004B2E24}",4/14/2022 12:40:52 PM,Registry,C:\Windows\system32\tasklist.exe,BLUETEAM\ezk,tasklist,1384,10676,"tasklist.exe 4132 RegQueryValue HKCR\Interface\{1C1C45EE-4395-11D2-B60B-00104B703EFD}\ProxyStubClsid32\(Default) SUCCESS Type: REG_SZ, Length: 78, Data: {7C857801-7381-11CF-884D-00AA004B2E24} 4/14/2022 12:40:52 PM Registry C:\Windows\system32\tasklist.exe BLUETEAM\ezk tasklist 1384 10676",benign
tasklist.exe,4132,RegCloseKey,HKCR\Interface\{1C1C45EE-4395-11D2-B60B-00104B703EFD}\ProxyStubClsid32,SUCCESS,,4/14/2022 12:40:52 PM,Registry,C:\Windows\system32\tasklist.exe,BLUETEAM\ezk,tasklist,1384,10676,tasklist.exe 4132 RegCloseKey HKCR\Interface\{1C1C45EE-4395-11D2-B60B-00104B703EFD}\ProxyStubClsid32 SUCCESS None 4/14/2022 12:40:52 PM Registry C:\Windows\system32\tasklist.exe BLUETEAM\ezk tasklist 1384 10676,benign
tasklist.exe,4132,RegCloseKey,HKCR\Interface\{1C1C45EE-4395-11D2-B60B-00104B703EFD},SUCCESS,,4/14/2022 12:40:52 PM,Registry,C:\Windows\system32\tasklist.exe,BLUETEAM\ezk,tasklist,1384,10676,tasklist.exe 4132 RegCloseKey HKCR\Interface\{1C1C45EE-4395-11D2-B60B-00104B703EFD} SUCCESS None 4/14/2022 12:40:52 PM Registry C:\Windows\system32\tasklist.exe BLUETEAM\ezk tasklist 1384 10676,benign
tasklist.exe,4132,RegQueryKey,HKCR,SUCCESS,"Query: HandleTags, HandleTags: 0x0",4/14/2022 12:40:52 PM,Registry,C:\Windows\system32\tasklist.exe,BLUETEAM\ezk,tasklist,1384,10676,"tasklist.exe 4132 RegQueryKey HKCR SUCCESS Query: HandleTags, HandleTags: 0x0 4/14/2022 12:40:52 PM Registry C:\Windows\system32\tasklist.exe BLUETEAM\ezk tasklist 1384 10676",benign
tasklist.exe,4132,RegOpenKey,HKCR\Interface\{423EC01E-2E35-11D2-B604-00104B703EFD},SUCCESS,Desired Access: Read,4/14/2022 12:40:52 PM,Registry,C:\Windows\system32\tasklist.exe,BLUETEAM\ezk,tasklist,1384,10676,tasklist.exe 4132 RegOpenKey HKCR\Interface\{423EC01E-2E35-11D2-B604-00104B703EFD} SUCCESS Desired Access: Read 4/14/2022 12:40:52 PM Registry C:\Windows\system32\tasklist.exe BLUETEAM\ezk tasklist 1384 10676,benign
tasklist.exe,4132,RegQueryKey,HKCR\Interface\{423EC01E-2E35-11D2-B604-00104B703EFD},SUCCESS,"Query: HandleTags, HandleTags: 0x0",4/14/2022 12:40:52 PM,Registry,C:\Windows\system32\tasklist.exe,BLUETEAM\ezk,tasklist,1384,10676,"tasklist.exe 4132 RegQueryKey HKCR\Interface\{423EC01E-2E35-11D2-B604-00104B703EFD} SUCCESS Query: HandleTags, HandleTags: 0x0 4/14/2022 12:40:52 PM Registry C:\Windows\system32\tasklist.exe BLUETEAM\ezk tasklist 1384 10676",benign
tasklist.exe,4132,RegOpenKey,HKCR\Interface\{423EC01E-2E35-11D2-B604-00104B703EFD}\ProxyStubClsid32,SUCCESS,Desired Access: Read,4/14/2022 12:40:52 PM,Registry,C:\Windows\system32\tasklist.exe,BLUETEAM\ezk,tasklist,1384,10676,tasklist.exe 4132 RegOpenKey HKCR\Interface\{423EC01E-2E35-11D2-B604-00104B703EFD}\ProxyStubClsid32 SUCCESS Desired Access: Read 4/14/2022 12:40:52 PM Registry C:\Windows\system32\tasklist.exe BLUETEAM\ezk tasklist 1384 10676,benign
tasklist.exe,4132,RegQueryValue,HKCR\Interface\{423EC01E-2E35-11D2-B604-00104B703EFD}\ProxyStubClsid32\(Default),SUCCESS,"Type: REG_SZ, Length: 78, Data: {7C857801-7381-11CF-884D-00AA004B2E24}",4/14/2022 12:40:52 PM,Registry,C:\Windows\system32\tasklist.exe,BLUETEAM\ezk,tasklist,1384,10676,"tasklist.exe 4132 RegQueryValue HKCR\Interface\{423EC01E-2E35-11D2-B604-00104B703EFD}\ProxyStubClsid32\(Default) SUCCESS Type: REG_SZ, Length: 78, Data: {7C857801-7381-11CF-884D-00AA004B2E24} 4/14/2022 12:40:52 PM Registry C:\Windows\system32\tasklist.exe BLUETEAM\ezk tasklist 1384 10676",benign
tasklist.exe,4132,RegCloseKey,HKCR\Interface\{423EC01E-2E35-11D2-B604-00104B703EFD}\ProxyStubClsid32,SUCCESS,,4/14/2022 12:40:52 PM,Registry,C:\Windows\system32\tasklist.exe,BLUETEAM\ezk,tasklist,1384,10676,tasklist.exe 4132 RegCloseKey HKCR\Interface\{423EC01E-2E35-11D2-B604-00104B703EFD}\ProxyStubClsid32 SUCCESS None 4/14/2022 12:40:52 PM Registry C:\Windows\system32\tasklist.exe BLUETEAM\ezk tasklist 1384 10676,benign
tasklist.exe,4132,RegCloseKey,HKCR\Interface\{423EC01E-2E35-11D2-B604-00104B703EFD},SUCCESS,,4/14/2022 12:40:52 PM,Registry,C:\Windows\system32\tasklist.exe,BLUETEAM\ezk,tasklist,1384,10676,tasklist.exe 4132 RegCloseKey HKCR\Interface\{423EC01E-2E35-11D2-B604-00104B703EFD} SUCCESS None 4/14/2022 12:40:52 PM Registry C:\Windows\system32\tasklist.exe BLUETEAM\ezk tasklist 1384 10676,benign
tasklist.exe,4132,RegQueryKey,HKCR,SUCCESS,"Query: HandleTags, HandleTags: 0x0",4/14/2022 12:40:52 PM,Registry,C:\Windows\system32\tasklist.exe,BLUETEAM\ezk,tasklist,1384,10676,"tasklist.exe 4132 RegQueryKey HKCR SUCCESS Query: HandleTags, HandleTags: 0x0 4/14/2022 12:40:52 PM Registry C:\Windows\system32\tasklist.exe BLUETEAM\ezk tasklist 1384 10676",benign
tasklist.exe,4132,RegQueryKey,HKCR,SUCCESS,"Query: HandleTags, HandleTags: 0x0",4/14/2022 12:40:52 PM,Registry,C:\Windows\system32\tasklist.exe,BLUETEAM\ezk,tasklist,1384,10676,"tasklist.exe 4132 RegQueryKey HKCR SUCCESS Query: HandleTags, HandleTags: 0x0 4/14/2022 12:40:52 PM Registry C:\Windows\system32\tasklist.exe BLUETEAM\ezk tasklist 1384 10676",benign
tasklist.exe,4132,RegOpenKey,HKCR\CLSID\{EB87E1BD-3233-11D2-AEC9-00C04FB68820},SUCCESS,Desired Access: Read,4/14/2022 12:40:52 PM,Registry,C:\Windows\system32\tasklist.exe,BLUETEAM\ezk,tasklist,1384,10676,tasklist.exe 4132 RegOpenKey HKCR\CLSID\{EB87E1BD-3233-11D2-AEC9-00C04FB68820} SUCCESS Desired Access: Read 4/14/2022 12:40:52 PM Registry C:\Windows\system32\tasklist.exe BLUETEAM\ezk tasklist 1384 10676,benign
tasklist.exe,4132,RegOpenKey,HKCR\CLSID\{EB87E1BD-3233-11D2-AEC9-00C04FB68820}\TreatAs,NAME NOT FOUND,Desired Access: Query Value,4/14/2022 12:40:52 PM,Registry,C:\Windows\system32\tasklist.exe,BLUETEAM\ezk,tasklist,1384,10676,tasklist.exe 4132 RegOpenKey HKCR\CLSID\{EB87E1BD-3233-11D2-AEC9-00C04FB68820}\TreatAs NAME NOT FOUND Desired Access: Query Value 4/14/2022 12:40:52 PM Registry C:\Windows\system32\tasklist.exe BLUETEAM\ezk tasklist 1384 10676,benign
tasklist.exe,4132,RegQueryKey,HKCR\CLSID\{EB87E1BD-3233-11D2-AEC9-00C04FB68820},SUCCESS,Query: Name,4/14/2022 12:40:52 PM,Registry,C:\Windows\system32\tasklist.exe,BLUETEAM\ezk,tasklist,1384,10676,tasklist.exe 4132 RegQueryKey HKCR\CLSID\{EB87E1BD-3233-11D2-AEC9-00C04FB68820} SUCCESS Query: Name 4/14/2022 12:40:52 PM Registry C:\Windows\system32\tasklist.exe BLUETEAM\ezk tasklist 1384 10676,benign
tasklist.exe,4132,RegQueryValue,HKCR\CLSID\{EB87E1BD-3233-11D2-AEC9-00C04FB68820}\ActivateOnHostFlags,NAME NOT FOUND,Length: 16,4/14/2022 12:40:52 PM,Registry,C:\Windows\system32\tasklist.exe,BLUETEAM\ezk,tasklist,1384,10676,tasklist.exe 4132 RegQueryValue HKCR\CLSID\{EB87E1BD-3233-11D2-AEC9-00C04FB68820}\ActivateOnHostFlags NAME NOT FOUND Length: 16 4/14/2022 12:40:52 PM Registry C:\Windows\system32\tasklist.exe BLUETEAM\ezk tasklist 1384 10676,benign
tasklist.exe,4132,RegQueryValue,HKCR\CLSID\{EB87E1BD-3233-11D2-AEC9-00C04FB68820}\(Default),BUFFER OVERFLOW,Length: 12,4/14/2022 12:40:52 PM,Registry,C:\Windows\system32\tasklist.exe,BLUETEAM\ezk,tasklist,1384,10676,tasklist.exe 4132 RegQueryValue HKCR\CLSID\{EB87E1BD-3233-11D2-AEC9-00C04FB68820}\(Default) BUFFER OVERFLOW Length: 12 4/14/2022 12:40:52 PM Registry C:\Windows\system32\tasklist.exe BLUETEAM\ezk tasklist 1384 10676,benign
tasklist.exe,4132,RegQueryValue,HKCR\CLSID\{EB87E1BD-3233-11D2-AEC9-00C04FB68820}\(Default),SUCCESS,"Type: REG_SZ, Length: 30, Data: WbemStatusCode",4/14/2022 12:40:52 PM,Registry,C:\Windows\system32\tasklist.exe,BLUETEAM\ezk,tasklist,1384,10676,"tasklist.exe 4132 RegQueryValue HKCR\CLSID\{EB87E1BD-3233-11D2-AEC9-00C04FB68820}\(Default) SUCCESS Type: REG_SZ, Length: 30, Data: WbemStatusCode 4/14/2022 12:40:52 PM Registry C:\Windows\system32\tasklist.exe BLUETEAM\ezk tasklist 1384 10676",benign
tasklist.exe,4132,RegQueryKey,HKCR\CLSID\{EB87E1BD-3233-11D2-AEC9-00C04FB68820},SUCCESS,"Query: HandleTags, HandleTags: 0x0",4/14/2022 12:40:52 PM,Registry,C:\Windows\system32\tasklist.exe,BLUETEAM\ezk,tasklist,1384,10676,"tasklist.exe 4132 RegQueryKey HKCR\CLSID\{EB87E1BD-3233-11D2-AEC9-00C04FB68820} SUCCESS Query: HandleTags, HandleTags: 0x0 4/14/2022 12:40:52 PM Registry C:\Windows\system32\tasklist.exe BLUETEAM\ezk tasklist 1384 10676",benign
tasklist.exe,4132,RegOpenKey,HKCR\CLSID\{EB87E1BD-3233-11D2-AEC9-00C04FB68820}\InprocServer32,SUCCESS,Desired Access: Read,4/14/2022 12:40:52 PM,Registry,C:\Windows\system32\tasklist.exe,BLUETEAM\ezk,tasklist,1384,10676,tasklist.exe 4132 RegOpenKey HKCR\CLSID\{EB87E1BD-3233-11D2-AEC9-00C04FB68820}\InprocServer32 SUCCESS Desired Access: Read 4/14/2022 12:40:52 PM Registry C:\Windows\system32\tasklist.exe BLUETEAM\ezk tasklist 1384 10676,benign
tasklist.exe,4132,RegQueryValue,HKCR\CLSID\{EB87E1BD-3233-11D2-AEC9-00C04FB68820}\InprocServer32\InprocServer32,NAME NOT FOUND,Length: 12,4/14/2022 12:40:52 PM,Registry,C:\Windows\system32\tasklist.exe,BLUETEAM\ezk,tasklist,1384,10676,tasklist.exe 4132 RegQueryValue HKCR\CLSID\{EB87E1BD-3233-11D2-AEC9-00C04FB68820}\InprocServer32\InprocServer32 NAME NOT FOUND Length: 12 4/14/2022 12:40:52 PM Registry C:\Windows\system32\tasklist.exe BLUETEAM\ezk tasklist 1384 10676,benign
tasklist.exe,4132,RegQueryValue,HKCR\CLSID\{EB87E1BD-3233-11D2-AEC9-00C04FB68820}\InprocServer32\(Default),BUFFER OVERFLOW,Length: 12,4/14/2022 12:40:52 PM,Registry,C:\Windows\system32\tasklist.exe,BLUETEAM\ezk,tasklist,1384,10676,tasklist.exe 4132 RegQueryValue HKCR\CLSID\{EB87E1BD-3233-11D2-AEC9-00C04FB68820}\InprocServer32\(Default) BUFFER OVERFLOW Length: 12 4/14/2022 12:40:52 PM Registry C:\Windows\system32\tasklist.exe BLUETEAM\ezk tasklist 1384 10676,benign
tasklist.exe,4132,RegQueryValue,HKCR\CLSID\{EB87E1BD-3233-11D2-AEC9-00C04FB68820}\InprocServer32\(Default),SUCCESS,"Type: REG_EXPAND_SZ, Length: 80, Data: %systemroot%\system32\wbem\wmiutils.dll",4/14/2022 12:40:52 PM,Registry,C:\Windows\system32\tasklist.exe,BLUETEAM\ezk,tasklist,1384,10676,"tasklist.exe 4132 RegQueryValue HKCR\CLSID\{EB87E1BD-3233-11D2-AEC9-00C04FB68820}\InprocServer32\(Default) SUCCESS Type: REG_EXPAND_SZ, Length: 80, Data: %systemroot%\system32\wbem\wmiutils.dll 4/14/2022 12:40:52 PM Registry C:\Windows\system32\tasklist.exe BLUETEAM\ezk tasklist 1384 10676",benign
tasklist.exe,4132,RegQueryValue,HKCR\CLSID\{EB87E1BD-3233-11D2-AEC9-00C04FB68820}\InprocServer32\(Default),SUCCESS,"Type: REG_EXPAND_SZ, Length: 80, Data: %systemroot%\system32\wbem\wmiutils.dll",4/14/2022 12:40:52 PM,Registry,C:\Windows\system32\tasklist.exe,BLUETEAM\ezk,tasklist,1384,10676,"tasklist.exe 4132 RegQueryValue HKCR\CLSID\{EB87E1BD-3233-11D2-AEC9-00C04FB68820}\InprocServer32\(Default) SUCCESS Type: REG_EXPAND_SZ, Length: 80, Data: %systemroot%\system32\wbem\wmiutils.dll 4/14/2022 12:40:52 PM Registry C:\Windows\system32\tasklist.exe BLUETEAM\ezk tasklist 1384 10676",benign
tasklist.exe,4132,RegQueryValue,HKCR\CLSID\{EB87E1BD-3233-11D2-AEC9-00C04FB68820}\InprocServer32\ThreadingModel,SUCCESS,"Type: REG_SZ, Length: 10, Data: Both",4/14/2022 12:40:52 PM,Registry,C:\Windows\system32\tasklist.exe,BLUETEAM\ezk,tasklist,1384,10676,"tasklist.exe 4132 RegQueryValue HKCR\CLSID\{EB87E1BD-3233-11D2-AEC9-00C04FB68820}\InprocServer32\ThreadingModel SUCCESS Type: REG_SZ, Length: 10, Data: Both 4/14/2022 12:40:52 PM Registry C:\Windows\system32\tasklist.exe BLUETEAM\ezk tasklist 1384 10676",benign
tasklist.exe,4132,RegCloseKey,HKCR\CLSID\{EB87E1BD-3233-11D2-AEC9-00C04FB68820}\InprocServer32,SUCCESS,,4/14/2022 12:40:52 PM,Registry,C:\Windows\system32\tasklist.exe,BLUETEAM\ezk,tasklist,1384,10676,tasklist.exe 4132 RegCloseKey HKCR\CLSID\{EB87E1BD-3233-11D2-AEC9-00C04FB68820}\InprocServer32 SUCCESS None 4/14/2022 12:40:52 PM Registry C:\Windows\system32\tasklist.exe BLUETEAM\ezk tasklist 1384 10676,benign
tasklist.exe,4132,RegQueryKey,HKCR\CLSID\{EB87E1BD-3233-11D2-AEC9-00C04FB68820},SUCCESS,"Query: HandleTags, HandleTags: 0x0",4/14/2022 12:40:52 PM,Registry,C:\Windows\system32\tasklist.exe,BLUETEAM\ezk,tasklist,1384,10676,"tasklist.exe 4132 RegQueryKey HKCR\CLSID\{EB87E1BD-3233-11D2-AEC9-00C04FB68820} SUCCESS Query: HandleTags, HandleTags: 0x0 4/14/2022 12:40:52 PM Registry C:\Windows\system32\tasklist.exe BLUETEAM\ezk tasklist 1384 10676",benign
tasklist.exe,4132,RegQueryKey,HKCR\CLSID\{EB87E1BD-3233-11D2-AEC9-00C04FB68820},SUCCESS,"Query: HandleTags, HandleTags: 0x0",4/14/2022 12:40:52 PM,Registry,C:\Windows\system32\tasklist.exe,BLUETEAM\ezk,tasklist,1384,10676,"tasklist.exe 4132 RegQueryKey HKCR\CLSID\{EB87E1BD-3233-11D2-AEC9-00C04FB68820} SUCCESS Query: HandleTags, HandleTags: 0x0 4/14/2022 12:40:52 PM Registry C:\Windows\system32\tasklist.exe BLUETEAM\ezk tasklist 1384 10676",benign
tasklist.exe,4132,RegCloseKey,HKCR\CLSID\{1B1CAD8C-2DAB-11D2-B604-00104B703EFD},SUCCESS,,4/14/2022 12:40:52 PM,Registry,C:\Windows\system32\tasklist.exe,BLUETEAM\ezk,tasklist,1384,10676,tasklist.exe 4132 RegCloseKey HKCR\CLSID\{1B1CAD8C-2DAB-11D2-B604-00104B703EFD} SUCCESS None 4/14/2022 12:40:52 PM Registry C:\Windows\system32\tasklist.exe BLUETEAM\ezk tasklist 1384 10676,benign
tasklist.exe,4132,RegOpenKey,HKCR\CLSID\{1B1CAD8C-2DAB-11D2-B604-00104B703EFD}\TreatAs,NAME NOT FOUND,Desired Access: Read,4/14/2022 12:40:52 PM,Registry,C:\Windows\system32\tasklist.exe,BLUETEAM\ezk,tasklist,1384,10676,tasklist.exe 4132 RegOpenKey HKCR\CLSID\{1B1CAD8C-2DAB-11D2-B604-00104B703EFD}\TreatAs NAME NOT FOUND Desired Access: Read 4/14/2022 12:40:52 PM Registry C:\Windows\system32\tasklist.exe BLUETEAM\ezk tasklist 1384 10676,benign
tasklist.exe,4132,RegQueryKey,HKCR\CLSID\{1B1CAD8C-2DAB-11D2-B604-00104B703EFD},SUCCESS,"Query: HandleTags, HandleTags: 0x0",4/14/2022 12:40:52 PM,Registry,C:\Windows\system32\tasklist.exe,BLUETEAM\ezk,tasklist,1384,10676,"tasklist.exe 4132 RegQueryKey HKCR\CLSID\{1B1CAD8C-2DAB-11D2-B604-00104B703EFD} SUCCESS Query: HandleTags, HandleTags: 0x0 4/14/2022 12:40:52 PM Registry C:\Windows\system32\tasklist.exe BLUETEAM\ezk tasklist 1384 10676",benign
tasklist.exe,4132,RegQueryKey,HKCR\CLSID\{1B1CAD8C-2DAB-11D2-B604-00104B703EFD},SUCCESS,"Query: HandleTags, HandleTags: 0x0",4/14/2022 12:40:52 PM,Registry,C:\Windows\system32\tasklist.exe,BLUETEAM\ezk,tasklist,1384,10676,"tasklist.exe 4132 RegQueryKey HKCR\CLSID\{1B1CAD8C-2DAB-11D2-B604-00104B703EFD} SUCCESS Query: HandleTags, HandleTags: 0x0 4/14/2022 12:40:52 PM Registry C:\Windows\system32\tasklist.exe BLUETEAM\ezk tasklist 1384 10676",benign
tasklist.exe,4132,RegOpenKey,HKCR\CLSID\{1B1CAD8C-2DAB-11D2-B604-00104B703EFD}\TreatAs,NAME NOT FOUND,Desired Access: Query Value,4/14/2022 12:40:52 PM,Registry,C:\Windows\system32\tasklist.exe,BLUETEAM\ezk,tasklist,1384,10676,tasklist.exe 4132 RegOpenKey HKCR\CLSID\{1B1CAD8C-2DAB-11D2-B604-00104B703EFD}\TreatAs NAME NOT FOUND Desired Access: Query Value 4/14/2022 12:40:52 PM Registry C:\Windows\system32\tasklist.exe BLUETEAM\ezk tasklist 1384 10676,benign
tasklist.exe,4132,RegQueryKey,HKCR\CLSID\{1B1CAD8C-2DAB-11D2-B604-00104B703EFD},SUCCESS,Query: Name,4/14/2022 12:40:52 PM,Registry,C:\Windows\system32\tasklist.exe,BLUETEAM\ezk,tasklist,1384,10676,tasklist.exe 4132 RegQueryKey HKCR\CLSID\{1B1CAD8C-2DAB-11D2-B604-00104B703EFD} SUCCESS Query: Name 4/14/2022 12:40:52 PM Registry C:\Windows\system32\tasklist.exe BLUETEAM\ezk tasklist 1384 10676,benign
tasklist.exe,4132,RegQueryValue,HKCR\CLSID\{1B1CAD8C-2DAB-11D2-B604-00104B703EFD}\ActivateOnHostFlags,NAME NOT FOUND,Length: 16,4/14/2022 12:40:52 PM,Registry,C:\Windows\system32\tasklist.exe,BLUETEAM\ezk,tasklist,1384,10676,tasklist.exe 4132 RegQueryValue HKCR\CLSID\{1B1CAD8C-2DAB-11D2-B604-00104B703EFD}\ActivateOnHostFlags NAME NOT FOUND Length: 16 4/14/2022 12:40:52 PM Registry C:\Windows\system32\tasklist.exe BLUETEAM\ezk tasklist 1384 10676,benign
tasklist.exe,4132,RegQueryValue,HKCR\CLSID\{1B1CAD8C-2DAB-11D2-B604-00104B703EFD}\(Default),BUFFER OVERFLOW,Length: 12,4/14/2022 12:40:52 PM,Registry,C:\Windows\system32\tasklist.exe,BLUETEAM\ezk,tasklist,1384,10676,tasklist.exe 4132 RegQueryValue HKCR\CLSID\{1B1CAD8C-2DAB-11D2-B604-00104B703EFD}\(Default) BUFFER OVERFLOW Length: 12 4/14/2022 12:40:52 PM Registry C:\Windows\system32\tasklist.exe BLUETEAM\ezk tasklist 1384 10676,benign
tasklist.exe,4132,RegQueryValue,HKCR\CLSID\{1B1CAD8C-2DAB-11D2-B604-00104B703EFD}\(Default),SUCCESS,"Type: REG_SZ, Length: 130, Data: Microsoft WBEM (non)Standard Marshaling for IEnumWbemClassObject",4/14/2022 12:40:52 PM,Registry,C:\Windows\system32\tasklist.exe,BLUETEAM\ezk,tasklist,1384,10676,"tasklist.exe 4132 RegQueryValue HKCR\CLSID\{1B1CAD8C-2DAB-11D2-B604-00104B703EFD}\(Default) SUCCESS Type: REG_SZ, Length: 130, Data: Microsoft WBEM (non)Standard Marshaling for IEnumWbemClassObject 4/14/2022 12:40:52 PM Registry C:\Windows\system32\tasklist.exe BLUETEAM\ezk tasklist 1384 10676",benign
tasklist.exe,4132,RegQueryKey,HKCR\CLSID\{1B1CAD8C-2DAB-11D2-B604-00104B703EFD},SUCCESS,"Query: HandleTags, HandleTags: 0x0",4/14/2022 12:40:52 PM,Registry,C:\Windows\system32\tasklist.exe,BLUETEAM\ezk,tasklist,1384,10676,"tasklist.exe 4132 RegQueryKey HKCR\CLSID\{1B1CAD8C-2DAB-11D2-B604-00104B703EFD} SUCCESS Query: HandleTags, HandleTags: 0x0 4/14/2022 12:40:52 PM Registry C:\Windows\system32\tasklist.exe BLUETEAM\ezk tasklist 1384 10676",benign
tasklist.exe,4132,RegOpenKey,HKCR\CLSID\{1B1CAD8C-2DAB-11D2-B604-00104B703EFD}\InprocServer32,SUCCESS,Desired Access: Read,4/14/2022 12:40:52 PM,Registry,C:\Windows\system32\tasklist.exe,BLUETEAM\ezk,tasklist,1384,10676,tasklist.exe 4132 RegOpenKey HKCR\CLSID\{1B1CAD8C-2DAB-11D2-B604-00104B703EFD}\InprocServer32 SUCCESS Desired Access: Read 4/14/2022 12:40:52 PM Registry C:\Windows\system32\tasklist.exe BLUETEAM\ezk tasklist 1384 10676,benign
tasklist.exe,4132,RegQueryValue,HKCR\CLSID\{1B1CAD8C-2DAB-11D2-B604-00104B703EFD}\InprocServer32\InprocServer32,NAME NOT FOUND,Length: 12,4/14/2022 12:40:52 PM,Registry,C:\Windows\system32\tasklist.exe,BLUETEAM\ezk,tasklist,1384,10676,tasklist.exe 4132 RegQueryValue HKCR\CLSID\{1B1CAD8C-2DAB-11D2-B604-00104B703EFD}\InprocServer32\InprocServer32 NAME NOT FOUND Length: 12 4/14/2022 12:40:52 PM Registry C:\Windows\system32\tasklist.exe BLUETEAM\ezk tasklist 1384 10676,benign
tasklist.exe,4132,RegQueryValue,HKCR\CLSID\{1B1CAD8C-2DAB-11D2-B604-00104B703EFD}\InprocServer32\(Default),BUFFER OVERFLOW,Length: 12,4/14/2022 12:40:52 PM,Registry,C:\Windows\system32\tasklist.exe,BLUETEAM\ezk,tasklist,1384,10676,tasklist.exe 4132 RegQueryValue HKCR\CLSID\{1B1CAD8C-2DAB-11D2-B604-00104B703EFD}\InprocServer32\(Default) BUFFER OVERFLOW Length: 12 4/14/2022 12:40:52 PM Registry C:\Windows\system32\tasklist.exe BLUETEAM\ezk tasklist 1384 10676,benign
tasklist.exe,4132,RegQueryValue,HKCR\CLSID\{1B1CAD8C-2DAB-11D2-B604-00104B703EFD}\InprocServer32\(Default),SUCCESS,"Type: REG_EXPAND_SZ, Length: 80, Data: %systemroot%\system32\wbem\fastprox.dll",4/14/2022 12:40:52 PM,Registry,C:\Windows\system32\tasklist.exe,BLUETEAM\ezk,tasklist,1384,10676,"tasklist.exe 4132 RegQueryValue HKCR\CLSID\{1B1CAD8C-2DAB-11D2-B604-00104B703EFD}\InprocServer32\(Default) SUCCESS Type: REG_EXPAND_SZ, Length: 80, Data: %systemroot%\system32\wbem\fastprox.dll 4/14/2022 12:40:52 PM Registry C:\Windows\system32\tasklist.exe BLUETEAM\ezk tasklist 1384 10676",benign
tasklist.exe,4132,RegQueryValue,HKCR\CLSID\{1B1CAD8C-2DAB-11D2-B604-00104B703EFD}\InprocServer32\(Default),SUCCESS,"Type: REG_EXPAND_SZ, Length: 80, Data: %systemroot%\system32\wbem\fastprox.dll",4/14/2022 12:40:52 PM,Registry,C:\Windows\system32\tasklist.exe,BLUETEAM\ezk,tasklist,1384,10676,"tasklist.exe 4132 RegQueryValue HKCR\CLSID\{1B1CAD8C-2DAB-11D2-B604-00104B703EFD}\InprocServer32\(Default) SUCCESS Type: REG_EXPAND_SZ, Length: 80, Data: %systemroot%\system32\wbem\fastprox.dll 4/14/2022 12:40:52 PM Registry C:\Windows\system32\tasklist.exe BLUETEAM\ezk tasklist 1384 10676",benign
tasklist.exe,4132,RegQueryValue,HKCR\CLSID\{1B1CAD8C-2DAB-11D2-B604-00104B703EFD}\InprocServer32\ThreadingModel,SUCCESS,"Type: REG_SZ, Length: 10, Data: Both",4/14/2022 12:40:52 PM,Registry,C:\Windows\system32\tasklist.exe,BLUETEAM\ezk,tasklist,1384,10676,"tasklist.exe 4132 RegQueryValue HKCR\CLSID\{1B1CAD8C-2DAB-11D2-B604-00104B703EFD}\InprocServer32\ThreadingModel SUCCESS Type: REG_SZ, Length: 10, Data: Both 4/14/2022 12:40:52 PM Registry C:\Windows\system32\tasklist.exe BLUETEAM\ezk tasklist 1384 10676",benign
tasklist.exe,4132,RegCloseKey,HKCR\CLSID\{1B1CAD8C-2DAB-11D2-B604-00104B703EFD}\InprocServer32,SUCCESS,,4/14/2022 12:40:52 PM,Registry,C:\Windows\system32\tasklist.exe,BLUETEAM\ezk,tasklist,1384,10676,tasklist.exe 4132 RegCloseKey HKCR\CLSID\{1B1CAD8C-2DAB-11D2-B604-00104B703EFD}\InprocServer32 SUCCESS None 4/14/2022 12:40:52 PM Registry C:\Windows\system32\tasklist.exe BLUETEAM\ezk tasklist 1384 10676,benign
tasklist.exe,4132,RegQueryKey,HKCR\CLSID\{1B1CAD8C-2DAB-11D2-B604-00104B703EFD},SUCCESS,"Query: HandleTags, HandleTags: 0x0",4/14/2022 12:40:52 PM,Registry,C:\Windows\system32\tasklist.exe,BLUETEAM\ezk,tasklist,1384,10676,"tasklist.exe 4132 RegQueryKey HKCR\CLSID\{1B1CAD8C-2DAB-11D2-B604-00104B703EFD} SUCCESS Query: HandleTags, HandleTags: 0x0 4/14/2022 12:40:52 PM Registry C:\Windows\system32\tasklist.exe BLUETEAM\ezk tasklist 1384 10676",benign
tasklist.exe,4132,RegOpenKey,HKCR\CLSID\{1B1CAD8C-2DAB-11D2-B604-00104B703EFD}\InprocHandler32,NAME NOT FOUND,Desired Access: Query Value,4/14/2022 12:40:52 PM,Registry,C:\Windows\system32\tasklist.exe,BLUETEAM\ezk,tasklist,1384,10676,tasklist.exe 4132 RegOpenKey HKCR\CLSID\{1B1CAD8C-2DAB-11D2-B604-00104B703EFD}\InprocHandler32 NAME NOT FOUND Desired Access: Query Value 4/14/2022 12:40:52 PM Registry C:\Windows\system32\tasklist.exe BLUETEAM\ezk tasklist 1384 10676,benign
tasklist.exe,4132,RegQueryKey,HKCR\CLSID\{1B1CAD8C-2DAB-11D2-B604-00104B703EFD},SUCCESS,"Query: HandleTags, HandleTags: 0x0",4/14/2022 12:40:52 PM,Registry,C:\Windows\system32\tasklist.exe,BLUETEAM\ezk,tasklist,1384,10676,"tasklist.exe 4132 RegQueryKey HKCR\CLSID\{1B1CAD8C-2DAB-11D2-B604-00104B703EFD} SUCCESS Query: HandleTags, HandleTags: 0x0 4/14/2022 12:40:52 PM Registry C:\Windows\system32\tasklist.exe BLUETEAM\ezk tasklist 1384 10676",benign
tasklist.exe,4132,RegOpenKey,HKCR\CLSID\{1B1CAD8C-2DAB-11D2-B604-00104B703EFD},SUCCESS,Desired Access: Read,4/14/2022 12:40:52 PM,Registry,C:\Windows\system32\tasklist.exe,BLUETEAM\ezk,tasklist,1384,10676,tasklist.exe 4132 RegOpenKey HKCR\CLSID\{1B1CAD8C-2DAB-11D2-B604-00104B703EFD} SUCCESS Desired Access: Read 4/14/2022 12:40:52 PM Registry C:\Windows\system32\tasklist.exe BLUETEAM\ezk tasklist 1384 10676,benign
tasklist.exe,4132,RegQueryKey,HKCR,SUCCESS,"Query: HandleTags, HandleTags: 0x0",4/14/2022 12:40:52 PM,Registry,C:\Windows\system32\tasklist.exe,BLUETEAM\ezk,tasklist,1384,10676,"tasklist.exe 4132 RegQueryKey HKCR SUCCESS Query: HandleTags, HandleTags: 0x0 4/14/2022 12:40:52 PM Registry C:\Windows\system32\tasklist.exe BLUETEAM\ezk tasklist 1384 10676",benign
tasklist.exe,4132,RegCloseKey,HKCR\CLSID\{1B1CAD8C-2DAB-11D2-B604-00104B703EFD},SUCCESS,,4/14/2022 12:40:52 PM,Registry,C:\Windows\system32\tasklist.exe,BLUETEAM\ezk,tasklist,1384,10676,tasklist.exe 4132 RegCloseKey HKCR\CLSID\{1B1CAD8C-2DAB-11D2-B604-00104B703EFD} SUCCESS None 4/14/2022 12:40:52 PM Registry C:\Windows\system32\tasklist.exe BLUETEAM\ezk tasklist 1384 10676,benign
tasklist.exe,4132,RegCloseKey,HKCR\CLSID\{1B1CAD8C-2DAB-11D2-B604-00104B703EFD},SUCCESS,,4/14/2022 12:40:52 PM,Registry,C:\Windows\system32\tasklist.exe,BLUETEAM\ezk,tasklist,1384,10676,tasklist.exe 4132 RegCloseKey HKCR\CLSID\{1B1CAD8C-2DAB-11D2-B604-00104B703EFD} SUCCESS None 4/14/2022 12:40:52 PM Registry C:\Windows\system32\tasklist.exe BLUETEAM\ezk tasklist 1384 10676,benign
tasklist.exe,4132,RegOpenKey,HKCR\CLSID\{1B1CAD8C-2DAB-11D2-B604-00104B703EFD}\Elevation,NAME NOT FOUND,Desired Access: Read,4/14/2022 12:40:52 PM,Registry,C:\Windows\system32\tasklist.exe,BLUETEAM\ezk,tasklist,1384,10676,tasklist.exe 4132 RegOpenKey HKCR\CLSID\{1B1CAD8C-2DAB-11D2-B604-00104B703EFD}\Elevation NAME NOT FOUND Desired Access: Read 4/14/2022 12:40:52 PM Registry C:\Windows\system32\tasklist.exe BLUETEAM\ezk tasklist 1384 10676,benign
tasklist.exe,4132,RegQueryKey,HKCR\CLSID\{1B1CAD8C-2DAB-11D2-B604-00104B703EFD},SUCCESS,"Query: HandleTags, HandleTags: 0x0",4/14/2022 12:40:52 PM,Registry,C:\Windows\system32\tasklist.exe,BLUETEAM\ezk,tasklist,1384,10676,"tasklist.exe 4132 RegQueryKey HKCR\CLSID\{1B1CAD8C-2DAB-11D2-B604-00104B703EFD} SUCCESS Query: HandleTags, HandleTags: 0x0 4/14/2022 12:40:52 PM Registry C:\Windows\system32\tasklist.exe BLUETEAM\ezk tasklist 1384 10676",benign
tasklist.exe,4132,RegOpenKey,HKCR\CLSID\{EB87E1BD-3233-11D2-AEC9-00C04FB68820}\InprocHandler32,NAME NOT FOUND,Desired Access: Query Value,4/14/2022 12:40:52 PM,Registry,C:\Windows\system32\tasklist.exe,BLUETEAM\ezk,tasklist,1384,10676,tasklist.exe 4132 RegOpenKey HKCR\CLSID\{EB87E1BD-3233-11D2-AEC9-00C04FB68820}\InprocHandler32 NAME NOT FOUND Desired Access: Query Value 4/14/2022 12:40:52 PM Registry C:\Windows\system32\tasklist.exe BLUETEAM\ezk tasklist 1384 10676,benign
tasklist.exe,4132,RegOpenKey,HKCR\CLSID\{1B1CAD8C-2DAB-11D2-B604-00104B703EFD},SUCCESS,Desired Access: Read,4/14/2022 12:40:52 PM,Registry,C:\Windows\system32\tasklist.exe,BLUETEAM\ezk,tasklist,1384,10676,tasklist.exe 4132 RegOpenKey HKCR\CLSID\{1B1CAD8C-2DAB-11D2-B604-00104B703EFD} SUCCESS Desired Access: Read 4/14/2022 12:40:52 PM Registry C:\Windows\system32\tasklist.exe BLUETEAM\ezk tasklist 1384 10676,benign
tasklist.exe,4132,RegOpenKey,HKCR\CLSID\{1B1CAD8C-2DAB-11D2-B604-00104B703EFD}\LocalServer,NAME NOT FOUND,Desired Access: Query Value,4/14/2022 12:40:52 PM,Registry,C:\Windows\system32\tasklist.exe,BLUETEAM\ezk,tasklist,1384,10676,tasklist.exe 4132 RegOpenKey HKCR\CLSID\{1B1CAD8C-2DAB-11D2-B604-00104B703EFD}\LocalServer NAME NOT FOUND Desired Access: Query Value 4/14/2022 12:40:52 PM Registry C:\Windows\system32\tasklist.exe BLUETEAM\ezk tasklist 1384 10676,benign
tasklist.exe,4132,RegQueryKey,HKCR\CLSID\{1B1CAD8C-2DAB-11D2-B604-00104B703EFD},SUCCESS,"Query: HandleTags, HandleTags: 0x0",4/14/2022 12:40:52 PM,Registry,C:\Windows\system32\tasklist.exe,BLUETEAM\ezk,tasklist,1384,10676,"tasklist.exe 4132 RegQueryKey HKCR\CLSID\{1B1CAD8C-2DAB-11D2-B604-00104B703EFD} SUCCESS Query: HandleTags, HandleTags: 0x0 4/14/2022 12:40:52 PM Registry C:\Windows\system32\tasklist.exe BLUETEAM\ezk tasklist 1384 10676",benign
tasklist.exe,4132,RegQueryValue,HKCR\CLSID\{1B1CAD8C-2DAB-11D2-B604-00104B703EFD}\AppID,NAME NOT FOUND,Length: 112,4/14/2022 12:40:52 PM,Registry,C:\Windows\system32\tasklist.exe,BLUETEAM\ezk,tasklist,1384,10676,tasklist.exe 4132 RegQueryValue HKCR\CLSID\{1B1CAD8C-2DAB-11D2-B604-00104B703EFD}\AppID NAME NOT FOUND Length: 112 4/14/2022 12:40:52 PM Registry C:\Windows\system32\tasklist.exe BLUETEAM\ezk tasklist 1384 10676,benign
tasklist.exe,4132,RegOpenKey,HKCR\CLSID\{1B1CAD8C-2DAB-11D2-B604-00104B703EFD}\LocalServer32,NAME NOT FOUND,Desired Access: Read,4/14/2022 12:40:52 PM,Registry,C:\Windows\system32\tasklist.exe,BLUETEAM\ezk,tasklist,1384,10676,tasklist.exe 4132 RegOpenKey HKCR\CLSID\{1B1CAD8C-2DAB-11D2-B604-00104B703EFD}\LocalServer32 NAME NOT FOUND Desired Access: Read 4/14/2022 12:40:52 PM Registry C:\Windows\system32\tasklist.exe BLUETEAM\ezk tasklist 1384 10676,benign
tasklist.exe,4132,RegQueryKey,HKCR\CLSID\{1B1CAD8C-2DAB-11D2-B604-00104B703EFD},SUCCESS,"Query: HandleTags, HandleTags: 0x0",4/14/2022 12:40:52 PM,Registry,C:\Windows\system32\tasklist.exe,BLUETEAM\ezk,tasklist,1384,10676,"tasklist.exe 4132 RegQueryKey HKCR\CLSID\{1B1CAD8C-2DAB-11D2-B604-00104B703EFD} SUCCESS Query: HandleTags, HandleTags: 0x0 4/14/2022 12:40:52 PM Registry C:\Windows\system32\tasklist.exe BLUETEAM\ezk tasklist 1384 10676",benign
tasklist.exe,4132,RegOpenKey,HKCR\CLSID\{1B1CAD8C-2DAB-11D2-B604-00104B703EFD}\InprocHandler,NAME NOT FOUND,Desired Access: Query Value,4/14/2022 12:40:52 PM,Registry,C:\Windows\system32\tasklist.exe,BLUETEAM\ezk,tasklist,1384,10676,tasklist.exe 4132 RegOpenKey HKCR\CLSID\{1B1CAD8C-2DAB-11D2-B604-00104B703EFD}\InprocHandler NAME NOT FOUND Desired Access: Query Value 4/14/2022 12:40:52 PM Registry C:\Windows\system32\tasklist.exe BLUETEAM\ezk tasklist 1384 10676,benign
tasklist.exe,4132,RegQueryKey,HKCR,SUCCESS,"Query: HandleTags, HandleTags: 0x0",4/14/2022 12:40:52 PM,Registry,C:\Windows\system32\tasklist.exe,BLUETEAM\ezk,tasklist,1384,10676,"tasklist.exe 4132 RegQueryKey HKCR SUCCESS Query: HandleTags, HandleTags: 0x0 4/14/2022 12:40:52 PM Registry C:\Windows\system32\tasklist.exe BLUETEAM\ezk tasklist 1384 10676",benign
tasklist.exe,4132,RegQueryKey,HKCR\CLSID\{EB87E1BD-3233-11D2-AEC9-00C04FB68820},SUCCESS,"Query: HandleTags, HandleTags: 0x0",4/14/2022 12:40:52 PM,Registry,C:\Windows\system32\tasklist.exe,BLUETEAM\ezk,tasklist,1384,10676,"tasklist.exe 4132 RegQueryKey HKCR\CLSID\{EB87E1BD-3233-11D2-AEC9-00C04FB68820} SUCCESS Query: HandleTags, HandleTags: 0x0 4/14/2022 12:40:52 PM Registry C:\Windows\system32\tasklist.exe BLUETEAM\ezk tasklist 1384 10676",benign
tasklist.exe,4132,RegOpenKey,HKCR\CLSID\{EB87E1BD-3233-11D2-AEC9-00C04FB68820}\InprocHandler,NAME NOT FOUND,Desired Access: Query Value,4/14/2022 12:40:52 PM,Registry,C:\Windows\system32\tasklist.exe,BLUETEAM\ezk,tasklist,1384,10676,tasklist.exe 4132 RegOpenKey HKCR\CLSID\{EB87E1BD-3233-11D2-AEC9-00C04FB68820}\InprocHandler NAME NOT FOUND Desired Access: Query Value 4/14/2022 12:40:52 PM Registry C:\Windows\system32\tasklist.exe BLUETEAM\ezk tasklist 1384 10676,benign
tasklist.exe,4132,RegCloseKey,HKCR\CLSID\{EB87E1BD-3233-11D2-AEC9-00C04FB68820},SUCCESS,,4/14/2022 12:40:52 PM,Registry,C:\Windows\system32\tasklist.exe,BLUETEAM\ezk,tasklist,1384,10676,tasklist.exe 4132 RegCloseKey HKCR\CLSID\{EB87E1BD-3233-11D2-AEC9-00C04FB68820} SUCCESS None 4/14/2022 12:40:52 PM Registry C:\Windows\system32\tasklist.exe BLUETEAM\ezk tasklist 1384 10676,benign
tasklist.exe,4132,RegCloseKey,HKCR\CLSID\{EB87E1BD-3233-11D2-AEC9-00C04FB68820},SUCCESS,,4/14/2022 12:40:52 PM,Registry,C:\Windows\system32\tasklist.exe,BLUETEAM\ezk,tasklist,1384,10676,tasklist.exe 4132 RegCloseKey HKCR\CLSID\{EB87E1BD-3233-11D2-AEC9-00C04FB68820} SUCCESS None 4/14/2022 12:40:52 PM Registry C:\Windows\system32\tasklist.exe BLUETEAM\ezk tasklist 1384 10676,benign
tasklist.exe,4132,CreateFile,C:\Windows\System32\wbem\wmiutils.dll,SUCCESS,"Desired Access: Read Attributes, Disposition: Open, Options: Open Reparse Point, Attributes: n/a, ShareMode: Read, Write, Delete, AllocationSize: n/a, OpenResult: Opened",4/14/2022 12:40:52 PM,File System,C:\Windows\system32\tasklist.exe,BLUETEAM\ezk,tasklist,1384,10676,"tasklist.exe 4132 CreateFile C:\Windows\System32\wbem\wmiutils.dll SUCCESS Desired Access: Read Attributes, Disposition: Open, Options: Open Reparse Point, Attributes: n/a, ShareMode: Read, Write, Delete, AllocationSize: n/a, OpenResult: Opened 4/14/2022 12:40:52 PM File System C:\Windows\system32\tasklist.exe BLUETEAM\ezk tasklist 1384 10676",benign
tasklist.exe,4132,QueryBasicInformationFile,C:\Windows\System32\wbem\wmiutils.dll,SUCCESS,"CreationTime: 9/22/2021 5:21:21 PM, LastAccessTime: 4/14/2022 12:37:25 PM, LastWriteTime: 9/22/2021 5:21:21 PM, ChangeTime: 10/15/2021 2:25:23 PM, FileAttributes: A",4/14/2022 12:40:52 PM,File System,C:\Windows\system32\tasklist.exe,BLUETEAM\ezk,tasklist,1384,10676,"tasklist.exe 4132 QueryBasicInformationFile C:\Windows\System32\wbem\wmiutils.dll SUCCESS CreationTime: 9/22/2021 5:21:21 PM, LastAccessTime: 4/14/2022 12:37:25 PM, LastWriteTime: 9/22/2021 5:21:21 PM, ChangeTime: 10/15/2021 2:25:23 PM, FileAttributes: A 4/14/2022 12:40:52 PM File System C:\Windows\system32\tasklist.exe BLUETEAM\ezk tasklist 1384 10676",benign
tasklist.exe,4132,CloseFile,C:\Windows\System32\wbem\wmiutils.dll,SUCCESS,,4/14/2022 12:40:52 PM,File System,C:\Windows\system32\tasklist.exe,BLUETEAM\ezk,tasklist,1384,10676,tasklist.exe 4132 CloseFile C:\Windows\System32\wbem\wmiutils.dll SUCCESS None 4/14/2022 12:40:52 PM File System C:\Windows\system32\tasklist.exe BLUETEAM\ezk tasklist 1384 10676,benign
tasklist.exe,4132,CreateFile,C:\Windows\System32\wbem\wmiutils.dll,SUCCESS,"Desired Access: Read Data/List Directory, Execute/Traverse, Synchronize, Disposition: Open, Options: Synchronous IO Non-Alert, Non-Directory File, Attributes: n/a, ShareMode: Read, Delete, AllocationSize: n/a, OpenResult: Opened",4/14/2022 12:40:52 PM,File System,C:\Windows\system32\tasklist.exe,BLUETEAM\ezk,tasklist,1384,10676,"tasklist.exe 4132 CreateFile C:\Windows\System32\wbem\wmiutils.dll SUCCESS Desired Access: Read Data/List Directory, Execute/Traverse, Synchronize, Disposition: Open, Options: Synchronous IO Non-Alert, Non-Directory File, Attributes: n/a, ShareMode: Read, Delete, AllocationSize: n/a, OpenResult: Opened 4/14/2022 12:40:52 PM File System C:\Windows\system32\tasklist.exe BLUETEAM\ezk tasklist 1384 10676",benign
tasklist.exe,4132,CloseFile,C:\Windows\System32\wbem\wmiutils.dll,SUCCESS,,4/14/2022 12:40:52 PM,File System,C:\Windows\system32\tasklist.exe,BLUETEAM\ezk,tasklist,1384,10676,tasklist.exe 4132 CloseFile C:\Windows\System32\wbem\wmiutils.dll SUCCESS None 4/14/2022 12:40:52 PM File System C:\Windows\system32\tasklist.exe BLUETEAM\ezk tasklist 1384 10676,benign
tasklist.exe,4132,RegOpenKey,HKLM\Software\Microsoft\LanguageOverlay\OverlayPackages\en-US,NAME NOT FOUND,Desired Access: Read,4/14/2022 12:40:52 PM,Registry,C:\Windows\system32\tasklist.exe,BLUETEAM\ezk,tasklist,1384,10676,tasklist.exe 4132 RegOpenKey HKLM\Software\Microsoft\LanguageOverlay\OverlayPackages\en-US NAME NOT FOUND Desired Access: Read 4/14/2022 12:40:52 PM Registry C:\Windows\system32\tasklist.exe BLUETEAM\ezk tasklist 1384 10676,benign
tasklist.exe,4132,CreateFile,C:\Windows\System32\wbem\en-US\wmiutils.dll.mui,SUCCESS,"Desired Access: Read Data/List Directory, Synchronize, Disposition: Open, Options: Synchronous IO Non-Alert, Non-Directory File, Attributes: n/a, ShareMode: Read, Delete, AllocationSize: n/a, OpenResult: Opened",4/14/2022 12:40:52 PM,File System,C:\Windows\system32\tasklist.exe,BLUETEAM\ezk,tasklist,1384,10676,"tasklist.exe 4132 CreateFile C:\Windows\System32\wbem\en-US\wmiutils.dll.mui SUCCESS Desired Access: Read Data/List Directory, Synchronize, Disposition: Open, Options: Synchronous IO Non-Alert, Non-Directory File, Attributes: n/a, ShareMode: Read, Delete, AllocationSize: n/a, OpenResult: Opened 4/14/2022 12:40:52 PM File System C:\Windows\system32\tasklist.exe BLUETEAM\ezk tasklist 1384 10676",benign
tasklist.exe,4132,RegCloseKey,HKCR,SUCCESS,,4/14/2022 12:40:52 PM,Registry,C:\Windows\system32\tasklist.exe,BLUETEAM\ezk,tasklist,1384,10676,tasklist.exe 4132 RegCloseKey HKCR SUCCESS None 4/14/2022 12:40:52 PM Registry C:\Windows\system32\tasklist.exe BLUETEAM\ezk tasklist 1384 10676,benign
tasklist.exe,4132,CloseFile,C:\Windows\System32\wbem\en-US\wmiutils.dll.mui,SUCCESS,,4/14/2022 12:40:52 PM,File System,C:\Windows\system32\tasklist.exe,BLUETEAM\ezk,tasklist,1384,10676,tasklist.exe 4132 CloseFile C:\Windows\System32\wbem\en-US\wmiutils.dll.mui SUCCESS None 4/14/2022 12:40:52 PM File System C:\Windows\system32\tasklist.exe BLUETEAM\ezk tasklist 1384 10676,benign
tasklist.exe,4132,RegCloseKey,HKLM\SOFTWARE\Microsoft\Ole,SUCCESS,,4/14/2022 12:40:52 PM,Registry,C:\Windows\system32\tasklist.exe,BLUETEAM\ezk,tasklist,1384,10676,tasklist.exe 4132 RegCloseKey HKLM\SOFTWARE\Microsoft\Ole SUCCESS None 4/14/2022 12:40:52 PM Registry C:\Windows\system32\tasklist.exe BLUETEAM\ezk tasklist 1384 10676,benign
tasklist.exe,4132,RegCloseKey,HKLM,SUCCESS,,4/14/2022 12:40:52 PM,Registry,C:\Windows\system32\tasklist.exe,BLUETEAM\ezk,tasklist,1384,10676,tasklist.exe 4132 RegCloseKey HKLM SUCCESS None 4/14/2022 12:40:52 PM Registry C:\Windows\system32\tasklist.exe BLUETEAM\ezk tasklist 1384 10676,benign
tasklist.exe,4132,RegOpenKey,HKLM\Software\Microsoft\Windows NT\CurrentVersion\GRE_Initialize,SUCCESS,Desired Access: Read,4/14/2022 12:40:52 PM,Registry,C:\Windows\system32\tasklist.exe,BLUETEAM\ezk,tasklist,1384,10676,tasklist.exe 4132 RegOpenKey HKLM\Software\Microsoft\Windows NT\CurrentVersion\GRE_Initialize SUCCESS Desired Access: Read 4/14/2022 12:40:52 PM Registry C:\Windows\system32\tasklist.exe BLUETEAM\ezk tasklist 1384 10676,benign
tasklist.exe,4132,RegQueryValue,HKLM\SOFTWARE\Microsoft\Windows NT\CurrentVersion\GRE_Initialize\DisableMetaFiles,NAME NOT FOUND,Length: 20,4/14/2022 12:40:52 PM,Registry,C:\Windows\system32\tasklist.exe,BLUETEAM\ezk,tasklist,1384,10676,tasklist.exe 4132 RegQueryValue HKLM\SOFTWARE\Microsoft\Windows NT\CurrentVersion\GRE_Initialize\DisableMetaFiles NAME NOT FOUND Length: 20 4/14/2022 12:40:52 PM Registry C:\Windows\system32\tasklist.exe BLUETEAM\ezk tasklist 1384 10676,benign
tasklist.exe,4132,RegCloseKey,HKLM\SOFTWARE\Microsoft\Windows NT\CurrentVersion\GRE_Initialize,SUCCESS,,4/14/2022 12:40:52 PM,Registry,C:\Windows\system32\tasklist.exe,BLUETEAM\ezk,tasklist,1384,10676,tasklist.exe 4132 RegCloseKey HKLM\SOFTWARE\Microsoft\Windows NT\CurrentVersion\GRE_Initialize SUCCESS None 4/14/2022 12:40:52 PM Registry C:\Windows\system32\tasklist.exe BLUETEAM\ezk tasklist 1384 10676,benign
tasklist.exe,4132,RegOpenKey,HKLM\Software\Microsoft\Windows NT\CurrentVersion\GRE_Initialize,SUCCESS,Desired Access: Read,4/14/2022 12:40:52 PM,Registry,C:\Windows\system32\tasklist.exe,BLUETEAM\ezk,tasklist,1384,10676,tasklist.exe 4132 RegOpenKey HKLM\Software\Microsoft\Windows NT\CurrentVersion\GRE_Initialize SUCCESS Desired Access: Read 4/14/2022 12:40:52 PM Registry C:\Windows\system32\tasklist.exe BLUETEAM\ezk tasklist 1384 10676,benign
tasklist.exe,4132,RegQueryValue,HKLM\SOFTWARE\Microsoft\Windows NT\CurrentVersion\GRE_Initialize\DisableUmpdBufferSizeCheck,NAME NOT FOUND,Length: 20,4/14/2022 12:40:52 PM,Registry,C:\Windows\system32\tasklist.exe,BLUETEAM\ezk,tasklist,1384,10676,tasklist.exe 4132 RegQueryValue HKLM\SOFTWARE\Microsoft\Windows NT\CurrentVersion\GRE_Initialize\DisableUmpdBufferSizeCheck NAME NOT FOUND Length: 20 4/14/2022 12:40:52 PM Registry C:\Windows\system32\tasklist.exe BLUETEAM\ezk tasklist 1384 10676,benign
tasklist.exe,4132,CloseFile,C:\Windows\System32\en-US\KernelBase.dll.mui,SUCCESS,,4/14/2022 12:40:52 PM,File System,C:\Windows\system32\tasklist.exe,BLUETEAM\ezk,tasklist,1384,10676,tasklist.exe 4132 CloseFile C:\Windows\System32\en-US\KernelBase.dll.mui SUCCESS None 4/14/2022 12:40:52 PM File System C:\Windows\system32\tasklist.exe BLUETEAM\ezk tasklist 1384 10676,benign
tasklist.exe,4132,RegCloseKey,HKLM\System\CurrentControlSet\Control\NetworkProvider\ProviderOrder,SUCCESS,,4/14/2022 12:40:52 PM,Registry,C:\Windows\system32\tasklist.exe,BLUETEAM\ezk,tasklist,1384,10676,tasklist.exe 4132 RegCloseKey HKLM\System\CurrentControlSet\Control\NetworkProvider\ProviderOrder SUCCESS None 4/14/2022 12:40:52 PM Registry C:\Windows\system32\tasklist.exe BLUETEAM\ezk tasklist 1384 10676,benign
tasklist.exe,4132,RegCloseKey,HKLM\System\CurrentControlSet\Control\NetworkProvider\HwOrder,SUCCESS,,4/14/2022 12:40:52 PM,Registry,C:\Windows\system32\tasklist.exe,BLUETEAM\ezk,tasklist,1384,10676,tasklist.exe 4132 RegCloseKey HKLM\System\CurrentControlSet\Control\NetworkProvider\HwOrder SUCCESS None 4/14/2022 12:40:52 PM Registry C:\Windows\system32\tasklist.exe BLUETEAM\ezk tasklist 1384 10676,benign
tasklist.exe,4132,RegCloseKey,HKLM,SUCCESS,,4/14/2022 12:40:52 PM,Registry,C:\Windows\system32\tasklist.exe,BLUETEAM\ezk,tasklist,1384,10676,tasklist.exe 4132 RegCloseKey HKLM SUCCESS None 4/14/2022 12:40:52 PM Registry C:\Windows\system32\tasklist.exe BLUETEAM\ezk tasklist 1384 10676,benign
tasklist.exe,4132,CloseFile,C:\Windows\System32\en-US\tasklist.exe.mui,SUCCESS,,4/14/2022 12:40:52 PM,File System,C:\Windows\system32\tasklist.exe,BLUETEAM\ezk,tasklist,1384,10676,tasklist.exe 4132 CloseFile C:\Windows\System32\en-US\tasklist.exe.mui SUCCESS None 4/14/2022 12:40:52 PM File System C:\Windows\system32\tasklist.exe BLUETEAM\ezk tasklist 1384 10676,benign
tasklist.exe,4132,RegCloseKey,HKLM\SOFTWARE\Microsoft\Windows NT\CurrentVersion\Image File Execution Options,SUCCESS,,4/14/2022 12:40:52 PM,Registry,C:\Windows\system32\tasklist.exe,BLUETEAM\ezk,tasklist,1384,10676,tasklist.exe 4132 RegCloseKey HKLM\SOFTWARE\Microsoft\Windows NT\CurrentVersion\Image File Execution Options SUCCESS None 4/14/2022 12:40:52 PM Registry C:\Windows\system32\tasklist.exe BLUETEAM\ezk tasklist 1384 10676,benign
tasklist.exe,4132,RegOpenKey,HKCR\CLSID\{EB87E1BD-3233-11D2-AEC9-00C04FB68820}\TreatAs,NAME NOT FOUND,Desired Access: Read,4/14/2022 12:40:52 PM,Registry,C:\Windows\system32\tasklist.exe,BLUETEAM\ezk,tasklist,1384,10676,tasklist.exe 4132 RegOpenKey HKCR\CLSID\{EB87E1BD-3233-11D2-AEC9-00C04FB68820}\TreatAs NAME NOT FOUND Desired Access: Read 4/14/2022 12:40:52 PM Registry C:\Windows\system32\tasklist.exe BLUETEAM\ezk tasklist 1384 10676,benign
tasklist.exe,4132,RegCloseKey,HKLM\System\CurrentControlSet\Control\Nls\Sorting\Versions,SUCCESS,,4/14/2022 12:40:52 PM,Registry,C:\Windows\system32\tasklist.exe,BLUETEAM\ezk,tasklist,1384,10676,tasklist.exe 4132 RegCloseKey HKLM\System\CurrentControlSet\Control\Nls\Sorting\Versions SUCCESS None 4/14/2022 12:40:52 PM Registry C:\Windows\system32\tasklist.exe BLUETEAM\ezk tasklist 1384 10676,benign
tasklist.exe,4132,RegCloseKey,HKLM\System\CurrentControlSet\Control\Session Manager,SUCCESS,,4/14/2022 12:40:52 PM,Registry,C:\Windows\system32\tasklist.exe,BLUETEAM\ezk,tasklist,1384,10676,tasklist.exe 4132 RegCloseKey HKLM\System\CurrentControlSet\Control\Session Manager SUCCESS None 4/14/2022 12:40:52 PM Registry C:\Windows\system32\tasklist.exe BLUETEAM\ezk tasklist 1384 10676,benign
tasklist.exe,4132,CloseFile,C:\Windows\System32,SUCCESS,,4/14/2022 12:40:52 PM,File System,C:\Windows\system32\tasklist.exe,BLUETEAM\ezk,tasklist,1384,10676,tasklist.exe 4132 CloseFile C:\Windows\System32 SUCCESS None 4/14/2022 12:40:52 PM File System C:\Windows\system32\tasklist.exe BLUETEAM\ezk tasklist 1384 10676,benign
tasklist.exe,4132,RegCloseKey,HKLM\System\CurrentControlSet\Services\bam\State\UserSettings\S-1-5-21-4065680934-2604657585-3199708412-1106,SUCCESS,,4/14/2022 12:40:52 PM,Registry,C:\Windows\system32\tasklist.exe,BLUETEAM\ezk,tasklist,1384,10676,tasklist.exe 4132 RegCloseKey HKLM\System\CurrentControlSet\Services\bam\State\UserSettings\S-1-5-21-4065680934-2604657585-3199708412-1106 SUCCESS None 4/14/2022 12:40:52 PM Registry C:\Windows\system32\tasklist.exe BLUETEAM\ezk tasklist 1384 10676,benign
tasklist.exe,4132,RegQueryValue,HKLM\System\CurrentControlSet\Services\bam\State\UserSettings\S-1-5-21-4065680934-2604657585-3199708412-1106\\Device\HarddiskVolume3\Windows\System32\tasklist.exe,NAME NOT FOUND,Length: 40,4/14/2022 12:40:52 PM,Registry,C:\Windows\system32\tasklist.exe,BLUETEAM\ezk,tasklist,1384,10676,tasklist.exe 4132 RegQueryValue HKLM\System\CurrentControlSet\Services\bam\State\UserSettings\S-1-5-21-4065680934-2604657585-3199708412-1106\\Device\HarddiskVolume3\Windows\System32\tasklist.exe NAME NOT FOUND Length: 40 4/14/2022 12:40:52 PM Registry C:\Windows\system32\tasklist.exe BLUETEAM\ezk tasklist 1384 10676,benign
tasklist.exe,4132,RegOpenKey,HKLM\System\CurrentControlSet\Services\bam\State\UserSettings\S-1-5-21-4065680934-2604657585-3199708412-1106,SUCCESS,Desired Access: All Access,4/14/2022 12:40:52 PM,Registry,C:\Windows\system32\tasklist.exe,BLUETEAM\ezk,tasklist,1384,10676,tasklist.exe 4132 RegOpenKey HKLM\System\CurrentControlSet\Services\bam\State\UserSettings\S-1-5-21-4065680934-2604657585-3199708412-1106 SUCCESS Desired Access: All Access 4/14/2022 12:40:52 PM Registry C:\Windows\system32\tasklist.exe BLUETEAM\ezk tasklist 1384 10676,benign
tasklist.exe,4132,RegCloseKey,HKLM\SOFTWARE\Microsoft\Windows NT\CurrentVersion\GRE_Initialize,SUCCESS,,4/14/2022 12:40:52 PM,Registry,C:\Windows\system32\tasklist.exe,BLUETEAM\ezk,tasklist,1384,10676,tasklist.exe 4132 RegCloseKey HKLM\SOFTWARE\Microsoft\Windows NT\CurrentVersion\GRE_Initialize SUCCESS None 4/14/2022 12:40:52 PM Registry C:\Windows\system32\tasklist.exe BLUETEAM\ezk tasklist 1384 10676,benign
tasklist.exe,4132,RegCloseKey,HKLM\System\CurrentControlSet\Control\Nls\Sorting\Ids,SUCCESS,,4/14/2022 12:40:52 PM,Registry,C:\Windows\system32\tasklist.exe,BLUETEAM\ezk,tasklist,1384,10676,tasklist.exe 4132 RegCloseKey HKLM\System\CurrentControlSet\Control\Nls\Sorting\Ids SUCCESS None 4/14/2022 12:40:52 PM Registry C:\Windows\system32\tasklist.exe BLUETEAM\ezk tasklist 1384 10676,benign
tasklist.exe,4132,RegOpenKey,HKCR\CLSID\{1B1CAD8C-2DAB-11D2-B604-00104B703EFD},SUCCESS,Desired Access: Read,4/14/2022 12:40:52 PM,Registry,C:\Windows\system32\tasklist.exe,BLUETEAM\ezk,tasklist,1384,10676,tasklist.exe 4132 RegOpenKey HKCR\CLSID\{1B1CAD8C-2DAB-11D2-B604-00104B703EFD} SUCCESS Desired Access: Read 4/14/2022 12:40:52 PM Registry C:\Windows\system32\tasklist.exe BLUETEAM\ezk tasklist 1384 10676,benign
tasklist.exe,4132,RegQueryKey,HKCR\CLSID\{EB87E1BD-3233-11D2-AEC9-00C04FB68820},SUCCESS,"Query: HandleTags, HandleTags: 0x0",4/14/2022 12:40:52 PM,Registry,C:\Windows\system32\tasklist.exe,BLUETEAM\ezk,tasklist,1384,10676,"tasklist.exe 4132 RegQueryKey HKCR\CLSID\{EB87E1BD-3233-11D2-AEC9-00C04FB68820} SUCCESS Query: HandleTags, HandleTags: 0x0 4/14/2022 12:40:52 PM Registry C:\Windows\system32\tasklist.exe BLUETEAM\ezk tasklist 1384 10676",benign
tasklist.exe,4132,RegQueryKey,HKCR,SUCCESS,"Query: HandleTags, HandleTags: 0x0",4/14/2022 12:40:52 PM,Registry,C:\Windows\system32\tasklist.exe,BLUETEAM\ezk,tasklist,1384,10676,"tasklist.exe 4132 RegQueryKey HKCR SUCCESS Query: HandleTags, HandleTags: 0x0 4/14/2022 12:40:52 PM Registry C:\Windows\system32\tasklist.exe BLUETEAM\ezk tasklist 1384 10676",benign
tasklist.exe,4132,RegQueryKey,HKCR,SUCCESS,"Query: HandleTags, HandleTags: 0x0",4/14/2022 12:40:52 PM,Registry,C:\Windows\system32\tasklist.exe,BLUETEAM\ezk,tasklist,1384,10676,"tasklist.exe 4132 RegQueryKey HKCR SUCCESS Query: HandleTags, HandleTags: 0x0 4/14/2022 12:40:52 PM Registry C:\Windows\system32\tasklist.exe BLUETEAM\ezk tasklist 1384 10676",benign
tasklist.exe,4132,RegOpenKey,HKCR\CLSID\{EB87E1BD-3233-11D2-AEC9-00C04FB68820},SUCCESS,Desired Access: Read,4/14/2022 12:40:52 PM,Registry,C:\Windows\system32\tasklist.exe,BLUETEAM\ezk,tasklist,1384,10676,tasklist.exe 4132 RegOpenKey HKCR\CLSID\{EB87E1BD-3233-11D2-AEC9-00C04FB68820} SUCCESS Desired Access: Read 4/14/2022 12:40:52 PM Registry C:\Windows\system32\tasklist.exe BLUETEAM\ezk tasklist 1384 10676,benign
tasklist.exe,4132,RegQueryKey,HKCR\CLSID\{EB87E1BD-3233-11D2-AEC9-00C04FB68820},SUCCESS,"Query: HandleTags, HandleTags: 0x0",4/14/2022 12:40:52 PM,Registry,C:\Windows\system32\tasklist.exe,BLUETEAM\ezk,tasklist,1384,10676,"tasklist.exe 4132 RegQueryKey HKCR\CLSID\{EB87E1BD-3233-11D2-AEC9-00C04FB68820} SUCCESS Query: HandleTags, HandleTags: 0x0 4/14/2022 12:40:52 PM Registry C:\Windows\system32\tasklist.exe BLUETEAM\ezk tasklist 1384 10676",benign
tasklist.exe,4132,RegOpenKey,HKCR\CLSID\{EB87E1BD-3233-11D2-AEC9-00C04FB68820}\TreatAs,NAME NOT FOUND,Desired Access: Query Value,4/14/2022 12:40:52 PM,Registry,C:\Windows\system32\tasklist.exe,BLUETEAM\ezk,tasklist,1384,10676,tasklist.exe 4132 RegOpenKey HKCR\CLSID\{EB87E1BD-3233-11D2-AEC9-00C04FB68820}\TreatAs NAME NOT FOUND Desired Access: Query Value 4/14/2022 12:40:52 PM Registry C:\Windows\system32\tasklist.exe BLUETEAM\ezk tasklist 1384 10676,benign
tasklist.exe,4132,RegQueryKey,HKCR\CLSID\{EB87E1BD-3233-11D2-AEC9-00C04FB68820},SUCCESS,Query: Name,4/14/2022 12:40:52 PM,Registry,C:\Windows\system32\tasklist.exe,BLUETEAM\ezk,tasklist,1384,10676,tasklist.exe 4132 RegQueryKey HKCR\CLSID\{EB87E1BD-3233-11D2-AEC9-00C04FB68820} SUCCESS Query: Name 4/14/2022 12:40:52 PM Registry C:\Windows\system32\tasklist.exe BLUETEAM\ezk tasklist 1384 10676,benign
tasklist.exe,4132,RegQueryValue,HKCR\CLSID\{EB87E1BD-3233-11D2-AEC9-00C04FB68820}\ActivateOnHostFlags,NAME NOT FOUND,Length: 16,4/14/2022 12:40:52 PM,Registry,C:\Windows\system32\tasklist.exe,BLUETEAM\ezk,tasklist,1384,10676,tasklist.exe 4132 RegQueryValue HKCR\CLSID\{EB87E1BD-3233-11D2-AEC9-00C04FB68820}\ActivateOnHostFlags NAME NOT FOUND Length: 16 4/14/2022 12:40:52 PM Registry C:\Windows\system32\tasklist.exe BLUETEAM\ezk tasklist 1384 10676,benign
tasklist.exe,4132,RegQueryValue,HKCR\CLSID\{EB87E1BD-3233-11D2-AEC9-00C04FB68820}\(Default),BUFFER OVERFLOW,Length: 12,4/14/2022 12:40:52 PM,Registry,C:\Windows\system32\tasklist.exe,BLUETEAM\ezk,tasklist,1384,10676,tasklist.exe 4132 RegQueryValue HKCR\CLSID\{EB87E1BD-3233-11D2-AEC9-00C04FB68820}\(Default) BUFFER OVERFLOW Length: 12 4/14/2022 12:40:52 PM Registry C:\Windows\system32\tasklist.exe BLUETEAM\ezk tasklist 1384 10676,benign
tasklist.exe,4132,RegQueryValue,HKCR\CLSID\{EB87E1BD-3233-11D2-AEC9-00C04FB68820}\(Default),SUCCESS,"Type: REG_SZ, Length: 30, Data: WbemStatusCode",4/14/2022 12:40:52 PM,Registry,C:\Windows\system32\tasklist.exe,BLUETEAM\ezk,tasklist,1384,10676,"tasklist.exe 4132 RegQueryValue HKCR\CLSID\{EB87E1BD-3233-11D2-AEC9-00C04FB68820}\(Default) SUCCESS Type: REG_SZ, Length: 30, Data: WbemStatusCode 4/14/2022 12:40:52 PM Registry C:\Windows\system32\tasklist.exe BLUETEAM\ezk tasklist 1384 10676",benign
tasklist.exe,4132,RegQueryKey,HKCR\CLSID\{EB87E1BD-3233-11D2-AEC9-00C04FB68820},SUCCESS,"Query: HandleTags, HandleTags: 0x0",4/14/2022 12:40:52 PM,Registry,C:\Windows\system32\tasklist.exe,BLUETEAM\ezk,tasklist,1384,10676,"tasklist.exe 4132 RegQueryKey HKCR\CLSID\{EB87E1BD-3233-11D2-AEC9-00C04FB68820} SUCCESS Query: HandleTags, HandleTags: 0x0 4/14/2022 12:40:52 PM Registry C:\Windows\system32\tasklist.exe BLUETEAM\ezk tasklist 1384 10676",benign
tasklist.exe,4132,RegOpenKey,HKCR\CLSID\{EB87E1BD-3233-11D2-AEC9-00C04FB68820}\InprocServer32,SUCCESS,Desired Access: Read,4/14/2022 12:40:52 PM,Registry,C:\Windows\system32\tasklist.exe,BLUETEAM\ezk,tasklist,1384,10676,tasklist.exe 4132 RegOpenKey HKCR\CLSID\{EB87E1BD-3233-11D2-AEC9-00C04FB68820}\InprocServer32 SUCCESS Desired Access: Read 4/14/2022 12:40:52 PM Registry C:\Windows\system32\tasklist.exe BLUETEAM\ezk tasklist 1384 10676,benign
tasklist.exe,4132,RegQueryValue,HKCR\CLSID\{EB87E1BD-3233-11D2-AEC9-00C04FB68820}\InprocServer32\InprocServer32,NAME NOT FOUND,Length: 12,4/14/2022 12:40:52 PM,Registry,C:\Windows\system32\tasklist.exe,BLUETEAM\ezk,tasklist,1384,10676,tasklist.exe 4132 RegQueryValue HKCR\CLSID\{EB87E1BD-3233-11D2-AEC9-00C04FB68820}\InprocServer32\InprocServer32 NAME NOT FOUND Length: 12 4/14/2022 12:40:52 PM Registry C:\Windows\system32\tasklist.exe BLUETEAM\ezk tasklist 1384 10676,benign
tasklist.exe,4132,RegQueryValue,HKCR\CLSID\{EB87E1BD-3233-11D2-AEC9-00C04FB68820}\InprocServer32\(Default),BUFFER OVERFLOW,Length: 12,4/14/2022 12:40:52 PM,Registry,C:\Windows\system32\tasklist.exe,BLUETEAM\ezk,tasklist,1384,10676,tasklist.exe 4132 RegQueryValue HKCR\CLSID\{EB87E1BD-3233-11D2-AEC9-00C04FB68820}\InprocServer32\(Default) BUFFER OVERFLOW Length: 12 4/14/2022 12:40:52 PM Registry C:\Windows\system32\tasklist.exe BLUETEAM\ezk tasklist 1384 10676,benign
tasklist.exe,4132,RegQueryValue,HKCR\CLSID\{EB87E1BD-3233-11D2-AEC9-00C04FB68820}\InprocServer32\(Default),SUCCESS,"Type: REG_EXPAND_SZ, Length: 80, Data: %systemroot%\system32\wbem\wmiutils.dll",4/14/2022 12:40:52 PM,Registry,C:\Windows\system32\tasklist.exe,BLUETEAM\ezk,tasklist,1384,10676,"tasklist.exe 4132 RegQueryValue HKCR\CLSID\{EB87E1BD-3233-11D2-AEC9-00C04FB68820}\InprocServer32\(Default) SUCCESS Type: REG_EXPAND_SZ, Length: 80, Data: %systemroot%\system32\wbem\wmiutils.dll 4/14/2022 12:40:52 PM Registry C:\Windows\system32\tasklist.exe BLUETEAM\ezk tasklist 1384 10676",benign
tasklist.exe,4132,RegQueryValue,HKCR\CLSID\{EB87E1BD-3233-11D2-AEC9-00C04FB68820}\InprocServer32\(Default),SUCCESS,"Type: REG_EXPAND_SZ, Length: 80, Data: %systemroot%\system32\wbem\wmiutils.dll",4/14/2022 12:40:52 PM,Registry,C:\Windows\system32\tasklist.exe,BLUETEAM\ezk,tasklist,1384,10676,"tasklist.exe 4132 RegQueryValue HKCR\CLSID\{EB87E1BD-3233-11D2-AEC9-00C04FB68820}\InprocServer32\(Default) SUCCESS Type: REG_EXPAND_SZ, Length: 80, Data: %systemroot%\system32\wbem\wmiutils.dll 4/14/2022 12:40:52 PM Registry C:\Windows\system32\tasklist.exe BLUETEAM\ezk tasklist 1384 10676",benign
tasklist.exe,4132,RegQueryValue,HKCR\CLSID\{EB87E1BD-3233-11D2-AEC9-00C04FB68820}\InprocServer32\ThreadingModel,SUCCESS,"Type: REG_SZ, Length: 10, Data: Both",4/14/2022 12:40:52 PM,Registry,C:\Windows\system32\tasklist.exe,BLUETEAM\ezk,tasklist,1384,10676,"tasklist.exe 4132 RegQueryValue HKCR\CLSID\{EB87E1BD-3233-11D2-AEC9-00C04FB68820}\InprocServer32\ThreadingModel SUCCESS Type: REG_SZ, Length: 10, Data: Both 4/14/2022 12:40:52 PM Registry C:\Windows\system32\tasklist.exe BLUETEAM\ezk tasklist 1384 10676",benign
tasklist.exe,4132,RegCloseKey,HKCR\CLSID\{EB87E1BD-3233-11D2-AEC9-00C04FB68820}\InprocServer32,SUCCESS,,4/14/2022 12:40:52 PM,Registry,C:\Windows\system32\tasklist.exe,BLUETEAM\ezk,tasklist,1384,10676,tasklist.exe 4132 RegCloseKey HKCR\CLSID\{EB87E1BD-3233-11D2-AEC9-00C04FB68820}\InprocServer32 SUCCESS None 4/14/2022 12:40:52 PM Registry C:\Windows\system32\tasklist.exe BLUETEAM\ezk tasklist 1384 10676,benign
tasklist.exe,4132,RegQueryKey,HKCR\CLSID\{EB87E1BD-3233-11D2-AEC9-00C04FB68820},SUCCESS,"Query: HandleTags, HandleTags: 0x0",4/14/2022 12:40:52 PM,Registry,C:\Windows\system32\tasklist.exe,BLUETEAM\ezk,tasklist,1384,10676,"tasklist.exe 4132 RegQueryKey HKCR\CLSID\{EB87E1BD-3233-11D2-AEC9-00C04FB68820} SUCCESS Query: HandleTags, HandleTags: 0x0 4/14/2022 12:40:52 PM Registry C:\Windows\system32\tasklist.exe BLUETEAM\ezk tasklist 1384 10676",benign
tasklist.exe,4132,RegCloseKey,HKCR\CLSID\{EB87E1BD-3233-11D2-AEC9-00C04FB68820},SUCCESS,,4/14/2022 12:40:52 PM,Registry,C:\Windows\system32\tasklist.exe,BLUETEAM\ezk,tasklist,1384,10676,tasklist.exe 4132 RegCloseKey HKCR\CLSID\{EB87E1BD-3233-11D2-AEC9-00C04FB68820} SUCCESS None 4/14/2022 12:40:52 PM Registry C:\Windows\system32\tasklist.exe BLUETEAM\ezk tasklist 1384 10676,benign
tasklist.exe,4132,RegCloseKey,HKCR\CLSID\{EB87E1BD-3233-11D2-AEC9-00C04FB68820},SUCCESS,,4/14/2022 12:40:52 PM,Registry,C:\Windows\system32\tasklist.exe,BLUETEAM\ezk,tasklist,1384,10676,tasklist.exe 4132 RegCloseKey HKCR\CLSID\{EB87E1BD-3233-11D2-AEC9-00C04FB68820} SUCCESS None 4/14/2022 12:40:52 PM Registry C:\Windows\system32\tasklist.exe BLUETEAM\ezk tasklist 1384 10676,benign
tasklist.exe,4132,RegOpenKey,HKCR\CLSID\{EB87E1BD-3233-11D2-AEC9-00C04FB68820}\Elevation,NAME NOT FOUND,Desired Access: Read,4/14/2022 12:40:52 PM,Registry,C:\Windows\system32\tasklist.exe,BLUETEAM\ezk,tasklist,1384,10676,tasklist.exe 4132 RegOpenKey HKCR\CLSID\{EB87E1BD-3233-11D2-AEC9-00C04FB68820}\Elevation NAME NOT FOUND Desired Access: Read 4/14/2022 12:40:52 PM Registry C:\Windows\system32\tasklist.exe BLUETEAM\ezk tasklist 1384 10676,benign
tasklist.exe,4132,RegQueryKey,HKCR\CLSID\{EB87E1BD-3233-11D2-AEC9-00C04FB68820},SUCCESS,"Query: HandleTags, HandleTags: 0x0",4/14/2022 12:40:52 PM,Registry,C:\Windows\system32\tasklist.exe,BLUETEAM\ezk,tasklist,1384,10676,"tasklist.exe 4132 RegQueryKey HKCR\CLSID\{EB87E1BD-3233-11D2-AEC9-00C04FB68820} SUCCESS Query: HandleTags, HandleTags: 0x0 4/14/2022 12:40:52 PM Registry C:\Windows\system32\tasklist.exe BLUETEAM\ezk tasklist 1384 10676",benign
tasklist.exe,4132,RegOpenKey,HKCR\CLSID\{EB87E1BD-3233-11D2-AEC9-00C04FB68820},SUCCESS,Desired Access: Read,4/14/2022 12:40:52 PM,Registry,C:\Windows\system32\tasklist.exe,BLUETEAM\ezk,tasklist,1384,10676,tasklist.exe 4132 RegOpenKey HKCR\CLSID\{EB87E1BD-3233-11D2-AEC9-00C04FB68820} SUCCESS Desired Access: Read 4/14/2022 12:40:52 PM Registry C:\Windows\system32\tasklist.exe BLUETEAM\ezk tasklist 1384 10676,benign
tasklist.exe,4132,RegQueryKey,HKCR,SUCCESS,"Query: HandleTags, HandleTags: 0x0",4/14/2022 12:40:52 PM,Registry,C:\Windows\system32\tasklist.exe,BLUETEAM\ezk,tasklist,1384,10676,"tasklist.exe 4132 RegQueryKey HKCR SUCCESS Query: HandleTags, HandleTags: 0x0 4/14/2022 12:40:52 PM Registry C:\Windows\system32\tasklist.exe BLUETEAM\ezk tasklist 1384 10676",benign
tasklist.exe,4132,RegOpenKey,HKCR\CLSID\{EB87E1BD-3233-11D2-AEC9-00C04FB68820},SUCCESS,Desired Access: Read,4/14/2022 12:40:52 PM,Registry,C:\Windows\system32\tasklist.exe,BLUETEAM\ezk,tasklist,1384,10676,tasklist.exe 4132 RegOpenKey HKCR\CLSID\{EB87E1BD-3233-11D2-AEC9-00C04FB68820} SUCCESS Desired Access: Read 4/14/2022 12:40:52 PM Registry C:\Windows\system32\tasklist.exe BLUETEAM\ezk tasklist 1384 10676,benign
tasklist.exe,4132,RegOpenKey,HKCR\CLSID\{EB87E1BD-3233-11D2-AEC9-00C04FB68820}\LocalServer,NAME NOT FOUND,Desired Access: Query Value,4/14/2022 12:40:52 PM,Registry,C:\Windows\system32\tasklist.exe,BLUETEAM\ezk,tasklist,1384,10676,tasklist.exe 4132 RegOpenKey HKCR\CLSID\{EB87E1BD-3233-11D2-AEC9-00C04FB68820}\LocalServer NAME NOT FOUND Desired Access: Query Value 4/14/2022 12:40:52 PM Registry C:\Windows\system32\tasklist.exe BLUETEAM\ezk tasklist 1384 10676,benign
tasklist.exe,4132,RegQueryValue,HKCR\CLSID\{EB87E1BD-3233-11D2-AEC9-00C04FB68820}\AppID,NAME NOT FOUND,Length: 112,4/14/2022 12:40:52 PM,Registry,C:\Windows\system32\tasklist.exe,BLUETEAM\ezk,tasklist,1384,10676,tasklist.exe 4132 RegQueryValue HKCR\CLSID\{EB87E1BD-3233-11D2-AEC9-00C04FB68820}\AppID NAME NOT FOUND Length: 112 4/14/2022 12:40:52 PM Registry C:\Windows\system32\tasklist.exe BLUETEAM\ezk tasklist 1384 10676,benign
tasklist.exe,4132,RegOpenKey,HKCR\CLSID\{EB87E1BD-3233-11D2-AEC9-00C04FB68820}\LocalServer32,NAME NOT FOUND,Desired Access: Read,4/14/2022 12:40:52 PM,Registry,C:\Windows\system32\tasklist.exe,BLUETEAM\ezk,tasklist,1384,10676,tasklist.exe 4132 RegOpenKey HKCR\CLSID\{EB87E1BD-3233-11D2-AEC9-00C04FB68820}\LocalServer32 NAME NOT FOUND Desired Access: Read 4/14/2022 12:40:52 PM Registry C:\Windows\system32\tasklist.exe BLUETEAM\ezk tasklist 1384 10676,benign
tasklist.exe,4132,RegQueryKey,HKCR\CLSID\{EB87E1BD-3233-11D2-AEC9-00C04FB68820},SUCCESS,"Query: HandleTags, HandleTags: 0x0",4/14/2022 12:40:52 PM,Registry,C:\Windows\system32\tasklist.exe,BLUETEAM\ezk,tasklist,1384,10676,"tasklist.exe 4132 RegQueryKey HKCR\CLSID\{EB87E1BD-3233-11D2-AEC9-00C04FB68820} SUCCESS Query: HandleTags, HandleTags: 0x0 4/14/2022 12:40:52 PM Registry C:\Windows\system32\tasklist.exe BLUETEAM\ezk tasklist 1384 10676",benign
tasklist.exe,4132,RegOpenKey,HKCR\CLSID\{EB87E1BD-3233-11D2-AEC9-00C04FB68820}\InprocHandler,NAME NOT FOUND,Desired Access: Query Value,4/14/2022 12:40:52 PM,Registry,C:\Windows\system32\tasklist.exe,BLUETEAM\ezk,tasklist,1384,10676,tasklist.exe 4132 RegOpenKey HKCR\CLSID\{EB87E1BD-3233-11D2-AEC9-00C04FB68820}\InprocHandler NAME NOT FOUND Desired Access: Query Value 4/14/2022 12:40:52 PM Registry C:\Windows\system32\tasklist.exe BLUETEAM\ezk tasklist 1384 10676,benign
tasklist.exe,4132,RegQueryKey,HKCR\CLSID\{EB87E1BD-3233-11D2-AEC9-00C04FB68820},SUCCESS,"Query: HandleTags, HandleTags: 0x0",4/14/2022 12:40:52 PM,Registry,C:\Windows\system32\tasklist.exe,BLUETEAM\ezk,tasklist,1384,10676,"tasklist.exe 4132 RegQueryKey HKCR\CLSID\{EB87E1BD-3233-11D2-AEC9-00C04FB68820} SUCCESS Query: HandleTags, HandleTags: 0x0 4/14/2022 12:40:52 PM Registry C:\Windows\system32\tasklist.exe BLUETEAM\ezk tasklist 1384 10676",benign
tasklist.exe,4132,RegOpenKey,HKCR\CLSID\{EB87E1BD-3233-11D2-AEC9-00C04FB68820}\InprocHandler32,NAME NOT FOUND,Desired Access: Query Value,4/14/2022 12:40:52 PM,Registry,C:\Windows\system32\tasklist.exe,BLUETEAM\ezk,tasklist,1384,10676,tasklist.exe 4132 RegOpenKey HKCR\CLSID\{EB87E1BD-3233-11D2-AEC9-00C04FB68820}\InprocHandler32 NAME NOT FOUND Desired Access: Query Value 4/14/2022 12:40:52 PM Registry C:\Windows\system32\tasklist.exe BLUETEAM\ezk tasklist 1384 10676,benign
tasklist.exe,4132,RegQueryKey,HKCR\CLSID\{EB87E1BD-3233-11D2-AEC9-00C04FB68820},SUCCESS,"Query: HandleTags, HandleTags: 0x0",4/14/2022 12:40:52 PM,Registry,C:\Windows\system32\tasklist.exe,BLUETEAM\ezk,tasklist,1384,10676,"tasklist.exe 4132 RegQueryKey HKCR\CLSID\{EB87E1BD-3233-11D2-AEC9-00C04FB68820} SUCCESS Query: HandleTags, HandleTags: 0x0 4/14/2022 12:40:52 PM Registry C:\Windows\system32\tasklist.exe BLUETEAM\ezk tasklist 1384 10676",benign
tasklist.exe,4132,CloseFile,C:\Windows\Temp,SUCCESS,,4/14/2022 12:40:52 PM,File System,C:\Windows\system32\tasklist.exe,BLUETEAM\ezk,tasklist,1384,10676,tasklist.exe 4132 CloseFile C:\Windows\Temp SUCCESS None 4/14/2022 12:40:52 PM File System C:\Windows\system32\tasklist.exe BLUETEAM\ezk tasklist 1384 10676,benign
tasklist.exe,4132,RegQueryKey,HKCR,SUCCESS,"Query: HandleTags, HandleTags: 0x0",4/14/2022 12:40:52 PM,Registry,C:\Windows\system32\tasklist.exe,BLUETEAM\ezk,tasklist,1384,10676,"tasklist.exe 4132 RegQueryKey HKCR SUCCESS Query: HandleTags, HandleTags: 0x0 4/14/2022 12:40:52 PM Registry C:\Windows\system32\tasklist.exe BLUETEAM\ezk tasklist 1384 10676",benign
tasklist.exe,4132,RegOpenKey,HKCR\CLSID\{1B1CAD8C-2DAB-11D2-B604-00104B703EFD}\InprocHandler,NAME NOT FOUND,Desired Access: Query Value,4/14/2022 12:40:52 PM,Registry,C:\Windows\system32\tasklist.exe,BLUETEAM\ezk,tasklist,1384,10676,tasklist.exe 4132 RegOpenKey HKCR\CLSID\{1B1CAD8C-2DAB-11D2-B604-00104B703EFD}\InprocHandler NAME NOT FOUND Desired Access: Query Value 4/14/2022 12:40:52 PM Registry C:\Windows\system32\tasklist.exe BLUETEAM\ezk tasklist 1384 10676,benign
tasklist.exe,4132,RegQueryKey,HKLM,SUCCESS,"Query: HandleTags, HandleTags: 0x0",4/14/2022 12:40:52 PM,Registry,C:\Windows\system32\tasklist.exe,BLUETEAM\ezk,tasklist,1384,10676,"tasklist.exe 4132 RegQueryKey HKLM SUCCESS Query: HandleTags, HandleTags: 0x0 4/14/2022 12:40:52 PM Registry C:\Windows\system32\tasklist.exe BLUETEAM\ezk tasklist 1384 10676",benign
tasklist.exe,4132,RegOpenKey,HKLM\Software\Microsoft\AMSI,SUCCESS,Desired Access: Query Value,4/14/2022 12:40:52 PM,Registry,C:\Windows\system32\tasklist.exe,BLUETEAM\ezk,tasklist,1384,10676,tasklist.exe 4132 RegOpenKey HKLM\Software\Microsoft\AMSI SUCCESS Desired Access: Query Value 4/14/2022 12:40:52 PM Registry C:\Windows\system32\tasklist.exe BLUETEAM\ezk tasklist 1384 10676,benign
tasklist.exe,4132,RegQueryValue,HKLM\SOFTWARE\Microsoft\AMSI\FeatureBits,SUCCESS,"Type: REG_DWORD, Length: 4, Data: 1",4/14/2022 12:40:52 PM,Registry,C:\Windows\system32\tasklist.exe,BLUETEAM\ezk,tasklist,1384,10676,"tasklist.exe 4132 RegQueryValue HKLM\SOFTWARE\Microsoft\AMSI\FeatureBits SUCCESS Type: REG_DWORD, Length: 4, Data: 1 4/14/2022 12:40:52 PM Registry C:\Windows\system32\tasklist.exe BLUETEAM\ezk tasklist 1384 10676",benign
tasklist.exe,4132,RegCloseKey,HKLM\SOFTWARE\Microsoft\AMSI,SUCCESS,,4/14/2022 12:40:52 PM,Registry,C:\Windows\system32\tasklist.exe,BLUETEAM\ezk,tasklist,1384,10676,tasklist.exe 4132 RegCloseKey HKLM\SOFTWARE\Microsoft\AMSI SUCCESS None 4/14/2022 12:40:52 PM Registry C:\Windows\system32\tasklist.exe BLUETEAM\ezk tasklist 1384 10676,benign
tasklist.exe,4132,CreateFile,C:\ProgramData\Microsoft\Windows Defender\Platform\4.18.2109.6-0\MpOAV.dll,SUCCESS,"Desired Access: Generic Read, Disposition: Open, Options: Synchronous IO Non-Alert, Non-Directory File, Attributes: N, ShareMode: Read, AllocationSize: n/a, OpenResult: Opened",4/14/2022 12:40:52 PM,File System,C:\Windows\system32\tasklist.exe,BLUETEAM\ezk,tasklist,1384,10676,"tasklist.exe 4132 CreateFile C:\ProgramData\Microsoft\Windows Defender\Platform\4.18.2109.6-0\MpOAV.dll SUCCESS Desired Access: Generic Read, Disposition: Open, Options: Synchronous IO Non-Alert, Non-Directory File, Attributes: N, ShareMode: Read, AllocationSize: n/a, OpenResult: Opened 4/14/2022 12:40:52 PM File System C:\Windows\system32\tasklist.exe BLUETEAM\ezk tasklist 1384 10676",benign
tasklist.exe,4132,CloseFile,C:\ProgramData\Microsoft\Windows Defender\Platform\4.18.2109.6-0\MpOAV.dll,SUCCESS,,4/14/2022 12:40:52 PM,File System,C:\Windows\system32\tasklist.exe,BLUETEAM\ezk,tasklist,1384,10676,tasklist.exe 4132 CloseFile C:\ProgramData\Microsoft\Windows Defender\Platform\4.18.2109.6-0\MpOAV.dll SUCCESS None 4/14/2022 12:40:52 PM File System C:\Windows\system32\tasklist.exe BLUETEAM\ezk tasklist 1384 10676,benign
tasklist.exe,4132,CreateFile,C:\ProgramData\Microsoft\Windows Defender\Platform\4.18.2109.6-0\MpOAV.dll,SUCCESS,"Desired Access: Read Attributes, Disposition: Open, Options: Open Reparse Point, Attributes: n/a, ShareMode: Read, Write, Delete, AllocationSize: n/a, OpenResult: Opened",4/14/2022 12:40:52 PM,File System,C:\Windows\system32\tasklist.exe,BLUETEAM\ezk,tasklist,1384,10676,"tasklist.exe 4132 CreateFile C:\ProgramData\Microsoft\Windows Defender\Platform\4.18.2109.6-0\MpOAV.dll SUCCESS Desired Access: Read Attributes, Disposition: Open, Options: Open Reparse Point, Attributes: n/a, ShareMode: Read, Write, Delete, AllocationSize: n/a, OpenResult: Opened 4/14/2022 12:40:52 PM File System C:\Windows\system32\tasklist.exe BLUETEAM\ezk tasklist 1384 10676",benign
tasklist.exe,4132,QueryBasicInformationFile,C:\ProgramData\Microsoft\Windows Defender\Platform\4.18.2109.6-0\MpOAV.dll,SUCCESS,"CreationTime: 10/15/2021 2:16:35 PM, LastAccessTime: 4/14/2022 12:38:58 PM, LastWriteTime: 10/15/2021 2:16:28 PM, ChangeTime: 10/15/2021 2:48:24 PM, FileAttributes: ANCI",4/14/2022 12:40:52 PM,File System,C:\Windows\system32\tasklist.exe,BLUETEAM\ezk,tasklist,1384,10676,"tasklist.exe 4132 QueryBasicInformationFile C:\ProgramData\Microsoft\Windows Defender\Platform\4.18.2109.6-0\MpOAV.dll SUCCESS CreationTime: 10/15/2021 2:16:35 PM, LastAccessTime: 4/14/2022 12:38:58 PM, LastWriteTime: 10/15/2021 2:16:28 PM, ChangeTime: 10/15/2021 2:48:24 PM, FileAttributes: ANCI 4/14/2022 12:40:52 PM File System C:\Windows\system32\tasklist.exe BLUETEAM\ezk tasklist 1384 10676",benign
tasklist.exe,4132,CloseFile,C:\ProgramData\Microsoft\Windows Defender\Platform\4.18.2109.6-0\MpOAV.dll,SUCCESS,,4/14/2022 12:40:52 PM,File System,C:\Windows\system32\tasklist.exe,BLUETEAM\ezk,tasklist,1384,10676,tasklist.exe 4132 CloseFile C:\ProgramData\Microsoft\Windows Defender\Platform\4.18.2109.6-0\MpOAV.dll SUCCESS None 4/14/2022 12:40:52 PM File System C:\Windows\system32\tasklist.exe BLUETEAM\ezk tasklist 1384 10676,benign
tasklist.exe,4132,CreateFile,C:\ProgramData\Microsoft\Windows Defender\Platform\4.18.2109.6-0\MpOAV.dll,SUCCESS,"Desired Access: Read Data/List Directory, Execute/Traverse, Synchronize, Disposition: Open, Options: Synchronous IO Non-Alert, Non-Directory File, Attributes: n/a, ShareMode: Read, Delete, AllocationSize: n/a, OpenResult: Opened",4/14/2022 12:40:52 PM,File System,C:\Windows\system32\tasklist.exe,BLUETEAM\ezk,tasklist,1384,10676,"tasklist.exe 4132 CreateFile C:\ProgramData\Microsoft\Windows Defender\Platform\4.18.2109.6-0\MpOAV.dll SUCCESS Desired Access: Read Data/List Directory, Execute/Traverse, Synchronize, Disposition: Open, Options: Synchronous IO Non-Alert, Non-Directory File, Attributes: n/a, ShareMode: Read, Delete, AllocationSize: n/a, OpenResult: Opened 4/14/2022 12:40:52 PM File System C:\Windows\system32\tasklist.exe BLUETEAM\ezk tasklist 1384 10676",benign
tasklist.exe,4132,CloseFile,C:\ProgramData\Microsoft\Windows Defender\Platform\4.18.2109.6-0\MpOAV.dll,SUCCESS,,4/14/2022 12:40:52 PM,File System,C:\Windows\system32\tasklist.exe,BLUETEAM\ezk,tasklist,1384,10676,tasklist.exe 4132 CloseFile C:\ProgramData\Microsoft\Windows Defender\Platform\4.18.2109.6-0\MpOAV.dll SUCCESS None 4/14/2022 12:40:52 PM File System C:\Windows\system32\tasklist.exe BLUETEAM\ezk tasklist 1384 10676,benign
tasklist.exe,4132,RegQueryKey,HKLM,SUCCESS,"Query: HandleTags, HandleTags: 0x0",4/14/2022 12:40:52 PM,Registry,C:\Windows\system32\tasklist.exe,BLUETEAM\ezk,tasklist,1384,10676,"tasklist.exe 4132 RegQueryKey HKLM SUCCESS Query: HandleTags, HandleTags: 0x0 4/14/2022 12:40:52 PM Registry C:\Windows\system32\tasklist.exe BLUETEAM\ezk tasklist 1384 10676",benign
tasklist.exe,4132,RegOpenKey,HKLM\Software\Microsoft\OLE\Tracing,NAME NOT FOUND,Desired Access: Read,4/14/2022 12:40:52 PM,Registry,C:\Windows\system32\tasklist.exe,BLUETEAM\ezk,tasklist,1384,10676,tasklist.exe 4132 RegOpenKey HKLM\Software\Microsoft\OLE\Tracing NAME NOT FOUND Desired Access: Read 4/14/2022 12:40:52 PM Registry C:\Windows\system32\tasklist.exe BLUETEAM\ezk tasklist 1384 10676,benign
tasklist.exe,4132,CreateFile,C:\Windows\System32\version.dll,SUCCESS,"Desired Access: Read Attributes, Disposition: Open, Options: Open Reparse Point, Attributes: n/a, ShareMode: Read, Write, Delete, AllocationSize: n/a, OpenResult: Opened",4/14/2022 12:40:52 PM,File System,C:\Windows\system32\tasklist.exe,BLUETEAM\ezk,tasklist,1384,10676,"tasklist.exe 4132 CreateFile C:\Windows\System32\version.dll SUCCESS Desired Access: Read Attributes, Disposition: Open, Options: Open Reparse Point, Attributes: n/a, ShareMode: Read, Write, Delete, AllocationSize: n/a, OpenResult: Opened 4/14/2022 12:40:52 PM File System C:\Windows\system32\tasklist.exe BLUETEAM\ezk tasklist 1384 10676",benign
tasklist.exe,4132,RegCloseKey,HKLM\SOFTWARE\Microsoft\Windows\CurrentVersion,SUCCESS,,4/14/2022 12:40:52 PM,Registry,C:\Windows\system32\tasklist.exe,BLUETEAM\ezk,tasklist,1384,10676,tasklist.exe 4132 RegCloseKey HKLM\SOFTWARE\Microsoft\Windows\CurrentVersion SUCCESS None 4/14/2022 12:40:52 PM Registry C:\Windows\system32\tasklist.exe BLUETEAM\ezk tasklist 1384 10676,benign
tasklist.exe,4132,QueryBasicInformationFile,C:\Windows\System32\version.dll,SUCCESS,"CreationTime: 9/22/2021 5:22:25 PM, LastAccessTime: 4/14/2022 12:40:52 PM, LastWriteTime: 9/22/2021 5:22:25 PM, ChangeTime: 10/15/2021 2:25:23 PM, FileAttributes: A",4/14/2022 12:40:52 PM,File System,C:\Windows\system32\tasklist.exe,BLUETEAM\ezk,tasklist,1384,10676,"tasklist.exe 4132 QueryBasicInformationFile C:\Windows\System32\version.dll SUCCESS CreationTime: 9/22/2021 5:22:25 PM, LastAccessTime: 4/14/2022 12:40:52 PM, LastWriteTime: 9/22/2021 5:22:25 PM, ChangeTime: 10/15/2021 2:25:23 PM, FileAttributes: A 4/14/2022 12:40:52 PM File System C:\Windows\system32\tasklist.exe BLUETEAM\ezk tasklist 1384 10676",benign
tasklist.exe,4132,RegCloseKey,HKLM\SOFTWARE\Microsoft\AMSI\Providers,SUCCESS,,4/14/2022 12:40:52 PM,Registry,C:\Windows\system32\tasklist.exe,BLUETEAM\ezk,tasklist,1384,10676,tasklist.exe 4132 RegCloseKey HKLM\SOFTWARE\Microsoft\AMSI\Providers SUCCESS None 4/14/2022 12:40:52 PM Registry C:\Windows\system32\tasklist.exe BLUETEAM\ezk tasklist 1384 10676,benign
tasklist.exe,4132,RegQueryKey,HKCR,SUCCESS,"Query: HandleTags, HandleTags: 0x0",4/14/2022 12:40:52 PM,Registry,C:\Windows\system32\tasklist.exe,BLUETEAM\ezk,tasklist,1384,10676,"tasklist.exe 4132 RegQueryKey HKCR SUCCESS Query: HandleTags, HandleTags: 0x0 4/14/2022 12:40:52 PM Registry C:\Windows\system32\tasklist.exe BLUETEAM\ezk tasklist 1384 10676",benign
tasklist.exe,4132,RegOpenKey,HKCR\CLSID\{E7D35CFA-348B-485E-B524-252725D697CA},SUCCESS,Desired Access: Read,4/14/2022 12:40:52 PM,Registry,C:\Windows\system32\tasklist.exe,BLUETEAM\ezk,tasklist,1384,10676,tasklist.exe 4132 RegOpenKey HKCR\CLSID\{E7D35CFA-348B-485E-B524-252725D697CA} SUCCESS Desired Access: Read 4/14/2022 12:40:52 PM Registry C:\Windows\system32\tasklist.exe BLUETEAM\ezk tasklist 1384 10676,benign
tasklist.exe,4132,RegQueryKey,HKCR\CLSID\{E7D35CFA-348B-485E-B524-252725D697CA},SUCCESS,"Query: HandleTags, HandleTags: 0x0",4/14/2022 12:40:52 PM,Registry,C:\Windows\system32\tasklist.exe,BLUETEAM\ezk,tasklist,1384,10676,"tasklist.exe 4132 RegQueryKey HKCR\CLSID\{E7D35CFA-348B-485E-B524-252725D697CA} SUCCESS Query: HandleTags, HandleTags: 0x0 4/14/2022 12:40:52 PM Registry C:\Windows\system32\tasklist.exe BLUETEAM\ezk tasklist 1384 10676",benign
tasklist.exe,4132,RegOpenKey,HKCR\CLSID\{E7D35CFA-348B-485E-B524-252725D697CA}\TreatAs,NAME NOT FOUND,Desired Access: Query Value,4/14/2022 12:40:52 PM,Registry,C:\Windows\system32\tasklist.exe,BLUETEAM\ezk,tasklist,1384,10676,tasklist.exe 4132 RegOpenKey HKCR\CLSID\{E7D35CFA-348B-485E-B524-252725D697CA}\TreatAs NAME NOT FOUND Desired Access: Query Value 4/14/2022 12:40:52 PM Registry C:\Windows\system32\tasklist.exe BLUETEAM\ezk tasklist 1384 10676,benign
tasklist.exe,4132,RegQueryKey,HKCR\CLSID\{E7D35CFA-348B-485E-B524-252725D697CA},SUCCESS,Query: Name,4/14/2022 12:40:52 PM,Registry,C:\Windows\system32\tasklist.exe,BLUETEAM\ezk,tasklist,1384,10676,tasklist.exe 4132 RegQueryKey HKCR\CLSID\{E7D35CFA-348B-485E-B524-252725D697CA} SUCCESS Query: Name 4/14/2022 12:40:52 PM Registry C:\Windows\system32\tasklist.exe BLUETEAM\ezk tasklist 1384 10676,benign
tasklist.exe,4132,RegQueryValue,HKCR\CLSID\{E7D35CFA-348B-485E-B524-252725D697CA}\ActivateOnHostFlags,NAME NOT FOUND,Length: 16,4/14/2022 12:40:52 PM,Registry,C:\Windows\system32\tasklist.exe,BLUETEAM\ezk,tasklist,1384,10676,tasklist.exe 4132 RegQueryValue HKCR\CLSID\{E7D35CFA-348B-485E-B524-252725D697CA}\ActivateOnHostFlags NAME NOT FOUND Length: 16 4/14/2022 12:40:52 PM Registry C:\Windows\system32\tasklist.exe BLUETEAM\ezk tasklist 1384 10676,benign
tasklist.exe,4132,RegQueryValue,HKCR\CLSID\{E7D35CFA-348B-485E-B524-252725D697CA}\(Default),BUFFER OVERFLOW,Length: 12,4/14/2022 12:40:52 PM,Registry,C:\Windows\system32\tasklist.exe,BLUETEAM\ezk,tasklist,1384,10676,tasklist.exe 4132 RegQueryValue HKCR\CLSID\{E7D35CFA-348B-485E-B524-252725D697CA}\(Default) BUFFER OVERFLOW Length: 12 4/14/2022 12:40:52 PM Registry C:\Windows\system32\tasklist.exe BLUETEAM\ezk tasklist 1384 10676,benign
tasklist.exe,4132,RegQueryValue,HKCR\CLSID\{E7D35CFA-348B-485E-B524-252725D697CA}\(Default),SUCCESS,"Type: REG_SZ, Length: 32, Data: PSFactoryBuffer",4/14/2022 12:40:52 PM,Registry,C:\Windows\system32\tasklist.exe,BLUETEAM\ezk,tasklist,1384,10676,"tasklist.exe 4132 RegQueryValue HKCR\CLSID\{E7D35CFA-348B-485E-B524-252725D697CA}\(Default) SUCCESS Type: REG_SZ, Length: 32, Data: PSFactoryBuffer 4/14/2022 12:40:52 PM Registry C:\Windows\system32\tasklist.exe BLUETEAM\ezk tasklist 1384 10676",benign
tasklist.exe,4132,RegQueryKey,HKCR\CLSID\{E7D35CFA-348B-485E-B524-252725D697CA},SUCCESS,"Query: HandleTags, HandleTags: 0x0",4/14/2022 12:40:52 PM,Registry,C:\Windows\system32\tasklist.exe,BLUETEAM\ezk,tasklist,1384,10676,"tasklist.exe 4132 RegQueryKey HKCR\CLSID\{E7D35CFA-348B-485E-B524-252725D697CA} SUCCESS Query: HandleTags, HandleTags: 0x0 4/14/2022 12:40:52 PM Registry C:\Windows\system32\tasklist.exe BLUETEAM\ezk tasklist 1384 10676",benign
tasklist.exe,4132,RegOpenKey,HKCR\CLSID\{E7D35CFA-348B-485E-B524-252725D697CA}\InprocServer32,SUCCESS,Desired Access: Read,4/14/2022 12:40:52 PM,Registry,C:\Windows\system32\tasklist.exe,BLUETEAM\ezk,tasklist,1384,10676,tasklist.exe 4132 RegOpenKey HKCR\CLSID\{E7D35CFA-348B-485E-B524-252725D697CA}\InprocServer32 SUCCESS Desired Access: Read 4/14/2022 12:40:52 PM Registry C:\Windows\system32\tasklist.exe BLUETEAM\ezk tasklist 1384 10676,benign
tasklist.exe,4132,RegQueryValue,HKCR\CLSID\{E7D35CFA-348B-485E-B524-252725D697CA}\InProcServer32\InprocServer32,NAME NOT FOUND,Length: 12,4/14/2022 12:40:52 PM,Registry,C:\Windows\system32\tasklist.exe,BLUETEAM\ezk,tasklist,1384,10676,tasklist.exe 4132 RegQueryValue HKCR\CLSID\{E7D35CFA-348B-485E-B524-252725D697CA}\InProcServer32\InprocServer32 NAME NOT FOUND Length: 12 4/14/2022 12:40:52 PM Registry C:\Windows\system32\tasklist.exe BLUETEAM\ezk tasklist 1384 10676,benign
tasklist.exe,4132,RegQueryValue,HKCR\CLSID\{E7D35CFA-348B-485E-B524-252725D697CA}\InProcServer32\(Default),BUFFER OVERFLOW,Length: 12,4/14/2022 12:40:52 PM,Registry,C:\Windows\system32\tasklist.exe,BLUETEAM\ezk,tasklist,1384,10676,tasklist.exe 4132 RegQueryValue HKCR\CLSID\{E7D35CFA-348B-485E-B524-252725D697CA}\InProcServer32\(Default) BUFFER OVERFLOW Length: 12 4/14/2022 12:40:52 PM Registry C:\Windows\system32\tasklist.exe BLUETEAM\ezk tasklist 1384 10676,benign
tasklist.exe,4132,RegQueryValue,HKCR\CLSID\{E7D35CFA-348B-485E-B524-252725D697CA}\InProcServer32\(Default),SUCCESS,"Type: REG_EXPAND_SZ, Length: 78, Data: %systemroot%\system32\wbem\wbemsvc.dll",4/14/2022 12:40:52 PM,Registry,C:\Windows\system32\tasklist.exe,BLUETEAM\ezk,tasklist,1384,10676,"tasklist.exe 4132 RegQueryValue HKCR\CLSID\{E7D35CFA-348B-485E-B524-252725D697CA}\InProcServer32\(Default) SUCCESS Type: REG_EXPAND_SZ, Length: 78, Data: %systemroot%\system32\wbem\wbemsvc.dll 4/14/2022 12:40:52 PM Registry C:\Windows\system32\tasklist.exe BLUETEAM\ezk tasklist 1384 10676",benign
tasklist.exe,4132,CloseFile,C:\Windows\System32\version.dll,SUCCESS,,4/14/2022 12:40:52 PM,File System,C:\Windows\system32\tasklist.exe,BLUETEAM\ezk,tasklist,1384,10676,tasklist.exe 4132 CloseFile C:\Windows\System32\version.dll SUCCESS None 4/14/2022 12:40:52 PM File System C:\Windows\system32\tasklist.exe BLUETEAM\ezk tasklist 1384 10676,benign
tasklist.exe,4132,RegQueryValue,HKLM\SOFTWARE\Microsoft\Windows\CurrentVersion\CommonW6432Dir,SUCCESS,"Type: REG_SZ, Length: 60, Data: C:\Program Files\Common Files",4/14/2022 12:40:52 PM,Registry,C:\Windows\system32\tasklist.exe,BLUETEAM\ezk,tasklist,1384,10676,"tasklist.exe 4132 RegQueryValue HKLM\SOFTWARE\Microsoft\Windows\CurrentVersion\CommonW6432Dir SUCCESS Type: REG_SZ, Length: 60, Data: C:\Program Files\Common Files 4/14/2022 12:40:52 PM Registry C:\Windows\system32\tasklist.exe BLUETEAM\ezk tasklist 1384 10676",benign
tasklist.exe,4132,RegQueryValue,HKLM\SOFTWARE\Microsoft\Windows\CurrentVersion\CommonW6432Dir,BUFFER OVERFLOW,Length: 12,4/14/2022 12:40:52 PM,Registry,C:\Windows\system32\tasklist.exe,BLUETEAM\ezk,tasklist,1384,10676,tasklist.exe 4132 RegQueryValue HKLM\SOFTWARE\Microsoft\Windows\CurrentVersion\CommonW6432Dir BUFFER OVERFLOW Length: 12 4/14/2022 12:40:52 PM Registry C:\Windows\system32\tasklist.exe BLUETEAM\ezk tasklist 1384 10676,benign
tasklist.exe,4132,RegOpenKey,HKLM\Software\Microsoft\Windows\CurrentVersion,SUCCESS,Desired Access: Read,4/14/2022 12:40:52 PM,Registry,C:\Windows\system32\tasklist.exe,BLUETEAM\ezk,tasklist,1384,10676,tasklist.exe 4132 RegOpenKey HKLM\Software\Microsoft\Windows\CurrentVersion SUCCESS Desired Access: Read 4/14/2022 12:40:52 PM Registry C:\Windows\system32\tasklist.exe BLUETEAM\ezk tasklist 1384 10676,benign
tasklist.exe,4132,RegQueryKey,HKLM,SUCCESS,"Query: HandleTags, HandleTags: 0x0",4/14/2022 12:40:52 PM,Registry,C:\Windows\system32\tasklist.exe,BLUETEAM\ezk,tasklist,1384,10676,"tasklist.exe 4132 RegQueryKey HKLM SUCCESS Query: HandleTags, HandleTags: 0x0 4/14/2022 12:40:52 PM Registry C:\Windows\system32\tasklist.exe BLUETEAM\ezk tasklist 1384 10676",benign
tasklist.exe,4132,RegOpenKey,HKLM\Software\Microsoft\Windows NT\CurrentVersion\ProfileList,SUCCESS,Desired Access: Read,4/14/2022 12:40:52 PM,Registry,C:\Windows\system32\tasklist.exe,BLUETEAM\ezk,tasklist,1384,10676,tasklist.exe 4132 RegOpenKey HKLM\Software\Microsoft\Windows NT\CurrentVersion\ProfileList SUCCESS Desired Access: Read 4/14/2022 12:40:52 PM Registry C:\Windows\system32\tasklist.exe BLUETEAM\ezk tasklist 1384 10676,benign
tasklist.exe,4132,RegQueryValue,HKLM\SOFTWARE\Microsoft\Windows NT\CurrentVersion\ProfileList\Default,BUFFER OVERFLOW,Length: 12,4/14/2022 12:40:52 PM,Registry,C:\Windows\system32\tasklist.exe,BLUETEAM\ezk,tasklist,1384,10676,tasklist.exe 4132 RegQueryValue HKLM\SOFTWARE\Microsoft\Windows NT\CurrentVersion\ProfileList\Default BUFFER OVERFLOW Length: 12 4/14/2022 12:40:52 PM Registry C:\Windows\system32\tasklist.exe BLUETEAM\ezk tasklist 1384 10676,benign
tasklist.exe,4132,RegQueryValue,HKLM\SOFTWARE\Microsoft\Windows NT\CurrentVersion\ProfileList\Default,SUCCESS,"Type: REG_EXPAND_SZ, Length: 56, Data: %SystemDrive%\Users\Default",4/14/2022 12:40:52 PM,Registry,C:\Windows\system32\tasklist.exe,BLUETEAM\ezk,tasklist,1384,10676,"tasklist.exe 4132 RegQueryValue HKLM\SOFTWARE\Microsoft\Windows NT\CurrentVersion\ProfileList\Default SUCCESS Type: REG_EXPAND_SZ, Length: 56, Data: %SystemDrive%\Users\Default 4/14/2022 12:40:52 PM Registry C:\Windows\system32\tasklist.exe BLUETEAM\ezk tasklist 1384 10676",benign
tasklist.exe,4132,RegCloseKey,HKLM\SOFTWARE\Microsoft\Windows NT\CurrentVersion\ProfileList,SUCCESS,,4/14/2022 12:40:52 PM,Registry,C:\Windows\system32\tasklist.exe,BLUETEAM\ezk,tasklist,1384,10676,tasklist.exe 4132 RegCloseKey HKLM\SOFTWARE\Microsoft\Windows NT\CurrentVersion\ProfileList SUCCESS None 4/14/2022 12:40:52 PM Registry C:\Windows\system32\tasklist.exe BLUETEAM\ezk tasklist 1384 10676,benign
tasklist.exe,4132,RegQueryKey,HKLM,SUCCESS,"Query: HandleTags, HandleTags: 0x0",4/14/2022 12:40:52 PM,Registry,C:\Windows\system32\tasklist.exe,BLUETEAM\ezk,tasklist,1384,10676,"tasklist.exe 4132 RegQueryKey HKLM SUCCESS Query: HandleTags, HandleTags: 0x0 4/14/2022 12:40:52 PM Registry C:\Windows\system32\tasklist.exe BLUETEAM\ezk tasklist 1384 10676",benign
tasklist.exe,4132,RegOpenKey,HKLM\Software\Microsoft\Windows\CurrentVersion,SUCCESS,Desired Access: Read,4/14/2022 12:40:52 PM,Registry,C:\Windows\system32\tasklist.exe,BLUETEAM\ezk,tasklist,1384,10676,tasklist.exe 4132 RegOpenKey HKLM\Software\Microsoft\Windows\CurrentVersion SUCCESS Desired Access: Read 4/14/2022 12:40:52 PM Registry C:\Windows\system32\tasklist.exe BLUETEAM\ezk tasklist 1384 10676,benign
tasklist.exe,4132,RegQueryValue,HKLM\SOFTWARE\Microsoft\Windows\CurrentVersion\ProgramFilesDir,BUFFER OVERFLOW,Length: 12,4/14/2022 12:40:52 PM,Registry,C:\Windows\system32\tasklist.exe,BLUETEAM\ezk,tasklist,1384,10676,tasklist.exe 4132 RegQueryValue HKLM\SOFTWARE\Microsoft\Windows\CurrentVersion\ProgramFilesDir BUFFER OVERFLOW Length: 12 4/14/2022 12:40:52 PM Registry C:\Windows\system32\tasklist.exe BLUETEAM\ezk tasklist 1384 10676,benign
tasklist.exe,4132,RegQueryValue,HKLM\SOFTWARE\Microsoft\Windows\CurrentVersion\ProgramFilesDir,SUCCESS,"Type: REG_SZ, Length: 34, Data: C:\Program Files",4/14/2022 12:40:52 PM,Registry,C:\Windows\system32\tasklist.exe,BLUETEAM\ezk,tasklist,1384,10676,"tasklist.exe 4132 RegQueryValue HKLM\SOFTWARE\Microsoft\Windows\CurrentVersion\ProgramFilesDir SUCCESS Type: REG_SZ, Length: 34, Data: C:\Program Files 4/14/2022 12:40:52 PM Registry C:\Windows\system32\tasklist.exe BLUETEAM\ezk tasklist 1384 10676",benign
tasklist.exe,4132,RegOpenKey,HKLM\System\CurrentControlSet\Services\Tcpip\Parameters,SUCCESS,Desired Access: Read,4/14/2022 12:40:52 PM,Registry,C:\Windows\system32\tasklist.exe,BLUETEAM\ezk,tasklist,1384,10676,tasklist.exe 4132 RegOpenKey HKLM\System\CurrentControlSet\Services\Tcpip\Parameters SUCCESS Desired Access: Read 4/14/2022 12:40:52 PM Registry C:\Windows\system32\tasklist.exe BLUETEAM\ezk tasklist 1384 10676,benign
tasklist.exe,4132,RegQueryKey,HKLM,SUCCESS,"Query: HandleTags, HandleTags: 0x0",4/14/2022 12:40:52 PM,Registry,C:\Windows\system32\tasklist.exe,BLUETEAM\ezk,tasklist,1384,10676,"tasklist.exe 4132 RegQueryKey HKLM SUCCESS Query: HandleTags, HandleTags: 0x0 4/14/2022 12:40:52 PM Registry C:\Windows\system32\tasklist.exe BLUETEAM\ezk tasklist 1384 10676",benign
tasklist.exe,4132,RegOpenKey,HKLM\Software\Microsoft\Windows\CurrentVersion,SUCCESS,Desired Access: Read,4/14/2022 12:40:52 PM,Registry,C:\Windows\system32\tasklist.exe,BLUETEAM\ezk,tasklist,1384,10676,tasklist.exe 4132 RegOpenKey HKLM\Software\Microsoft\Windows\CurrentVersion SUCCESS Desired Access: Read 4/14/2022 12:40:52 PM Registry C:\Windows\system32\tasklist.exe BLUETEAM\ezk tasklist 1384 10676,benign
tasklist.exe,4132,RegQueryValue,HKLM\SOFTWARE\Microsoft\Windows\CurrentVersion\CommonFilesDir,BUFFER OVERFLOW,Length: 12,4/14/2022 12:40:52 PM,Registry,C:\Windows\system32\tasklist.exe,BLUETEAM\ezk,tasklist,1384,10676,tasklist.exe 4132 RegQueryValue HKLM\SOFTWARE\Microsoft\Windows\CurrentVersion\CommonFilesDir BUFFER OVERFLOW Length: 12 4/14/2022 12:40:52 PM Registry C:\Windows\system32\tasklist.exe BLUETEAM\ezk tasklist 1384 10676,benign
tasklist.exe,4132,RegQueryValue,HKLM\SOFTWARE\Microsoft\Windows\CurrentVersion\CommonFilesDir,SUCCESS,"Type: REG_SZ, Length: 60, Data: C:\Program Files\Common Files",4/14/2022 12:40:52 PM,Registry,C:\Windows\system32\tasklist.exe,BLUETEAM\ezk,tasklist,1384,10676,"tasklist.exe 4132 RegQueryValue HKLM\SOFTWARE\Microsoft\Windows\CurrentVersion\CommonFilesDir SUCCESS Type: REG_SZ, Length: 60, Data: C:\Program Files\Common Files 4/14/2022 12:40:52 PM Registry C:\Windows\system32\tasklist.exe BLUETEAM\ezk tasklist 1384 10676",benign
tasklist.exe,4132,RegCloseKey,HKLM\SOFTWARE\Microsoft\Windows\CurrentVersion,SUCCESS,,4/14/2022 12:40:52 PM,Registry,C:\Windows\system32\tasklist.exe,BLUETEAM\ezk,tasklist,1384,10676,tasklist.exe 4132 RegCloseKey HKLM\SOFTWARE\Microsoft\Windows\CurrentVersion SUCCESS None 4/14/2022 12:40:52 PM Registry C:\Windows\system32\tasklist.exe BLUETEAM\ezk tasklist 1384 10676,benign
tasklist.exe,4132,RegQueryKey,HKLM,SUCCESS,"Query: HandleTags, HandleTags: 0x0",4/14/2022 12:40:52 PM,Registry,C:\Windows\system32\tasklist.exe,BLUETEAM\ezk,tasklist,1384,10676,"tasklist.exe 4132 RegQueryKey HKLM SUCCESS Query: HandleTags, HandleTags: 0x0 4/14/2022 12:40:52 PM Registry C:\Windows\system32\tasklist.exe BLUETEAM\ezk tasklist 1384 10676",benign
tasklist.exe,4132,RegOpenKey,HKLM\Software\Microsoft\Windows\CurrentVersion,SUCCESS,Desired Access: Read,4/14/2022 12:40:52 PM,Registry,C:\Windows\system32\tasklist.exe,BLUETEAM\ezk,tasklist,1384,10676,tasklist.exe 4132 RegOpenKey HKLM\Software\Microsoft\Windows\CurrentVersion SUCCESS Desired Access: Read 4/14/2022 12:40:52 PM Registry C:\Windows\system32\tasklist.exe BLUETEAM\ezk tasklist 1384 10676,benign
tasklist.exe,4132,RegQueryKey,HKLM,SUCCESS,"Query: HandleTags, HandleTags: 0x0",4/14/2022 12:40:52 PM,Registry,C:\Windows\system32\tasklist.exe,BLUETEAM\ezk,tasklist,1384,10676,"tasklist.exe 4132 RegQueryKey HKLM SUCCESS Query: HandleTags, HandleTags: 0x0 4/14/2022 12:40:52 PM Registry C:\Windows\system32\tasklist.exe BLUETEAM\ezk tasklist 1384 10676",benign
tasklist.exe,4132,RegCloseKey,HKLM\SOFTWARE\Microsoft\Windows\CurrentVersion,SUCCESS,,4/14/2022 12:40:52 PM,Registry,C:\Windows\system32\tasklist.exe,BLUETEAM\ezk,tasklist,1384,10676,tasklist.exe 4132 RegCloseKey HKLM\SOFTWARE\Microsoft\Windows\CurrentVersion SUCCESS None 4/14/2022 12:40:52 PM Registry C:\Windows\system32\tasklist.exe BLUETEAM\ezk tasklist 1384 10676,benign
tasklist.exe,4132,RegQueryValue,HKLM\SOFTWARE\Microsoft\Windows\CurrentVersion\ProgramW6432Dir,SUCCESS,"Type: REG_SZ, Length: 34, Data: C:\Program Files",4/14/2022 12:40:52 PM,Registry,C:\Windows\system32\tasklist.exe,BLUETEAM\ezk,tasklist,1384,10676,"tasklist.exe 4132 RegQueryValue HKLM\SOFTWARE\Microsoft\Windows\CurrentVersion\ProgramW6432Dir SUCCESS Type: REG_SZ, Length: 34, Data: C:\Program Files 4/14/2022 12:40:52 PM Registry C:\Windows\system32\tasklist.exe BLUETEAM\ezk tasklist 1384 10676",benign
tasklist.exe,4132,RegQueryValue,HKLM\SOFTWARE\Microsoft\Windows\CurrentVersion\ProgramW6432Dir,BUFFER OVERFLOW,Length: 12,4/14/2022 12:40:52 PM,Registry,C:\Windows\system32\tasklist.exe,BLUETEAM\ezk,tasklist,1384,10676,tasklist.exe 4132 RegQueryValue HKLM\SOFTWARE\Microsoft\Windows\CurrentVersion\ProgramW6432Dir BUFFER OVERFLOW Length: 12 4/14/2022 12:40:52 PM Registry C:\Windows\system32\tasklist.exe BLUETEAM\ezk tasklist 1384 10676,benign
tasklist.exe,4132,RegOpenKey,HKLM\Software\Microsoft\Windows\CurrentVersion,SUCCESS,Desired Access: Read,4/14/2022 12:40:52 PM,Registry,C:\Windows\system32\tasklist.exe,BLUETEAM\ezk,tasklist,1384,10676,tasklist.exe 4132 RegOpenKey HKLM\Software\Microsoft\Windows\CurrentVersion SUCCESS Desired Access: Read 4/14/2022 12:40:52 PM Registry C:\Windows\system32\tasklist.exe BLUETEAM\ezk tasklist 1384 10676,benign
tasklist.exe,4132,RegQueryKey,HKLM,SUCCESS,"Query: HandleTags, HandleTags: 0x0",4/14/2022 12:40:52 PM,Registry,C:\Windows\system32\tasklist.exe,BLUETEAM\ezk,tasklist,1384,10676,"tasklist.exe 4132 RegQueryKey HKLM SUCCESS Query: HandleTags, HandleTags: 0x0 4/14/2022 12:40:52 PM Registry C:\Windows\system32\tasklist.exe BLUETEAM\ezk tasklist 1384 10676",benign
tasklist.exe,4132,RegQueryValue,HKCR\CLSID\{E7D35CFA-348B-485E-B524-252725D697CA}\InProcServer32\(Default),SUCCESS,"Type: REG_EXPAND_SZ, Length: 78, Data: %systemroot%\system32\wbem\wbemsvc.dll",4/14/2022 12:40:52 PM,Registry,C:\Windows\system32\tasklist.exe,BLUETEAM\ezk,tasklist,1384,10676,"tasklist.exe 4132 RegQueryValue HKCR\CLSID\{E7D35CFA-348B-485E-B524-252725D697CA}\InProcServer32\(Default) SUCCESS Type: REG_EXPAND_SZ, Length: 78, Data: %systemroot%\system32\wbem\wbemsvc.dll 4/14/2022 12:40:52 PM Registry C:\Windows\system32\tasklist.exe BLUETEAM\ezk tasklist 1384 10676",benign
tasklist.exe,4132,RegCloseKey,HKLM\SOFTWARE\Microsoft\Windows\CurrentVersion,SUCCESS,,4/14/2022 12:40:52 PM,Registry,C:\Windows\system32\tasklist.exe,BLUETEAM\ezk,tasklist,1384,10676,tasklist.exe 4132 RegCloseKey HKLM\SOFTWARE\Microsoft\Windows\CurrentVersion SUCCESS None 4/14/2022 12:40:52 PM Registry C:\Windows\system32\tasklist.exe BLUETEAM\ezk tasklist 1384 10676,benign
tasklist.exe,4132,RegQueryValue,HKLM\SOFTWARE\Microsoft\Windows\CurrentVersion\CommonFilesDir (x86),BUFFER OVERFLOW,Length: 12,4/14/2022 12:40:52 PM,Registry,C:\Windows\system32\tasklist.exe,BLUETEAM\ezk,tasklist,1384,10676,tasklist.exe 4132 RegQueryValue HKLM\SOFTWARE\Microsoft\Windows\CurrentVersion\CommonFilesDir (x86) BUFFER OVERFLOW Length: 12 4/14/2022 12:40:52 PM Registry C:\Windows\system32\tasklist.exe BLUETEAM\ezk tasklist 1384 10676,benign
tasklist.exe,4132,RegOpenKey,HKLM\Software\Microsoft\Windows\CurrentVersion,SUCCESS,Desired Access: Read,4/14/2022 12:40:52 PM,Registry,C:\Windows\system32\tasklist.exe,BLUETEAM\ezk,tasklist,1384,10676,tasklist.exe 4132 RegOpenKey HKLM\Software\Microsoft\Windows\CurrentVersion SUCCESS Desired Access: Read 4/14/2022 12:40:52 PM Registry C:\Windows\system32\tasklist.exe BLUETEAM\ezk tasklist 1384 10676,benign
tasklist.exe,4132,RegQueryKey,HKLM,SUCCESS,"Query: HandleTags, HandleTags: 0x0",4/14/2022 12:40:52 PM,Registry,C:\Windows\system32\tasklist.exe,BLUETEAM\ezk,tasklist,1384,10676,"tasklist.exe 4132 RegQueryKey HKLM SUCCESS Query: HandleTags, HandleTags: 0x0 4/14/2022 12:40:52 PM Registry C:\Windows\system32\tasklist.exe BLUETEAM\ezk tasklist 1384 10676",benign
tasklist.exe,4132,RegCloseKey,HKLM\SOFTWARE\Microsoft\Windows\CurrentVersion,SUCCESS,,4/14/2022 12:40:52 PM,Registry,C:\Windows\system32\tasklist.exe,BLUETEAM\ezk,tasklist,1384,10676,tasklist.exe 4132 RegCloseKey HKLM\SOFTWARE\Microsoft\Windows\CurrentVersion SUCCESS None 4/14/2022 12:40:52 PM Registry C:\Windows\system32\tasklist.exe BLUETEAM\ezk tasklist 1384 10676,benign
tasklist.exe,4132,RegQueryValue,HKLM\SOFTWARE\Microsoft\Windows\CurrentVersion\ProgramFilesDir (x86),SUCCESS,"Type: REG_SZ, Length: 46, Data: C:\Program Files (x86)",4/14/2022 12:40:52 PM,Registry,C:\Windows\system32\tasklist.exe,BLUETEAM\ezk,tasklist,1384,10676,"tasklist.exe 4132 RegQueryValue HKLM\SOFTWARE\Microsoft\Windows\CurrentVersion\ProgramFilesDir (x86) SUCCESS Type: REG_SZ, Length: 46, Data: C:\Program Files (x86) 4/14/2022 12:40:52 PM Registry C:\Windows\system32\tasklist.exe BLUETEAM\ezk tasklist 1384 10676",benign
tasklist.exe,4132,RegQueryValue,HKLM\SOFTWARE\Microsoft\Windows\CurrentVersion\ProgramFilesDir (x86),BUFFER OVERFLOW,Length: 12,4/14/2022 12:40:52 PM,Registry,C:\Windows\system32\tasklist.exe,BLUETEAM\ezk,tasklist,1384,10676,tasklist.exe 4132 RegQueryValue HKLM\SOFTWARE\Microsoft\Windows\CurrentVersion\ProgramFilesDir (x86) BUFFER OVERFLOW Length: 12 4/14/2022 12:40:52 PM Registry C:\Windows\system32\tasklist.exe BLUETEAM\ezk tasklist 1384 10676,benign
tasklist.exe,4132,RegQueryValue,HKLM\SOFTWARE\Microsoft\Windows\CurrentVersion\CommonFilesDir (x86),SUCCESS,"Type: REG_SZ, Length: 72, Data: C:\Program Files (x86)\Common Files",4/14/2022 12:40:52 PM,Registry,C:\Windows\system32\tasklist.exe,BLUETEAM\ezk,tasklist,1384,10676,"tasklist.exe 4132 RegQueryValue HKLM\SOFTWARE\Microsoft\Windows\CurrentVersion\CommonFilesDir (x86) SUCCESS Type: REG_SZ, Length: 72, Data: C:\Program Files (x86)\Common Files 4/14/2022 12:40:52 PM Registry C:\Windows\system32\tasklist.exe BLUETEAM\ezk tasklist 1384 10676",benign
tasklist.exe,4132,RegQueryValue,HKCR\CLSID\{E7D35CFA-348B-485E-B524-252725D697CA}\InProcServer32\ThreadingModel,SUCCESS,"Type: REG_SZ, Length: 10, Data: Both",4/14/2022 12:40:52 PM,Registry,C:\Windows\system32\tasklist.exe,BLUETEAM\ezk,tasklist,1384,10676,"tasklist.exe 4132 RegQueryValue HKCR\CLSID\{E7D35CFA-348B-485E-B524-252725D697CA}\InProcServer32\ThreadingModel SUCCESS Type: REG_SZ, Length: 10, Data: Both 4/14/2022 12:40:52 PM Registry C:\Windows\system32\tasklist.exe BLUETEAM\ezk tasklist 1384 10676",benign
tasklist.exe,4132,RegCloseKey,HKCR\CLSID\{E7D35CFA-348B-485E-B524-252725D697CA}\InProcServer32,SUCCESS,,4/14/2022 12:40:52 PM,Registry,C:\Windows\system32\tasklist.exe,BLUETEAM\ezk,tasklist,1384,10676,tasklist.exe 4132 RegCloseKey HKCR\CLSID\{E7D35CFA-348B-485E-B524-252725D697CA}\InProcServer32 SUCCESS None 4/14/2022 12:40:52 PM Registry C:\Windows\system32\tasklist.exe BLUETEAM\ezk tasklist 1384 10676,benign
tasklist.exe,4132,RegQueryKey,HKCR\CLSID\{E7D35CFA-348B-485E-B524-252725D697CA},SUCCESS,"Query: HandleTags, HandleTags: 0x0",4/14/2022 12:40:52 PM,Registry,C:\Windows\system32\tasklist.exe,BLUETEAM\ezk,tasklist,1384,10676,"tasklist.exe 4132 RegQueryKey HKCR\CLSID\{E7D35CFA-348B-485E-B524-252725D697CA} SUCCESS Query: HandleTags, HandleTags: 0x0 4/14/2022 12:40:52 PM Registry C:\Windows\system32\tasklist.exe BLUETEAM\ezk tasklist 1384 10676",benign
tasklist.exe,4132,RegQueryKey,HKCR,SUCCESS,"Query: HandleTags, HandleTags: 0x0",4/14/2022 12:40:52 PM,Registry,C:\Windows\system32\tasklist.exe,BLUETEAM\ezk,tasklist,1384,10676,"tasklist.exe 4132 RegQueryKey HKCR SUCCESS Query: HandleTags, HandleTags: 0x0 4/14/2022 12:40:52 PM Registry C:\Windows\system32\tasklist.exe BLUETEAM\ezk tasklist 1384 10676",benign
tasklist.exe,4132,RegOpenKey,HKCR\CLSID\{E7D35CFA-348B-485E-B524-252725D697CA},SUCCESS,Desired Access: Read,4/14/2022 12:40:52 PM,Registry,C:\Windows\system32\tasklist.exe,BLUETEAM\ezk,tasklist,1384,10676,tasklist.exe 4132 RegOpenKey HKCR\CLSID\{E7D35CFA-348B-485E-B524-252725D697CA} SUCCESS Desired Access: Read 4/14/2022 12:40:52 PM Registry C:\Windows\system32\tasklist.exe BLUETEAM\ezk tasklist 1384 10676,benign
tasklist.exe,4132,RegQueryKey,HKCR\CLSID\{E7D35CFA-348B-485E-B524-252725D697CA},SUCCESS,"Query: HandleTags, HandleTags: 0x0",4/14/2022 12:40:52 PM,Registry,C:\Windows\system32\tasklist.exe,BLUETEAM\ezk,tasklist,1384,10676,"tasklist.exe 4132 RegQueryKey HKCR\CLSID\{E7D35CFA-348B-485E-B524-252725D697CA} SUCCESS Query: HandleTags, HandleTags: 0x0 4/14/2022 12:40:52 PM Registry C:\Windows\system32\tasklist.exe BLUETEAM\ezk tasklist 1384 10676",benign
tasklist.exe,4132,RegOpenKey,HKCR\CLSID\{E7D35CFA-348B-485E-B524-252725D697CA}\TreatAs,NAME NOT FOUND,Desired Access: Read,4/14/2022 12:40:52 PM,Registry,C:\Windows\system32\tasklist.exe,BLUETEAM\ezk,tasklist,1384,10676,tasklist.exe 4132 RegOpenKey HKCR\CLSID\{E7D35CFA-348B-485E-B524-252725D697CA}\TreatAs NAME NOT FOUND Desired Access: Read 4/14/2022 12:40:52 PM Registry C:\Windows\system32\tasklist.exe BLUETEAM\ezk tasklist 1384 10676,benign
tasklist.exe,4132,RegCloseKey,HKCR\CLSID\{E7D35CFA-348B-485E-B524-252725D697CA},SUCCESS,,4/14/2022 12:40:52 PM,Registry,C:\Windows\system32\tasklist.exe,BLUETEAM\ezk,tasklist,1384,10676,tasklist.exe 4132 RegCloseKey HKCR\CLSID\{E7D35CFA-348B-485E-B524-252725D697CA} SUCCESS None 4/14/2022 12:40:52 PM Registry C:\Windows\system32\tasklist.exe BLUETEAM\ezk tasklist 1384 10676,benign
tasklist.exe,4132,RegQueryKey,HKCR,SUCCESS,"Query: HandleTags, HandleTags: 0x0",4/14/2022 12:40:52 PM,Registry,C:\Windows\system32\tasklist.exe,BLUETEAM\ezk,tasklist,1384,10676,"tasklist.exe 4132 RegQueryKey HKCR SUCCESS Query: HandleTags, HandleTags: 0x0 4/14/2022 12:40:52 PM Registry C:\Windows\system32\tasklist.exe BLUETEAM\ezk tasklist 1384 10676",benign
tasklist.exe,4132,RegOpenKey,HKCR\Interface\{027947E1-D731-11CE-A357-000000000001},SUCCESS,Desired Access: Read,4/14/2022 12:40:52 PM,Registry,C:\Windows\system32\tasklist.exe,BLUETEAM\ezk,tasklist,1384,10676,tasklist.exe 4132 RegOpenKey HKCR\Interface\{027947E1-D731-11CE-A357-000000000001} SUCCESS Desired Access: Read 4/14/2022 12:40:52 PM Registry C:\Windows\system32\tasklist.exe BLUETEAM\ezk tasklist 1384 10676,benign
tasklist.exe,4132,RegQueryKey,HKCR\Interface\{027947E1-D731-11CE-A357-000000000001},SUCCESS,"Query: HandleTags, HandleTags: 0x0",4/14/2022 12:40:52 PM,Registry,C:\Windows\system32\tasklist.exe,BLUETEAM\ezk,tasklist,1384,10676,"tasklist.exe 4132 RegQueryKey HKCR\Interface\{027947E1-D731-11CE-A357-000000000001} SUCCESS Query: HandleTags, HandleTags: 0x0 4/14/2022 12:40:52 PM Registry C:\Windows\system32\tasklist.exe BLUETEAM\ezk tasklist 1384 10676",benign
tasklist.exe,4132,RegOpenKey,HKCR\Interface\{027947E1-D731-11CE-A357-000000000001}\ProxyStubClsid32,SUCCESS,Desired Access: Read,4/14/2022 12:40:52 PM,Registry,C:\Windows\system32\tasklist.exe,BLUETEAM\ezk,tasklist,1384,10676,tasklist.exe 4132 RegOpenKey HKCR\Interface\{027947E1-D731-11CE-A357-000000000001}\ProxyStubClsid32 SUCCESS Desired Access: Read 4/14/2022 12:40:52 PM Registry C:\Windows\system32\tasklist.exe BLUETEAM\ezk tasklist 1384 10676,benign
tasklist.exe,4132,RegQueryValue,HKCR\Interface\{027947E1-D731-11CE-A357-000000000001}\ProxyStubClsid32\(Default),SUCCESS,"Type: REG_SZ, Length: 78, Data: {1B1CAD8C-2DAB-11D2-B604-00104B703EFD}",4/14/2022 12:40:52 PM,Registry,C:\Windows\system32\tasklist.exe,BLUETEAM\ezk,tasklist,1384,10676,"tasklist.exe 4132 RegQueryValue HKCR\Interface\{027947E1-D731-11CE-A357-000000000001}\ProxyStubClsid32\(Default) SUCCESS Type: REG_SZ, Length: 78, Data: {1B1CAD8C-2DAB-11D2-B604-00104B703EFD} 4/14/2022 12:40:52 PM Registry C:\Windows\system32\tasklist.exe BLUETEAM\ezk tasklist 1384 10676",benign
tasklist.exe,4132,RegCloseKey,HKCR\Interface\{027947E1-D731-11CE-A357-000000000001}\ProxyStubClsid32,SUCCESS,,4/14/2022 12:40:52 PM,Registry,C:\Windows\system32\tasklist.exe,BLUETEAM\ezk,tasklist,1384,10676,tasklist.exe 4132 RegCloseKey HKCR\Interface\{027947E1-D731-11CE-A357-000000000001}\ProxyStubClsid32 SUCCESS None 4/14/2022 12:40:52 PM Registry C:\Windows\system32\tasklist.exe BLUETEAM\ezk tasklist 1384 10676,benign
tasklist.exe,4132,RegCloseKey,HKCR\Interface\{027947E1-D731-11CE-A357-000000000001},SUCCESS,,4/14/2022 12:40:52 PM,Registry,C:\Windows\system32\tasklist.exe,BLUETEAM\ezk,tasklist,1384,10676,tasklist.exe 4132 RegCloseKey HKCR\Interface\{027947E1-D731-11CE-A357-000000000001} SUCCESS None 4/14/2022 12:40:52 PM Registry C:\Windows\system32\tasklist.exe BLUETEAM\ezk tasklist 1384 10676,benign
tasklist.exe,4132,RegQueryKey,HKCR,SUCCESS,"Query: HandleTags, HandleTags: 0x0",4/14/2022 12:40:52 PM,Registry,C:\Windows\system32\tasklist.exe,BLUETEAM\ezk,tasklist,1384,10676,"tasklist.exe 4132 RegQueryKey HKCR SUCCESS Query: HandleTags, HandleTags: 0x0 4/14/2022 12:40:52 PM Registry C:\Windows\system32\tasklist.exe BLUETEAM\ezk tasklist 1384 10676",benign
tasklist.exe,4132,RegOpenKey,HKCR\CLSID\{1B1CAD8C-2DAB-11D2-B604-00104B703EFD},SUCCESS,Desired Access: Read,4/14/2022 12:40:52 PM,Registry,C:\Windows\system32\tasklist.exe,BLUETEAM\ezk,tasklist,1384,10676,tasklist.exe 4132 RegOpenKey HKCR\CLSID\{1B1CAD8C-2DAB-11D2-B604-00104B703EFD} SUCCESS Desired Access: Read 4/14/2022 12:40:52 PM Registry C:\Windows\system32\tasklist.exe BLUETEAM\ezk tasklist 1384 10676,benign
tasklist.exe,4132,RegQueryKey,HKCR\CLSID\{1B1CAD8C-2DAB-11D2-B604-00104B703EFD},SUCCESS,"Query: HandleTags, HandleTags: 0x0",4/14/2022 12:40:52 PM,Registry,C:\Windows\system32\tasklist.exe,BLUETEAM\ezk,tasklist,1384,10676,"tasklist.exe 4132 RegQueryKey HKCR\CLSID\{1B1CAD8C-2DAB-11D2-B604-00104B703EFD} SUCCESS Query: HandleTags, HandleTags: 0x0 4/14/2022 12:40:52 PM Registry C:\Windows\system32\tasklist.exe BLUETEAM\ezk tasklist 1384 10676",benign
tasklist.exe,4132,RegOpenKey,HKCR\CLSID\{1B1CAD8C-2DAB-11D2-B604-00104B703EFD}\TreatAs,NAME NOT FOUND,Desired Access: Query Value,4/14/2022 12:40:52 PM,Registry,C:\Windows\system32\tasklist.exe,BLUETEAM\ezk,tasklist,1384,10676,tasklist.exe 4132 RegOpenKey HKCR\CLSID\{1B1CAD8C-2DAB-11D2-B604-00104B703EFD}\TreatAs NAME NOT FOUND Desired Access: Query Value 4/14/2022 12:40:52 PM Registry C:\Windows\system32\tasklist.exe BLUETEAM\ezk tasklist 1384 10676,benign
tasklist.exe,4132,RegQueryKey,HKCR\CLSID\{1B1CAD8C-2DAB-11D2-B604-00104B703EFD},SUCCESS,Query: Name,4/14/2022 12:40:52 PM,Registry,C:\Windows\system32\tasklist.exe,BLUETEAM\ezk,tasklist,1384,10676,tasklist.exe 4132 RegQueryKey HKCR\CLSID\{1B1CAD8C-2DAB-11D2-B604-00104B703EFD} SUCCESS Query: Name 4/14/2022 12:40:52 PM Registry C:\Windows\system32\tasklist.exe BLUETEAM\ezk tasklist 1384 10676,benign
tasklist.exe,4132,RegQueryKey,HKCR\CLSID\{1B1CAD8C-2DAB-11D2-B604-00104B703EFD},SUCCESS,"Query: HandleTags, HandleTags: 0x0",4/14/2022 12:40:52 PM,Registry,C:\Windows\system32\tasklist.exe,BLUETEAM\ezk,tasklist,1384,10676,"tasklist.exe 4132 RegQueryKey HKCR\CLSID\{1B1CAD8C-2DAB-11D2-B604-00104B703EFD} SUCCESS Query: HandleTags, HandleTags: 0x0 4/14/2022 12:40:52 PM Registry C:\Windows\system32\tasklist.exe BLUETEAM\ezk tasklist 1384 10676",benign
tasklist.exe,4132,RegOpenKey,HKCR\CLSID\{1B1CAD8C-2DAB-11D2-B604-00104B703EFD}\InprocHandler32,NAME NOT FOUND,Desired Access: Query Value,4/14/2022 12:40:52 PM,Registry,C:\Windows\system32\tasklist.exe,BLUETEAM\ezk,tasklist,1384,10676,tasklist.exe 4132 RegOpenKey HKCR\CLSID\{1B1CAD8C-2DAB-11D2-B604-00104B703EFD}\InprocHandler32 NAME NOT FOUND Desired Access: Query Value 4/14/2022 12:40:52 PM Registry C:\Windows\system32\tasklist.exe BLUETEAM\ezk tasklist 1384 10676,benign
tasklist.exe,4132,RegQueryKey,HKCR\CLSID\{1B1CAD8C-2DAB-11D2-B604-00104B703EFD},SUCCESS,"Query: HandleTags, HandleTags: 0x0",4/14/2022 12:40:52 PM,Registry,C:\Windows\system32\tasklist.exe,BLUETEAM\ezk,tasklist,1384,10676,"tasklist.exe 4132 RegQueryKey HKCR\CLSID\{1B1CAD8C-2DAB-11D2-B604-00104B703EFD} SUCCESS Query: HandleTags, HandleTags: 0x0 4/14/2022 12:40:52 PM Registry C:\Windows\system32\tasklist.exe BLUETEAM\ezk tasklist 1384 10676",benign
tasklist.exe,4132,RegCloseKey,HKCR\CLSID\{1B1CAD8C-2DAB-11D2-B604-00104B703EFD}\InprocServer32,SUCCESS,,4/14/2022 12:40:52 PM,Registry,C:\Windows\system32\tasklist.exe,BLUETEAM\ezk,tasklist,1384,10676,tasklist.exe 4132 RegCloseKey HKCR\CLSID\{1B1CAD8C-2DAB-11D2-B604-00104B703EFD}\InprocServer32 SUCCESS None 4/14/2022 12:40:52 PM Registry C:\Windows\system32\tasklist.exe BLUETEAM\ezk tasklist 1384 10676,benign
tasklist.exe,4132,RegQueryValue,HKCR\CLSID\{1B1CAD8C-2DAB-11D2-B604-00104B703EFD}\InprocServer32\ThreadingModel,SUCCESS,"Type: REG_SZ, Length: 10, Data: Both",4/14/2022 12:40:52 PM,Registry,C:\Windows\system32\tasklist.exe,BLUETEAM\ezk,tasklist,1384,10676,"tasklist.exe 4132 RegQueryValue HKCR\CLSID\{1B1CAD8C-2DAB-11D2-B604-00104B703EFD}\InprocServer32\ThreadingModel SUCCESS Type: REG_SZ, Length: 10, Data: Both 4/14/2022 12:40:52 PM Registry C:\Windows\system32\tasklist.exe BLUETEAM\ezk tasklist 1384 10676",benign
tasklist.exe,4132,RegQueryValue,HKCR\CLSID\{1B1CAD8C-2DAB-11D2-B604-00104B703EFD}\InprocServer32\(Default),SUCCESS,"Type: REG_EXPAND_SZ, Length: 80, Data: %systemroot%\system32\wbem\fastprox.dll",4/14/2022 12:40:52 PM,Registry,C:\Windows\system32\tasklist.exe,BLUETEAM\ezk,tasklist,1384,10676,"tasklist.exe 4132 RegQueryValue HKCR\CLSID\{1B1CAD8C-2DAB-11D2-B604-00104B703EFD}\InprocServer32\(Default) SUCCESS Type: REG_EXPAND_SZ, Length: 80, Data: %systemroot%\system32\wbem\fastprox.dll 4/14/2022 12:40:52 PM Registry C:\Windows\system32\tasklist.exe BLUETEAM\ezk tasklist 1384 10676",benign
tasklist.exe,4132,RegCloseKey,HKCR\CLSID\{E7D35CFA-348B-485E-B524-252725D697CA},SUCCESS,,4/14/2022 12:40:52 PM,Registry,C:\Windows\system32\tasklist.exe,BLUETEAM\ezk,tasklist,1384,10676,tasklist.exe 4132 RegCloseKey HKCR\CLSID\{E7D35CFA-348B-485E-B524-252725D697CA} SUCCESS None 4/14/2022 12:40:52 PM Registry C:\Windows\system32\tasklist.exe BLUETEAM\ezk tasklist 1384 10676,benign
tasklist.exe,4132,RegQueryValue,HKCR\CLSID\{1B1CAD8C-2DAB-11D2-B604-00104B703EFD}\InprocServer32\(Default),SUCCESS,"Type: REG_EXPAND_SZ, Length: 80, Data: %systemroot%\system32\wbem\fastprox.dll",4/14/2022 12:40:52 PM,Registry,C:\Windows\system32\tasklist.exe,BLUETEAM\ezk,tasklist,1384,10676,"tasklist.exe 4132 RegQueryValue HKCR\CLSID\{1B1CAD8C-2DAB-11D2-B604-00104B703EFD}\InprocServer32\(Default) SUCCESS Type: REG_EXPAND_SZ, Length: 80, Data: %systemroot%\system32\wbem\fastprox.dll 4/14/2022 12:40:52 PM Registry C:\Windows\system32\tasklist.exe BLUETEAM\ezk tasklist 1384 10676",benign
tasklist.exe,4132,RegQueryValue,HKCR\CLSID\{1B1CAD8C-2DAB-11D2-B604-00104B703EFD}\InprocServer32\InprocServer32,NAME NOT FOUND,Length: 12,4/14/2022 12:40:52 PM,Registry,C:\Windows\system32\tasklist.exe,BLUETEAM\ezk,tasklist,1384,10676,tasklist.exe 4132 RegQueryValue HKCR\CLSID\{1B1CAD8C-2DAB-11D2-B604-00104B703EFD}\InprocServer32\InprocServer32 NAME NOT FOUND Length: 12 4/14/2022 12:40:52 PM Registry C:\Windows\system32\tasklist.exe BLUETEAM\ezk tasklist 1384 10676,benign
tasklist.exe,4132,RegOpenKey,HKCR\CLSID\{1B1CAD8C-2DAB-11D2-B604-00104B703EFD}\InprocServer32,SUCCESS,Desired Access: Read,4/14/2022 12:40:52 PM,Registry,C:\Windows\system32\tasklist.exe,BLUETEAM\ezk,tasklist,1384,10676,tasklist.exe 4132 RegOpenKey HKCR\CLSID\{1B1CAD8C-2DAB-11D2-B604-00104B703EFD}\InprocServer32 SUCCESS Desired Access: Read 4/14/2022 12:40:52 PM Registry C:\Windows\system32\tasklist.exe BLUETEAM\ezk tasklist 1384 10676,benign
tasklist.exe,4132,RegQueryKey,HKCR\CLSID\{1B1CAD8C-2DAB-11D2-B604-00104B703EFD},SUCCESS,"Query: HandleTags, HandleTags: 0x0",4/14/2022 12:40:52 PM,Registry,C:\Windows\system32\tasklist.exe,BLUETEAM\ezk,tasklist,1384,10676,"tasklist.exe 4132 RegQueryKey HKCR\CLSID\{1B1CAD8C-2DAB-11D2-B604-00104B703EFD} SUCCESS Query: HandleTags, HandleTags: 0x0 4/14/2022 12:40:52 PM Registry C:\Windows\system32\tasklist.exe BLUETEAM\ezk tasklist 1384 10676",benign
tasklist.exe,4132,RegQueryValue,HKCR\CLSID\{1B1CAD8C-2DAB-11D2-B604-00104B703EFD}\(Default),SUCCESS,"Type: REG_SZ, Length: 130, Data: Microsoft WBEM (non)Standard Marshaling for IEnumWbemClassObject",4/14/2022 12:40:52 PM,Registry,C:\Windows\system32\tasklist.exe,BLUETEAM\ezk,tasklist,1384,10676,"tasklist.exe 4132 RegQueryValue HKCR\CLSID\{1B1CAD8C-2DAB-11D2-B604-00104B703EFD}\(Default) SUCCESS Type: REG_SZ, Length: 130, Data: Microsoft WBEM (non)Standard Marshaling for IEnumWbemClassObject 4/14/2022 12:40:52 PM Registry C:\Windows\system32\tasklist.exe BLUETEAM\ezk tasklist 1384 10676",benign
tasklist.exe,4132,RegQueryValue,HKCR\CLSID\{1B1CAD8C-2DAB-11D2-B604-00104B703EFD}\(Default),BUFFER OVERFLOW,Length: 12,4/14/2022 12:40:52 PM,Registry,C:\Windows\system32\tasklist.exe,BLUETEAM\ezk,tasklist,1384,10676,tasklist.exe 4132 RegQueryValue HKCR\CLSID\{1B1CAD8C-2DAB-11D2-B604-00104B703EFD}\(Default) BUFFER OVERFLOW Length: 12 4/14/2022 12:40:52 PM Registry C:\Windows\system32\tasklist.exe BLUETEAM\ezk tasklist 1384 10676,benign
tasklist.exe,4132,RegQueryValue,HKCR\CLSID\{1B1CAD8C-2DAB-11D2-B604-00104B703EFD}\ActivateOnHostFlags,NAME NOT FOUND,Length: 16,4/14/2022 12:40:52 PM,Registry,C:\Windows\system32\tasklist.exe,BLUETEAM\ezk,tasklist,1384,10676,tasklist.exe 4132 RegQueryValue HKCR\CLSID\{1B1CAD8C-2DAB-11D2-B604-00104B703EFD}\ActivateOnHostFlags NAME NOT FOUND Length: 16 4/14/2022 12:40:52 PM Registry C:\Windows\system32\tasklist.exe BLUETEAM\ezk tasklist 1384 10676,benign
tasklist.exe,4132,RegQueryValue,HKCR\CLSID\{1B1CAD8C-2DAB-11D2-B604-00104B703EFD}\InprocServer32\(Default),BUFFER OVERFLOW,Length: 12,4/14/2022 12:40:52 PM,Registry,C:\Windows\system32\tasklist.exe,BLUETEAM\ezk,tasklist,1384,10676,tasklist.exe 4132 RegQueryValue HKCR\CLSID\{1B1CAD8C-2DAB-11D2-B604-00104B703EFD}\InprocServer32\(Default) BUFFER OVERFLOW Length: 12 4/14/2022 12:40:52 PM Registry C:\Windows\system32\tasklist.exe BLUETEAM\ezk tasklist 1384 10676,benign
tasklist.exe,4132,RegCloseKey,HKCR\CLSID\{1B1CAD8C-2DAB-11D2-B604-00104B703EFD},SUCCESS,,4/14/2022 12:40:52 PM,Registry,C:\Windows\system32\tasklist.exe,BLUETEAM\ezk,tasklist,1384,10676,tasklist.exe 4132 RegCloseKey HKCR\CLSID\{1B1CAD8C-2DAB-11D2-B604-00104B703EFD} SUCCESS None 4/14/2022 12:40:52 PM Registry C:\Windows\system32\tasklist.exe BLUETEAM\ezk tasklist 1384 10676,benign
tasklist.exe,4132,RegCloseKey,HKCR\CLSID\{E7D35CFA-348B-485E-B524-252725D697CA},SUCCESS,,4/14/2022 12:40:52 PM,Registry,C:\Windows\system32\tasklist.exe,BLUETEAM\ezk,tasklist,1384,10676,tasklist.exe 4132 RegCloseKey HKCR\CLSID\{E7D35CFA-348B-485E-B524-252725D697CA} SUCCESS None 4/14/2022 12:40:52 PM Registry C:\Windows\system32\tasklist.exe BLUETEAM\ezk tasklist 1384 10676,benign
tasklist.exe,4132,RegQueryKey,HKCR\CLSID\{E7D35CFA-348B-485E-B524-252725D697CA},SUCCESS,"Query: HandleTags, HandleTags: 0x0",4/14/2022 12:40:52 PM,Registry,C:\Windows\system32\tasklist.exe,BLUETEAM\ezk,tasklist,1384,10676,"tasklist.exe 4132 RegQueryKey HKCR\CLSID\{E7D35CFA-348B-485E-B524-252725D697CA} SUCCESS Query: HandleTags, HandleTags: 0x0 4/14/2022 12:40:52 PM Registry C:\Windows\system32\tasklist.exe BLUETEAM\ezk tasklist 1384 10676",benign
tasklist.exe,4132,RegOpenKey,HKCR\CLSID\{E7D35CFA-348B-485E-B524-252725D697CA}\InprocHandler32,NAME NOT FOUND,Desired Access: Query Value,4/14/2022 12:40:52 PM,Registry,C:\Windows\system32\tasklist.exe,BLUETEAM\ezk,tasklist,1384,10676,tasklist.exe 4132 RegOpenKey HKCR\CLSID\{E7D35CFA-348B-485E-B524-252725D697CA}\InprocHandler32 NAME NOT FOUND Desired Access: Query Value 4/14/2022 12:40:52 PM Registry C:\Windows\system32\tasklist.exe BLUETEAM\ezk tasklist 1384 10676,benign
tasklist.exe,4132,RegQueryKey,HKCR\CLSID\{E7D35CFA-348B-485E-B524-252725D697CA},SUCCESS,"Query: HandleTags, HandleTags: 0x0",4/14/2022 12:40:52 PM,Registry,C:\Windows\system32\tasklist.exe,BLUETEAM\ezk,tasklist,1384,10676,"tasklist.exe 4132 RegQueryKey HKCR\CLSID\{E7D35CFA-348B-485E-B524-252725D697CA} SUCCESS Query: HandleTags, HandleTags: 0x0 4/14/2022 12:40:52 PM Registry C:\Windows\system32\tasklist.exe BLUETEAM\ezk tasklist 1384 10676",benign
tasklist.exe,4132,RegOpenKey,HKCR\CLSID\{E7D35CFA-348B-485E-B524-252725D697CA}\InprocHandler,NAME NOT FOUND,Desired Access: Query Value,4/14/2022 12:40:52 PM,Registry,C:\Windows\system32\tasklist.exe,BLUETEAM\ezk,tasklist,1384,10676,tasklist.exe 4132 RegOpenKey HKCR\CLSID\{E7D35CFA-348B-485E-B524-252725D697CA}\InprocHandler NAME NOT FOUND Desired Access: Query Value 4/14/2022 12:40:52 PM Registry C:\Windows\system32\tasklist.exe BLUETEAM\ezk tasklist 1384 10676,benign
tasklist.exe,4132,RegCloseKey,HKCR\CLSID\{E7D35CFA-348B-485E-B524-252725D697CA},SUCCESS,,4/14/2022 12:40:52 PM,Registry,C:\Windows\system32\tasklist.exe,BLUETEAM\ezk,tasklist,1384,10676,tasklist.exe 4132 RegCloseKey HKCR\CLSID\{E7D35CFA-348B-485E-B524-252725D697CA} SUCCESS None 4/14/2022 12:40:52 PM Registry C:\Windows\system32\tasklist.exe BLUETEAM\ezk tasklist 1384 10676,benign
tasklist.exe,4132,RegQueryKey,HKCR,SUCCESS,"Query: HandleTags, HandleTags: 0x0",4/14/2022 12:40:52 PM,Registry,C:\Windows\system32\tasklist.exe,BLUETEAM\ezk,tasklist,1384,10676,"tasklist.exe 4132 RegQueryKey HKCR SUCCESS Query: HandleTags, HandleTags: 0x0 4/14/2022 12:40:52 PM Registry C:\Windows\system32\tasklist.exe BLUETEAM\ezk tasklist 1384 10676",benign
tasklist.exe,4132,RegOpenKey,HKCR\CLSID\{E7D35CFA-348B-485E-B524-252725D697CA},SUCCESS,Desired Access: Read,4/14/2022 12:40:52 PM,Registry,C:\Windows\system32\tasklist.exe,BLUETEAM\ezk,tasklist,1384,10676,tasklist.exe 4132 RegOpenKey HKCR\CLSID\{E7D35CFA-348B-485E-B524-252725D697CA} SUCCESS Desired Access: Read 4/14/2022 12:40:52 PM Registry C:\Windows\system32\tasklist.exe BLUETEAM\ezk tasklist 1384 10676,benign
tasklist.exe,4132,RegQueryKey,HKCR\CLSID\{E7D35CFA-348B-485E-B524-252725D697CA},SUCCESS,"Query: HandleTags, HandleTags: 0x0",4/14/2022 12:40:52 PM,Registry,C:\Windows\system32\tasklist.exe,BLUETEAM\ezk,tasklist,1384,10676,"tasklist.exe 4132 RegQueryKey HKCR\CLSID\{E7D35CFA-348B-485E-B524-252725D697CA} SUCCESS Query: HandleTags, HandleTags: 0x0 4/14/2022 12:40:52 PM Registry C:\Windows\system32\tasklist.exe BLUETEAM\ezk tasklist 1384 10676",benign
tasklist.exe,4132,RegOpenKey,HKCR\CLSID\{E7D35CFA-348B-485E-B524-252725D697CA}\TreatAs,NAME NOT FOUND,Desired Access: Query Value,4/14/2022 12:40:52 PM,Registry,C:\Windows\system32\tasklist.exe,BLUETEAM\ezk,tasklist,1384,10676,tasklist.exe 4132 RegOpenKey HKCR\CLSID\{E7D35CFA-348B-485E-B524-252725D697CA}\TreatAs NAME NOT FOUND Desired Access: Query Value 4/14/2022 12:40:52 PM Registry C:\Windows\system32\tasklist.exe BLUETEAM\ezk tasklist 1384 10676,benign
tasklist.exe,4132,RegQueryKey,HKCR\CLSID\{E7D35CFA-348B-485E-B524-252725D697CA},SUCCESS,Query: Name,4/14/2022 12:40:52 PM,Registry,C:\Windows\system32\tasklist.exe,BLUETEAM\ezk,tasklist,1384,10676,tasklist.exe 4132 RegQueryKey HKCR\CLSID\{E7D35CFA-348B-485E-B524-252725D697CA} SUCCESS Query: Name 4/14/2022 12:40:52 PM Registry C:\Windows\system32\tasklist.exe BLUETEAM\ezk tasklist 1384 10676,benign
tasklist.exe,4132,RegQueryValue,HKCR\CLSID\{E7D35CFA-348B-485E-B524-252725D697CA}\ActivateOnHostFlags,NAME NOT FOUND,Length: 16,4/14/2022 12:40:52 PM,Registry,C:\Windows\system32\tasklist.exe,BLUETEAM\ezk,tasklist,1384,10676,tasklist.exe 4132 RegQueryValue HKCR\CLSID\{E7D35CFA-348B-485E-B524-252725D697CA}\ActivateOnHostFlags NAME NOT FOUND Length: 16 4/14/2022 12:40:52 PM Registry C:\Windows\system32\tasklist.exe BLUETEAM\ezk tasklist 1384 10676,benign
tasklist.exe,4132,RegQueryValue,HKCR\CLSID\{E7D35CFA-348B-485E-B524-252725D697CA}\(Default),BUFFER OVERFLOW,Length: 12,4/14/2022 12:40:52 PM,Registry,C:\Windows\system32\tasklist.exe,BLUETEAM\ezk,tasklist,1384,10676,tasklist.exe 4132 RegQueryValue HKCR\CLSID\{E7D35CFA-348B-485E-B524-252725D697CA}\(Default) BUFFER OVERFLOW Length: 12 4/14/2022 12:40:52 PM Registry C:\Windows\system32\tasklist.exe BLUETEAM\ezk tasklist 1384 10676,benign
tasklist.exe,4132,RegQueryValue,HKCR\CLSID\{E7D35CFA-348B-485E-B524-252725D697CA}\(Default),SUCCESS,"Type: REG_SZ, Length: 32, Data: PSFactoryBuffer",4/14/2022 12:40:52 PM,Registry,C:\Windows\system32\tasklist.exe,BLUETEAM\ezk,tasklist,1384,10676,"tasklist.exe 4132 RegQueryValue HKCR\CLSID\{E7D35CFA-348B-485E-B524-252725D697CA}\(Default) SUCCESS Type: REG_SZ, Length: 32, Data: PSFactoryBuffer 4/14/2022 12:40:52 PM Registry C:\Windows\system32\tasklist.exe BLUETEAM\ezk tasklist 1384 10676",benign
tasklist.exe,4132,RegQueryKey,HKCR\CLSID\{E7D35CFA-348B-485E-B524-252725D697CA},SUCCESS,"Query: HandleTags, HandleTags: 0x0",4/14/2022 12:40:52 PM,Registry,C:\Windows\system32\tasklist.exe,BLUETEAM\ezk,tasklist,1384,10676,"tasklist.exe 4132 RegQueryKey HKCR\CLSID\{E7D35CFA-348B-485E-B524-252725D697CA} SUCCESS Query: HandleTags, HandleTags: 0x0 4/14/2022 12:40:52 PM Registry C:\Windows\system32\tasklist.exe BLUETEAM\ezk tasklist 1384 10676",benign
tasklist.exe,4132,RegOpenKey,HKCR\CLSID\{E7D35CFA-348B-485E-B524-252725D697CA}\InprocServer32,SUCCESS,Desired Access: Read,4/14/2022 12:40:52 PM,Registry,C:\Windows\system32\tasklist.exe,BLUETEAM\ezk,tasklist,1384,10676,tasklist.exe 4132 RegOpenKey HKCR\CLSID\{E7D35CFA-348B-485E-B524-252725D697CA}\InprocServer32 SUCCESS Desired Access: Read 4/14/2022 12:40:52 PM Registry C:\Windows\system32\tasklist.exe BLUETEAM\ezk tasklist 1384 10676,benign
tasklist.exe,4132,RegQueryValue,HKCR\CLSID\{E7D35CFA-348B-485E-B524-252725D697CA}\InProcServer32\InprocServer32,NAME NOT FOUND,Length: 12,4/14/2022 12:40:52 PM,Registry,C:\Windows\system32\tasklist.exe,BLUETEAM\ezk,tasklist,1384,10676,tasklist.exe 4132 RegQueryValue HKCR\CLSID\{E7D35CFA-348B-485E-B524-252725D697CA}\InProcServer32\InprocServer32 NAME NOT FOUND Length: 12 4/14/2022 12:40:52 PM Registry C:\Windows\system32\tasklist.exe BLUETEAM\ezk tasklist 1384 10676,benign
tasklist.exe,4132,RegQueryValue,HKCR\CLSID\{E7D35CFA-348B-485E-B524-252725D697CA}\InProcServer32\(Default),BUFFER OVERFLOW,Length: 12,4/14/2022 12:40:52 PM,Registry,C:\Windows\system32\tasklist.exe,BLUETEAM\ezk,tasklist,1384,10676,tasklist.exe 4132 RegQueryValue HKCR\CLSID\{E7D35CFA-348B-485E-B524-252725D697CA}\InProcServer32\(Default) BUFFER OVERFLOW Length: 12 4/14/2022 12:40:52 PM Registry C:\Windows\system32\tasklist.exe BLUETEAM\ezk tasklist 1384 10676,benign
tasklist.exe,4132,RegQueryValue,HKCR\CLSID\{E7D35CFA-348B-485E-B524-252725D697CA}\InProcServer32\(Default),SUCCESS,"Type: REG_EXPAND_SZ, Length: 78, Data: %systemroot%\system32\wbem\wbemsvc.dll",4/14/2022 12:40:52 PM,Registry,C:\Windows\system32\tasklist.exe,BLUETEAM\ezk,tasklist,1384,10676,"tasklist.exe 4132 RegQueryValue HKCR\CLSID\{E7D35CFA-348B-485E-B524-252725D697CA}\InProcServer32\(Default) SUCCESS Type: REG_EXPAND_SZ, Length: 78, Data: %systemroot%\system32\wbem\wbemsvc.dll 4/14/2022 12:40:52 PM Registry C:\Windows\system32\tasklist.exe BLUETEAM\ezk tasklist 1384 10676",benign
tasklist.exe,4132,RegOpenKey,HKCR\CLSID\{E7D35CFA-348B-485E-B524-252725D697CA},SUCCESS,Desired Access: Read,4/14/2022 12:40:52 PM,Registry,C:\Windows\system32\tasklist.exe,BLUETEAM\ezk,tasklist,1384,10676,tasklist.exe 4132 RegOpenKey HKCR\CLSID\{E7D35CFA-348B-485E-B524-252725D697CA} SUCCESS Desired Access: Read 4/14/2022 12:40:52 PM Registry C:\Windows\system32\tasklist.exe BLUETEAM\ezk tasklist 1384 10676,benign
tasklist.exe,4132,RegQueryKey,HKCR,SUCCESS,"Query: HandleTags, HandleTags: 0x0",4/14/2022 12:40:52 PM,Registry,C:\Windows\system32\tasklist.exe,BLUETEAM\ezk,tasklist,1384,10676,"tasklist.exe 4132 RegQueryKey HKCR SUCCESS Query: HandleTags, HandleTags: 0x0 4/14/2022 12:40:52 PM Registry C:\Windows\system32\tasklist.exe BLUETEAM\ezk tasklist 1384 10676",benign
tasklist.exe,4132,RegOpenKey,HKCR\CLSID\{E7D35CFA-348B-485E-B524-252725D697CA}\LocalServer,NAME NOT FOUND,Desired Access: Query Value,4/14/2022 12:40:52 PM,Registry,C:\Windows\system32\tasklist.exe,BLUETEAM\ezk,tasklist,1384,10676,tasklist.exe 4132 RegOpenKey HKCR\CLSID\{E7D35CFA-348B-485E-B524-252725D697CA}\LocalServer NAME NOT FOUND Desired Access: Query Value 4/14/2022 12:40:52 PM Registry C:\Windows\system32\tasklist.exe BLUETEAM\ezk tasklist 1384 10676,benign
tasklist.exe,4132,RegQueryKey,HKCR\CLSID\{E7D35CFA-348B-485E-B524-252725D697CA},SUCCESS,"Query: HandleTags, HandleTags: 0x0",4/14/2022 12:40:52 PM,Registry,C:\Windows\system32\tasklist.exe,BLUETEAM\ezk,tasklist,1384,10676,"tasklist.exe 4132 RegQueryKey HKCR\CLSID\{E7D35CFA-348B-485E-B524-252725D697CA} SUCCESS Query: HandleTags, HandleTags: 0x0 4/14/2022 12:40:52 PM Registry C:\Windows\system32\tasklist.exe BLUETEAM\ezk tasklist 1384 10676",benign
tasklist.exe,4132,RegQueryValue,HKCR\CLSID\{E7D35CFA-348B-485E-B524-252725D697CA}\AppID,NAME NOT FOUND,Length: 112,4/14/2022 12:40:52 PM,Registry,C:\Windows\system32\tasklist.exe,BLUETEAM\ezk,tasklist,1384,10676,tasklist.exe 4132 RegQueryValue HKCR\CLSID\{E7D35CFA-348B-485E-B524-252725D697CA}\AppID NAME NOT FOUND Length: 112 4/14/2022 12:40:52 PM Registry C:\Windows\system32\tasklist.exe BLUETEAM\ezk tasklist 1384 10676,benign
tasklist.exe,4132,RegOpenKey,HKCR\CLSID\{E7D35CFA-348B-485E-B524-252725D697CA}\LocalServer32,NAME NOT FOUND,Desired Access: Read,4/14/2022 12:40:52 PM,Registry,C:\Windows\system32\tasklist.exe,BLUETEAM\ezk,tasklist,1384,10676,tasklist.exe 4132 RegOpenKey HKCR\CLSID\{E7D35CFA-348B-485E-B524-252725D697CA}\LocalServer32 NAME NOT FOUND Desired Access: Read 4/14/2022 12:40:52 PM Registry C:\Windows\system32\tasklist.exe BLUETEAM\ezk tasklist 1384 10676,benign
tasklist.exe,4132,RegOpenKey,HKCR\CLSID\{E7D35CFA-348B-485E-B524-252725D697CA}\Elevation,NAME NOT FOUND,Desired Access: Read,4/14/2022 12:40:52 PM,Registry,C:\Windows\system32\tasklist.exe,BLUETEAM\ezk,tasklist,1384,10676,tasklist.exe 4132 RegOpenKey HKCR\CLSID\{E7D35CFA-348B-485E-B524-252725D697CA}\Elevation NAME NOT FOUND Desired Access: Read 4/14/2022 12:40:52 PM Registry C:\Windows\system32\tasklist.exe BLUETEAM\ezk tasklist 1384 10676,benign
tasklist.exe,4132,RegQueryKey,HKCR\CLSID\{E7D35CFA-348B-485E-B524-252725D697CA},SUCCESS,"Query: HandleTags, HandleTags: 0x0",4/14/2022 12:40:52 PM,Registry,C:\Windows\system32\tasklist.exe,BLUETEAM\ezk,tasklist,1384,10676,"tasklist.exe 4132 RegQueryKey HKCR\CLSID\{E7D35CFA-348B-485E-B524-252725D697CA} SUCCESS Query: HandleTags, HandleTags: 0x0 4/14/2022 12:40:52 PM Registry C:\Windows\system32\tasklist.exe BLUETEAM\ezk tasklist 1384 10676",benign
tasklist.exe,4132,RegQueryKey,HKCR\CLSID\{E7D35CFA-348B-485E-B524-252725D697CA},SUCCESS,"Query: HandleTags, HandleTags: 0x0",4/14/2022 12:40:52 PM,Registry,C:\Windows\system32\tasklist.exe,BLUETEAM\ezk,tasklist,1384,10676,"tasklist.exe 4132 RegQueryKey HKCR\CLSID\{E7D35CFA-348B-485E-B524-252725D697CA} SUCCESS Query: HandleTags, HandleTags: 0x0 4/14/2022 12:40:52 PM Registry C:\Windows\system32\tasklist.exe BLUETEAM\ezk tasklist 1384 10676",benign
tasklist.exe,4132,RegOpenKey,HKCR\CLSID\{E7D35CFA-348B-485E-B524-252725D697CA}\InprocHandler32,NAME NOT FOUND,Desired Access: Query Value,4/14/2022 12:40:52 PM,Registry,C:\Windows\system32\tasklist.exe,BLUETEAM\ezk,tasklist,1384,10676,tasklist.exe 4132 RegOpenKey HKCR\CLSID\{E7D35CFA-348B-485E-B524-252725D697CA}\InprocHandler32 NAME NOT FOUND Desired Access: Query Value 4/14/2022 12:40:52 PM Registry C:\Windows\system32\tasklist.exe BLUETEAM\ezk tasklist 1384 10676,benign
tasklist.exe,4132,RegQueryKey,HKCR\CLSID\{E7D35CFA-348B-485E-B524-252725D697CA},SUCCESS,"Query: HandleTags, HandleTags: 0x0",4/14/2022 12:40:52 PM,Registry,C:\Windows\system32\tasklist.exe,BLUETEAM\ezk,tasklist,1384,10676,"tasklist.exe 4132 RegQueryKey HKCR\CLSID\{E7D35CFA-348B-485E-B524-252725D697CA} SUCCESS Query: HandleTags, HandleTags: 0x0 4/14/2022 12:40:52 PM Registry C:\Windows\system32\tasklist.exe BLUETEAM\ezk tasklist 1384 10676",benign
tasklist.exe,4132,RegCloseKey,HKCR\CLSID\{E7D35CFA-348B-485E-B524-252725D697CA}\InProcServer32,SUCCESS,,4/14/2022 12:40:52 PM,Registry,C:\Windows\system32\tasklist.exe,BLUETEAM\ezk,tasklist,1384,10676,tasklist.exe 4132 RegCloseKey HKCR\CLSID\{E7D35CFA-348B-485E-B524-252725D697CA}\InProcServer32 SUCCESS None 4/14/2022 12:40:52 PM Registry C:\Windows\system32\tasklist.exe BLUETEAM\ezk tasklist 1384 10676,benign
tasklist.exe,4132,RegQueryValue,HKCR\CLSID\{E7D35CFA-348B-485E-B524-252725D697CA}\InProcServer32\ThreadingModel,SUCCESS,"Type: REG_SZ, Length: 10, Data: Both",4/14/2022 12:40:52 PM,Registry,C:\Windows\system32\tasklist.exe,BLUETEAM\ezk,tasklist,1384,10676,"tasklist.exe 4132 RegQueryValue HKCR\CLSID\{E7D35CFA-348B-485E-B524-252725D697CA}\InProcServer32\ThreadingModel SUCCESS Type: REG_SZ, Length: 10, Data: Both 4/14/2022 12:40:52 PM Registry C:\Windows\system32\tasklist.exe BLUETEAM\ezk tasklist 1384 10676",benign
tasklist.exe,4132,RegQueryValue,HKCR\CLSID\{E7D35CFA-348B-485E-B524-252725D697CA}\InProcServer32\(Default),SUCCESS,"Type: REG_EXPAND_SZ, Length: 78, Data: %systemroot%\system32\wbem\wbemsvc.dll",4/14/2022 12:40:52 PM,Registry,C:\Windows\system32\tasklist.exe,BLUETEAM\ezk,tasklist,1384,10676,"tasklist.exe 4132 RegQueryValue HKCR\CLSID\{E7D35CFA-348B-485E-B524-252725D697CA}\InProcServer32\(Default) SUCCESS Type: REG_EXPAND_SZ, Length: 78, Data: %systemroot%\system32\wbem\wbemsvc.dll 4/14/2022 12:40:52 PM Registry C:\Windows\system32\tasklist.exe BLUETEAM\ezk tasklist 1384 10676",benign
tasklist.exe,4132,RegOpenKey,HKCR\CLSID\{E7D35CFA-348B-485E-B524-252725D697CA}\InprocHandler,NAME NOT FOUND,Desired Access: Query Value,4/14/2022 12:40:52 PM,Registry,C:\Windows\system32\tasklist.exe,BLUETEAM\ezk,tasklist,1384,10676,tasklist.exe 4132 RegOpenKey HKCR\CLSID\{E7D35CFA-348B-485E-B524-252725D697CA}\InprocHandler NAME NOT FOUND Desired Access: Query Value 4/14/2022 12:40:52 PM Registry C:\Windows\system32\tasklist.exe BLUETEAM\ezk tasklist 1384 10676,benign
tasklist.exe,4132,RegOpenKey,HKLM\System\CurrentControlSet\Services\Tcpip\Parameters,REPARSE,Desired Access: Read,4/14/2022 12:40:52 PM,Registry,C:\Windows\system32\tasklist.exe,BLUETEAM\ezk,tasklist,1384,10676,tasklist.exe 4132 RegOpenKey HKLM\System\CurrentControlSet\Services\Tcpip\Parameters REPARSE Desired Access: Read 4/14/2022 12:40:52 PM Registry C:\Windows\system32\tasklist.exe BLUETEAM\ezk tasklist 1384 10676,benign
tasklist.exe,4132,RegCloseKey,HKLM\SOFTWARE\Microsoft\Wbem\CIMOM,SUCCESS,,4/14/2022 12:40:52 PM,Registry,C:\Windows\system32\tasklist.exe,BLUETEAM\ezk,tasklist,1384,10676,tasklist.exe 4132 RegCloseKey HKLM\SOFTWARE\Microsoft\Wbem\CIMOM SUCCESS None 4/14/2022 12:40:52 PM Registry C:\Windows\system32\tasklist.exe BLUETEAM\ezk tasklist 1384 10676,benign
tasklist.exe,4132,QueryBasicInformationFile,C:\Windows\System32\tasklist.exe,SUCCESS,"CreationTime: 12/7/2019 5:09:51 PM, LastAccessTime: 4/14/2022 12:40:52 PM, LastWriteTime: 12/7/2019 5:09:51 PM, ChangeTime: 10/15/2021 2:25:24 PM, FileAttributes: A",4/14/2022 12:40:52 PM,File System,C:\Windows\system32\tasklist.exe,BLUETEAM\ezk,tasklist,1384,10676,"tasklist.exe 4132 QueryBasicInformationFile C:\Windows\System32\tasklist.exe SUCCESS CreationTime: 12/7/2019 5:09:51 PM, LastAccessTime: 4/14/2022 12:40:52 PM, LastWriteTime: 12/7/2019 5:09:51 PM, ChangeTime: 10/15/2021 2:25:24 PM, FileAttributes: A 4/14/2022 12:40:52 PM File System C:\Windows\system32\tasklist.exe BLUETEAM\ezk tasklist 1384 10676",benign
cmd.exe,10676,RegCloseKey,HKCU\SOFTWARE\Microsoft\Windows NT\CurrentVersion,SUCCESS,,4/14/2022 12:40:52 PM,Registry,C:\Windows\system32\cmd.exe,BLUETEAM\ezk,cmd.exe /C tasklist,10244,8028,cmd.exe 10676 RegCloseKey HKCU\SOFTWARE\Microsoft\Windows NT\CurrentVersion SUCCESS None 4/14/2022 12:40:52 PM Registry C:\Windows\system32\cmd.exe BLUETEAM\ezk cmd.exe /C tasklist 10244 8028,benign
tasklist.exe,4132,Process Start,,SUCCESS,"Parent PID: 10676, Command line: tasklist, Current directory: C:\Windows\system32\, Environment: ;	=C:=C:\Windows\System32;	ALLUSERSPROFILE=C:\ProgramData;	APPDATA=C:\Users\ezk\AppData\Roaming;	CommonProgramFiles=C:\Program Files\Common Files;	CommonProgramFiles(x86)=C:\Program Files (x86)\Common Files;	CommonProgramW6432=C:\Program Files\Common Files;	COMPUTERNAME=DESKTOP-BA1RQFC;	ComSpec=C:\Windows\system32\cmd.exe;	DriverData=C:\Windows\System32\Drivers\DriverData;	HOMEDRIVE=C:;	HOMEPATH=\Users\ezk;	LOCALAPPDATA=C:\Users\ezk\AppData\Local;	LOGONSERVER=\\DC02;	NUMBER_OF_PROCESSORS=2;	OneDrive=C:\Users\ezk\OneDrive;	OS=Windows_NT;	Path=C:\Windows\system32;C:\Windows;C:\Windows\System32\Wbem;C:\Windows\System32\WindowsPowerShell\v1.0\;C:\Windows\System32\OpenSSH\;C:\Users\ezk\AppData\Local\Microsoft\WindowsApps;	PATHEXT=.COM;.EXE;.BAT;.CMD;.VBS;.VBE;.JS;.JSE;.WSF;.WSH;.MSC;.CPL;	PROCESSOR_ARCHITECTURE=AMD64;	PROCESSOR_IDENTIFIER=Intel64 Family 6 Model 165 Stepping 5, GenuineIntel;	PROCESSOR_LEVEL=6;	PROCESSOR_REVISION=a505;	ProgramData=C:\ProgramData;	ProgramFiles=C:\Program Files;	ProgramFiles(x86)=C:\Program Files (x86);	ProgramW6432=C:\Program Files;	PROMPT=$P$G;	PSModulePath=C:\Users\ezk\Documents\WindowsPowerShell\Modules;C:\Program Files\WindowsPowerShell\Modules;C:\Windows\system32\WindowsPowerShell\v1.0\Modules;	PUBLIC=C:\Users\Public;	SystemDrive=C:;	SystemRoot=C:\Windows;	TEMP=C:\Users\ezk\AppData\Local\Temp;	TMP=C:\Users\ezk\AppData\Local\Temp;	USERDNSDOMAIN=BLUETEAM.COM;	USERDOMAIN=BLUETEAM;	USERDOMAIN_ROAMINGPROFILE=BLUETEAM;	USERNAME=ezk;	USERPROFILE=C:\Users\ezk;	windir=C:\Windows",4/14/2022 12:40:52 PM,Process,C:\Windows\system32\tasklist.exe,BLUETEAM\ezk,tasklist,10244,10676,"tasklist.exe 4132 Process Start None SUCCESS Parent PID: 10676, Command line: tasklist, Current directory: C:\Windows\system32\, Environment: ;	=C:=C:\Windows\System32;	ALLUSERSPROFILE=C:\ProgramData;	APPDATA=C:\Users\ezk\AppData\Roaming;	CommonProgramFiles=C:\Program Files\Common Files;	CommonProgramFiles(x86)=C:\Program Files (x86)\Common Files;	CommonProgramW6432=C:\Program Files\Common Files;	COMPUTERNAME=DESKTOP-BA1RQFC;	ComSpec=C:\Windows\system32\cmd.exe;	DriverData=C:\Windows\System32\Drivers\DriverData;	HOMEDRIVE=C:;	HOMEPATH=\Users\ezk;	LOCALAPPDATA=C:\Users\ezk\AppData\Local;	LOGONSERVER=\\DC02;	NUMBER_OF_PROCESSORS=2;	OneDrive=C:\Users\ezk\OneDrive;	OS=Windows_NT;	Path=C:\Windows\system32;C:\Windows;C:\Windows\System32\Wbem;C:\Windows\System32\WindowsPowerShell\v1.0\;C:\Windows\System32\OpenSSH\;C:\Users\ezk\AppData\Local\Microsoft\WindowsApps;	PATHEXT=.COM;.EXE;.BAT;.CMD;.VBS;.VBE;.JS;.JSE;.WSF;.WSH;.MSC;.CPL;	PROCESSOR_ARCHITECTURE=AMD64;	PROCESSOR_IDENTIFIER=Intel64 Family 6 Model 165 Stepping 5, GenuineIntel;	PROCESSOR_LEVEL=6;	PROCESSOR_REVISION=a505;	ProgramData=C:\ProgramData;	ProgramFiles=C:\Program Files;	ProgramFiles(x86)=C:\Program Files (x86);	ProgramW6432=C:\Program Files;	PROMPT=$P$G;	PSModulePath=C:\Users\ezk\Documents\WindowsPowerShell\Modules;C:\Program Files\WindowsPowerShell\Modules;C:\Windows\system32\WindowsPowerShell\v1.0\Modules;	PUBLIC=C:\Users\Public;	SystemDrive=C:;	SystemRoot=C:\Windows;	TEMP=C:\Users\ezk\AppData\Local\Temp;	TMP=C:\Users\ezk\AppData\Local\Temp;	USERDNSDOMAIN=BLUETEAM.COM;	USERDOMAIN=BLUETEAM;	USERDOMAIN_ROAMINGPROFILE=BLUETEAM;	USERNAME=ezk;	USERPROFILE=C:\Users\ezk;	windir=C:\Windows 4/14/2022 12:40:52 PM Process C:\Windows\system32\tasklist.exe BLUETEAM\ezk tasklist 10244 10676",malicious
tasklist.exe,4132,RegOpenKey,HKLM\System\CurrentControlSet\Control\Session Manager,REPARSE,Desired Access: Query Value,4/14/2022 12:40:52 PM,Registry,C:\Windows\system32\tasklist.exe,BLUETEAM\ezk,tasklist,1384,10676,tasklist.exe 4132 RegOpenKey HKLM\System\CurrentControlSet\Control\Session Manager REPARSE Desired Access: Query Value 4/14/2022 12:40:52 PM Registry C:\Windows\system32\tasklist.exe BLUETEAM\ezk tasklist 1384 10676,benign
tasklist.exe,4132,RegOpenKey,HKLM\System\CurrentControlSet\Control\Session Manager,SUCCESS,Desired Access: Query Value,4/14/2022 12:40:52 PM,Registry,C:\Windows\system32\tasklist.exe,BLUETEAM\ezk,tasklist,1384,10676,tasklist.exe 4132 RegOpenKey HKLM\System\CurrentControlSet\Control\Session Manager SUCCESS Desired Access: Query Value 4/14/2022 12:40:52 PM Registry C:\Windows\system32\tasklist.exe BLUETEAM\ezk tasklist 1384 10676,benign
tasklist.exe,4132,RegQueryValue,HKLM\System\CurrentControlSet\Control\Session Manager\RaiseExceptionOnPossibleDeadlock,NAME NOT FOUND,Length: 80,4/14/2022 12:40:52 PM,Registry,C:\Windows\system32\tasklist.exe,BLUETEAM\ezk,tasklist,1384,10676,tasklist.exe 4132 RegQueryValue HKLM\System\CurrentControlSet\Control\Session Manager\RaiseExceptionOnPossibleDeadlock NAME NOT FOUND Length: 80 4/14/2022 12:40:52 PM Registry C:\Windows\system32\tasklist.exe BLUETEAM\ezk tasklist 1384 10676,benign
tasklist.exe,4132,RegCloseKey,HKLM\System\CurrentControlSet\Control\Session Manager,SUCCESS,,4/14/2022 12:40:52 PM,Registry,C:\Windows\system32\tasklist.exe,BLUETEAM\ezk,tasklist,1384,10676,tasklist.exe 4132 RegCloseKey HKLM\System\CurrentControlSet\Control\Session Manager SUCCESS None 4/14/2022 12:40:52 PM Registry C:\Windows\system32\tasklist.exe BLUETEAM\ezk tasklist 1384 10676,benign
tasklist.exe,4132,RegOpenKey,HKLM\SYSTEM\CurrentControlSet\Control\Session Manager\Segment Heap,REPARSE,Desired Access: Query Value,4/14/2022 12:40:52 PM,Registry,C:\Windows\system32\tasklist.exe,BLUETEAM\ezk,tasklist,1384,10676,tasklist.exe 4132 RegOpenKey HKLM\SYSTEM\CurrentControlSet\Control\Session Manager\Segment Heap REPARSE Desired Access: Query Value 4/14/2022 12:40:52 PM Registry C:\Windows\system32\tasklist.exe BLUETEAM\ezk tasklist 1384 10676,benign
tasklist.exe,4132,RegOpenKey,HKLM\System\CurrentControlSet\Control\Session Manager\Segment Heap,NAME NOT FOUND,Desired Access: Query Value,4/14/2022 12:40:52 PM,Registry,C:\Windows\system32\tasklist.exe,BLUETEAM\ezk,tasklist,1384,10676,tasklist.exe 4132 RegOpenKey HKLM\System\CurrentControlSet\Control\Session Manager\Segment Heap NAME NOT FOUND Desired Access: Query Value 4/14/2022 12:40:52 PM Registry C:\Windows\system32\tasklist.exe BLUETEAM\ezk tasklist 1384 10676,benign
tasklist.exe,4132,RegOpenKey,HKLM\SYSTEM\CurrentControlSet\Control\Session Manager,REPARSE,"Desired Access: Query Value, Enumerate Sub Keys",4/14/2022 12:40:52 PM,Registry,C:\Windows\system32\tasklist.exe,BLUETEAM\ezk,tasklist,1384,10676,"tasklist.exe 4132 RegOpenKey HKLM\SYSTEM\CurrentControlSet\Control\Session Manager REPARSE Desired Access: Query Value, Enumerate Sub Keys 4/14/2022 12:40:52 PM Registry C:\Windows\system32\tasklist.exe BLUETEAM\ezk tasklist 1384 10676",benign
tasklist.exe,4132,RegOpenKey,HKLM\System\CurrentControlSet\Control\Session Manager,SUCCESS,"Desired Access: Query Value, Enumerate Sub Keys",4/14/2022 12:40:52 PM,Registry,C:\Windows\system32\tasklist.exe,BLUETEAM\ezk,tasklist,1384,10676,"tasklist.exe 4132 RegOpenKey HKLM\System\CurrentControlSet\Control\Session Manager SUCCESS Desired Access: Query Value, Enumerate Sub Keys 4/14/2022 12:40:52 PM Registry C:\Windows\system32\tasklist.exe BLUETEAM\ezk tasklist 1384 10676",benign
tasklist.exe,4132,RegQueryValue,HKLM\System\CurrentControlSet\Control\Session Manager\ResourcePolicies,NAME NOT FOUND,Length: 24,4/14/2022 12:40:52 PM,Registry,C:\Windows\system32\tasklist.exe,BLUETEAM\ezk,tasklist,1384,10676,tasklist.exe 4132 RegQueryValue HKLM\System\CurrentControlSet\Control\Session Manager\ResourcePolicies NAME NOT FOUND Length: 24 4/14/2022 12:40:52 PM Registry C:\Windows\system32\tasklist.exe BLUETEAM\ezk tasklist 1384 10676,benign
tasklist.exe,4132,RegCloseKey,HKLM\System\CurrentControlSet\Control\Session Manager,SUCCESS,,4/14/2022 12:40:52 PM,Registry,C:\Windows\system32\tasklist.exe,BLUETEAM\ezk,tasklist,1384,10676,tasklist.exe 4132 RegCloseKey HKLM\System\CurrentControlSet\Control\Session Manager SUCCESS None 4/14/2022 12:40:52 PM Registry C:\Windows\system32\tasklist.exe BLUETEAM\ezk tasklist 1384 10676,benign
tasklist.exe,4132,CreateFile,C:\Windows\System32,SUCCESS,"Desired Access: Execute/Traverse, Synchronize, Disposition: Open, Options: Directory, Synchronous IO Non-Alert, Attributes: n/a, ShareMode: Read, Write, AllocationSize: n/a, OpenResult: Opened",4/14/2022 12:40:52 PM,File System,C:\Windows\system32\tasklist.exe,BLUETEAM\ezk,tasklist,1384,10676,"tasklist.exe 4132 CreateFile C:\Windows\System32 SUCCESS Desired Access: Execute/Traverse, Synchronize, Disposition: Open, Options: Directory, Synchronous IO Non-Alert, Attributes: n/a, ShareMode: Read, Write, AllocationSize: n/a, OpenResult: Opened 4/14/2022 12:40:52 PM File System C:\Windows\system32\tasklist.exe BLUETEAM\ezk tasklist 1384 10676",benign
tasklist.exe,4132,RegOpenKey,HKLM\System\CurrentControlSet\Control\SafeBoot\Option,REPARSE,"Desired Access: Query Value, Set Value",4/14/2022 12:40:52 PM,Registry,C:\Windows\system32\tasklist.exe,BLUETEAM\ezk,tasklist,1384,10676,"tasklist.exe 4132 RegOpenKey HKLM\System\CurrentControlSet\Control\SafeBoot\Option REPARSE Desired Access: Query Value, Set Value 4/14/2022 12:40:52 PM Registry C:\Windows\system32\tasklist.exe BLUETEAM\ezk tasklist 1384 10676",benign
cmd.exe,10676,RegCloseKey,HKLM\SOFTWARE\Microsoft\Windows NT\CurrentVersion\Image File Execution Options,SUCCESS,,4/14/2022 12:40:52 PM,Registry,C:\Windows\system32\cmd.exe,BLUETEAM\ezk,cmd.exe /C tasklist,10244,8028,cmd.exe 10676 RegCloseKey HKLM\SOFTWARE\Microsoft\Windows NT\CurrentVersion\Image File Execution Options SUCCESS None 4/14/2022 12:40:52 PM Registry C:\Windows\system32\cmd.exe BLUETEAM\ezk cmd.exe /C tasklist 10244 8028,benign
tasklist.exe,4132,RegOpenKey,HKLM\System\CurrentControlSet\Control\SafeBoot\Option,NAME NOT FOUND,"Desired Access: Query Value, Set Value",4/14/2022 12:40:52 PM,Registry,C:\Windows\system32\tasklist.exe,BLUETEAM\ezk,tasklist,1384,10676,"tasklist.exe 4132 RegOpenKey HKLM\System\CurrentControlSet\Control\SafeBoot\Option NAME NOT FOUND Desired Access: Query Value, Set Value 4/14/2022 12:40:52 PM Registry C:\Windows\system32\tasklist.exe BLUETEAM\ezk tasklist 1384 10676",benign
tasklist.exe,4132,RegOpenKey,HKLM\System\CurrentControlSet\Control\Srp\GP\DLL,NAME NOT FOUND,Desired Access: Read,4/14/2022 12:40:52 PM,Registry,C:\Windows\system32\tasklist.exe,BLUETEAM\ezk,tasklist,1384,10676,tasklist.exe 4132 RegOpenKey HKLM\System\CurrentControlSet\Control\Srp\GP\DLL NAME NOT FOUND Desired Access: Read 4/14/2022 12:40:52 PM Registry C:\Windows\system32\tasklist.exe BLUETEAM\ezk tasklist 1384 10676,benign
tasklist.exe,4132,RegOpenKey,HKLM\Software\Policies\Microsoft\Windows\Safer\CodeIdentifiers,SUCCESS,Desired Access: Query Value,4/14/2022 12:40:52 PM,Registry,C:\Windows\system32\tasklist.exe,BLUETEAM\ezk,tasklist,1384,10676,tasklist.exe 4132 RegOpenKey HKLM\Software\Policies\Microsoft\Windows\Safer\CodeIdentifiers SUCCESS Desired Access: Query Value 4/14/2022 12:40:52 PM Registry C:\Windows\system32\tasklist.exe BLUETEAM\ezk tasklist 1384 10676,benign
tasklist.exe,4132,RegQueryValue,HKLM\SOFTWARE\Policies\Microsoft\Windows\safer\codeidentifiers\TransparentEnabled,NAME NOT FOUND,Length: 80,4/14/2022 12:40:52 PM,Registry,C:\Windows\system32\tasklist.exe,BLUETEAM\ezk,tasklist,1384,10676,tasklist.exe 4132 RegQueryValue HKLM\SOFTWARE\Policies\Microsoft\Windows\safer\codeidentifiers\TransparentEnabled NAME NOT FOUND Length: 80 4/14/2022 12:40:52 PM Registry C:\Windows\system32\tasklist.exe BLUETEAM\ezk tasklist 1384 10676,benign
tasklist.exe,4132,RegCloseKey,HKLM\SOFTWARE\Policies\Microsoft\Windows\safer\codeidentifiers,SUCCESS,,4/14/2022 12:40:52 PM,Registry,C:\Windows\system32\tasklist.exe,BLUETEAM\ezk,tasklist,1384,10676,tasklist.exe 4132 RegCloseKey HKLM\SOFTWARE\Policies\Microsoft\Windows\safer\codeidentifiers SUCCESS None 4/14/2022 12:40:52 PM Registry C:\Windows\system32\tasklist.exe BLUETEAM\ezk tasklist 1384 10676,benign
tasklist.exe,4132,RegOpenKey,HKCU\Software\Policies\Microsoft\Windows\Safer\CodeIdentifiers,NAME NOT FOUND,Desired Access: Query Value,4/14/2022 12:40:52 PM,Registry,C:\Windows\system32\tasklist.exe,BLUETEAM\ezk,tasklist,1384,10676,tasklist.exe 4132 RegOpenKey HKCU\Software\Policies\Microsoft\Windows\Safer\CodeIdentifiers NAME NOT FOUND Desired Access: Query Value 4/14/2022 12:40:52 PM Registry C:\Windows\system32\tasklist.exe BLUETEAM\ezk tasklist 1384 10676,benign
tasklist.exe,4132,RegOpenKey,HKLM\System\CurrentControlSet\Control\FileSystem\,REPARSE,Desired Access: Read,4/14/2022 12:40:52 PM,Registry,C:\Windows\system32\tasklist.exe,BLUETEAM\ezk,tasklist,1384,10676,tasklist.exe 4132 RegOpenKey HKLM\System\CurrentControlSet\Control\FileSystem\ REPARSE Desired Access: Read 4/14/2022 12:40:52 PM Registry C:\Windows\system32\tasklist.exe BLUETEAM\ezk tasklist 1384 10676,benign
tasklist.exe,4132,RegOpenKey,HKLM\System\CurrentControlSet\Control\FileSystem,SUCCESS,Desired Access: Read,4/14/2022 12:40:52 PM,Registry,C:\Windows\system32\tasklist.exe,BLUETEAM\ezk,tasklist,1384,10676,tasklist.exe 4132 RegOpenKey HKLM\System\CurrentControlSet\Control\FileSystem SUCCESS Desired Access: Read 4/14/2022 12:40:52 PM Registry C:\Windows\system32\tasklist.exe BLUETEAM\ezk tasklist 1384 10676,benign
tasklist.exe,4132,RegQueryValue,HKLM\System\CurrentControlSet\Control\FileSystem\LongPathsEnabled,SUCCESS,"Type: REG_DWORD, Length: 4, Data: 0",4/14/2022 12:40:52 PM,Registry,C:\Windows\system32\tasklist.exe,BLUETEAM\ezk,tasklist,1384,10676,"tasklist.exe 4132 RegQueryValue HKLM\System\CurrentControlSet\Control\FileSystem\LongPathsEnabled SUCCESS Type: REG_DWORD, Length: 4, Data: 0 4/14/2022 12:40:52 PM Registry C:\Windows\system32\tasklist.exe BLUETEAM\ezk tasklist 1384 10676",benign
tasklist.exe,4132,RegCloseKey,HKLM\System\CurrentControlSet\Control\FileSystem,SUCCESS,,4/14/2022 12:40:52 PM,Registry,C:\Windows\system32\tasklist.exe,BLUETEAM\ezk,tasklist,1384,10676,tasklist.exe 4132 RegCloseKey HKLM\System\CurrentControlSet\Control\FileSystem SUCCESS None 4/14/2022 12:40:52 PM Registry C:\Windows\system32\tasklist.exe BLUETEAM\ezk tasklist 1384 10676,benign
tasklist.exe,4132,RegOpenKey,HKLM\SYSTEM\CurrentControlSet\Control\Session Manager,REPARSE,"Desired Access: Query Value, Enumerate Sub Keys",4/14/2022 12:40:52 PM,Registry,C:\Windows\system32\tasklist.exe,BLUETEAM\ezk,tasklist,1384,10676,"tasklist.exe 4132 RegOpenKey HKLM\SYSTEM\CurrentControlSet\Control\Session Manager REPARSE Desired Access: Query Value, Enumerate Sub Keys 4/14/2022 12:40:52 PM Registry C:\Windows\system32\tasklist.exe BLUETEAM\ezk tasklist 1384 10676",benign
tasklist.exe,4132,RegOpenKey,HKLM\System\CurrentControlSet\Control\Session Manager,SUCCESS,"Desired Access: Query Value, Enumerate Sub Keys",4/14/2022 12:40:52 PM,Registry,C:\Windows\system32\tasklist.exe,BLUETEAM\ezk,tasklist,1384,10676,"tasklist.exe 4132 RegOpenKey HKLM\System\CurrentControlSet\Control\Session Manager SUCCESS Desired Access: Query Value, Enumerate Sub Keys 4/14/2022 12:40:52 PM Registry C:\Windows\system32\tasklist.exe BLUETEAM\ezk tasklist 1384 10676",benign
tasklist.exe,4132,RegQueryValue,HKLM\System\CurrentControlSet\Control\Session Manager\ResourcePolicies,NAME NOT FOUND,Length: 24,4/14/2022 12:40:52 PM,Registry,C:\Windows\system32\tasklist.exe,BLUETEAM\ezk,tasklist,1384,10676,tasklist.exe 4132 RegQueryValue HKLM\System\CurrentControlSet\Control\Session Manager\ResourcePolicies NAME NOT FOUND Length: 24 4/14/2022 12:40:52 PM Registry C:\Windows\system32\tasklist.exe BLUETEAM\ezk tasklist 1384 10676,benign
tasklist.exe,4132,RegCloseKey,HKLM\System\CurrentControlSet\Control\Session Manager,SUCCESS,,4/14/2022 12:40:52 PM,Registry,C:\Windows\system32\tasklist.exe,BLUETEAM\ezk,tasklist,1384,10676,tasklist.exe 4132 RegCloseKey HKLM\System\CurrentControlSet\Control\Session Manager SUCCESS None 4/14/2022 12:40:52 PM Registry C:\Windows\system32\tasklist.exe BLUETEAM\ezk tasklist 1384 10676,benign
tasklist.exe,4132,RegOpenKey,HKLM\System\CurrentControlSet\Control\Session Manager,REPARSE,Desired Access: Query Value,4/14/2022 12:40:52 PM,Registry,C:\Windows\system32\tasklist.exe,BLUETEAM\ezk,tasklist,9892,10676,tasklist.exe 4132 RegOpenKey HKLM\System\CurrentControlSet\Control\Session Manager REPARSE Desired Access: Query Value 4/14/2022 12:40:52 PM Registry C:\Windows\system32\tasklist.exe BLUETEAM\ezk tasklist 9892 10676,benign
tasklist.exe,4132,RegOpenKey,HKLM\System\CurrentControlSet\Control\Srp\GP\DLL,REPARSE,Desired Access: Read,4/14/2022 12:40:52 PM,Registry,C:\Windows\system32\tasklist.exe,BLUETEAM\ezk,tasklist,1384,10676,tasklist.exe 4132 RegOpenKey HKLM\System\CurrentControlSet\Control\Srp\GP\DLL REPARSE Desired Access: Read 4/14/2022 12:40:52 PM Registry C:\Windows\system32\tasklist.exe BLUETEAM\ezk tasklist 1384 10676,benign
cmd.exe,10676,RegCloseKey,HKLM\System\CurrentControlSet\Control\Nls\Sorting\Ids,SUCCESS,,4/14/2022 12:40:52 PM,Registry,C:\Windows\system32\cmd.exe,BLUETEAM\ezk,cmd.exe /C tasklist,10244,8028,cmd.exe 10676 RegCloseKey HKLM\System\CurrentControlSet\Control\Nls\Sorting\Ids SUCCESS None 4/14/2022 12:40:52 PM Registry C:\Windows\system32\cmd.exe BLUETEAM\ezk cmd.exe /C tasklist 10244 8028,benign
cmd.exe,10676,RegCloseKey,HKCU,SUCCESS,,4/14/2022 12:40:52 PM,Registry,C:\Windows\system32\cmd.exe,BLUETEAM\ezk,cmd.exe /C tasklist,10244,8028,cmd.exe 10676 RegCloseKey HKCU SUCCESS None 4/14/2022 12:40:52 PM Registry C:\Windows\system32\cmd.exe BLUETEAM\ezk cmd.exe /C tasklist 10244 8028,benign
cmd.exe,10676,RegCloseKey,HKLM,SUCCESS,,4/14/2022 12:40:52 PM,Registry,C:\Windows\system32\cmd.exe,BLUETEAM\ezk,cmd.exe /C tasklist,10244,8028,cmd.exe 10676 RegCloseKey HKLM SUCCESS None 4/14/2022 12:40:52 PM Registry C:\Windows\system32\cmd.exe BLUETEAM\ezk cmd.exe /C tasklist 10244 8028,benign
cmd.exe,10676,Process Create,C:\Windows\system32\tasklist.exe,SUCCESS,"PID: 4132, Command line: tasklist",4/14/2022 12:40:52 PM,Process,C:\Windows\system32\cmd.exe,BLUETEAM\ezk,cmd.exe /C tasklist,10244,8028,"cmd.exe 10676 Process Create C:\Windows\system32\tasklist.exe SUCCESS PID: 4132, Command line: tasklist 4/14/2022 12:40:52 PM Process C:\Windows\system32\cmd.exe BLUETEAM\ezk cmd.exe /C tasklist 10244 8028",benign
cmd.exe,10676,RegOpenKey,HKLM\System\CurrentControlSet\Control\Session Manager\AppCertDlls,REPARSE,Desired Access: Query Value,4/14/2022 12:40:52 PM,Registry,C:\Windows\system32\cmd.exe,BLUETEAM\ezk,cmd.exe /C tasklist,10244,8028,cmd.exe 10676 RegOpenKey HKLM\System\CurrentControlSet\Control\Session Manager\AppCertDlls REPARSE Desired Access: Query Value 4/14/2022 12:40:52 PM Registry C:\Windows\system32\cmd.exe BLUETEAM\ezk cmd.exe /C tasklist 10244 8028,benign
cmd.exe,10676,RegOpenKey,HKLM\System\CurrentControlSet\Control\Session Manager\AppCertDlls,NAME NOT FOUND,Desired Access: Query Value,4/14/2022 12:40:52 PM,Registry,C:\Windows\system32\cmd.exe,BLUETEAM\ezk,cmd.exe /C tasklist,10244,8028,cmd.exe 10676 RegOpenKey HKLM\System\CurrentControlSet\Control\Session Manager\AppCertDlls NAME NOT FOUND Desired Access: Query Value 4/14/2022 12:40:52 PM Registry C:\Windows\system32\cmd.exe BLUETEAM\ezk cmd.exe /C tasklist 10244 8028,benign
cmd.exe,10676,RegOpenKey,HKLM\System\CurrentControlSet\Control\SafeBoot\Option,REPARSE,"Desired Access: Query Value, Set Value",4/14/2022 12:40:52 PM,Registry,C:\Windows\system32\cmd.exe,BLUETEAM\ezk,cmd.exe /C tasklist,10244,8028,"cmd.exe 10676 RegOpenKey HKLM\System\CurrentControlSet\Control\SafeBoot\Option REPARSE Desired Access: Query Value, Set Value 4/14/2022 12:40:52 PM Registry C:\Windows\system32\cmd.exe BLUETEAM\ezk cmd.exe /C tasklist 10244 8028",benign
cmd.exe,10676,RegOpenKey,HKLM\System\CurrentControlSet\Control\SafeBoot\Option,NAME NOT FOUND,"Desired Access: Query Value, Set Value",4/14/2022 12:40:52 PM,Registry,C:\Windows\system32\cmd.exe,BLUETEAM\ezk,cmd.exe /C tasklist,10244,8028,"cmd.exe 10676 RegOpenKey HKLM\System\CurrentControlSet\Control\SafeBoot\Option NAME NOT FOUND Desired Access: Query Value, Set Value 4/14/2022 12:40:52 PM Registry C:\Windows\system32\cmd.exe BLUETEAM\ezk cmd.exe /C tasklist 10244 8028",benign
cmd.exe,10676,RegOpenKey,HKLM\Software\Policies\Microsoft\Windows\Safer\CodeIdentifiers,SUCCESS,Desired Access: Query Value,4/14/2022 12:40:52 PM,Registry,C:\Windows\system32\cmd.exe,BLUETEAM\ezk,cmd.exe /C tasklist,10244,8028,cmd.exe 10676 RegOpenKey HKLM\Software\Policies\Microsoft\Windows\Safer\CodeIdentifiers SUCCESS Desired Access: Query Value 4/14/2022 12:40:52 PM Registry C:\Windows\system32\cmd.exe BLUETEAM\ezk cmd.exe /C tasklist 10244 8028,benign
cmd.exe,10676,RegQueryValue,HKLM\SOFTWARE\Policies\Microsoft\Windows\safer\codeidentifiers\TransparentEnabled,NAME NOT FOUND,Length: 80,4/14/2022 12:40:52 PM,Registry,C:\Windows\system32\cmd.exe,BLUETEAM\ezk,cmd.exe /C tasklist,10244,8028,cmd.exe 10676 RegQueryValue HKLM\SOFTWARE\Policies\Microsoft\Windows\safer\codeidentifiers\TransparentEnabled NAME NOT FOUND Length: 80 4/14/2022 12:40:52 PM Registry C:\Windows\system32\cmd.exe BLUETEAM\ezk cmd.exe /C tasklist 10244 8028,benign
cmd.exe,10676,RegQueryValue,HKLM\SOFTWARE\Policies\Microsoft\Windows\safer\codeidentifiers\AuthenticodeEnabled,SUCCESS,"Type: REG_DWORD, Length: 4, Data: 0",4/14/2022 12:40:52 PM,Registry,C:\Windows\system32\cmd.exe,BLUETEAM\ezk,cmd.exe /C tasklist,10244,8028,"cmd.exe 10676 RegQueryValue HKLM\SOFTWARE\Policies\Microsoft\Windows\safer\codeidentifiers\AuthenticodeEnabled SUCCESS Type: REG_DWORD, Length: 4, Data: 0 4/14/2022 12:40:52 PM Registry C:\Windows\system32\cmd.exe BLUETEAM\ezk cmd.exe /C tasklist 10244 8028",benign
cmd.exe,10676,RegCloseKey,HKLM\SOFTWARE\Policies\Microsoft\Windows\safer\codeidentifiers,SUCCESS,,4/14/2022 12:40:52 PM,Registry,C:\Windows\system32\cmd.exe,BLUETEAM\ezk,cmd.exe /C tasklist,10244,8028,cmd.exe 10676 RegCloseKey HKLM\SOFTWARE\Policies\Microsoft\Windows\safer\codeidentifiers SUCCESS None 4/14/2022 12:40:52 PM Registry C:\Windows\system32\cmd.exe BLUETEAM\ezk cmd.exe /C tasklist 10244 8028,benign
cmd.exe,10676,RegOpenKey,HKCU\Software\Policies\Microsoft\Windows\Safer\CodeIdentifiers,NAME NOT FOUND,Desired Access: Query Value,4/14/2022 12:40:52 PM,Registry,C:\Windows\system32\cmd.exe,BLUETEAM\ezk,cmd.exe /C tasklist,10244,8028,cmd.exe 10676 RegOpenKey HKCU\Software\Policies\Microsoft\Windows\Safer\CodeIdentifiers NAME NOT FOUND Desired Access: Query Value 4/14/2022 12:40:52 PM Registry C:\Windows\system32\cmd.exe BLUETEAM\ezk cmd.exe /C tasklist 10244 8028,benign
cmd.exe,10676,RegOpenKey,HKCU\Software\Microsoft\Windows\CurrentVersion\Explorer\Shell Folders,SUCCESS,Desired Access: Query Value,4/14/2022 12:40:52 PM,Registry,C:\Windows\system32\cmd.exe,BLUETEAM\ezk,cmd.exe /C tasklist,10244,8028,cmd.exe 10676 RegOpenKey HKCU\Software\Microsoft\Windows\CurrentVersion\Explorer\Shell Folders SUCCESS Desired Access: Query Value 4/14/2022 12:40:52 PM Registry C:\Windows\system32\cmd.exe BLUETEAM\ezk cmd.exe /C tasklist 10244 8028,benign
cmd.exe,10676,RegQueryValue,HKCU\SOFTWARE\Microsoft\Windows\CurrentVersion\Explorer\Shell Folders\Cache,SUCCESS,"Type: REG_SZ, Length: 110, Data: C:\Users\ezk\AppData\Local\Microsoft\Windows\INetCache",4/14/2022 12:40:52 PM,Registry,C:\Windows\system32\cmd.exe,BLUETEAM\ezk,cmd.exe /C tasklist,10244,8028,"cmd.exe 10676 RegQueryValue HKCU\SOFTWARE\Microsoft\Windows\CurrentVersion\Explorer\Shell Folders\Cache SUCCESS Type: REG_SZ, Length: 110, Data: C:\Users\ezk\AppData\Local\Microsoft\Windows\INetCache 4/14/2022 12:40:52 PM Registry C:\Windows\system32\cmd.exe BLUETEAM\ezk cmd.exe /C tasklist 10244 8028",benign
cmd.exe,10676,RegCloseKey,HKCU\SOFTWARE\Microsoft\Windows\CurrentVersion\Explorer\Shell Folders,SUCCESS,,4/14/2022 12:40:52 PM,Registry,C:\Windows\system32\cmd.exe,BLUETEAM\ezk,cmd.exe /C tasklist,10244,8028,cmd.exe 10676 RegCloseKey HKCU\SOFTWARE\Microsoft\Windows\CurrentVersion\Explorer\Shell Folders SUCCESS None 4/14/2022 12:40:52 PM Registry C:\Windows\system32\cmd.exe BLUETEAM\ezk cmd.exe /C tasklist 10244 8028,benign
cmd.exe,10676,RegOpenKey,HKCU\Software\Microsoft\Windows NT\CurrentVersion,SUCCESS,Desired Access: Enumerate Sub Keys,4/14/2022 12:40:52 PM,Registry,C:\Windows\system32\cmd.exe,BLUETEAM\ezk,cmd.exe /C tasklist,10244,8028,cmd.exe 10676 RegOpenKey HKCU\Software\Microsoft\Windows NT\CurrentVersion SUCCESS Desired Access: Enumerate Sub Keys 4/14/2022 12:40:52 PM Registry C:\Windows\system32\cmd.exe BLUETEAM\ezk cmd.exe /C tasklist 10244 8028,benign
cmd.exe,10676,RegOpenKey,HKCU\SOFTWARE\Microsoft\Windows NT\CurrentVersion\AppCompatFlags\Layers,NAME NOT FOUND,Desired Access: Query Value,4/14/2022 12:40:52 PM,Registry,C:\Windows\system32\cmd.exe,BLUETEAM\ezk,cmd.exe /C tasklist,10244,8028,cmd.exe 10676 RegOpenKey HKCU\SOFTWARE\Microsoft\Windows NT\CurrentVersion\AppCompatFlags\Layers NAME NOT FOUND Desired Access: Query Value 4/14/2022 12:40:52 PM Registry C:\Windows\system32\cmd.exe BLUETEAM\ezk cmd.exe /C tasklist 10244 8028,benign
cmd.exe,10676,CreateFile,C:\Windows\apppatch\sysmain.sdb,SUCCESS,"Desired Access: Generic Read, Disposition: Open, Options: Synchronous IO Non-Alert, Non-Directory File, Attributes: N, ShareMode: Read, AllocationSize: n/a, OpenResult: Opened",4/14/2022 12:40:52 PM,File System,C:\Windows\system32\cmd.exe,BLUETEAM\ezk,cmd.exe /C tasklist,10244,8028,"cmd.exe 10676 CreateFile C:\Windows\apppatch\sysmain.sdb SUCCESS Desired Access: Generic Read, Disposition: Open, Options: Synchronous IO Non-Alert, Non-Directory File, Attributes: N, ShareMode: Read, AllocationSize: n/a, OpenResult: Opened 4/14/2022 12:40:52 PM File System C:\Windows\system32\cmd.exe BLUETEAM\ezk cmd.exe /C tasklist 10244 8028",benign
cmd.exe,10676,QueryBasicInformationFile,C:\Windows\apppatch\sysmain.sdb,SUCCESS,"CreationTime: 9/22/2021 5:21:28 PM, LastAccessTime: 4/14/2022 12:38:29 PM, LastWriteTime: 9/22/2021 5:21:28 PM, ChangeTime: 10/15/2021 2:23:18 PM, FileAttributes: A",4/14/2022 12:40:52 PM,File System,C:\Windows\system32\cmd.exe,BLUETEAM\ezk,cmd.exe /C tasklist,10244,8028,"cmd.exe 10676 QueryBasicInformationFile C:\Windows\apppatch\sysmain.sdb SUCCESS CreationTime: 9/22/2021 5:21:28 PM, LastAccessTime: 4/14/2022 12:38:29 PM, LastWriteTime: 9/22/2021 5:21:28 PM, ChangeTime: 10/15/2021 2:23:18 PM, FileAttributes: A 4/14/2022 12:40:52 PM File System C:\Windows\system32\cmd.exe BLUETEAM\ezk cmd.exe /C tasklist 10244 8028",benign
cmd.exe,10676,RegCloseKey,HKLM\System\CurrentControlSet\Control\Nls\Sorting\Versions,SUCCESS,,4/14/2022 12:40:52 PM,Registry,C:\Windows\system32\cmd.exe,BLUETEAM\ezk,cmd.exe /C tasklist,10244,8028,cmd.exe 10676 RegCloseKey HKLM\System\CurrentControlSet\Control\Nls\Sorting\Versions SUCCESS None 4/14/2022 12:40:52 PM Registry C:\Windows\system32\cmd.exe BLUETEAM\ezk cmd.exe /C tasklist 10244 8028,benign
cmd.exe,10676,CloseFile,C:\Windows\System32,SUCCESS,,4/14/2022 12:40:52 PM,File System,C:\Windows\system32\cmd.exe,BLUETEAM\ezk,cmd.exe /C tasklist,10244,8028,cmd.exe 10676 CloseFile C:\Windows\System32 SUCCESS None 4/14/2022 12:40:52 PM File System C:\Windows\system32\cmd.exe BLUETEAM\ezk cmd.exe /C tasklist 10244 8028,benign
cmd.exe,10676,RegCloseKey,HKLM\System\CurrentControlSet\Services\bam\State\UserSettings\S-1-5-21-4065680934-2604657585-3199708412-1106,SUCCESS,,4/14/2022 12:40:52 PM,Registry,C:\Windows\system32\cmd.exe,BLUETEAM\ezk,cmd.exe /C tasklist,10244,8028,cmd.exe 10676 RegCloseKey HKLM\System\CurrentControlSet\Services\bam\State\UserSettings\S-1-5-21-4065680934-2604657585-3199708412-1106 SUCCESS None 4/14/2022 12:40:52 PM Registry C:\Windows\system32\cmd.exe BLUETEAM\ezk cmd.exe /C tasklist 10244 8028,benign
cmd.exe,10676,RegSetValue,HKLM\System\CurrentControlSet\Services\bam\State\UserSettings\S-1-5-21-4065680934-2604657585-3199708412-1106\\Device\HarddiskVolume3\Windows\System32\cmd.exe,SUCCESS,"Type: REG_BINARY, Length: 24, Data: 07 7E 40 D2 B9 4F D8 01 00 00 00 00 00 00 00 00",4/14/2022 12:40:52 PM,Registry,C:\Windows\system32\cmd.exe,BLUETEAM\ezk,cmd.exe /C tasklist,10244,8028,"cmd.exe 10676 RegSetValue HKLM\System\CurrentControlSet\Services\bam\State\UserSettings\S-1-5-21-4065680934-2604657585-3199708412-1106\\Device\HarddiskVolume3\Windows\System32\cmd.exe SUCCESS Type: REG_BINARY, Length: 24, Data: 07 7E 40 D2 B9 4F D8 01 00 00 00 00 00 00 00 00 4/14/2022 12:40:52 PM Registry C:\Windows\system32\cmd.exe BLUETEAM\ezk cmd.exe /C tasklist 10244 8028",benign
cmd.exe,10676,RegQueryValue,HKLM\System\CurrentControlSet\Services\bam\State\UserSettings\S-1-5-21-4065680934-2604657585-3199708412-1106\\Device\HarddiskVolume3\Windows\System32\cmd.exe,SUCCESS,"Type: REG_BINARY, Length: 24, Data: EA 65 1A D2 B9 4F D8 01 00 00 00 00 00 00 00 00",4/14/2022 12:40:52 PM,Registry,C:\Windows\system32\cmd.exe,BLUETEAM\ezk,cmd.exe /C tasklist,10244,8028,"cmd.exe 10676 RegQueryValue HKLM\System\CurrentControlSet\Services\bam\State\UserSettings\S-1-5-21-4065680934-2604657585-3199708412-1106\\Device\HarddiskVolume3\Windows\System32\cmd.exe SUCCESS Type: REG_BINARY, Length: 24, Data: EA 65 1A D2 B9 4F D8 01 00 00 00 00 00 00 00 00 4/14/2022 12:40:52 PM Registry C:\Windows\system32\cmd.exe BLUETEAM\ezk cmd.exe /C tasklist 10244 8028",benign
cmd.exe,10676,RegOpenKey,HKLM\System\CurrentControlSet\Services\bam\State\UserSettings\S-1-5-21-4065680934-2604657585-3199708412-1106,SUCCESS,Desired Access: All Access,4/14/2022 12:40:52 PM,Registry,C:\Windows\system32\cmd.exe,BLUETEAM\ezk,cmd.exe /C tasklist,10244,8028,cmd.exe 10676 RegOpenKey HKLM\System\CurrentControlSet\Services\bam\State\UserSettings\S-1-5-21-4065680934-2604657585-3199708412-1106 SUCCESS Desired Access: All Access 4/14/2022 12:40:52 PM Registry C:\Windows\system32\cmd.exe BLUETEAM\ezk cmd.exe /C tasklist 10244 8028,benign
tasklist.exe,4132,RegOpenKey,HKLM\System\CurrentControlSet\Control\Session Manager,SUCCESS,Desired Access: Query Value,4/14/2022 12:40:52 PM,Registry,C:\Windows\system32\tasklist.exe,BLUETEAM\ezk,tasklist,9892,10676,tasklist.exe 4132 RegOpenKey HKLM\System\CurrentControlSet\Control\Session Manager SUCCESS Desired Access: Query Value 4/14/2022 12:40:52 PM Registry C:\Windows\system32\tasklist.exe BLUETEAM\ezk tasklist 9892 10676,benign
cmd.exe,10676,RegCloseKey,HKLM,SUCCESS,,4/14/2022 12:40:52 PM,Registry,C:\Windows\system32\cmd.exe,BLUETEAM\ezk,cmd.exe /C tasklist,10244,8028,cmd.exe 10676 RegCloseKey HKLM SUCCESS None 4/14/2022 12:40:52 PM Registry C:\Windows\system32\cmd.exe BLUETEAM\ezk cmd.exe /C tasklist 10244 8028,benign
cmd.exe,10676,CloseFile,C:\Windows\System32\tasklist.exe,SUCCESS,,4/14/2022 12:40:52 PM,File System,C:\Windows\system32\cmd.exe,BLUETEAM\ezk,cmd.exe /C tasklist,10244,8028,cmd.exe 10676 CloseFile C:\Windows\System32\tasklist.exe SUCCESS None 4/14/2022 12:40:52 PM File System C:\Windows\system32\cmd.exe BLUETEAM\ezk cmd.exe /C tasklist 10244 8028,benign
cmd.exe,10676,RegCloseKey,HKLM\SOFTWARE\Microsoft\Windows\CurrentVersion\SideBySide,SUCCESS,,4/14/2022 12:40:52 PM,Registry,C:\Windows\system32\cmd.exe,BLUETEAM\ezk,cmd.exe /C tasklist,10244,8028,cmd.exe 10676 RegCloseKey HKLM\SOFTWARE\Microsoft\Windows\CurrentVersion\SideBySide SUCCESS None 4/14/2022 12:40:52 PM Registry C:\Windows\system32\cmd.exe BLUETEAM\ezk cmd.exe /C tasklist 10244 8028,benign
cmd.exe,10676,RegQueryValue,HKLM\SOFTWARE\Microsoft\Windows\CurrentVersion\SideBySide\PreferExternalManifest,NAME NOT FOUND,Length: 20,4/14/2022 12:40:52 PM,Registry,C:\Windows\system32\cmd.exe,BLUETEAM\ezk,cmd.exe /C tasklist,10244,8028,cmd.exe 10676 RegQueryValue HKLM\SOFTWARE\Microsoft\Windows\CurrentVersion\SideBySide\PreferExternalManifest NAME NOT FOUND Length: 20 4/14/2022 12:40:52 PM Registry C:\Windows\system32\cmd.exe BLUETEAM\ezk cmd.exe /C tasklist 10244 8028,benign
cmd.exe,10676,RegOpenKey,HKLM\Software\Microsoft\Windows\CurrentVersion\SideBySide,SUCCESS,Desired Access: Read,4/14/2022 12:40:52 PM,Registry,C:\Windows\system32\cmd.exe,BLUETEAM\ezk,cmd.exe /C tasklist,10244,8028,cmd.exe 10676 RegOpenKey HKLM\Software\Microsoft\Windows\CurrentVersion\SideBySide SUCCESS Desired Access: Read 4/14/2022 12:40:52 PM Registry C:\Windows\system32\cmd.exe BLUETEAM\ezk cmd.exe /C tasklist 10244 8028,benign
cmd.exe,10676,QueryBasicInformationFile,C:\Windows\System32\tasklist.exe,SUCCESS,"CreationTime: 12/7/2019 5:09:51 PM, LastAccessTime: 4/14/2022 12:40:52 PM, LastWriteTime: 12/7/2019 5:09:51 PM, ChangeTime: 10/15/2021 2:25:24 PM, FileAttributes: A",4/14/2022 12:40:52 PM,File System,C:\Windows\system32\cmd.exe,BLUETEAM\ezk,cmd.exe /C tasklist,10244,8028,"cmd.exe 10676 QueryBasicInformationFile C:\Windows\System32\tasklist.exe SUCCESS CreationTime: 12/7/2019 5:09:51 PM, LastAccessTime: 4/14/2022 12:40:52 PM, LastWriteTime: 12/7/2019 5:09:51 PM, ChangeTime: 10/15/2021 2:25:24 PM, FileAttributes: A 4/14/2022 12:40:52 PM File System C:\Windows\system32\cmd.exe BLUETEAM\ezk cmd.exe /C tasklist 10244 8028",benign
cmd.exe,10676,CloseFile,C:\Windows\apppatch\sysmain.sdb,SUCCESS,,4/14/2022 12:40:52 PM,File System,C:\Windows\system32\cmd.exe,BLUETEAM\ezk,cmd.exe /C tasklist,10244,8028,cmd.exe 10676 CloseFile C:\Windows\apppatch\sysmain.sdb SUCCESS None 4/14/2022 12:40:52 PM File System C:\Windows\system32\cmd.exe BLUETEAM\ezk cmd.exe /C tasklist 10244 8028,benign
cmd.exe,10676,RegCloseKey,HKLM\SOFTWARE\Microsoft\Ole,SUCCESS,,4/14/2022 12:40:52 PM,Registry,C:\Windows\system32\cmd.exe,BLUETEAM\ezk,cmd.exe /C tasklist,10244,8028,cmd.exe 10676 RegCloseKey HKLM\SOFTWARE\Microsoft\Ole SUCCESS None 4/14/2022 12:40:52 PM Registry C:\Windows\system32\cmd.exe BLUETEAM\ezk cmd.exe /C tasklist 10244 8028,benign
tasklist.exe,4132,RegQueryValue,HKLM\System\CurrentControlSet\Control\Session Manager\SafeDllSearchMode,NAME NOT FOUND,Length: 16,4/14/2022 12:40:52 PM,Registry,C:\Windows\system32\tasklist.exe,BLUETEAM\ezk,tasklist,9892,10676,tasklist.exe 4132 RegQueryValue HKLM\System\CurrentControlSet\Control\Session Manager\SafeDllSearchMode NAME NOT FOUND Length: 16 4/14/2022 12:40:52 PM Registry C:\Windows\system32\tasklist.exe BLUETEAM\ezk tasklist 9892 10676,benign
tasklist.exe,4132,CreateFile,C:\Windows\System32\mpr.dll,SUCCESS,"Desired Access: Read Attributes, Disposition: Open, Options: Open Reparse Point, Attributes: n/a, ShareMode: Read, Write, Delete, AllocationSize: n/a, OpenResult: Opened",4/14/2022 12:40:52 PM,File System,C:\Windows\system32\tasklist.exe,BLUETEAM\ezk,tasklist,2016,10676,"tasklist.exe 4132 CreateFile C:\Windows\System32\mpr.dll SUCCESS Desired Access: Read Attributes, Disposition: Open, Options: Open Reparse Point, Attributes: n/a, ShareMode: Read, Write, Delete, AllocationSize: n/a, OpenResult: Opened 4/14/2022 12:40:52 PM File System C:\Windows\system32\tasklist.exe BLUETEAM\ezk tasklist 2016 10676",benign
tasklist.exe,4132,QueryBasicInformationFile,C:\Windows\System32\mpr.dll,SUCCESS,"CreationTime: 9/22/2021 5:22:09 PM, LastAccessTime: 4/14/2022 12:39:56 PM, LastWriteTime: 9/22/2021 5:22:09 PM, ChangeTime: 10/15/2021 2:25:24 PM, FileAttributes: A",4/14/2022 12:40:52 PM,File System,C:\Windows\system32\tasklist.exe,BLUETEAM\ezk,tasklist,2016,10676,"tasklist.exe 4132 QueryBasicInformationFile C:\Windows\System32\mpr.dll SUCCESS CreationTime: 9/22/2021 5:22:09 PM, LastAccessTime: 4/14/2022 12:39:56 PM, LastWriteTime: 9/22/2021 5:22:09 PM, ChangeTime: 10/15/2021 2:25:24 PM, FileAttributes: A 4/14/2022 12:40:52 PM File System C:\Windows\system32\tasklist.exe BLUETEAM\ezk tasklist 2016 10676",benign
tasklist.exe,4132,CloseFile,C:\Windows\System32\srvcli.dll,SUCCESS,,4/14/2022 12:40:52 PM,File System,C:\Windows\system32\tasklist.exe,BLUETEAM\ezk,tasklist,9892,10676,tasklist.exe 4132 CloseFile C:\Windows\System32\srvcli.dll SUCCESS None 4/14/2022 12:40:52 PM File System C:\Windows\system32\tasklist.exe BLUETEAM\ezk tasklist 9892 10676,benign
tasklist.exe,4132,RegOpenKey,HKLM\System\CurrentControlSet\Control\Nls\Sorting\Versions,REPARSE,Desired Access: Read,4/14/2022 12:40:52 PM,Registry,C:\Windows\system32\tasklist.exe,BLUETEAM\ezk,tasklist,1384,10676,tasklist.exe 4132 RegOpenKey HKLM\System\CurrentControlSet\Control\Nls\Sorting\Versions REPARSE Desired Access: Read 4/14/2022 12:40:52 PM Registry C:\Windows\system32\tasklist.exe BLUETEAM\ezk tasklist 1384 10676,benign
tasklist.exe,4132,RegOpenKey,HKLM\System\CurrentControlSet\Control\Nls\Sorting\Versions,SUCCESS,Desired Access: Read,4/14/2022 12:40:52 PM,Registry,C:\Windows\system32\tasklist.exe,BLUETEAM\ezk,tasklist,1384,10676,tasklist.exe 4132 RegOpenKey HKLM\System\CurrentControlSet\Control\Nls\Sorting\Versions SUCCESS Desired Access: Read 4/14/2022 12:40:52 PM Registry C:\Windows\system32\tasklist.exe BLUETEAM\ezk tasklist 1384 10676,benign
tasklist.exe,4132,RegQueryValue,HKLM\System\CurrentControlSet\Control\Nls\Sorting\Versions\(Default),SUCCESS,"Type: REG_SZ, Length: 18, Data: 00060305",4/14/2022 12:40:52 PM,Registry,C:\Windows\system32\tasklist.exe,BLUETEAM\ezk,tasklist,1384,10676,"tasklist.exe 4132 RegQueryValue HKLM\System\CurrentControlSet\Control\Nls\Sorting\Versions\(Default) SUCCESS Type: REG_SZ, Length: 18, Data: 00060305 4/14/2022 12:40:52 PM Registry C:\Windows\system32\tasklist.exe BLUETEAM\ezk tasklist 1384 10676",benign
tasklist.exe,4132,RegQueryValue,HKLM\System\CurrentControlSet\Control\Nls\Sorting\Versions\000603xx,SUCCESS,"Type: REG_SZ, Length: 26, Data: kernel32.dll",4/14/2022 12:40:52 PM,Registry,C:\Windows\system32\tasklist.exe,BLUETEAM\ezk,tasklist,1384,10676,"tasklist.exe 4132 RegQueryValue HKLM\System\CurrentControlSet\Control\Nls\Sorting\Versions\000603xx SUCCESS Type: REG_SZ, Length: 26, Data: kernel32.dll 4/14/2022 12:40:52 PM Registry C:\Windows\system32\tasklist.exe BLUETEAM\ezk tasklist 1384 10676",benign
tasklist.exe,4132,RegOpenKey,HKLM\SYSTEM\CurrentControlSet\Control\Session Manager,REPARSE,"Desired Access: Query Value, Enumerate Sub Keys",4/14/2022 12:40:52 PM,Registry,C:\Windows\system32\tasklist.exe,BLUETEAM\ezk,tasklist,1384,10676,"tasklist.exe 4132 RegOpenKey HKLM\SYSTEM\CurrentControlSet\Control\Session Manager REPARSE Desired Access: Query Value, Enumerate Sub Keys 4/14/2022 12:40:52 PM Registry C:\Windows\system32\tasklist.exe BLUETEAM\ezk tasklist 1384 10676",benign
tasklist.exe,4132,RegOpenKey,HKLM\System\CurrentControlSet\Control\Session Manager,SUCCESS,"Desired Access: Query Value, Enumerate Sub Keys",4/14/2022 12:40:52 PM,Registry,C:\Windows\system32\tasklist.exe,BLUETEAM\ezk,tasklist,1384,10676,"tasklist.exe 4132 RegOpenKey HKLM\System\CurrentControlSet\Control\Session Manager SUCCESS Desired Access: Query Value, Enumerate Sub Keys 4/14/2022 12:40:52 PM Registry C:\Windows\system32\tasklist.exe BLUETEAM\ezk tasklist 1384 10676",benign
tasklist.exe,4132,RegQueryValue,HKLM\System\CurrentControlSet\Control\Session Manager\ResourcePolicies,NAME NOT FOUND,Length: 24,4/14/2022 12:40:52 PM,Registry,C:\Windows\system32\tasklist.exe,BLUETEAM\ezk,tasklist,1384,10676,tasklist.exe 4132 RegQueryValue HKLM\System\CurrentControlSet\Control\Session Manager\ResourcePolicies NAME NOT FOUND Length: 24 4/14/2022 12:40:52 PM Registry C:\Windows\system32\tasklist.exe BLUETEAM\ezk tasklist 1384 10676,benign
tasklist.exe,4132,RegCloseKey,HKLM\System\CurrentControlSet\Control\Session Manager,SUCCESS,,4/14/2022 12:40:52 PM,Registry,C:\Windows\system32\tasklist.exe,BLUETEAM\ezk,tasklist,1384,10676,tasklist.exe 4132 RegCloseKey HKLM\System\CurrentControlSet\Control\Session Manager SUCCESS None 4/14/2022 12:40:52 PM Registry C:\Windows\system32\tasklist.exe BLUETEAM\ezk tasklist 1384 10676,benign
tasklist.exe,4132,CreateFile,C:\Windows\System32\imm32.dll,SUCCESS,"Desired Access: Read Attributes, Disposition: Open, Options: Open Reparse Point, Attributes: n/a, ShareMode: Read, Write, Delete, AllocationSize: n/a, OpenResult: Opened",4/14/2022 12:40:52 PM,File System,C:\Windows\system32\tasklist.exe,BLUETEAM\ezk,tasklist,1384,10676,"tasklist.exe 4132 CreateFile C:\Windows\System32\imm32.dll SUCCESS Desired Access: Read Attributes, Disposition: Open, Options: Open Reparse Point, Attributes: n/a, ShareMode: Read, Write, Delete, AllocationSize: n/a, OpenResult: Opened 4/14/2022 12:40:52 PM File System C:\Windows\system32\tasklist.exe BLUETEAM\ezk tasklist 1384 10676",benign
tasklist.exe,4132,QueryBasicInformationFile,C:\Windows\System32\imm32.dll,SUCCESS,"CreationTime: 9/22/2021 5:22:10 PM, LastAccessTime: 4/14/2022 12:39:56 PM, LastWriteTime: 9/22/2021 5:22:10 PM, ChangeTime: 10/15/2021 2:25:23 PM, FileAttributes: A",4/14/2022 12:40:52 PM,File System,C:\Windows\system32\tasklist.exe,BLUETEAM\ezk,tasklist,1384,10676,"tasklist.exe 4132 QueryBasicInformationFile C:\Windows\System32\imm32.dll SUCCESS CreationTime: 9/22/2021 5:22:10 PM, LastAccessTime: 4/14/2022 12:39:56 PM, LastWriteTime: 9/22/2021 5:22:10 PM, ChangeTime: 10/15/2021 2:25:23 PM, FileAttributes: A 4/14/2022 12:40:52 PM File System C:\Windows\system32\tasklist.exe BLUETEAM\ezk tasklist 1384 10676",benign
tasklist.exe,4132,CloseFile,C:\Windows\System32\imm32.dll,SUCCESS,,4/14/2022 12:40:52 PM,File System,C:\Windows\system32\tasklist.exe,BLUETEAM\ezk,tasklist,1384,10676,tasklist.exe 4132 CloseFile C:\Windows\System32\imm32.dll SUCCESS None 4/14/2022 12:40:52 PM File System C:\Windows\system32\tasklist.exe BLUETEAM\ezk tasklist 1384 10676,benign
tasklist.exe,4132,CreateFile,C:\Windows\System32\imm32.dll,SUCCESS,"Desired Access: Read Data/List Directory, Synchronize, Disposition: Open, Options: Synchronous IO Non-Alert, Non-Directory File, Attributes: n/a, ShareMode: Read, Delete, AllocationSize: n/a, OpenResult: Opened",4/14/2022 12:40:52 PM,File System,C:\Windows\system32\tasklist.exe,BLUETEAM\ezk,tasklist,1384,10676,"tasklist.exe 4132 CreateFile C:\Windows\System32\imm32.dll SUCCESS Desired Access: Read Data/List Directory, Synchronize, Disposition: Open, Options: Synchronous IO Non-Alert, Non-Directory File, Attributes: n/a, ShareMode: Read, Delete, AllocationSize: n/a, OpenResult: Opened 4/14/2022 12:40:52 PM File System C:\Windows\system32\tasklist.exe BLUETEAM\ezk tasklist 1384 10676",benign
tasklist.exe,4132,CloseFile,C:\Windows\System32\imm32.dll,SUCCESS,,4/14/2022 12:40:52 PM,File System,C:\Windows\system32\tasklist.exe,BLUETEAM\ezk,tasklist,1384,10676,tasklist.exe 4132 CloseFile C:\Windows\System32\imm32.dll SUCCESS None 4/14/2022 12:40:52 PM File System C:\Windows\system32\tasklist.exe BLUETEAM\ezk tasklist 1384 10676,benign
tasklist.exe,4132,RegOpenKey,HKLM\System\CurrentControlSet\Control\Error Message Instrument\,REPARSE,Desired Access: Read,4/14/2022 12:40:52 PM,Registry,C:\Windows\system32\tasklist.exe,BLUETEAM\ezk,tasklist,1384,10676,tasklist.exe 4132 RegOpenKey HKLM\System\CurrentControlSet\Control\Error Message Instrument\ REPARSE Desired Access: Read 4/14/2022 12:40:52 PM Registry C:\Windows\system32\tasklist.exe BLUETEAM\ezk tasklist 1384 10676,benign
tasklist.exe,4132,RegOpenKey,HKLM\System\CurrentControlSet\Control\Error Message Instrument,NAME NOT FOUND,Desired Access: Read,4/14/2022 12:40:52 PM,Registry,C:\Windows\system32\tasklist.exe,BLUETEAM\ezk,tasklist,1384,10676,tasklist.exe 4132 RegOpenKey HKLM\System\CurrentControlSet\Control\Error Message Instrument NAME NOT FOUND Desired Access: Read 4/14/2022 12:40:52 PM Registry C:\Windows\system32\tasklist.exe BLUETEAM\ezk tasklist 1384 10676,benign
tasklist.exe,4132,RegOpenKey,HKLM\Software\Microsoft\Windows NT\CurrentVersion\Image File Execution Options,SUCCESS,"Desired Access: Query Value, Enumerate Sub Keys",4/14/2022 12:40:52 PM,Registry,C:\Windows\system32\tasklist.exe,BLUETEAM\ezk,tasklist,1384,10676,"tasklist.exe 4132 RegOpenKey HKLM\Software\Microsoft\Windows NT\CurrentVersion\Image File Execution Options SUCCESS Desired Access: Query Value, Enumerate Sub Keys 4/14/2022 12:40:52 PM Registry C:\Windows\system32\tasklist.exe BLUETEAM\ezk tasklist 1384 10676",benign
tasklist.exe,4132,RegOpenKey,HKLM\Software\Policies\Microsoft\Windows\Control Panel\Desktop,NAME NOT FOUND,Desired Access: Read,4/14/2022 12:40:52 PM,Registry,C:\Windows\system32\tasklist.exe,BLUETEAM\ezk,tasklist,1384,10676,tasklist.exe 4132 RegOpenKey HKLM\Software\Policies\Microsoft\Windows\Control Panel\Desktop NAME NOT FOUND Desired Access: Read 4/14/2022 12:40:52 PM Registry C:\Windows\system32\tasklist.exe BLUETEAM\ezk tasklist 1384 10676,benign
tasklist.exe,4132,RegOpenKey,HKLM\Software\Microsoft\Windows NT\CurrentVersion\Image File Execution Options\tasklist.exe,NAME NOT FOUND,Desired Access: Read,4/14/2022 12:40:52 PM,Registry,C:\Windows\system32\tasklist.exe,BLUETEAM\ezk,tasklist,1384,10676,tasklist.exe 4132 RegOpenKey HKLM\Software\Microsoft\Windows NT\CurrentVersion\Image File Execution Options\tasklist.exe NAME NOT FOUND Desired Access: Read 4/14/2022 12:40:52 PM Registry C:\Windows\system32\tasklist.exe BLUETEAM\ezk tasklist 1384 10676,benign
tasklist.exe,4132,RegCloseKey,HKLM\SOFTWARE\Microsoft\Windows NT\CurrentVersion\GRE_Initialize,SUCCESS,,4/14/2022 12:40:52 PM,Registry,C:\Windows\system32\tasklist.exe,BLUETEAM\ezk,tasklist,1384,10676,tasklist.exe 4132 RegCloseKey HKLM\SOFTWARE\Microsoft\Windows NT\CurrentVersion\GRE_Initialize SUCCESS None 4/14/2022 12:40:52 PM Registry C:\Windows\system32\tasklist.exe BLUETEAM\ezk tasklist 1384 10676,benign
tasklist.exe,4132,RegQueryValue,HKLM\SOFTWARE\Microsoft\Windows NT\CurrentVersion\GRE_Initialize\DisableUmpdBufferSizeCheck,NAME NOT FOUND,Length: 20,4/14/2022 12:40:52 PM,Registry,C:\Windows\system32\tasklist.exe,BLUETEAM\ezk,tasklist,1384,10676,tasklist.exe 4132 RegQueryValue HKLM\SOFTWARE\Microsoft\Windows NT\CurrentVersion\GRE_Initialize\DisableUmpdBufferSizeCheck NAME NOT FOUND Length: 20 4/14/2022 12:40:52 PM Registry C:\Windows\system32\tasklist.exe BLUETEAM\ezk tasklist 1384 10676,benign
tasklist.exe,4132,RegOpenKey,HKLM\Software\Microsoft\Windows NT\CurrentVersion\GRE_Initialize,SUCCESS,Desired Access: Read,4/14/2022 12:40:52 PM,Registry,C:\Windows\system32\tasklist.exe,BLUETEAM\ezk,tasklist,1384,10676,tasklist.exe 4132 RegOpenKey HKLM\Software\Microsoft\Windows NT\CurrentVersion\GRE_Initialize SUCCESS Desired Access: Read 4/14/2022 12:40:52 PM Registry C:\Windows\system32\tasklist.exe BLUETEAM\ezk tasklist 1384 10676,benign
tasklist.exe,4132,RegCloseKey,HKLM\SOFTWARE\Microsoft\Windows NT\CurrentVersion\GRE_Initialize,SUCCESS,,4/14/2022 12:40:52 PM,Registry,C:\Windows\system32\tasklist.exe,BLUETEAM\ezk,tasklist,1384,10676,tasklist.exe 4132 RegCloseKey HKLM\SOFTWARE\Microsoft\Windows NT\CurrentVersion\GRE_Initialize SUCCESS None 4/14/2022 12:40:52 PM Registry C:\Windows\system32\tasklist.exe BLUETEAM\ezk tasklist 1384 10676,benign
tasklist.exe,4132,CloseFile,C:\Windows\System32\netutils.dll,SUCCESS,,4/14/2022 12:40:52 PM,File System,C:\Windows\system32\tasklist.exe,BLUETEAM\ezk,tasklist,1384,10676,tasklist.exe 4132 CloseFile C:\Windows\System32\netutils.dll SUCCESS None 4/14/2022 12:40:52 PM File System C:\Windows\system32\tasklist.exe BLUETEAM\ezk tasklist 1384 10676,benign
tasklist.exe,4132,RegQueryValue,HKLM\SOFTWARE\Microsoft\Windows NT\CurrentVersion\GRE_Initialize\DisableMetaFiles,NAME NOT FOUND,Length: 20,4/14/2022 12:40:52 PM,Registry,C:\Windows\system32\tasklist.exe,BLUETEAM\ezk,tasklist,1384,10676,tasklist.exe 4132 RegQueryValue HKLM\SOFTWARE\Microsoft\Windows NT\CurrentVersion\GRE_Initialize\DisableMetaFiles NAME NOT FOUND Length: 20 4/14/2022 12:40:52 PM Registry C:\Windows\system32\tasklist.exe BLUETEAM\ezk tasklist 1384 10676,benign
tasklist.exe,4132,RegOpenKey,HKLM\Software\Policies\Microsoft\Windows\Display,NAME NOT FOUND,Desired Access: Read,4/14/2022 12:40:52 PM,Registry,C:\Windows\system32\tasklist.exe,BLUETEAM\ezk,tasklist,1384,10676,tasklist.exe 4132 RegOpenKey HKLM\Software\Policies\Microsoft\Windows\Display NAME NOT FOUND Desired Access: Read 4/14/2022 12:40:52 PM Registry C:\Windows\system32\tasklist.exe BLUETEAM\ezk tasklist 1384 10676,benign
tasklist.exe,4132,RegOpenKey,HKLM\Software\Policies\Microsoft\Windows\Display,NAME NOT FOUND,Desired Access: Read,4/14/2022 12:40:52 PM,Registry,C:\Windows\system32\tasklist.exe,BLUETEAM\ezk,tasklist,1384,10676,tasklist.exe 4132 RegOpenKey HKLM\Software\Policies\Microsoft\Windows\Display NAME NOT FOUND Desired Access: Read 4/14/2022 12:40:52 PM Registry C:\Windows\system32\tasklist.exe BLUETEAM\ezk tasklist 1384 10676,benign
tasklist.exe,4132,RegOpenKey,HKLM\SOFTWARE\Microsoft\Windows NT\CurrentVersion\Image File Execution Options\tasklist.exe,NAME NOT FOUND,"Desired Access: Query Value, Enumerate Sub Keys",4/14/2022 12:40:52 PM,Registry,C:\Windows\system32\tasklist.exe,BLUETEAM\ezk,tasklist,1384,10676,"tasklist.exe 4132 RegOpenKey HKLM\SOFTWARE\Microsoft\Windows NT\CurrentVersion\Image File Execution Options\tasklist.exe NAME NOT FOUND Desired Access: Query Value, Enumerate Sub Keys 4/14/2022 12:40:52 PM Registry C:\Windows\system32\tasklist.exe BLUETEAM\ezk tasklist 1384 10676",benign
tasklist.exe,4132,RegOpenKey,HKLM\Software\Policies\Microsoft\Windows\Display,NAME NOT FOUND,Desired Access: Read,4/14/2022 12:40:52 PM,Registry,C:\Windows\system32\tasklist.exe,BLUETEAM\ezk,tasklist,1384,10676,tasklist.exe 4132 RegOpenKey HKLM\Software\Policies\Microsoft\Windows\Display NAME NOT FOUND Desired Access: Read 4/14/2022 12:40:52 PM Registry C:\Windows\system32\tasklist.exe BLUETEAM\ezk tasklist 1384 10676,benign
tasklist.exe,4132,RegOpenKey,HKLM\Software\Policies\Microsoft\Windows\Display,NAME NOT FOUND,Desired Access: Read,4/14/2022 12:40:52 PM,Registry,C:\Windows\system32\tasklist.exe,BLUETEAM\ezk,tasklist,1384,10676,tasklist.exe 4132 RegOpenKey HKLM\Software\Policies\Microsoft\Windows\Display NAME NOT FOUND Desired Access: Read 4/14/2022 12:40:52 PM Registry C:\Windows\system32\tasklist.exe BLUETEAM\ezk tasklist 1384 10676,benign
tasklist.exe,4132,RegOpenKey,HKLM\SOFTWARE\Microsoft\Windows NT\CurrentVersion\Image File Execution Options\tasklist.exe,NAME NOT FOUND,"Desired Access: Query Value, Enumerate Sub Keys",4/14/2022 12:40:52 PM,Registry,C:\Windows\system32\tasklist.exe,BLUETEAM\ezk,tasklist,1384,10676,"tasklist.exe 4132 RegOpenKey HKLM\SOFTWARE\Microsoft\Windows NT\CurrentVersion\Image File Execution Options\tasklist.exe NAME NOT FOUND Desired Access: Query Value, Enumerate Sub Keys 4/14/2022 12:40:52 PM Registry C:\Windows\system32\tasklist.exe BLUETEAM\ezk tasklist 1384 10676",benign
tasklist.exe,4132,RegOpenKey,HKLM\Software\Microsoft\Windows NT\CurrentVersion\GRE_Initialize,SUCCESS,Desired Access: Read,4/14/2022 12:40:52 PM,Registry,C:\Windows\system32\tasklist.exe,BLUETEAM\ezk,tasklist,1384,10676,tasklist.exe 4132 RegOpenKey HKLM\Software\Microsoft\Windows NT\CurrentVersion\GRE_Initialize SUCCESS Desired Access: Read 4/14/2022 12:40:52 PM Registry C:\Windows\system32\tasklist.exe BLUETEAM\ezk tasklist 1384 10676,benign
cmd.exe,10676,CloseFile,C:\Windows\System32\tasklist.exe,SUCCESS,,4/14/2022 12:40:52 PM,File System,C:\Windows\system32\cmd.exe,BLUETEAM\ezk,cmd.exe /C tasklist,10244,8028,cmd.exe 10676 CloseFile C:\Windows\System32\tasklist.exe SUCCESS None 4/14/2022 12:40:52 PM File System C:\Windows\system32\cmd.exe BLUETEAM\ezk cmd.exe /C tasklist 10244 8028,benign
tasklist.exe,4132,CloseFile,C:\Windows\System32\sspicli.dll,SUCCESS,,4/14/2022 12:40:52 PM,File System,C:\Windows\system32\tasklist.exe,BLUETEAM\ezk,tasklist,2016,10676,tasklist.exe 4132 CloseFile C:\Windows\System32\sspicli.dll SUCCESS None 4/14/2022 12:40:52 PM File System C:\Windows\system32\tasklist.exe BLUETEAM\ezk tasklist 2016 10676,benign
tasklist.exe,4132,CreateFile,C:\Windows\System32\sspicli.dll,SUCCESS,"Desired Access: Read Attributes, Disposition: Open, Options: Open Reparse Point, Attributes: n/a, ShareMode: Read, Write, Delete, AllocationSize: n/a, OpenResult: Opened",4/14/2022 12:40:52 PM,File System,C:\Windows\system32\tasklist.exe,BLUETEAM\ezk,tasklist,2016,10676,"tasklist.exe 4132 CreateFile C:\Windows\System32\sspicli.dll SUCCESS Desired Access: Read Attributes, Disposition: Open, Options: Open Reparse Point, Attributes: n/a, ShareMode: Read, Write, Delete, AllocationSize: n/a, OpenResult: Opened 4/14/2022 12:40:52 PM File System C:\Windows\system32\tasklist.exe BLUETEAM\ezk tasklist 2016 10676",benign
tasklist.exe,4132,CloseFile,C:\Windows\System32\mpr.dll,SUCCESS,,4/14/2022 12:40:52 PM,File System,C:\Windows\system32\tasklist.exe,BLUETEAM\ezk,tasklist,2016,10676,tasklist.exe 4132 CloseFile C:\Windows\System32\mpr.dll SUCCESS None 4/14/2022 12:40:52 PM File System C:\Windows\system32\tasklist.exe BLUETEAM\ezk tasklist 2016 10676,benign
tasklist.exe,4132,CreateFile,C:\Windows\System32\mpr.dll,SUCCESS,"Desired Access: Read Data/List Directory, Execute/Traverse, Synchronize, Disposition: Open, Options: Synchronous IO Non-Alert, Non-Directory File, Attributes: n/a, ShareMode: Read, Delete, AllocationSize: n/a, OpenResult: Opened",4/14/2022 12:40:52 PM,File System,C:\Windows\system32\tasklist.exe,BLUETEAM\ezk,tasklist,2016,10676,"tasklist.exe 4132 CreateFile C:\Windows\System32\mpr.dll SUCCESS Desired Access: Read Data/List Directory, Execute/Traverse, Synchronize, Disposition: Open, Options: Synchronous IO Non-Alert, Non-Directory File, Attributes: n/a, ShareMode: Read, Delete, AllocationSize: n/a, OpenResult: Opened 4/14/2022 12:40:52 PM File System C:\Windows\system32\tasklist.exe BLUETEAM\ezk tasklist 2016 10676",benign
tasklist.exe,4132,CreateFile,C:\Windows\System32\version.dll,SUCCESS,"Desired Access: Read Attributes, Disposition: Open, Options: Open Reparse Point, Attributes: n/a, ShareMode: Read, Write, Delete, AllocationSize: n/a, OpenResult: Opened",4/14/2022 12:40:52 PM,File System,C:\Windows\system32\tasklist.exe,BLUETEAM\ezk,tasklist,9892,10676,"tasklist.exe 4132 CreateFile C:\Windows\System32\version.dll SUCCESS Desired Access: Read Attributes, Disposition: Open, Options: Open Reparse Point, Attributes: n/a, ShareMode: Read, Write, Delete, AllocationSize: n/a, OpenResult: Opened 4/14/2022 12:40:52 PM File System C:\Windows\system32\tasklist.exe BLUETEAM\ezk tasklist 9892 10676",benign
tasklist.exe,4132,QueryBasicInformationFile,C:\Windows\System32\version.dll,SUCCESS,"CreationTime: 9/22/2021 5:22:25 PM, LastAccessTime: 4/14/2022 12:39:56 PM, LastWriteTime: 9/22/2021 5:22:25 PM, ChangeTime: 10/15/2021 2:25:23 PM, FileAttributes: A",4/14/2022 12:40:52 PM,File System,C:\Windows\system32\tasklist.exe,BLUETEAM\ezk,tasklist,9892,10676,"tasklist.exe 4132 QueryBasicInformationFile C:\Windows\System32\version.dll SUCCESS CreationTime: 9/22/2021 5:22:25 PM, LastAccessTime: 4/14/2022 12:39:56 PM, LastWriteTime: 9/22/2021 5:22:25 PM, ChangeTime: 10/15/2021 2:25:23 PM, FileAttributes: A 4/14/2022 12:40:52 PM File System C:\Windows\system32\tasklist.exe BLUETEAM\ezk tasklist 9892 10676",benign
tasklist.exe,4132,CloseFile,C:\Windows\System32\version.dll,SUCCESS,,4/14/2022 12:40:52 PM,File System,C:\Windows\system32\tasklist.exe,BLUETEAM\ezk,tasklist,9892,10676,tasklist.exe 4132 CloseFile C:\Windows\System32\version.dll SUCCESS None 4/14/2022 12:40:52 PM File System C:\Windows\system32\tasklist.exe BLUETEAM\ezk tasklist 9892 10676,benign
tasklist.exe,4132,CreateFile,C:\Windows\System32\version.dll,SUCCESS,"Desired Access: Read Data/List Directory, Execute/Traverse, Synchronize, Disposition: Open, Options: Synchronous IO Non-Alert, Non-Directory File, Attributes: n/a, ShareMode: Read, Delete, AllocationSize: n/a, OpenResult: Opened",4/14/2022 12:40:52 PM,File System,C:\Windows\system32\tasklist.exe,BLUETEAM\ezk,tasklist,9892,10676,"tasklist.exe 4132 CreateFile C:\Windows\System32\version.dll SUCCESS Desired Access: Read Data/List Directory, Execute/Traverse, Synchronize, Disposition: Open, Options: Synchronous IO Non-Alert, Non-Directory File, Attributes: n/a, ShareMode: Read, Delete, AllocationSize: n/a, OpenResult: Opened 4/14/2022 12:40:52 PM File System C:\Windows\system32\tasklist.exe BLUETEAM\ezk tasklist 9892 10676",benign
tasklist.exe,4132,CreateFile,C:\Windows\System32\framedynos.dll,SUCCESS,"Desired Access: Read Attributes, Disposition: Open, Options: Open Reparse Point, Attributes: n/a, ShareMode: Read, Write, Delete, AllocationSize: n/a, OpenResult: Opened",4/14/2022 12:40:52 PM,File System,C:\Windows\system32\tasklist.exe,BLUETEAM\ezk,tasklist,1384,10676,"tasklist.exe 4132 CreateFile C:\Windows\System32\framedynos.dll SUCCESS Desired Access: Read Attributes, Disposition: Open, Options: Open Reparse Point, Attributes: n/a, ShareMode: Read, Write, Delete, AllocationSize: n/a, OpenResult: Opened 4/14/2022 12:40:52 PM File System C:\Windows\system32\tasklist.exe BLUETEAM\ezk tasklist 1384 10676",benign
tasklist.exe,4132,QueryBasicInformationFile,C:\Windows\System32\framedynos.dll,SUCCESS,"CreationTime: 9/22/2021 5:21:21 PM, LastAccessTime: 4/14/2022 12:27:45 PM, LastWriteTime: 9/22/2021 5:21:21 PM, ChangeTime: 10/15/2021 2:36:53 PM, FileAttributes: A",4/14/2022 12:40:52 PM,File System,C:\Windows\system32\tasklist.exe,BLUETEAM\ezk,tasklist,1384,10676,"tasklist.exe 4132 QueryBasicInformationFile C:\Windows\System32\framedynos.dll SUCCESS CreationTime: 9/22/2021 5:21:21 PM, LastAccessTime: 4/14/2022 12:27:45 PM, LastWriteTime: 9/22/2021 5:21:21 PM, ChangeTime: 10/15/2021 2:36:53 PM, FileAttributes: A 4/14/2022 12:40:52 PM File System C:\Windows\system32\tasklist.exe BLUETEAM\ezk tasklist 1384 10676",benign
tasklist.exe,4132,CloseFile,C:\Windows\System32\framedynos.dll,SUCCESS,,4/14/2022 12:40:52 PM,File System,C:\Windows\system32\tasklist.exe,BLUETEAM\ezk,tasklist,1384,10676,tasklist.exe 4132 CloseFile C:\Windows\System32\framedynos.dll SUCCESS None 4/14/2022 12:40:52 PM File System C:\Windows\system32\tasklist.exe BLUETEAM\ezk tasklist 1384 10676,benign
tasklist.exe,4132,CreateFile,C:\Windows\System32\framedynos.dll,SUCCESS,"Desired Access: Read Data/List Directory, Execute/Traverse, Synchronize, Disposition: Open, Options: Synchronous IO Non-Alert, Non-Directory File, Attributes: n/a, ShareMode: Read, Delete, AllocationSize: n/a, OpenResult: Opened",4/14/2022 12:40:52 PM,File System,C:\Windows\system32\tasklist.exe,BLUETEAM\ezk,tasklist,1384,10676,"tasklist.exe 4132 CreateFile C:\Windows\System32\framedynos.dll SUCCESS Desired Access: Read Data/List Directory, Execute/Traverse, Synchronize, Disposition: Open, Options: Synchronous IO Non-Alert, Non-Directory File, Attributes: n/a, ShareMode: Read, Delete, AllocationSize: n/a, OpenResult: Opened 4/14/2022 12:40:52 PM File System C:\Windows\system32\tasklist.exe BLUETEAM\ezk tasklist 1384 10676",benign
tasklist.exe,4132,CloseFile,C:\Windows\System32\framedynos.dll,SUCCESS,,4/14/2022 12:40:52 PM,File System,C:\Windows\system32\tasklist.exe,BLUETEAM\ezk,tasklist,1384,10676,tasklist.exe 4132 CloseFile C:\Windows\System32\framedynos.dll SUCCESS None 4/14/2022 12:40:52 PM File System C:\Windows\system32\tasklist.exe BLUETEAM\ezk tasklist 1384 10676,benign
tasklist.exe,4132,CreateFile,C:\Windows\System32\dbghelp.dll,SUCCESS,"Desired Access: Read Attributes, Disposition: Open, Options: Open Reparse Point, Attributes: n/a, ShareMode: Read, Write, Delete, AllocationSize: n/a, OpenResult: Opened",4/14/2022 12:40:52 PM,File System,C:\Windows\system32\tasklist.exe,BLUETEAM\ezk,tasklist,1384,10676,"tasklist.exe 4132 CreateFile C:\Windows\System32\dbghelp.dll SUCCESS Desired Access: Read Attributes, Disposition: Open, Options: Open Reparse Point, Attributes: n/a, ShareMode: Read, Write, Delete, AllocationSize: n/a, OpenResult: Opened 4/14/2022 12:40:52 PM File System C:\Windows\system32\tasklist.exe BLUETEAM\ezk tasklist 1384 10676",benign
tasklist.exe,4132,QueryBasicInformationFile,C:\Windows\System32\dbghelp.dll,SUCCESS,"CreationTime: 9/22/2021 5:22:07 PM, LastAccessTime: 4/14/2022 12:35:03 PM, LastWriteTime: 9/22/2021 5:22:07 PM, ChangeTime: 10/15/2021 2:25:24 PM, FileAttributes: A",4/14/2022 12:40:52 PM,File System,C:\Windows\system32\tasklist.exe,BLUETEAM\ezk,tasklist,1384,10676,"tasklist.exe 4132 QueryBasicInformationFile C:\Windows\System32\dbghelp.dll SUCCESS CreationTime: 9/22/2021 5:22:07 PM, LastAccessTime: 4/14/2022 12:35:03 PM, LastWriteTime: 9/22/2021 5:22:07 PM, ChangeTime: 10/15/2021 2:25:24 PM, FileAttributes: A 4/14/2022 12:40:52 PM File System C:\Windows\system32\tasklist.exe BLUETEAM\ezk tasklist 1384 10676",benign
tasklist.exe,4132,CloseFile,C:\Windows\System32\dbghelp.dll,SUCCESS,,4/14/2022 12:40:52 PM,File System,C:\Windows\system32\tasklist.exe,BLUETEAM\ezk,tasklist,1384,10676,tasklist.exe 4132 CloseFile C:\Windows\System32\dbghelp.dll SUCCESS None 4/14/2022 12:40:52 PM File System C:\Windows\system32\tasklist.exe BLUETEAM\ezk tasklist 1384 10676,benign
tasklist.exe,4132,CreateFile,C:\Windows\System32\dbghelp.dll,SUCCESS,"Desired Access: Read Data/List Directory, Execute/Traverse, Synchronize, Disposition: Open, Options: Synchronous IO Non-Alert, Non-Directory File, Attributes: n/a, ShareMode: Read, Delete, AllocationSize: n/a, OpenResult: Opened",4/14/2022 12:40:52 PM,File System,C:\Windows\system32\tasklist.exe,BLUETEAM\ezk,tasklist,1384,10676,"tasklist.exe 4132 CreateFile C:\Windows\System32\dbghelp.dll SUCCESS Desired Access: Read Data/List Directory, Execute/Traverse, Synchronize, Disposition: Open, Options: Synchronous IO Non-Alert, Non-Directory File, Attributes: n/a, ShareMode: Read, Delete, AllocationSize: n/a, OpenResult: Opened 4/14/2022 12:40:52 PM File System C:\Windows\system32\tasklist.exe BLUETEAM\ezk tasklist 1384 10676",benign
tasklist.exe,4132,CloseFile,C:\Windows\System32\dbghelp.dll,SUCCESS,,4/14/2022 12:40:52 PM,File System,C:\Windows\system32\tasklist.exe,BLUETEAM\ezk,tasklist,1384,10676,tasklist.exe 4132 CloseFile C:\Windows\System32\dbghelp.dll SUCCESS None 4/14/2022 12:40:52 PM File System C:\Windows\system32\tasklist.exe BLUETEAM\ezk tasklist 1384 10676,benign
tasklist.exe,4132,CloseFile,C:\Windows\System32\version.dll,SUCCESS,,4/14/2022 12:40:52 PM,File System,C:\Windows\system32\tasklist.exe,BLUETEAM\ezk,tasklist,9892,10676,tasklist.exe 4132 CloseFile C:\Windows\System32\version.dll SUCCESS None 4/14/2022 12:40:52 PM File System C:\Windows\system32\tasklist.exe BLUETEAM\ezk tasklist 9892 10676,benign
tasklist.exe,4132,CreateFile,C:\Windows\System32\netutils.dll,SUCCESS,"Desired Access: Read Data/List Directory, Execute/Traverse, Synchronize, Disposition: Open, Options: Synchronous IO Non-Alert, Non-Directory File, Attributes: n/a, ShareMode: Read, Delete, AllocationSize: n/a, OpenResult: Opened",4/14/2022 12:40:52 PM,File System,C:\Windows\system32\tasklist.exe,BLUETEAM\ezk,tasklist,1384,10676,"tasklist.exe 4132 CreateFile C:\Windows\System32\netutils.dll SUCCESS Desired Access: Read Data/List Directory, Execute/Traverse, Synchronize, Disposition: Open, Options: Synchronous IO Non-Alert, Non-Directory File, Attributes: n/a, ShareMode: Read, Delete, AllocationSize: n/a, OpenResult: Opened 4/14/2022 12:40:52 PM File System C:\Windows\system32\tasklist.exe BLUETEAM\ezk tasklist 1384 10676",benign
tasklist.exe,4132,CloseFile,C:\Windows\System32\netutils.dll,SUCCESS,,4/14/2022 12:40:52 PM,File System,C:\Windows\system32\tasklist.exe,BLUETEAM\ezk,tasklist,1384,10676,tasklist.exe 4132 CloseFile C:\Windows\System32\netutils.dll SUCCESS None 4/14/2022 12:40:52 PM File System C:\Windows\system32\tasklist.exe BLUETEAM\ezk tasklist 1384 10676,benign
tasklist.exe,4132,QueryBasicInformationFile,C:\Windows\System32\netutils.dll,SUCCESS,"CreationTime: 9/22/2021 5:22:06 PM, LastAccessTime: 4/14/2022 12:39:56 PM, LastWriteTime: 9/22/2021 5:22:06 PM, ChangeTime: 10/15/2021 2:25:23 PM, FileAttributes: A",4/14/2022 12:40:52 PM,File System,C:\Windows\system32\tasklist.exe,BLUETEAM\ezk,tasklist,1384,10676,"tasklist.exe 4132 QueryBasicInformationFile C:\Windows\System32\netutils.dll SUCCESS CreationTime: 9/22/2021 5:22:06 PM, LastAccessTime: 4/14/2022 12:39:56 PM, LastWriteTime: 9/22/2021 5:22:06 PM, ChangeTime: 10/15/2021 2:25:23 PM, FileAttributes: A 4/14/2022 12:40:52 PM File System C:\Windows\system32\tasklist.exe BLUETEAM\ezk tasklist 1384 10676",benign
tasklist.exe,4132,CreateFile,C:\Windows\System32\netutils.dll,SUCCESS,"Desired Access: Read Attributes, Disposition: Open, Options: Open Reparse Point, Attributes: n/a, ShareMode: Read, Write, Delete, AllocationSize: n/a, OpenResult: Opened",4/14/2022 12:40:52 PM,File System,C:\Windows\system32\tasklist.exe,BLUETEAM\ezk,tasklist,1384,10676,"tasklist.exe 4132 CreateFile C:\Windows\System32\netutils.dll SUCCESS Desired Access: Read Attributes, Disposition: Open, Options: Open Reparse Point, Attributes: n/a, ShareMode: Read, Write, Delete, AllocationSize: n/a, OpenResult: Opened 4/14/2022 12:40:52 PM File System C:\Windows\system32\tasklist.exe BLUETEAM\ezk tasklist 1384 10676",benign
tasklist.exe,4132,CloseFile,C:\Windows\System32\mpr.dll,SUCCESS,,4/14/2022 12:40:52 PM,File System,C:\Windows\system32\tasklist.exe,BLUETEAM\ezk,tasklist,2016,10676,tasklist.exe 4132 CloseFile C:\Windows\System32\mpr.dll SUCCESS None 4/14/2022 12:40:52 PM File System C:\Windows\system32\tasklist.exe BLUETEAM\ezk tasklist 2016 10676,benign
tasklist.exe,4132,CreateFile,C:\Windows\System32\srvcli.dll,SUCCESS,"Desired Access: Read Data/List Directory, Execute/Traverse, Synchronize, Disposition: Open, Options: Synchronous IO Non-Alert, Non-Directory File, Attributes: n/a, ShareMode: Read, Delete, AllocationSize: n/a, OpenResult: Opened",4/14/2022 12:40:52 PM,File System,C:\Windows\system32\tasklist.exe,BLUETEAM\ezk,tasklist,9892,10676,"tasklist.exe 4132 CreateFile C:\Windows\System32\srvcli.dll SUCCESS Desired Access: Read Data/List Directory, Execute/Traverse, Synchronize, Disposition: Open, Options: Synchronous IO Non-Alert, Non-Directory File, Attributes: n/a, ShareMode: Read, Delete, AllocationSize: n/a, OpenResult: Opened 4/14/2022 12:40:52 PM File System C:\Windows\system32\tasklist.exe BLUETEAM\ezk tasklist 9892 10676",benign
tasklist.exe,4132,QueryBasicInformationFile,C:\Windows\System32\sspicli.dll,SUCCESS,"CreationTime: 9/22/2021 5:22:09 PM, LastAccessTime: 4/14/2022 12:40:52 PM, LastWriteTime: 9/22/2021 5:22:09 PM, ChangeTime: 10/15/2021 2:25:07 PM, FileAttributes: A",4/14/2022 12:40:52 PM,File System,C:\Windows\system32\tasklist.exe,BLUETEAM\ezk,tasklist,2016,10676,"tasklist.exe 4132 QueryBasicInformationFile C:\Windows\System32\sspicli.dll SUCCESS CreationTime: 9/22/2021 5:22:09 PM, LastAccessTime: 4/14/2022 12:40:52 PM, LastWriteTime: 9/22/2021 5:22:09 PM, ChangeTime: 10/15/2021 2:25:07 PM, FileAttributes: A 4/14/2022 12:40:52 PM File System C:\Windows\system32\tasklist.exe BLUETEAM\ezk tasklist 2016 10676",benign
tasklist.exe,4132,CloseFile,C:\Windows\System32\sspicli.dll,SUCCESS,,4/14/2022 12:40:52 PM,File System,C:\Windows\system32\tasklist.exe,BLUETEAM\ezk,tasklist,1384,10676,tasklist.exe 4132 CloseFile C:\Windows\System32\sspicli.dll SUCCESS None 4/14/2022 12:40:52 PM File System C:\Windows\system32\tasklist.exe BLUETEAM\ezk tasklist 1384 10676,benign
tasklist.exe,4132,QueryBasicInformationFile,C:\Windows\System32\srvcli.dll,SUCCESS,"CreationTime: 9/22/2021 5:22:06 PM, LastAccessTime: 4/14/2022 12:39:56 PM, LastWriteTime: 9/22/2021 5:22:06 PM, ChangeTime: 10/15/2021 2:25:23 PM, FileAttributes: A",4/14/2022 12:40:52 PM,File System,C:\Windows\system32\tasklist.exe,BLUETEAM\ezk,tasklist,9892,10676,"tasklist.exe 4132 QueryBasicInformationFile C:\Windows\System32\srvcli.dll SUCCESS CreationTime: 9/22/2021 5:22:06 PM, LastAccessTime: 4/14/2022 12:39:56 PM, LastWriteTime: 9/22/2021 5:22:06 PM, ChangeTime: 10/15/2021 2:25:23 PM, FileAttributes: A 4/14/2022 12:40:52 PM File System C:\Windows\system32\tasklist.exe BLUETEAM\ezk tasklist 9892 10676",benign
tasklist.exe,4132,CreateFile,C:\Windows\System32\srvcli.dll,SUCCESS,"Desired Access: Read Attributes, Disposition: Open, Options: Open Reparse Point, Attributes: n/a, ShareMode: Read, Write, Delete, AllocationSize: n/a, OpenResult: Opened",4/14/2022 12:40:52 PM,File System,C:\Windows\system32\tasklist.exe,BLUETEAM\ezk,tasklist,9892,10676,"tasklist.exe 4132 CreateFile C:\Windows\System32\srvcli.dll SUCCESS Desired Access: Read Attributes, Disposition: Open, Options: Open Reparse Point, Attributes: n/a, ShareMode: Read, Write, Delete, AllocationSize: n/a, OpenResult: Opened 4/14/2022 12:40:52 PM File System C:\Windows\system32\tasklist.exe BLUETEAM\ezk tasklist 9892 10676",benign
tasklist.exe,4132,CreateFile,C:\Windows\System32\sspicli.dll,SUCCESS,"Desired Access: Read Data/List Directory, Execute/Traverse, Synchronize, Disposition: Open, Options: Synchronous IO Non-Alert, Non-Directory File, Attributes: n/a, ShareMode: Read, Delete, AllocationSize: n/a, OpenResult: Opened",4/14/2022 12:40:52 PM,File System,C:\Windows\system32\tasklist.exe,BLUETEAM\ezk,tasklist,1384,10676,"tasklist.exe 4132 CreateFile C:\Windows\System32\sspicli.dll SUCCESS Desired Access: Read Data/List Directory, Execute/Traverse, Synchronize, Disposition: Open, Options: Synchronous IO Non-Alert, Non-Directory File, Attributes: n/a, ShareMode: Read, Delete, AllocationSize: n/a, OpenResult: Opened 4/14/2022 12:40:52 PM File System C:\Windows\system32\tasklist.exe BLUETEAM\ezk tasklist 1384 10676",benign
tasklist.exe,4132,CloseFile,C:\Windows\System32\sspicli.dll,SUCCESS,,4/14/2022 12:40:52 PM,File System,C:\Windows\system32\tasklist.exe,BLUETEAM\ezk,tasklist,1384,10676,tasklist.exe 4132 CloseFile C:\Windows\System32\sspicli.dll SUCCESS None 4/14/2022 12:40:52 PM File System C:\Windows\system32\tasklist.exe BLUETEAM\ezk tasklist 1384 10676,benign
tasklist.exe,4132,QueryBasicInformationFile,C:\Windows\System32\sspicli.dll,SUCCESS,"CreationTime: 9/22/2021 5:22:09 PM, LastAccessTime: 4/14/2022 12:38:59 PM, LastWriteTime: 9/22/2021 5:22:09 PM, ChangeTime: 10/15/2021 2:25:07 PM, FileAttributes: A",4/14/2022 12:40:52 PM,File System,C:\Windows\system32\tasklist.exe,BLUETEAM\ezk,tasklist,1384,10676,"tasklist.exe 4132 QueryBasicInformationFile C:\Windows\System32\sspicli.dll SUCCESS CreationTime: 9/22/2021 5:22:09 PM, LastAccessTime: 4/14/2022 12:38:59 PM, LastWriteTime: 9/22/2021 5:22:09 PM, ChangeTime: 10/15/2021 2:25:07 PM, FileAttributes: A 4/14/2022 12:40:52 PM File System C:\Windows\system32\tasklist.exe BLUETEAM\ezk tasklist 1384 10676",benign
tasklist.exe,4132,CreateFile,C:\Windows\System32\sspicli.dll,SUCCESS,"Desired Access: Read Attributes, Disposition: Open, Options: Open Reparse Point, Attributes: n/a, ShareMode: Read, Write, Delete, AllocationSize: n/a, OpenResult: Opened",4/14/2022 12:40:52 PM,File System,C:\Windows\system32\tasklist.exe,BLUETEAM\ezk,tasklist,1384,10676,"tasklist.exe 4132 CreateFile C:\Windows\System32\sspicli.dll SUCCESS Desired Access: Read Attributes, Disposition: Open, Options: Open Reparse Point, Attributes: n/a, ShareMode: Read, Write, Delete, AllocationSize: n/a, OpenResult: Opened 4/14/2022 12:40:52 PM File System C:\Windows\system32\tasklist.exe BLUETEAM\ezk tasklist 1384 10676",benign
tasklist.exe,4132,CloseFile,C:\Windows\System32\srvcli.dll,SUCCESS,,4/14/2022 12:40:52 PM,File System,C:\Windows\system32\tasklist.exe,BLUETEAM\ezk,tasklist,9892,10676,tasklist.exe 4132 CloseFile C:\Windows\System32\srvcli.dll SUCCESS None 4/14/2022 12:40:52 PM File System C:\Windows\system32\tasklist.exe BLUETEAM\ezk tasklist 9892 10676,benign
tasklist.exe,4132,RegOpenKey,HKCU\Software\Policies\Microsoft\Windows\Control Panel\Desktop,NAME NOT FOUND,Desired Access: Read,4/14/2022 12:40:52 PM,Registry,C:\Windows\system32\tasklist.exe,BLUETEAM\ezk,tasklist,1384,10676,tasklist.exe 4132 RegOpenKey HKCU\Software\Policies\Microsoft\Windows\Control Panel\Desktop NAME NOT FOUND Desired Access: Read 4/14/2022 12:40:52 PM Registry C:\Windows\system32\tasklist.exe BLUETEAM\ezk tasklist 1384 10676,benign
cmd.exe,10676,QueryAllInformationFile,C:\Windows\System32\tasklist.exe,SUCCESS,"CreationTime: 12/7/2019 5:09:51 PM, LastAccessTime: 4/14/2022 12:27:45 PM, LastWriteTime: 12/7/2019 5:09:51 PM, ChangeTime: 10/15/2021 2:25:24 PM, FileAttributes: A, AllocationSize: 106,496, EndOfFile: 106,496, NumberOfLinks: 2, DeletePending: False, Directory: False, IndexNumber: 0x100000000a140, EaSize: 120, Access: Read Data/List Directory, Read Attributes, Synchronize, Position: 0, Mode: Sequential Access, Synchronous IO Alert, AlignmentRequirement: Long",4/14/2022 12:40:52 PM,File System,C:\Windows\system32\cmd.exe,BLUETEAM\ezk,cmd.exe /C tasklist,10244,8028,"cmd.exe 10676 QueryAllInformationFile C:\Windows\System32\tasklist.exe SUCCESS CreationTime: 12/7/2019 5:09:51 PM, LastAccessTime: 4/14/2022 12:27:45 PM, LastWriteTime: 12/7/2019 5:09:51 PM, ChangeTime: 10/15/2021 2:25:24 PM, FileAttributes: A, AllocationSize: 106,496, EndOfFile: 106,496, NumberOfLinks: 2, DeletePending: False, Directory: False, IndexNumber: 0x100000000a140, EaSize: 120, Access: Read Data/List Directory, Read Attributes, Synchronize, Position: 0, Mode: Sequential Access, Synchronous IO Alert, AlignmentRequirement: Long 4/14/2022 12:40:52 PM File System C:\Windows\system32\cmd.exe BLUETEAM\ezk cmd.exe /C tasklist 10244 8028",benign
cmd.exe,10676,CloseFile,C:\Windows\System32\tasklist.exe,SUCCESS,,4/14/2022 12:40:52 PM,File System,C:\Windows\system32\cmd.exe,BLUETEAM\ezk,cmd.exe /C tasklist,10244,8028,cmd.exe 10676 CloseFile C:\Windows\System32\tasklist.exe SUCCESS None 4/14/2022 12:40:52 PM File System C:\Windows\system32\cmd.exe BLUETEAM\ezk cmd.exe /C tasklist 10244 8028,benign
cmd.exe,10676,RegOpenKey,HKLM\Software\Microsoft\OLE\Tracing,NAME NOT FOUND,Desired Access: Read,4/14/2022 12:40:52 PM,Registry,C:\Windows\system32\cmd.exe,BLUETEAM\ezk,cmd.exe /C tasklist,10244,8028,cmd.exe 10676 RegOpenKey HKLM\Software\Microsoft\OLE\Tracing NAME NOT FOUND Desired Access: Read 4/14/2022 12:40:52 PM Registry C:\Windows\system32\cmd.exe BLUETEAM\ezk cmd.exe /C tasklist 10244 8028,benign
cmd.exe,10676,RegOpenKey,HKCU,SUCCESS,"Desired Access: Maximum Allowed, Granted Access: All Access",4/14/2022 12:40:52 PM,Registry,C:\Windows\system32\cmd.exe,BLUETEAM\ezk,cmd.exe /C tasklist,10244,8028,"cmd.exe 10676 RegOpenKey HKCU SUCCESS Desired Access: Maximum Allowed, Granted Access: All Access 4/14/2022 12:40:52 PM Registry C:\Windows\system32\cmd.exe BLUETEAM\ezk cmd.exe /C tasklist 10244 8028",benign
cmd.exe,10676,RegOpenKey,HKCU\Control Panel\Desktop\MuiCached\MachineLanguageConfiguration,NAME NOT FOUND,Desired Access: Read,4/14/2022 12:40:52 PM,Registry,C:\Windows\system32\cmd.exe,BLUETEAM\ezk,cmd.exe /C tasklist,10244,8028,cmd.exe 10676 RegOpenKey HKCU\Control Panel\Desktop\MuiCached\MachineLanguageConfiguration NAME NOT FOUND Desired Access: Read 4/14/2022 12:40:52 PM Registry C:\Windows\system32\cmd.exe BLUETEAM\ezk cmd.exe /C tasklist 10244 8028,benign
cmd.exe,10676,RegCloseKey,HKCU,SUCCESS,,4/14/2022 12:40:52 PM,Registry,C:\Windows\system32\cmd.exe,BLUETEAM\ezk,cmd.exe /C tasklist,10244,8028,cmd.exe 10676 RegCloseKey HKCU SUCCESS None 4/14/2022 12:40:52 PM Registry C:\Windows\system32\cmd.exe BLUETEAM\ezk cmd.exe /C tasklist 10244 8028,benign
cmd.exe,10676,RegOpenKey,HKLM\Software\Policies\Microsoft\MUI\Settings,NAME NOT FOUND,Desired Access: Read,4/14/2022 12:40:52 PM,Registry,C:\Windows\system32\cmd.exe,BLUETEAM\ezk,cmd.exe /C tasklist,10244,8028,cmd.exe 10676 RegOpenKey HKLM\Software\Policies\Microsoft\MUI\Settings NAME NOT FOUND Desired Access: Read 4/14/2022 12:40:52 PM Registry C:\Windows\system32\cmd.exe BLUETEAM\ezk cmd.exe /C tasklist 10244 8028,benign
cmd.exe,10676,RegOpenKey,HKCU,SUCCESS,"Desired Access: Maximum Allowed, Granted Access: All Access",4/14/2022 12:40:52 PM,Registry,C:\Windows\system32\cmd.exe,BLUETEAM\ezk,cmd.exe /C tasklist,10244,8028,"cmd.exe 10676 RegOpenKey HKCU SUCCESS Desired Access: Maximum Allowed, Granted Access: All Access 4/14/2022 12:40:52 PM Registry C:\Windows\system32\cmd.exe BLUETEAM\ezk cmd.exe /C tasklist 10244 8028",benign
cmd.exe,10676,RegOpenKey,HKCU\Software\Policies\Microsoft\Control Panel\Desktop,NAME NOT FOUND,Desired Access: Read,4/14/2022 12:40:52 PM,Registry,C:\Windows\system32\cmd.exe,BLUETEAM\ezk,cmd.exe /C tasklist,10244,8028,cmd.exe 10676 RegOpenKey HKCU\Software\Policies\Microsoft\Control Panel\Desktop NAME NOT FOUND Desired Access: Read 4/14/2022 12:40:52 PM Registry C:\Windows\system32\cmd.exe BLUETEAM\ezk cmd.exe /C tasklist 10244 8028,benign
cmd.exe,10676,RegOpenKey,HKCU\Control Panel\Desktop\LanguageConfiguration,NAME NOT FOUND,Desired Access: Read,4/14/2022 12:40:52 PM,Registry,C:\Windows\system32\cmd.exe,BLUETEAM\ezk,cmd.exe /C tasklist,10244,8028,cmd.exe 10676 RegOpenKey HKCU\Control Panel\Desktop\LanguageConfiguration NAME NOT FOUND Desired Access: Read 4/14/2022 12:40:52 PM Registry C:\Windows\system32\cmd.exe BLUETEAM\ezk cmd.exe /C tasklist 10244 8028,benign
cmd.exe,10676,RegCloseKey,HKCU,SUCCESS,,4/14/2022 12:40:52 PM,Registry,C:\Windows\system32\cmd.exe,BLUETEAM\ezk,cmd.exe /C tasklist,10244,8028,cmd.exe 10676 RegCloseKey HKCU SUCCESS None 4/14/2022 12:40:52 PM Registry C:\Windows\system32\cmd.exe BLUETEAM\ezk cmd.exe /C tasklist 10244 8028,benign
cmd.exe,10676,RegOpenKey,HKLM\Software\Policies\Microsoft\MUI\Settings,NAME NOT FOUND,Desired Access: Read,4/14/2022 12:40:52 PM,Registry,C:\Windows\system32\cmd.exe,BLUETEAM\ezk,cmd.exe /C tasklist,10244,8028,cmd.exe 10676 RegOpenKey HKLM\Software\Policies\Microsoft\MUI\Settings NAME NOT FOUND Desired Access: Read 4/14/2022 12:40:52 PM Registry C:\Windows\system32\cmd.exe BLUETEAM\ezk cmd.exe /C tasklist 10244 8028,benign
cmd.exe,10676,RegOpenKey,HKCU,SUCCESS,"Desired Access: Maximum Allowed, Granted Access: All Access",4/14/2022 12:40:52 PM,Registry,C:\Windows\system32\cmd.exe,BLUETEAM\ezk,cmd.exe /C tasklist,10244,8028,"cmd.exe 10676 RegOpenKey HKCU SUCCESS Desired Access: Maximum Allowed, Granted Access: All Access 4/14/2022 12:40:52 PM Registry C:\Windows\system32\cmd.exe BLUETEAM\ezk cmd.exe /C tasklist 10244 8028",benign
cmd.exe,10676,RegOpenKey,HKCU\Software\Policies\Microsoft\Control Panel\Desktop,NAME NOT FOUND,Desired Access: Read,4/14/2022 12:40:52 PM,Registry,C:\Windows\system32\cmd.exe,BLUETEAM\ezk,cmd.exe /C tasklist,10244,8028,cmd.exe 10676 RegOpenKey HKCU\Software\Policies\Microsoft\Control Panel\Desktop NAME NOT FOUND Desired Access: Read 4/14/2022 12:40:52 PM Registry C:\Windows\system32\cmd.exe BLUETEAM\ezk cmd.exe /C tasklist 10244 8028,benign
cmd.exe,10676,RegOpenKey,HKCU\Control Panel\Desktop,SUCCESS,Desired Access: Read,4/14/2022 12:40:52 PM,Registry,C:\Windows\system32\cmd.exe,BLUETEAM\ezk,cmd.exe /C tasklist,10244,8028,cmd.exe 10676 RegOpenKey HKCU\Control Panel\Desktop SUCCESS Desired Access: Read 4/14/2022 12:40:52 PM Registry C:\Windows\system32\cmd.exe BLUETEAM\ezk cmd.exe /C tasklist 10244 8028,benign
cmd.exe,10676,RegQueryValue,HKCU\Control Panel\Desktop\PreferredUILanguages,NAME NOT FOUND,Length: 12,4/14/2022 12:40:52 PM,Registry,C:\Windows\system32\cmd.exe,BLUETEAM\ezk,cmd.exe /C tasklist,10244,8028,cmd.exe 10676 RegQueryValue HKCU\Control Panel\Desktop\PreferredUILanguages NAME NOT FOUND Length: 12 4/14/2022 12:40:52 PM Registry C:\Windows\system32\cmd.exe BLUETEAM\ezk cmd.exe /C tasklist 10244 8028,benign
cmd.exe,10676,RegQueryKey,HKLM,SUCCESS,"Query: HandleTags, HandleTags: 0x0",4/14/2022 12:40:52 PM,Registry,C:\Windows\system32\cmd.exe,BLUETEAM\ezk,cmd.exe /C tasklist,10244,8028,"cmd.exe 10676 RegQueryKey HKLM SUCCESS Query: HandleTags, HandleTags: 0x0 4/14/2022 12:40:52 PM Registry C:\Windows\system32\cmd.exe BLUETEAM\ezk cmd.exe /C tasklist 10244 8028",benign
cmd.exe,10676,RegCloseKey,HKCU\Control Panel\Desktop,SUCCESS,,4/14/2022 12:40:52 PM,Registry,C:\Windows\system32\cmd.exe,BLUETEAM\ezk,cmd.exe /C tasklist,10244,8028,cmd.exe 10676 RegCloseKey HKCU\Control Panel\Desktop SUCCESS None 4/14/2022 12:40:52 PM Registry C:\Windows\system32\cmd.exe BLUETEAM\ezk cmd.exe /C tasklist 10244 8028,benign
cmd.exe,10676,RegOpenKey,HKLM\Software\Policies\Microsoft\MUI\Settings,NAME NOT FOUND,Desired Access: Read,4/14/2022 12:40:52 PM,Registry,C:\Windows\system32\cmd.exe,BLUETEAM\ezk,cmd.exe /C tasklist,10244,8028,cmd.exe 10676 RegOpenKey HKLM\Software\Policies\Microsoft\MUI\Settings NAME NOT FOUND Desired Access: Read 4/14/2022 12:40:52 PM Registry C:\Windows\system32\cmd.exe BLUETEAM\ezk cmd.exe /C tasklist 10244 8028,benign
cmd.exe,10676,RegOpenKey,HKCU,SUCCESS,"Desired Access: Maximum Allowed, Granted Access: All Access",4/14/2022 12:40:52 PM,Registry,C:\Windows\system32\cmd.exe,BLUETEAM\ezk,cmd.exe /C tasklist,10244,8028,"cmd.exe 10676 RegOpenKey HKCU SUCCESS Desired Access: Maximum Allowed, Granted Access: All Access 4/14/2022 12:40:52 PM Registry C:\Windows\system32\cmd.exe BLUETEAM\ezk cmd.exe /C tasklist 10244 8028",benign
cmd.exe,10676,RegOpenKey,HKCU\Control Panel\Desktop\MuiCached,SUCCESS,Desired Access: Read,4/14/2022 12:40:52 PM,Registry,C:\Windows\system32\cmd.exe,BLUETEAM\ezk,cmd.exe /C tasklist,10244,8028,cmd.exe 10676 RegOpenKey HKCU\Control Panel\Desktop\MuiCached SUCCESS Desired Access: Read 4/14/2022 12:40:52 PM Registry C:\Windows\system32\cmd.exe BLUETEAM\ezk cmd.exe /C tasklist 10244 8028,benign
cmd.exe,10676,RegQueryValue,HKCU\Control Panel\Desktop\MuiCached\MachinePreferredUILanguages,BUFFER OVERFLOW,Length: 12,4/14/2022 12:40:52 PM,Registry,C:\Windows\system32\cmd.exe,BLUETEAM\ezk,cmd.exe /C tasklist,10244,8028,cmd.exe 10676 RegQueryValue HKCU\Control Panel\Desktop\MuiCached\MachinePreferredUILanguages BUFFER OVERFLOW Length: 12 4/14/2022 12:40:52 PM Registry C:\Windows\system32\cmd.exe BLUETEAM\ezk cmd.exe /C tasklist 10244 8028,benign
cmd.exe,10676,RegQueryValue,HKCU\Control Panel\Desktop\MuiCached\MachinePreferredUILanguages,SUCCESS,"Type: REG_MULTI_SZ, Length: 12, Data: en-US",4/14/2022 12:40:52 PM,Registry,C:\Windows\system32\cmd.exe,BLUETEAM\ezk,cmd.exe /C tasklist,10244,8028,"cmd.exe 10676 RegQueryValue HKCU\Control Panel\Desktop\MuiCached\MachinePreferredUILanguages SUCCESS Type: REG_MULTI_SZ, Length: 12, Data: en-US 4/14/2022 12:40:52 PM Registry C:\Windows\system32\cmd.exe BLUETEAM\ezk cmd.exe /C tasklist 10244 8028",benign
cmd.exe,10676,RegCloseKey,HKCU\Control Panel\Desktop\MuiCached,SUCCESS,,4/14/2022 12:40:52 PM,Registry,C:\Windows\system32\cmd.exe,BLUETEAM\ezk,cmd.exe /C tasklist,10244,8028,cmd.exe 10676 RegCloseKey HKCU\Control Panel\Desktop\MuiCached SUCCESS None 4/14/2022 12:40:52 PM Registry C:\Windows\system32\cmd.exe BLUETEAM\ezk cmd.exe /C tasklist 10244 8028,benign
cmd.exe,10676,RegCloseKey,HKCU,SUCCESS,,4/14/2022 12:40:52 PM,Registry,C:\Windows\system32\cmd.exe,BLUETEAM\ezk,cmd.exe /C tasklist,10244,8028,cmd.exe 10676 RegCloseKey HKCU SUCCESS None 4/14/2022 12:40:52 PM Registry C:\Windows\system32\cmd.exe BLUETEAM\ezk cmd.exe /C tasklist 10244 8028,benign
cmd.exe,10676,RegOpenKey,HKLM\Software\Policies\Microsoft\MUI\Settings,NAME NOT FOUND,Desired Access: Read,4/14/2022 12:40:52 PM,Registry,C:\Windows\system32\cmd.exe,BLUETEAM\ezk,cmd.exe /C tasklist,10244,8028,cmd.exe 10676 RegOpenKey HKLM\Software\Policies\Microsoft\MUI\Settings NAME NOT FOUND Desired Access: Read 4/14/2022 12:40:52 PM Registry C:\Windows\system32\cmd.exe BLUETEAM\ezk cmd.exe /C tasklist 10244 8028,benign
cmd.exe,10676,RegOpenKey,HKCU,SUCCESS,"Desired Access: Maximum Allowed, Granted Access: All Access",4/14/2022 12:40:52 PM,Registry,C:\Windows\system32\cmd.exe,BLUETEAM\ezk,cmd.exe /C tasklist,10244,8028,"cmd.exe 10676 RegOpenKey HKCU SUCCESS Desired Access: Maximum Allowed, Granted Access: All Access 4/14/2022 12:40:52 PM Registry C:\Windows\system32\cmd.exe BLUETEAM\ezk cmd.exe /C tasklist 10244 8028",benign
cmd.exe,10676,RegOpenKey,HKCU\Software\Policies\Microsoft\Control Panel\Desktop,NAME NOT FOUND,Desired Access: Read,4/14/2022 12:40:52 PM,Registry,C:\Windows\system32\cmd.exe,BLUETEAM\ezk,cmd.exe /C tasklist,10244,8028,cmd.exe 10676 RegOpenKey HKCU\Software\Policies\Microsoft\Control Panel\Desktop NAME NOT FOUND Desired Access: Read 4/14/2022 12:40:52 PM Registry C:\Windows\system32\cmd.exe BLUETEAM\ezk cmd.exe /C tasklist 10244 8028,benign
cmd.exe,10676,RegOpenKey,HKCU\Control Panel\Desktop,SUCCESS,Desired Access: Read,4/14/2022 12:40:52 PM,Registry,C:\Windows\system32\cmd.exe,BLUETEAM\ezk,cmd.exe /C tasklist,10244,8028,cmd.exe 10676 RegOpenKey HKCU\Control Panel\Desktop SUCCESS Desired Access: Read 4/14/2022 12:40:52 PM Registry C:\Windows\system32\cmd.exe BLUETEAM\ezk cmd.exe /C tasklist 10244 8028,benign
cmd.exe,10676,RegQueryValue,HKCU\Control Panel\Desktop\PreferredUILanguages,NAME NOT FOUND,Length: 12,4/14/2022 12:40:52 PM,Registry,C:\Windows\system32\cmd.exe,BLUETEAM\ezk,cmd.exe /C tasklist,10244,8028,cmd.exe 10676 RegQueryValue HKCU\Control Panel\Desktop\PreferredUILanguages NAME NOT FOUND Length: 12 4/14/2022 12:40:52 PM Registry C:\Windows\system32\cmd.exe BLUETEAM\ezk cmd.exe /C tasklist 10244 8028,benign
cmd.exe,10676,RegCloseKey,HKCU\Control Panel\Desktop,SUCCESS,,4/14/2022 12:40:52 PM,Registry,C:\Windows\system32\cmd.exe,BLUETEAM\ezk,cmd.exe /C tasklist,10244,8028,cmd.exe 10676 RegCloseKey HKCU\Control Panel\Desktop SUCCESS None 4/14/2022 12:40:52 PM Registry C:\Windows\system32\cmd.exe BLUETEAM\ezk cmd.exe /C tasklist 10244 8028,benign
cmd.exe,10676,RegCloseKey,HKCU,SUCCESS,,4/14/2022 12:40:52 PM,Registry,C:\Windows\system32\cmd.exe,BLUETEAM\ezk,cmd.exe /C tasklist,10244,8028,cmd.exe 10676 RegCloseKey HKCU SUCCESS None 4/14/2022 12:40:52 PM Registry C:\Windows\system32\cmd.exe BLUETEAM\ezk cmd.exe /C tasklist 10244 8028,benign
cmd.exe,10676,RegCloseKey,HKCU,SUCCESS,,4/14/2022 12:40:52 PM,Registry,C:\Windows\system32\cmd.exe,BLUETEAM\ezk,cmd.exe /C tasklist,10244,8028,cmd.exe 10676 RegCloseKey HKCU SUCCESS None 4/14/2022 12:40:52 PM Registry C:\Windows\system32\cmd.exe BLUETEAM\ezk cmd.exe /C tasklist 10244 8028,benign
cmd.exe,10676,RegOpenKey,HKLM\Software\Microsoft\Ole,SUCCESS,Desired Access: Read,4/14/2022 12:40:52 PM,Registry,C:\Windows\system32\cmd.exe,BLUETEAM\ezk,cmd.exe /C tasklist,10244,8028,cmd.exe 10676 RegOpenKey HKLM\Software\Microsoft\Ole SUCCESS Desired Access: Read 4/14/2022 12:40:52 PM Registry C:\Windows\system32\cmd.exe BLUETEAM\ezk cmd.exe /C tasklist 10244 8028,benign
cmd.exe,10676,RegQueryKey,HKLM,SUCCESS,"Query: HandleTags, HandleTags: 0x100",4/14/2022 12:40:52 PM,Registry,C:\Windows\system32\cmd.exe,BLUETEAM\ezk,cmd.exe /C tasklist,10244,8028,"cmd.exe 10676 RegQueryKey HKLM SUCCESS Query: HandleTags, HandleTags: 0x100 4/14/2022 12:40:52 PM Registry C:\Windows\system32\cmd.exe BLUETEAM\ezk cmd.exe /C tasklist 10244 8028",benign
cmd.exe,10676,RegOpenKey,HKLM\Software\Microsoft\Ole\FeatureDevelopmentProperties,NAME NOT FOUND,Desired Access: Read,4/14/2022 12:40:52 PM,Registry,C:\Windows\system32\cmd.exe,BLUETEAM\ezk,cmd.exe /C tasklist,10244,8028,cmd.exe 10676 RegOpenKey HKLM\Software\Microsoft\Ole\FeatureDevelopmentProperties NAME NOT FOUND Desired Access: Read 4/14/2022 12:40:52 PM Registry C:\Windows\system32\cmd.exe BLUETEAM\ezk cmd.exe /C tasklist 10244 8028,benign
cmd.exe,10676,RegOpenKey,HKLM\System\CurrentControlSet\Control\Nls\Sorting\Versions,REPARSE,Desired Access: Read,4/14/2022 12:40:52 PM,Registry,C:\Windows\system32\cmd.exe,BLUETEAM\ezk,cmd.exe /C tasklist,10244,8028,cmd.exe 10676 RegOpenKey HKLM\System\CurrentControlSet\Control\Nls\Sorting\Versions REPARSE Desired Access: Read 4/14/2022 12:40:52 PM Registry C:\Windows\system32\cmd.exe BLUETEAM\ezk cmd.exe /C tasklist 10244 8028,benign
cmd.exe,10676,RegOpenKey,HKLM\System\CurrentControlSet\Control\Nls\Sorting\Versions,SUCCESS,Desired Access: Read,4/14/2022 12:40:52 PM,Registry,C:\Windows\system32\cmd.exe,BLUETEAM\ezk,cmd.exe /C tasklist,10244,8028,cmd.exe 10676 RegOpenKey HKLM\System\CurrentControlSet\Control\Nls\Sorting\Versions SUCCESS Desired Access: Read 4/14/2022 12:40:52 PM Registry C:\Windows\system32\cmd.exe BLUETEAM\ezk cmd.exe /C tasklist 10244 8028,benign
cmd.exe,10676,RegQueryValue,HKLM\System\CurrentControlSet\Control\Nls\Sorting\Versions\(Default),SUCCESS,"Type: REG_SZ, Length: 18, Data: 00060305",4/14/2022 12:40:52 PM,Registry,C:\Windows\system32\cmd.exe,BLUETEAM\ezk,cmd.exe /C tasklist,10244,8028,"cmd.exe 10676 RegQueryValue HKLM\System\CurrentControlSet\Control\Nls\Sorting\Versions\(Default) SUCCESS Type: REG_SZ, Length: 18, Data: 00060305 4/14/2022 12:40:52 PM Registry C:\Windows\system32\cmd.exe BLUETEAM\ezk cmd.exe /C tasklist 10244 8028",benign
cmd.exe,10676,RegQueryValue,HKLM\System\CurrentControlSet\Control\Nls\Sorting\Versions\000603xx,SUCCESS,"Type: REG_SZ, Length: 26, Data: kernel32.dll",4/14/2022 12:40:52 PM,Registry,C:\Windows\system32\cmd.exe,BLUETEAM\ezk,cmd.exe /C tasklist,10244,8028,"cmd.exe 10676 RegQueryValue HKLM\System\CurrentControlSet\Control\Nls\Sorting\Versions\000603xx SUCCESS Type: REG_SZ, Length: 26, Data: kernel32.dll 4/14/2022 12:40:52 PM Registry C:\Windows\system32\cmd.exe BLUETEAM\ezk cmd.exe /C tasklist 10244 8028",benign
cmd.exe,10676,RegOpenKey,HKLM\SYSTEM\CurrentControlSet\Control\Session Manager,REPARSE,"Desired Access: Query Value, Enumerate Sub Keys",4/14/2022 12:40:52 PM,Registry,C:\Windows\system32\cmd.exe,BLUETEAM\ezk,cmd.exe /C tasklist,10244,8028,"cmd.exe 10676 RegOpenKey HKLM\SYSTEM\CurrentControlSet\Control\Session Manager REPARSE Desired Access: Query Value, Enumerate Sub Keys 4/14/2022 12:40:52 PM Registry C:\Windows\system32\cmd.exe BLUETEAM\ezk cmd.exe /C tasklist 10244 8028",benign
cmd.exe,10676,RegOpenKey,HKLM\System\CurrentControlSet\Control\Session Manager,SUCCESS,"Desired Access: Query Value, Enumerate Sub Keys",4/14/2022 12:40:52 PM,Registry,C:\Windows\system32\cmd.exe,BLUETEAM\ezk,cmd.exe /C tasklist,10244,8028,"cmd.exe 10676 RegOpenKey HKLM\System\CurrentControlSet\Control\Session Manager SUCCESS Desired Access: Query Value, Enumerate Sub Keys 4/14/2022 12:40:52 PM Registry C:\Windows\system32\cmd.exe BLUETEAM\ezk cmd.exe /C tasklist 10244 8028",benign
cmd.exe,10676,RegQueryValue,HKLM\System\CurrentControlSet\Control\Session Manager\ResourcePolicies,NAME NOT FOUND,Length: 24,4/14/2022 12:40:52 PM,Registry,C:\Windows\system32\cmd.exe,BLUETEAM\ezk,cmd.exe /C tasklist,10244,8028,cmd.exe 10676 RegQueryValue HKLM\System\CurrentControlSet\Control\Session Manager\ResourcePolicies NAME NOT FOUND Length: 24 4/14/2022 12:40:52 PM Registry C:\Windows\system32\cmd.exe BLUETEAM\ezk cmd.exe /C tasklist 10244 8028,benign
cmd.exe,10676,RegCloseKey,HKLM\System\CurrentControlSet\Control\Session Manager,SUCCESS,,4/14/2022 12:40:52 PM,Registry,C:\Windows\system32\cmd.exe,BLUETEAM\ezk,cmd.exe /C tasklist,10244,8028,cmd.exe 10676 RegCloseKey HKLM\System\CurrentControlSet\Control\Session Manager SUCCESS None 4/14/2022 12:40:52 PM Registry C:\Windows\system32\cmd.exe BLUETEAM\ezk cmd.exe /C tasklist 10244 8028,benign
cmd.exe,10676,RegOpenKey,HKLM\SYSTEM\CurrentControlSet\Control\Session Manager,REPARSE,"Desired Access: Query Value, Enumerate Sub Keys",4/14/2022 12:40:52 PM,Registry,C:\Windows\system32\cmd.exe,BLUETEAM\ezk,cmd.exe /C tasklist,10244,8028,"cmd.exe 10676 RegOpenKey HKLM\SYSTEM\CurrentControlSet\Control\Session Manager REPARSE Desired Access: Query Value, Enumerate Sub Keys 4/14/2022 12:40:52 PM Registry C:\Windows\system32\cmd.exe BLUETEAM\ezk cmd.exe /C tasklist 10244 8028",benign
cmd.exe,10676,RegOpenKey,HKLM\System\CurrentControlSet\Control\Session Manager,SUCCESS,"Desired Access: Query Value, Enumerate Sub Keys",4/14/2022 12:40:52 PM,Registry,C:\Windows\system32\cmd.exe,BLUETEAM\ezk,cmd.exe /C tasklist,10244,8028,"cmd.exe 10676 RegOpenKey HKLM\System\CurrentControlSet\Control\Session Manager SUCCESS Desired Access: Query Value, Enumerate Sub Keys 4/14/2022 12:40:52 PM Registry C:\Windows\system32\cmd.exe BLUETEAM\ezk cmd.exe /C tasklist 10244 8028",benign
cmd.exe,10676,RegQueryValue,HKLM\System\CurrentControlSet\Control\Session Manager\ResourcePolicies,NAME NOT FOUND,Length: 24,4/14/2022 12:40:52 PM,Registry,C:\Windows\system32\cmd.exe,BLUETEAM\ezk,cmd.exe /C tasklist,10244,8028,cmd.exe 10676 RegQueryValue HKLM\System\CurrentControlSet\Control\Session Manager\ResourcePolicies NAME NOT FOUND Length: 24 4/14/2022 12:40:52 PM Registry C:\Windows\system32\cmd.exe BLUETEAM\ezk cmd.exe /C tasklist 10244 8028,benign
cmd.exe,10676,RegCloseKey,HKLM\System\CurrentControlSet\Control\Session Manager,SUCCESS,,4/14/2022 12:40:52 PM,Registry,C:\Windows\system32\cmd.exe,BLUETEAM\ezk,cmd.exe /C tasklist,10244,8028,cmd.exe 10676 RegCloseKey HKLM\System\CurrentControlSet\Control\Session Manager SUCCESS None 4/14/2022 12:40:52 PM Registry C:\Windows\system32\cmd.exe BLUETEAM\ezk cmd.exe /C tasklist 10244 8028,benign
cmd.exe,10676,RegOpenKey,HKLM,SUCCESS,"Desired Access: Maximum Allowed, Granted Access: All Access",4/14/2022 12:40:52 PM,Registry,C:\Windows\system32\cmd.exe,BLUETEAM\ezk,cmd.exe /C tasklist,10244,8028,"cmd.exe 10676 RegOpenKey HKLM SUCCESS Desired Access: Maximum Allowed, Granted Access: All Access 4/14/2022 12:40:52 PM Registry C:\Windows\system32\cmd.exe BLUETEAM\ezk cmd.exe /C tasklist 10244 8028",benign
cmd.exe,10676,RegQueryKey,HKLM,SUCCESS,"Query: HandleTags, HandleTags: 0x0",4/14/2022 12:40:52 PM,Registry,C:\Windows\system32\cmd.exe,BLUETEAM\ezk,cmd.exe /C tasklist,10244,8028,"cmd.exe 10676 RegQueryKey HKLM SUCCESS Query: HandleTags, HandleTags: 0x0 4/14/2022 12:40:52 PM Registry C:\Windows\system32\cmd.exe BLUETEAM\ezk cmd.exe /C tasklist 10244 8028",benign
cmd.exe,10676,RegOpenKey,HKLM\SOFTWARE\Microsoft\OLE,SUCCESS,Desired Access: Read,4/14/2022 12:40:52 PM,Registry,C:\Windows\system32\cmd.exe,BLUETEAM\ezk,cmd.exe /C tasklist,10244,8028,cmd.exe 10676 RegOpenKey HKLM\SOFTWARE\Microsoft\OLE SUCCESS Desired Access: Read 4/14/2022 12:40:52 PM Registry C:\Windows\system32\cmd.exe BLUETEAM\ezk cmd.exe /C tasklist 10244 8028,benign
cmd.exe,10676,RegQueryValue,HKLM\SOFTWARE\Microsoft\Ole\PageAllocatorUseSystemHeap,NAME NOT FOUND,Length: 20,4/14/2022 12:40:52 PM,Registry,C:\Windows\system32\cmd.exe,BLUETEAM\ezk,cmd.exe /C tasklist,10244,8028,cmd.exe 10676 RegQueryValue HKLM\SOFTWARE\Microsoft\Ole\PageAllocatorUseSystemHeap NAME NOT FOUND Length: 20 4/14/2022 12:40:52 PM Registry C:\Windows\system32\cmd.exe BLUETEAM\ezk cmd.exe /C tasklist 10244 8028,benign
cmd.exe,10676,RegCloseKey,HKLM\SOFTWARE\Microsoft\Ole,SUCCESS,,4/14/2022 12:40:52 PM,Registry,C:\Windows\system32\cmd.exe,BLUETEAM\ezk,cmd.exe /C tasklist,10244,8028,cmd.exe 10676 RegCloseKey HKLM\SOFTWARE\Microsoft\Ole SUCCESS None 4/14/2022 12:40:52 PM Registry C:\Windows\system32\cmd.exe BLUETEAM\ezk cmd.exe /C tasklist 10244 8028,benign
cmd.exe,10676,RegQueryKey,HKLM,SUCCESS,"Query: HandleTags, HandleTags: 0x100",4/14/2022 12:40:52 PM,Registry,C:\Windows\system32\cmd.exe,BLUETEAM\ezk,cmd.exe /C tasklist,10244,8028,"cmd.exe 10676 RegQueryKey HKLM SUCCESS Query: HandleTags, HandleTags: 0x100 4/14/2022 12:40:52 PM Registry C:\Windows\system32\cmd.exe BLUETEAM\ezk cmd.exe /C tasklist 10244 8028",benign
cmd.exe,10676,RegOpenKey,HKLM\SOFTWARE\Microsoft\AppModel\Lookaside\Packages,NAME NOT FOUND,Desired Access: Read,4/14/2022 12:40:52 PM,Registry,C:\Windows\system32\cmd.exe,BLUETEAM\ezk,cmd.exe /C tasklist,10244,8028,cmd.exe 10676 RegOpenKey HKLM\SOFTWARE\Microsoft\AppModel\Lookaside\Packages NAME NOT FOUND Desired Access: Read 4/14/2022 12:40:52 PM Registry C:\Windows\system32\cmd.exe BLUETEAM\ezk cmd.exe /C tasklist 10244 8028,benign
cmd.exe,10676,RegOpenKey,HKLM\Software\Microsoft\Ole\FeatureDevelopmentProperties,NAME NOT FOUND,Desired Access: Read,4/14/2022 12:40:52 PM,Registry,C:\Windows\system32\cmd.exe,BLUETEAM\ezk,cmd.exe /C tasklist,10244,8028,cmd.exe 10676 RegOpenKey HKLM\Software\Microsoft\Ole\FeatureDevelopmentProperties NAME NOT FOUND Desired Access: Read 4/14/2022 12:40:52 PM Registry C:\Windows\system32\cmd.exe BLUETEAM\ezk cmd.exe /C tasklist 10244 8028,benign
cmd.exe,10676,RegQueryKey,HKLM,SUCCESS,"Query: HandleTags, HandleTags: 0x100",4/14/2022 12:40:52 PM,Registry,C:\Windows\system32\cmd.exe,BLUETEAM\ezk,cmd.exe /C tasklist,10244,8028,"cmd.exe 10676 RegQueryKey HKLM SUCCESS Query: HandleTags, HandleTags: 0x100 4/14/2022 12:40:52 PM Registry C:\Windows\system32\cmd.exe BLUETEAM\ezk cmd.exe /C tasklist 10244 8028",benign
cmd.exe,10676,RegOpenKey,HKLM,SUCCESS,Desired Access: Read,4/14/2022 12:40:52 PM,Registry,C:\Windows\system32\cmd.exe,BLUETEAM\ezk,cmd.exe /C tasklist,10244,8028,cmd.exe 10676 RegOpenKey HKLM SUCCESS Desired Access: Read 4/14/2022 12:40:52 PM Registry C:\Windows\system32\cmd.exe BLUETEAM\ezk cmd.exe /C tasklist 10244 8028,benign
cmd.exe,10676,RegQueryKey,HKLM,SUCCESS,"Query: HandleTags, HandleTags: 0x0",4/14/2022 12:40:52 PM,Registry,C:\Windows\system32\cmd.exe,BLUETEAM\ezk,cmd.exe /C tasklist,10244,8028,"cmd.exe 10676 RegQueryKey HKLM SUCCESS Query: HandleTags, HandleTags: 0x0 4/14/2022 12:40:52 PM Registry C:\Windows\system32\cmd.exe BLUETEAM\ezk cmd.exe /C tasklist 10244 8028",benign
cmd.exe,10676,RegOpenKey,HKLM\Software\Policies\Microsoft\MUI\Settings,NAME NOT FOUND,Desired Access: Read,4/14/2022 12:40:52 PM,Registry,C:\Windows\system32\cmd.exe,BLUETEAM\ezk,cmd.exe /C tasklist,10244,8028,cmd.exe 10676 RegOpenKey HKLM\Software\Policies\Microsoft\MUI\Settings NAME NOT FOUND Desired Access: Read 4/14/2022 12:40:52 PM Registry C:\Windows\system32\cmd.exe BLUETEAM\ezk cmd.exe /C tasklist 10244 8028,benign
cmd.exe,10676,RegCloseKey,HKLM\SOFTWARE\Microsoft\Ole,SUCCESS,,4/14/2022 12:40:52 PM,Registry,C:\Windows\system32\cmd.exe,BLUETEAM\ezk,cmd.exe /C tasklist,10244,8028,cmd.exe 10676 RegCloseKey HKLM\SOFTWARE\Microsoft\Ole SUCCESS None 4/14/2022 12:40:52 PM Registry C:\Windows\system32\cmd.exe BLUETEAM\ezk cmd.exe /C tasklist 10244 8028,benign
cmd.exe,10676,RegOpenKey,HKLM\SOFTWARE\Microsoft\OLE,SUCCESS,Desired Access: Read,4/14/2022 12:40:52 PM,Registry,C:\Windows\system32\cmd.exe,BLUETEAM\ezk,cmd.exe /C tasklist,10244,8028,cmd.exe 10676 RegOpenKey HKLM\SOFTWARE\Microsoft\OLE SUCCESS Desired Access: Read 4/14/2022 12:40:52 PM Registry C:\Windows\system32\cmd.exe BLUETEAM\ezk cmd.exe /C tasklist 10244 8028,benign
cmd.exe,10676,RegQueryKey,HKLM,SUCCESS,"Query: HandleTags, HandleTags: 0x0",4/14/2022 12:40:52 PM,Registry,C:\Windows\system32\cmd.exe,BLUETEAM\ezk,cmd.exe /C tasklist,10244,8028,"cmd.exe 10676 RegQueryKey HKLM SUCCESS Query: HandleTags, HandleTags: 0x0 4/14/2022 12:40:52 PM Registry C:\Windows\system32\cmd.exe BLUETEAM\ezk cmd.exe /C tasklist 10244 8028",benign
cmd.exe,10676,RegCloseKey,HKLM\SOFTWARE\Microsoft\Ole,SUCCESS,,4/14/2022 12:40:52 PM,Registry,C:\Windows\system32\cmd.exe,BLUETEAM\ezk,cmd.exe /C tasklist,10244,8028,cmd.exe 10676 RegCloseKey HKLM\SOFTWARE\Microsoft\Ole SUCCESS None 4/14/2022 12:40:52 PM Registry C:\Windows\system32\cmd.exe BLUETEAM\ezk cmd.exe /C tasklist 10244 8028,benign
cmd.exe,10676,RegQueryValue,HKLM\SOFTWARE\Microsoft\Ole\PageAllocatorSystemHeapIsPrivate,NAME NOT FOUND,Length: 20,4/14/2022 12:40:52 PM,Registry,C:\Windows\system32\cmd.exe,BLUETEAM\ezk,cmd.exe /C tasklist,10244,8028,cmd.exe 10676 RegQueryValue HKLM\SOFTWARE\Microsoft\Ole\PageAllocatorSystemHeapIsPrivate NAME NOT FOUND Length: 20 4/14/2022 12:40:52 PM Registry C:\Windows\system32\cmd.exe BLUETEAM\ezk cmd.exe /C tasklist 10244 8028,benign
cmd.exe,10676,RegOpenKey,HKLM\SOFTWARE\Microsoft\OLE,SUCCESS,Desired Access: Read,4/14/2022 12:40:52 PM,Registry,C:\Windows\system32\cmd.exe,BLUETEAM\ezk,cmd.exe /C tasklist,10244,8028,cmd.exe 10676 RegOpenKey HKLM\SOFTWARE\Microsoft\OLE SUCCESS Desired Access: Read 4/14/2022 12:40:52 PM Registry C:\Windows\system32\cmd.exe BLUETEAM\ezk cmd.exe /C tasklist 10244 8028,benign
cmd.exe,10676,RegQueryKey,HKLM,SUCCESS,"Query: HandleTags, HandleTags: 0x0",4/14/2022 12:40:52 PM,Registry,C:\Windows\system32\cmd.exe,BLUETEAM\ezk,cmd.exe /C tasklist,10244,8028,"cmd.exe 10676 RegQueryKey HKLM SUCCESS Query: HandleTags, HandleTags: 0x0 4/14/2022 12:40:52 PM Registry C:\Windows\system32\cmd.exe BLUETEAM\ezk cmd.exe /C tasklist 10244 8028",benign
cmd.exe,10676,RegQueryValue,HKLM\SOFTWARE\Microsoft\Ole\AggressiveMTATesting,NAME NOT FOUND,Length: 16,4/14/2022 12:40:52 PM,Registry,C:\Windows\system32\cmd.exe,BLUETEAM\ezk,cmd.exe /C tasklist,10244,8028,cmd.exe 10676 RegQueryValue HKLM\SOFTWARE\Microsoft\Ole\AggressiveMTATesting NAME NOT FOUND Length: 16 4/14/2022 12:40:52 PM Registry C:\Windows\system32\cmd.exe BLUETEAM\ezk cmd.exe /C tasklist 10244 8028,benign
cmd.exe,10676,RegOpenKey,HKCU,SUCCESS,"Desired Access: Maximum Allowed, Granted Access: All Access",4/14/2022 12:40:52 PM,Registry,C:\Windows\system32\cmd.exe,BLUETEAM\ezk,cmd.exe /C tasklist,10244,8028,"cmd.exe 10676 RegOpenKey HKCU SUCCESS Desired Access: Maximum Allowed, Granted Access: All Access 4/14/2022 12:40:52 PM Registry C:\Windows\system32\cmd.exe BLUETEAM\ezk cmd.exe /C tasklist 10244 8028",benign
cmd.exe,10676,RegOpenKey,HKCU\Software\Policies\Microsoft\Control Panel\Desktop,NAME NOT FOUND,Desired Access: Read,4/14/2022 12:40:52 PM,Registry,C:\Windows\system32\cmd.exe,BLUETEAM\ezk,cmd.exe /C tasklist,10244,8028,cmd.exe 10676 RegOpenKey HKCU\Software\Policies\Microsoft\Control Panel\Desktop NAME NOT FOUND Desired Access: Read 4/14/2022 12:40:52 PM Registry C:\Windows\system32\cmd.exe BLUETEAM\ezk cmd.exe /C tasklist 10244 8028,benign
cmd.exe,10676,RegOpenKey,HKCU\Control Panel\Desktop\LanguageConfiguration,NAME NOT FOUND,Desired Access: Read,4/14/2022 12:40:52 PM,Registry,C:\Windows\system32\cmd.exe,BLUETEAM\ezk,cmd.exe /C tasklist,10244,8028,cmd.exe 10676 RegOpenKey HKCU\Control Panel\Desktop\LanguageConfiguration NAME NOT FOUND Desired Access: Read 4/14/2022 12:40:52 PM Registry C:\Windows\system32\cmd.exe BLUETEAM\ezk cmd.exe /C tasklist 10244 8028,benign
cmd.exe,10676,RegCloseKey,HKLM\System\CurrentControlSet\Control\Nls\ExtendedLocale,SUCCESS,,4/14/2022 12:40:52 PM,Registry,C:\Windows\system32\cmd.exe,BLUETEAM\ezk,cmd.exe /C tasklist,10244,8028,cmd.exe 10676 RegCloseKey HKLM\System\CurrentControlSet\Control\Nls\ExtendedLocale SUCCESS None 4/14/2022 12:40:52 PM Registry C:\Windows\system32\cmd.exe BLUETEAM\ezk cmd.exe /C tasklist 10244 8028,benign
cmd.exe,10676,CreateFile,C:\Windows\System32,SUCCESS,"Desired Access: Read Data/List Directory, Synchronize, Disposition: Open, Options: Directory, Synchronous IO Non-Alert, Attributes: n/a, ShareMode: Read, Write, Delete, AllocationSize: n/a, OpenResult: Opened",4/14/2022 12:40:52 PM,File System,C:\Windows\system32\cmd.exe,BLUETEAM\ezk,cmd.exe /C tasklist,10244,8028,"cmd.exe 10676 CreateFile C:\Windows\System32 SUCCESS Desired Access: Read Data/List Directory, Synchronize, Disposition: Open, Options: Directory, Synchronous IO Non-Alert, Attributes: n/a, ShareMode: Read, Write, Delete, AllocationSize: n/a, OpenResult: Opened 4/14/2022 12:40:52 PM File System C:\Windows\system32\cmd.exe BLUETEAM\ezk cmd.exe /C tasklist 10244 8028",benign
cmd.exe,10676,QueryDirectory,C:\Windows\System32\tasklist.*,SUCCESS,"FileInformationClass: FileFullDirectoryInformation, Filter: tasklist.*, 2: tasklist.exe",4/14/2022 12:40:52 PM,File System,C:\Windows\system32\cmd.exe,BLUETEAM\ezk,cmd.exe /C tasklist,10244,8028,"cmd.exe 10676 QueryDirectory C:\Windows\System32\tasklist.* SUCCESS FileInformationClass: FileFullDirectoryInformation, Filter: tasklist.*, 2: tasklist.exe 4/14/2022 12:40:52 PM File System C:\Windows\system32\cmd.exe BLUETEAM\ezk cmd.exe /C tasklist 10244 8028",benign
cmd.exe,10676,CloseFile,C:\Windows\System32,SUCCESS,,4/14/2022 12:40:52 PM,File System,C:\Windows\system32\cmd.exe,BLUETEAM\ezk,cmd.exe /C tasklist,10244,8028,cmd.exe 10676 CloseFile C:\Windows\System32 SUCCESS None 4/14/2022 12:40:52 PM File System C:\Windows\system32\cmd.exe BLUETEAM\ezk cmd.exe /C tasklist 10244 8028,benign
cmd.exe,10676,CreateFile,C:\Windows\System32,SUCCESS,"Desired Access: Read Data/List Directory, Synchronize, Disposition: Open, Options: Directory, Synchronous IO Non-Alert, Attributes: n/a, ShareMode: Read, Write, Delete, AllocationSize: n/a, OpenResult: Opened",4/14/2022 12:40:52 PM,File System,C:\Windows\system32\cmd.exe,BLUETEAM\ezk,cmd.exe /C tasklist,10244,8028,"cmd.exe 10676 CreateFile C:\Windows\System32 SUCCESS Desired Access: Read Data/List Directory, Synchronize, Disposition: Open, Options: Directory, Synchronous IO Non-Alert, Attributes: n/a, ShareMode: Read, Write, Delete, AllocationSize: n/a, OpenResult: Opened 4/14/2022 12:40:52 PM File System C:\Windows\system32\cmd.exe BLUETEAM\ezk cmd.exe /C tasklist 10244 8028",benign
cmd.exe,10676,QueryDirectory,C:\Windows\System32\tasklist.COM,NO SUCH FILE,"FileInformationClass: FileFullDirectoryInformation, Filter: tasklist.COM",4/14/2022 12:40:52 PM,File System,C:\Windows\system32\cmd.exe,BLUETEAM\ezk,cmd.exe /C tasklist,10244,8028,"cmd.exe 10676 QueryDirectory C:\Windows\System32\tasklist.COM NO SUCH FILE FileInformationClass: FileFullDirectoryInformation, Filter: tasklist.COM 4/14/2022 12:40:52 PM File System C:\Windows\system32\cmd.exe BLUETEAM\ezk cmd.exe /C tasklist 10244 8028",benign
cmd.exe,10676,CloseFile,C:\Windows\System32,SUCCESS,,4/14/2022 12:40:52 PM,File System,C:\Windows\system32\cmd.exe,BLUETEAM\ezk,cmd.exe /C tasklist,10244,8028,cmd.exe 10676 CloseFile C:\Windows\System32 SUCCESS None 4/14/2022 12:40:52 PM File System C:\Windows\system32\cmd.exe BLUETEAM\ezk cmd.exe /C tasklist 10244 8028,benign
cmd.exe,10676,CreateFile,C:\Windows\System32,SUCCESS,"Desired Access: Read Data/List Directory, Synchronize, Disposition: Open, Options: Directory, Synchronous IO Non-Alert, Attributes: n/a, ShareMode: Read, Write, Delete, AllocationSize: n/a, OpenResult: Opened",4/14/2022 12:40:52 PM,File System,C:\Windows\system32\cmd.exe,BLUETEAM\ezk,cmd.exe /C tasklist,10244,8028,"cmd.exe 10676 CreateFile C:\Windows\System32 SUCCESS Desired Access: Read Data/List Directory, Synchronize, Disposition: Open, Options: Directory, Synchronous IO Non-Alert, Attributes: n/a, ShareMode: Read, Write, Delete, AllocationSize: n/a, OpenResult: Opened 4/14/2022 12:40:52 PM File System C:\Windows\system32\cmd.exe BLUETEAM\ezk cmd.exe /C tasklist 10244 8028",benign
cmd.exe,10676,QueryDirectory,C:\Windows\System32\tasklist.EXE,SUCCESS,"FileInformationClass: FileFullDirectoryInformation, Filter: tasklist.EXE, 2: tasklist.exe",4/14/2022 12:40:52 PM,File System,C:\Windows\system32\cmd.exe,BLUETEAM\ezk,cmd.exe /C tasklist,10244,8028,"cmd.exe 10676 QueryDirectory C:\Windows\System32\tasklist.EXE SUCCESS FileInformationClass: FileFullDirectoryInformation, Filter: tasklist.EXE, 2: tasklist.exe 4/14/2022 12:40:52 PM File System C:\Windows\system32\cmd.exe BLUETEAM\ezk cmd.exe /C tasklist 10244 8028",benign
cmd.exe,10676,CloseFile,C:\Windows\System32,SUCCESS,,4/14/2022 12:40:52 PM,File System,C:\Windows\system32\cmd.exe,BLUETEAM\ezk,cmd.exe /C tasklist,10244,8028,cmd.exe 10676 CloseFile C:\Windows\System32 SUCCESS None 4/14/2022 12:40:52 PM File System C:\Windows\system32\cmd.exe BLUETEAM\ezk cmd.exe /C tasklist 10244 8028,benign
cmd.exe,10676,RegQueryValue,HKLM\System\CurrentControlSet\Control\Nls\Sorting\Versions\000603xx,SUCCESS,"Type: REG_SZ, Length: 26, Data: kernel32.dll",4/14/2022 12:40:52 PM,Registry,C:\Windows\system32\cmd.exe,BLUETEAM\ezk,cmd.exe /C tasklist,10244,8028,"cmd.exe 10676 RegQueryValue HKLM\System\CurrentControlSet\Control\Nls\Sorting\Versions\000603xx SUCCESS Type: REG_SZ, Length: 26, Data: kernel32.dll 4/14/2022 12:40:52 PM Registry C:\Windows\system32\cmd.exe BLUETEAM\ezk cmd.exe /C tasklist 10244 8028",benign
cmd.exe,10676,CreateFile,C:\Windows\Globalization\Sorting\SortDefault.nls,SUCCESS,"Desired Access: Generic Read, Disposition: Open, Options: Synchronous IO Non-Alert, Non-Directory File, Attributes: N, ShareMode: Read, AllocationSize: n/a, OpenResult: Opened",4/14/2022 12:40:52 PM,File System,C:\Windows\system32\cmd.exe,BLUETEAM\ezk,cmd.exe /C tasklist,10244,8028,"cmd.exe 10676 CreateFile C:\Windows\Globalization\Sorting\SortDefault.nls SUCCESS Desired Access: Generic Read, Disposition: Open, Options: Synchronous IO Non-Alert, Non-Directory File, Attributes: N, ShareMode: Read, AllocationSize: n/a, OpenResult: Opened 4/14/2022 12:40:52 PM File System C:\Windows\system32\cmd.exe BLUETEAM\ezk cmd.exe /C tasklist 10244 8028",benign
cmd.exe,10676,CloseFile,C:\Windows\Globalization\Sorting\SortDefault.nls,SUCCESS,,4/14/2022 12:40:52 PM,File System,C:\Windows\system32\cmd.exe,BLUETEAM\ezk,cmd.exe /C tasklist,10244,8028,cmd.exe 10676 CloseFile C:\Windows\Globalization\Sorting\SortDefault.nls SUCCESS None 4/14/2022 12:40:52 PM File System C:\Windows\system32\cmd.exe BLUETEAM\ezk cmd.exe /C tasklist 10244 8028,benign
cmd.exe,10676,RegOpenKey,HKLM\System\CurrentControlSet\Control\Nls\Sorting\Ids,REPARSE,Desired Access: Read,4/14/2022 12:40:52 PM,Registry,C:\Windows\system32\cmd.exe,BLUETEAM\ezk,cmd.exe /C tasklist,10244,8028,cmd.exe 10676 RegOpenKey HKLM\System\CurrentControlSet\Control\Nls\Sorting\Ids REPARSE Desired Access: Read 4/14/2022 12:40:52 PM Registry C:\Windows\system32\cmd.exe BLUETEAM\ezk cmd.exe /C tasklist 10244 8028,benign
cmd.exe,10676,RegOpenKey,HKLM\System\CurrentControlSet\Control\Nls\Sorting\Ids,SUCCESS,Desired Access: Read,4/14/2022 12:40:52 PM,Registry,C:\Windows\system32\cmd.exe,BLUETEAM\ezk,cmd.exe /C tasklist,10244,8028,cmd.exe 10676 RegOpenKey HKLM\System\CurrentControlSet\Control\Nls\Sorting\Ids SUCCESS Desired Access: Read 4/14/2022 12:40:52 PM Registry C:\Windows\system32\cmd.exe BLUETEAM\ezk cmd.exe /C tasklist 10244 8028,benign
cmd.exe,10676,RegQueryValue,HKLM\System\CurrentControlSet\Control\Nls\Sorting\Ids\en-US,NAME NOT FOUND,Length: 90,4/14/2022 12:40:52 PM,Registry,C:\Windows\system32\cmd.exe,BLUETEAM\ezk,cmd.exe /C tasklist,10244,8028,cmd.exe 10676 RegQueryValue HKLM\System\CurrentControlSet\Control\Nls\Sorting\Ids\en-US NAME NOT FOUND Length: 90 4/14/2022 12:40:52 PM Registry C:\Windows\system32\cmd.exe BLUETEAM\ezk cmd.exe /C tasklist 10244 8028,benign
cmd.exe,10676,RegQueryValue,HKLM\System\CurrentControlSet\Control\Nls\Sorting\Ids\en,NAME NOT FOUND,Length: 90,4/14/2022 12:40:52 PM,Registry,C:\Windows\system32\cmd.exe,BLUETEAM\ezk,cmd.exe /C tasklist,10244,8028,cmd.exe 10676 RegQueryValue HKLM\System\CurrentControlSet\Control\Nls\Sorting\Ids\en NAME NOT FOUND Length: 90 4/14/2022 12:40:52 PM Registry C:\Windows\system32\cmd.exe BLUETEAM\ezk cmd.exe /C tasklist 10244 8028,benign
cmd.exe,10676,CreateFile,C:\Windows\System32\tasklist.exe,SUCCESS,"Desired Access: Read Attributes, Disposition: Open, Options: Non-Directory File, Attributes: n/a, ShareMode: Read, Write, AllocationSize: n/a, OpenResult: Opened",4/14/2022 12:40:52 PM,File System,C:\Windows\system32\cmd.exe,BLUETEAM\ezk,cmd.exe /C tasklist,10244,8028,"cmd.exe 10676 CreateFile C:\Windows\System32\tasklist.exe SUCCESS Desired Access: Read Attributes, Disposition: Open, Options: Non-Directory File, Attributes: n/a, ShareMode: Read, Write, AllocationSize: n/a, OpenResult: Opened 4/14/2022 12:40:52 PM File System C:\Windows\system32\cmd.exe BLUETEAM\ezk cmd.exe /C tasklist 10244 8028",benign
cmd.exe,10676,RegOpenKey,HKLM\System\CurrentControlSet\Control\Session Manager\BAM,NAME NOT FOUND,Desired Access: Query Value,4/14/2022 12:40:52 PM,Registry,C:\Windows\system32\cmd.exe,BLUETEAM\ezk,cmd.exe /C tasklist,10244,8028,cmd.exe 10676 RegOpenKey HKLM\System\CurrentControlSet\Control\Session Manager\BAM NAME NOT FOUND Desired Access: Query Value 4/14/2022 12:40:52 PM Registry C:\Windows\system32\cmd.exe BLUETEAM\ezk cmd.exe /C tasklist 10244 8028,benign
cmd.exe,10676,RegOpenKey,HKLM\SYSTEM\CurrentControlSet\Control\Session Manager\BAM,REPARSE,Desired Access: Query Value,4/14/2022 12:40:52 PM,Registry,C:\Windows\system32\cmd.exe,BLUETEAM\ezk,cmd.exe /C tasklist,10244,8028,cmd.exe 10676 RegOpenKey HKLM\SYSTEM\CurrentControlSet\Control\Session Manager\BAM REPARSE Desired Access: Query Value 4/14/2022 12:40:52 PM Registry C:\Windows\system32\cmd.exe BLUETEAM\ezk cmd.exe /C tasklist 10244 8028,benign
cmd.exe,10676,RegCloseKey,HKLM\System\CurrentControlSet\Services\bam\State\UserSettings\S-1-5-21-4065680934-2604657585-3199708412-1106,SUCCESS,,4/14/2022 12:40:52 PM,Registry,C:\Windows\system32\cmd.exe,BLUETEAM\ezk,cmd.exe /C tasklist,10244,8028,cmd.exe 10676 RegCloseKey HKLM\System\CurrentControlSet\Services\bam\State\UserSettings\S-1-5-21-4065680934-2604657585-3199708412-1106 SUCCESS None 4/14/2022 12:40:52 PM Registry C:\Windows\system32\cmd.exe BLUETEAM\ezk cmd.exe /C tasklist 10244 8028,benign
cmd.exe,10676,RegQueryValue,HKLM\System\CurrentControlSet\Services\bam\State\UserSettings\S-1-5-21-4065680934-2604657585-3199708412-1106\\Device\HarddiskVolume3\Windows\System32\tasklist.exe,NAME NOT FOUND,Length: 40,4/14/2022 12:40:52 PM,Registry,C:\Windows\system32\cmd.exe,BLUETEAM\ezk,cmd.exe /C tasklist,10244,8028,cmd.exe 10676 RegQueryValue HKLM\System\CurrentControlSet\Services\bam\State\UserSettings\S-1-5-21-4065680934-2604657585-3199708412-1106\\Device\HarddiskVolume3\Windows\System32\tasklist.exe NAME NOT FOUND Length: 40 4/14/2022 12:40:52 PM Registry C:\Windows\system32\cmd.exe BLUETEAM\ezk cmd.exe /C tasklist 10244 8028,benign
cmd.exe,10676,RegOpenKey,HKLM\System\CurrentControlSet\Services\bam\State\UserSettings\S-1-5-21-4065680934-2604657585-3199708412-1106,SUCCESS,Desired Access: All Access,4/14/2022 12:40:52 PM,Registry,C:\Windows\system32\cmd.exe,BLUETEAM\ezk,cmd.exe /C tasklist,10244,8028,cmd.exe 10676 RegOpenKey HKLM\System\CurrentControlSet\Services\bam\State\UserSettings\S-1-5-21-4065680934-2604657585-3199708412-1106 SUCCESS Desired Access: All Access 4/14/2022 12:40:52 PM Registry C:\Windows\system32\cmd.exe BLUETEAM\ezk cmd.exe /C tasklist 10244 8028,benign
cmd.exe,10676,RegQueryValue,HKLM\System\CurrentControlSet\Control\Nls\ExtendedLocale\en-US,NAME NOT FOUND,Length: 532,4/14/2022 12:40:52 PM,Registry,C:\Windows\system32\cmd.exe,BLUETEAM\ezk,cmd.exe /C tasklist,10244,8028,cmd.exe 10676 RegQueryValue HKLM\System\CurrentControlSet\Control\Nls\ExtendedLocale\en-US NAME NOT FOUND Length: 532 4/14/2022 12:40:52 PM Registry C:\Windows\system32\cmd.exe BLUETEAM\ezk cmd.exe /C tasklist 10244 8028,benign
cmd.exe,10676,RegOpenKey,HKLM\SOFTWARE\Microsoft\Windows NT\CurrentVersion\Image File Execution Options\tasklist.exe,NAME NOT FOUND,"Desired Access: Query Value, Enumerate Sub Keys",4/14/2022 12:40:52 PM,Registry,C:\Windows\system32\cmd.exe,BLUETEAM\ezk,cmd.exe /C tasklist,10244,8028,"cmd.exe 10676 RegOpenKey HKLM\SOFTWARE\Microsoft\Windows NT\CurrentVersion\Image File Execution Options\tasklist.exe NAME NOT FOUND Desired Access: Query Value, Enumerate Sub Keys 4/14/2022 12:40:52 PM Registry C:\Windows\system32\cmd.exe BLUETEAM\ezk cmd.exe /C tasklist 10244 8028",benign
cmd.exe,10676,RegOpenKey,HKLM\Software\Microsoft\Wow64\x86\xtajit,NAME NOT FOUND,Desired Access: Query Value,4/14/2022 12:40:52 PM,Registry,C:\Windows\system32\cmd.exe,BLUETEAM\ezk,cmd.exe /C tasklist,10244,8028,cmd.exe 10676 RegOpenKey HKLM\Software\Microsoft\Wow64\x86\xtajit NAME NOT FOUND Desired Access: Query Value 4/14/2022 12:40:52 PM Registry C:\Windows\system32\cmd.exe BLUETEAM\ezk cmd.exe /C tasklist 10244 8028,benign
cmd.exe,10676,RegOpenKey,HKLM\SOFTWARE\Microsoft\Windows NT\CurrentVersion\Image File Execution Options\tasklist.exe,NAME NOT FOUND,"Desired Access: Query Value, Enumerate Sub Keys",4/14/2022 12:40:52 PM,Registry,C:\Windows\system32\cmd.exe,BLUETEAM\ezk,cmd.exe /C tasklist,10244,8028,"cmd.exe 10676 RegOpenKey HKLM\SOFTWARE\Microsoft\Windows NT\CurrentVersion\Image File Execution Options\tasklist.exe NAME NOT FOUND Desired Access: Query Value, Enumerate Sub Keys 4/14/2022 12:40:52 PM Registry C:\Windows\system32\cmd.exe BLUETEAM\ezk cmd.exe /C tasklist 10244 8028",benign
cmd.exe,10676,RegOpenKey,HKLM\Software\Microsoft\Windows NT\CurrentVersion\Image File Execution Options,SUCCESS,"Desired Access: Query Value, Enumerate Sub Keys",4/14/2022 12:40:52 PM,Registry,C:\Windows\system32\cmd.exe,BLUETEAM\ezk,cmd.exe /C tasklist,10244,8028,"cmd.exe 10676 RegOpenKey HKLM\Software\Microsoft\Windows NT\CurrentVersion\Image File Execution Options SUCCESS Desired Access: Query Value, Enumerate Sub Keys 4/14/2022 12:40:52 PM Registry C:\Windows\system32\cmd.exe BLUETEAM\ezk cmd.exe /C tasklist 10244 8028",benign
cmd.exe,10676,CloseFile,C:\Windows\System32,SUCCESS,,4/14/2022 12:40:52 PM,File System,C:\Windows\system32\cmd.exe,BLUETEAM\ezk,cmd.exe /C tasklist,10244,8028,cmd.exe 10676 CloseFile C:\Windows\System32 SUCCESS None 4/14/2022 12:40:52 PM File System C:\Windows\system32\cmd.exe BLUETEAM\ezk cmd.exe /C tasklist 10244 8028,benign
cmd.exe,10676,QueryBasicInformationFile,C:\Windows\System32,SUCCESS,"CreationTime: 12/7/2019 5:03:44 PM, LastAccessTime: 4/14/2022 12:40:52 PM, LastWriteTime: 4/14/2022 12:38:35 PM, ChangeTime: 4/14/2022 12:38:35 PM, FileAttributes: D",4/14/2022 12:40:52 PM,File System,C:\Windows\system32\cmd.exe,BLUETEAM\ezk,cmd.exe /C tasklist,10244,8028,"cmd.exe 10676 QueryBasicInformationFile C:\Windows\System32 SUCCESS CreationTime: 12/7/2019 5:03:44 PM, LastAccessTime: 4/14/2022 12:40:52 PM, LastWriteTime: 4/14/2022 12:38:35 PM, ChangeTime: 4/14/2022 12:38:35 PM, FileAttributes: D 4/14/2022 12:40:52 PM File System C:\Windows\system32\cmd.exe BLUETEAM\ezk cmd.exe /C tasklist 10244 8028",benign
cmd.exe,10676,CreateFile,C:\Windows\System32,SUCCESS,"Desired Access: Read Attributes, Disposition: Open, Options: Open Reparse Point, Attributes: n/a, ShareMode: Read, Write, Delete, AllocationSize: n/a, OpenResult: Opened",4/14/2022 12:40:52 PM,File System,C:\Windows\system32\cmd.exe,BLUETEAM\ezk,cmd.exe /C tasklist,10244,8028,"cmd.exe 10676 CreateFile C:\Windows\System32 SUCCESS Desired Access: Read Attributes, Disposition: Open, Options: Open Reparse Point, Attributes: n/a, ShareMode: Read, Write, Delete, AllocationSize: n/a, OpenResult: Opened 4/14/2022 12:40:52 PM File System C:\Windows\system32\cmd.exe BLUETEAM\ezk cmd.exe /C tasklist 10244 8028",benign
cmd.exe,10676,CreateFile,C:\Windows\System32\tasklist.exe,SUCCESS,"Desired Access: Read Data/List Directory, Execute/Traverse, Read Attributes, Synchronize, Disposition: Open, Options: Synchronous IO Non-Alert, Non-Directory File, Attributes: N, ShareMode: Read, Delete, AllocationSize: n/a, OpenResult: Opened",4/14/2022 12:40:52 PM,File System,C:\Windows\system32\cmd.exe,BLUETEAM\ezk,cmd.exe /C tasklist,10244,8028,"cmd.exe 10676 CreateFile C:\Windows\System32\tasklist.exe SUCCESS Desired Access: Read Data/List Directory, Execute/Traverse, Read Attributes, Synchronize, Disposition: Open, Options: Synchronous IO Non-Alert, Non-Directory File, Attributes: N, ShareMode: Read, Delete, AllocationSize: n/a, OpenResult: Opened 4/14/2022 12:40:52 PM File System C:\Windows\system32\cmd.exe BLUETEAM\ezk cmd.exe /C tasklist 10244 8028",benign
cmd.exe,10676,CreateFile,C:\Windows\System32\tasklist.exe,SUCCESS,"Desired Access: Read Data/List Directory, Read Attributes, Synchronize, Disposition: Open, Options: Sequential Access, Synchronous IO Alert, Non-Directory File, Attributes: N, ShareMode: Read, Delete, AllocationSize: n/a, OpenResult: Opened",4/14/2022 12:40:52 PM,File System,C:\Windows\system32\cmd.exe,BLUETEAM\ezk,cmd.exe /C tasklist,10244,8028,"cmd.exe 10676 CreateFile C:\Windows\System32\tasklist.exe SUCCESS Desired Access: Read Data/List Directory, Read Attributes, Synchronize, Disposition: Open, Options: Sequential Access, Synchronous IO Alert, Non-Directory File, Attributes: N, ShareMode: Read, Delete, AllocationSize: n/a, OpenResult: Opened 4/14/2022 12:40:52 PM File System C:\Windows\system32\cmd.exe BLUETEAM\ezk cmd.exe /C tasklist 10244 8028",benign
cmd.exe,10676,RegOpenKey,HKLM\System\CurrentControlSet\Control\Nls\ExtendedLocale,SUCCESS,Desired Access: Read,4/14/2022 12:40:52 PM,Registry,C:\Windows\system32\cmd.exe,BLUETEAM\ezk,cmd.exe /C tasklist,10244,8028,cmd.exe 10676 RegOpenKey HKLM\System\CurrentControlSet\Control\Nls\ExtendedLocale SUCCESS Desired Access: Read 4/14/2022 12:40:52 PM Registry C:\Windows\system32\cmd.exe BLUETEAM\ezk cmd.exe /C tasklist 10244 8028,benign
cmd.exe,10676,RegCloseKey,HKLM\System\CurrentControlSet\Control\Nls\CustomLocale,SUCCESS,,4/14/2022 12:40:52 PM,Registry,C:\Windows\system32\cmd.exe,BLUETEAM\ezk,cmd.exe /C tasklist,10244,8028,cmd.exe 10676 RegCloseKey HKLM\System\CurrentControlSet\Control\Nls\CustomLocale SUCCESS None 4/14/2022 12:40:52 PM Registry C:\Windows\system32\cmd.exe BLUETEAM\ezk cmd.exe /C tasklist 10244 8028,benign
cmd.exe,10676,RegCloseKey,HKCU,SUCCESS,,4/14/2022 12:40:52 PM,Registry,C:\Windows\system32\cmd.exe,BLUETEAM\ezk,cmd.exe /C tasklist,10244,8028,cmd.exe 10676 RegCloseKey HKCU SUCCESS None 4/14/2022 12:40:52 PM Registry C:\Windows\system32\cmd.exe BLUETEAM\ezk cmd.exe /C tasklist 10244 8028,benign
cmd.exe,10676,RegOpenKey,HKCU,SUCCESS,"Desired Access: Maximum Allowed, Granted Access: All Access",4/14/2022 12:40:52 PM,Registry,C:\Windows\system32\cmd.exe,BLUETEAM\ezk,cmd.exe /C tasklist,10244,8028,"cmd.exe 10676 RegOpenKey HKCU SUCCESS Desired Access: Maximum Allowed, Granted Access: All Access 4/14/2022 12:40:52 PM Registry C:\Windows\system32\cmd.exe BLUETEAM\ezk cmd.exe /C tasklist 10244 8028",benign
cmd.exe,10676,RegQueryKey,HKCU,SUCCESS,"Query: HandleTags, HandleTags: 0x0",4/14/2022 12:40:52 PM,Registry,C:\Windows\system32\cmd.exe,BLUETEAM\ezk,cmd.exe /C tasklist,10244,8028,"cmd.exe 10676 RegQueryKey HKCU SUCCESS Query: HandleTags, HandleTags: 0x0 4/14/2022 12:40:52 PM Registry C:\Windows\system32\cmd.exe BLUETEAM\ezk cmd.exe /C tasklist 10244 8028",benign
cmd.exe,10676,RegOpenKey,HKCU\Software\Policies\Microsoft\Windows\System,NAME NOT FOUND,Desired Access: Read,4/14/2022 12:40:52 PM,Registry,C:\Windows\system32\cmd.exe,BLUETEAM\ezk,cmd.exe /C tasklist,10244,8028,cmd.exe 10676 RegOpenKey HKCU\Software\Policies\Microsoft\Windows\System NAME NOT FOUND Desired Access: Read 4/14/2022 12:40:52 PM Registry C:\Windows\system32\cmd.exe BLUETEAM\ezk cmd.exe /C tasklist 10244 8028,benign
cmd.exe,10676,RegQueryKey,HKLM,SUCCESS,"Query: HandleTags, HandleTags: 0x0",4/14/2022 12:40:52 PM,Registry,C:\Windows\system32\cmd.exe,BLUETEAM\ezk,cmd.exe /C tasklist,10244,8028,"cmd.exe 10676 RegQueryKey HKLM SUCCESS Query: HandleTags, HandleTags: 0x0 4/14/2022 12:40:52 PM Registry C:\Windows\system32\cmd.exe BLUETEAM\ezk cmd.exe /C tasklist 10244 8028",benign
cmd.exe,10676,RegOpenKey,HKLM\Software\Microsoft\Command Processor,SUCCESS,"Desired Access: Maximum Allowed, Granted Access: All Access",4/14/2022 12:40:52 PM,Registry,C:\Windows\system32\cmd.exe,BLUETEAM\ezk,cmd.exe /C tasklist,10244,8028,"cmd.exe 10676 RegOpenKey HKLM\Software\Microsoft\Command Processor SUCCESS Desired Access: Maximum Allowed, Granted Access: All Access 4/14/2022 12:40:52 PM Registry C:\Windows\system32\cmd.exe BLUETEAM\ezk cmd.exe /C tasklist 10244 8028",benign
cmd.exe,10676,RegQueryValue,HKLM\SOFTWARE\Microsoft\Command Processor\DisableUNCCheck,NAME NOT FOUND,Length: 144,4/14/2022 12:40:52 PM,Registry,C:\Windows\system32\cmd.exe,BLUETEAM\ezk,cmd.exe /C tasklist,10244,8028,cmd.exe 10676 RegQueryValue HKLM\SOFTWARE\Microsoft\Command Processor\DisableUNCCheck NAME NOT FOUND Length: 144 4/14/2022 12:40:52 PM Registry C:\Windows\system32\cmd.exe BLUETEAM\ezk cmd.exe /C tasklist 10244 8028,benign
cmd.exe,10676,RegQueryValue,HKLM\SOFTWARE\Microsoft\Command Processor\EnableExtensions,SUCCESS,"Type: REG_DWORD, Length: 4, Data: 1",4/14/2022 12:40:52 PM,Registry,C:\Windows\system32\cmd.exe,BLUETEAM\ezk,cmd.exe /C tasklist,10244,8028,"cmd.exe 10676 RegQueryValue HKLM\SOFTWARE\Microsoft\Command Processor\EnableExtensions SUCCESS Type: REG_DWORD, Length: 4, Data: 1 4/14/2022 12:40:52 PM Registry C:\Windows\system32\cmd.exe BLUETEAM\ezk cmd.exe /C tasklist 10244 8028",benign
cmd.exe,10676,RegQueryValue,HKLM\SOFTWARE\Microsoft\Command Processor\DelayedExpansion,NAME NOT FOUND,Length: 144,4/14/2022 12:40:52 PM,Registry,C:\Windows\system32\cmd.exe,BLUETEAM\ezk,cmd.exe /C tasklist,10244,8028,cmd.exe 10676 RegQueryValue HKLM\SOFTWARE\Microsoft\Command Processor\DelayedExpansion NAME NOT FOUND Length: 144 4/14/2022 12:40:52 PM Registry C:\Windows\system32\cmd.exe BLUETEAM\ezk cmd.exe /C tasklist 10244 8028,benign
cmd.exe,10676,RegQueryValue,HKLM\SOFTWARE\Microsoft\Command Processor\DefaultColor,SUCCESS,"Type: REG_DWORD, Length: 4, Data: 0",4/14/2022 12:40:52 PM,Registry,C:\Windows\system32\cmd.exe,BLUETEAM\ezk,cmd.exe /C tasklist,10244,8028,"cmd.exe 10676 RegQueryValue HKLM\SOFTWARE\Microsoft\Command Processor\DefaultColor SUCCESS Type: REG_DWORD, Length: 4, Data: 0 4/14/2022 12:40:52 PM Registry C:\Windows\system32\cmd.exe BLUETEAM\ezk cmd.exe /C tasklist 10244 8028",benign
cmd.exe,10676,RegQueryValue,HKLM\SOFTWARE\Microsoft\Command Processor\CompletionChar,SUCCESS,"Type: REG_DWORD, Length: 4, Data: 9",4/14/2022 12:40:52 PM,Registry,C:\Windows\system32\cmd.exe,BLUETEAM\ezk,cmd.exe /C tasklist,10244,8028,"cmd.exe 10676 RegQueryValue HKLM\SOFTWARE\Microsoft\Command Processor\CompletionChar SUCCESS Type: REG_DWORD, Length: 4, Data: 9 4/14/2022 12:40:52 PM Registry C:\Windows\system32\cmd.exe BLUETEAM\ezk cmd.exe /C tasklist 10244 8028",benign
cmd.exe,10676,RegQueryValue,HKLM\SOFTWARE\Microsoft\Command Processor\PathCompletionChar,SUCCESS,"Type: REG_DWORD, Length: 4, Data: 9",4/14/2022 12:40:52 PM,Registry,C:\Windows\system32\cmd.exe,BLUETEAM\ezk,cmd.exe /C tasklist,10244,8028,"cmd.exe 10676 RegQueryValue HKLM\SOFTWARE\Microsoft\Command Processor\PathCompletionChar SUCCESS Type: REG_DWORD, Length: 4, Data: 9 4/14/2022 12:40:52 PM Registry C:\Windows\system32\cmd.exe BLUETEAM\ezk cmd.exe /C tasklist 10244 8028",benign
cmd.exe,10676,RegQueryValue,HKLM\SOFTWARE\Microsoft\Command Processor\AutoRun,NAME NOT FOUND,Length: 144,4/14/2022 12:40:52 PM,Registry,C:\Windows\system32\cmd.exe,BLUETEAM\ezk,cmd.exe /C tasklist,10244,8028,cmd.exe 10676 RegQueryValue HKLM\SOFTWARE\Microsoft\Command Processor\AutoRun NAME NOT FOUND Length: 144 4/14/2022 12:40:52 PM Registry C:\Windows\system32\cmd.exe BLUETEAM\ezk cmd.exe /C tasklist 10244 8028,benign
cmd.exe,10676,RegCloseKey,HKLM\SOFTWARE\Microsoft\Command Processor,SUCCESS,,4/14/2022 12:40:52 PM,Registry,C:\Windows\system32\cmd.exe,BLUETEAM\ezk,cmd.exe /C tasklist,10244,8028,cmd.exe 10676 RegCloseKey HKLM\SOFTWARE\Microsoft\Command Processor SUCCESS None 4/14/2022 12:40:52 PM Registry C:\Windows\system32\cmd.exe BLUETEAM\ezk cmd.exe /C tasklist 10244 8028,benign
cmd.exe,10676,RegQueryKey,HKCU,SUCCESS,"Query: HandleTags, HandleTags: 0x0",4/14/2022 12:40:52 PM,Registry,C:\Windows\system32\cmd.exe,BLUETEAM\ezk,cmd.exe /C tasklist,10244,8028,"cmd.exe 10676 RegQueryKey HKCU SUCCESS Query: HandleTags, HandleTags: 0x0 4/14/2022 12:40:52 PM Registry C:\Windows\system32\cmd.exe BLUETEAM\ezk cmd.exe /C tasklist 10244 8028",benign
cmd.exe,10676,RegOpenKey,HKCU\Software\Microsoft\Command Processor,NAME NOT FOUND,Desired Access: Maximum Allowed,4/14/2022 12:40:52 PM,Registry,C:\Windows\system32\cmd.exe,BLUETEAM\ezk,cmd.exe /C tasklist,10244,8028,cmd.exe 10676 RegOpenKey HKCU\Software\Microsoft\Command Processor NAME NOT FOUND Desired Access: Maximum Allowed 4/14/2022 12:40:52 PM Registry C:\Windows\system32\cmd.exe BLUETEAM\ezk cmd.exe /C tasklist 10244 8028,benign
cmd.exe,10676,CreateFile,C:\Windows\System32,SUCCESS,"Desired Access: Read Attributes, Disposition: Open, Options: Open Reparse Point, Attributes: n/a, ShareMode: Read, Write, Delete, AllocationSize: n/a, OpenResult: Opened",4/14/2022 12:40:52 PM,File System,C:\Windows\system32\cmd.exe,BLUETEAM\ezk,cmd.exe /C tasklist,10244,8028,"cmd.exe 10676 CreateFile C:\Windows\System32 SUCCESS Desired Access: Read Attributes, Disposition: Open, Options: Open Reparse Point, Attributes: n/a, ShareMode: Read, Write, Delete, AllocationSize: n/a, OpenResult: Opened 4/14/2022 12:40:52 PM File System C:\Windows\system32\cmd.exe BLUETEAM\ezk cmd.exe /C tasklist 10244 8028",benign
cmd.exe,10676,RegQueryValue,HKLM\System\CurrentControlSet\Control\Nls\CustomLocale\en-US,NAME NOT FOUND,Length: 532,4/14/2022 12:40:52 PM,Registry,C:\Windows\system32\cmd.exe,BLUETEAM\ezk,cmd.exe /C tasklist,10244,8028,cmd.exe 10676 RegQueryValue HKLM\System\CurrentControlSet\Control\Nls\CustomLocale\en-US NAME NOT FOUND Length: 532 4/14/2022 12:40:52 PM Registry C:\Windows\system32\cmd.exe BLUETEAM\ezk cmd.exe /C tasklist 10244 8028,benign
cmd.exe,10676,RegOpenKey,HKLM\System\CurrentControlSet\Control\Nls\CustomLocale,SUCCESS,Desired Access: Read,4/14/2022 12:40:52 PM,Registry,C:\Windows\system32\cmd.exe,BLUETEAM\ezk,cmd.exe /C tasklist,10244,8028,cmd.exe 10676 RegOpenKey HKLM\System\CurrentControlSet\Control\Nls\CustomLocale SUCCESS Desired Access: Read 4/14/2022 12:40:52 PM Registry C:\Windows\system32\cmd.exe BLUETEAM\ezk cmd.exe /C tasklist 10244 8028,benign
cmd.exe,10676,RegOpenKey,HKLM\System\CurrentControlSet\Control\Nls\CustomLocale,REPARSE,Desired Access: Read,4/14/2022 12:40:52 PM,Registry,C:\Windows\system32\cmd.exe,BLUETEAM\ezk,cmd.exe /C tasklist,10244,8028,cmd.exe 10676 RegOpenKey HKLM\System\CurrentControlSet\Control\Nls\CustomLocale REPARSE Desired Access: Read 4/14/2022 12:40:52 PM Registry C:\Windows\system32\cmd.exe BLUETEAM\ezk cmd.exe /C tasklist 10244 8028,benign
cmd.exe,10676,CloseFile,C:\Windows\System32,SUCCESS,,4/14/2022 12:40:52 PM,File System,C:\Windows\system32\cmd.exe,BLUETEAM\ezk,cmd.exe /C tasklist,10244,8028,cmd.exe 10676 CloseFile C:\Windows\System32 SUCCESS None 4/14/2022 12:40:52 PM File System C:\Windows\system32\cmd.exe BLUETEAM\ezk cmd.exe /C tasklist 10244 8028,benign
cmd.exe,10676,QueryBasicInformationFile,C:\Windows\System32,SUCCESS,"CreationTime: 12/7/2019 5:03:44 PM, LastAccessTime: 4/14/2022 12:40:52 PM, LastWriteTime: 4/14/2022 12:38:35 PM, ChangeTime: 4/14/2022 12:38:35 PM, FileAttributes: D",4/14/2022 12:40:52 PM,File System,C:\Windows\system32\cmd.exe,BLUETEAM\ezk,cmd.exe /C tasklist,10244,8028,"cmd.exe 10676 QueryBasicInformationFile C:\Windows\System32 SUCCESS CreationTime: 12/7/2019 5:03:44 PM, LastAccessTime: 4/14/2022 12:40:52 PM, LastWriteTime: 4/14/2022 12:38:35 PM, ChangeTime: 4/14/2022 12:38:35 PM, FileAttributes: D 4/14/2022 12:40:52 PM File System C:\Windows\system32\cmd.exe BLUETEAM\ezk cmd.exe /C tasklist 10244 8028",benign
cmd.exe,10676,CreateFile,C:\Windows\System32,SUCCESS,"Desired Access: Read Attributes, Disposition: Open, Options: Open Reparse Point, Attributes: n/a, ShareMode: Read, Write, Delete, AllocationSize: n/a, OpenResult: Opened",4/14/2022 12:40:52 PM,File System,C:\Windows\system32\cmd.exe,BLUETEAM\ezk,cmd.exe /C tasklist,10244,8028,"cmd.exe 10676 CreateFile C:\Windows\System32 SUCCESS Desired Access: Read Attributes, Disposition: Open, Options: Open Reparse Point, Attributes: n/a, ShareMode: Read, Write, Delete, AllocationSize: n/a, OpenResult: Opened 4/14/2022 12:40:52 PM File System C:\Windows\system32\cmd.exe BLUETEAM\ezk cmd.exe /C tasklist 10244 8028",benign
cmd.exe,10676,RegOpenKey,HKLM\System\CurrentControlSet\Control\Nls\ExtendedLocale,REPARSE,Desired Access: Read,4/14/2022 12:40:52 PM,Registry,C:\Windows\system32\cmd.exe,BLUETEAM\ezk,cmd.exe /C tasklist,10244,8028,cmd.exe 10676 RegOpenKey HKLM\System\CurrentControlSet\Control\Nls\ExtendedLocale REPARSE Desired Access: Read 4/14/2022 12:40:52 PM Registry C:\Windows\system32\cmd.exe BLUETEAM\ezk cmd.exe /C tasklist 10244 8028,benign
cmd.exe,10676,CloseFile,C:\Windows,SUCCESS,,4/14/2022 12:40:52 PM,File System,C:\Windows\system32\cmd.exe,BLUETEAM\ezk,cmd.exe /C tasklist,10244,8028,cmd.exe 10676 CloseFile C:\Windows SUCCESS None 4/14/2022 12:40:52 PM File System C:\Windows\system32\cmd.exe BLUETEAM\ezk cmd.exe /C tasklist 10244 8028,benign
cmd.exe,10676,CreateFile,C:\Windows,SUCCESS,"Desired Access: Read Data/List Directory, Synchronize, Disposition: Open, Options: Directory, Synchronous IO Non-Alert, Attributes: n/a, ShareMode: Read, Write, Delete, AllocationSize: n/a, OpenResult: Opened",4/14/2022 12:40:52 PM,File System,C:\Windows\system32\cmd.exe,BLUETEAM\ezk,cmd.exe /C tasklist,10244,8028,"cmd.exe 10676 CreateFile C:\Windows SUCCESS Desired Access: Read Data/List Directory, Synchronize, Disposition: Open, Options: Directory, Synchronous IO Non-Alert, Attributes: n/a, ShareMode: Read, Write, Delete, AllocationSize: n/a, OpenResult: Opened 4/14/2022 12:40:52 PM File System C:\Windows\system32\cmd.exe BLUETEAM\ezk cmd.exe /C tasklist 10244 8028",benign
cmd.exe,10676,CloseFile,C:\,SUCCESS,,4/14/2022 12:40:52 PM,File System,C:\Windows\system32\cmd.exe,BLUETEAM\ezk,cmd.exe /C tasklist,10244,8028,cmd.exe 10676 CloseFile C:\ SUCCESS None 4/14/2022 12:40:52 PM File System C:\Windows\system32\cmd.exe BLUETEAM\ezk cmd.exe /C tasklist 10244 8028,benign
cmd.exe,10676,QueryDirectory,C:\Windows,SUCCESS,"FileInformationClass: FileBothDirectoryInformation, Filter: Windows, 2: Windows",4/14/2022 12:40:52 PM,File System,C:\Windows\system32\cmd.exe,BLUETEAM\ezk,cmd.exe /C tasklist,10244,8028,"cmd.exe 10676 QueryDirectory C:\Windows SUCCESS FileInformationClass: FileBothDirectoryInformation, Filter: Windows, 2: Windows 4/14/2022 12:40:52 PM File System C:\Windows\system32\cmd.exe BLUETEAM\ezk cmd.exe /C tasklist 10244 8028",benign
cmd.exe,10676,CreateFile,C:\,SUCCESS,"Desired Access: Read Data/List Directory, Synchronize, Disposition: Open, Options: Directory, Synchronous IO Non-Alert, Attributes: n/a, ShareMode: Read, Write, Delete, AllocationSize: n/a, OpenResult: Opened",4/14/2022 12:40:52 PM,File System,C:\Windows\system32\cmd.exe,BLUETEAM\ezk,cmd.exe /C tasklist,10244,8028,"cmd.exe 10676 CreateFile C:\ SUCCESS Desired Access: Read Data/List Directory, Synchronize, Disposition: Open, Options: Directory, Synchronous IO Non-Alert, Attributes: n/a, ShareMode: Read, Write, Delete, AllocationSize: n/a, OpenResult: Opened 4/14/2022 12:40:52 PM File System C:\Windows\system32\cmd.exe BLUETEAM\ezk cmd.exe /C tasklist 10244 8028",benign
cmd.exe,10676,CloseFile,C:\Windows\System32,SUCCESS,,4/14/2022 12:40:52 PM,File System,C:\Windows\system32\cmd.exe,BLUETEAM\ezk,cmd.exe /C tasklist,10244,8028,cmd.exe 10676 CloseFile C:\Windows\System32 SUCCESS None 4/14/2022 12:40:52 PM File System C:\Windows\system32\cmd.exe BLUETEAM\ezk cmd.exe /C tasklist 10244 8028,benign
cmd.exe,10676,QueryBasicInformationFile,C:\Windows\System32,SUCCESS,"CreationTime: 12/7/2019 5:03:44 PM, LastAccessTime: 4/14/2022 12:40:52 PM, LastWriteTime: 4/14/2022 12:38:35 PM, ChangeTime: 4/14/2022 12:38:35 PM, FileAttributes: D",4/14/2022 12:40:52 PM,File System,C:\Windows\system32\cmd.exe,BLUETEAM\ezk,cmd.exe /C tasklist,10244,8028,"cmd.exe 10676 QueryBasicInformationFile C:\Windows\System32 SUCCESS CreationTime: 12/7/2019 5:03:44 PM, LastAccessTime: 4/14/2022 12:40:52 PM, LastWriteTime: 4/14/2022 12:38:35 PM, ChangeTime: 4/14/2022 12:38:35 PM, FileAttributes: D 4/14/2022 12:40:52 PM File System C:\Windows\system32\cmd.exe BLUETEAM\ezk cmd.exe /C tasklist 10244 8028",benign
cmd.exe,10676,QueryDirectory,C:\Windows\system32,SUCCESS,"FileInformationClass: FileBothDirectoryInformation, Filter: system32, 2: System32",4/14/2022 12:40:52 PM,File System,C:\Windows\system32\cmd.exe,BLUETEAM\ezk,cmd.exe /C tasklist,10244,8028,"cmd.exe 10676 QueryDirectory C:\Windows\system32 SUCCESS FileInformationClass: FileBothDirectoryInformation, Filter: system32, 2: System32 4/14/2022 12:40:52 PM File System C:\Windows\system32\cmd.exe BLUETEAM\ezk cmd.exe /C tasklist 10244 8028",benign
tasklist.exe,4132,RegOpenKey,HKCU\Control Panel\Desktop,SUCCESS,Desired Access: Read,4/14/2022 12:40:52 PM,Registry,C:\Windows\system32\tasklist.exe,BLUETEAM\ezk,tasklist,1384,10676,tasklist.exe 4132 RegOpenKey HKCU\Control Panel\Desktop SUCCESS Desired Access: Read 4/14/2022 12:40:52 PM Registry C:\Windows\system32\tasklist.exe BLUETEAM\ezk tasklist 1384 10676,benign
tasklist.exe,4132,RegQueryValue,HKCU\Control Panel\Desktop\EnablePerProcessSystemDPI,NAME NOT FOUND,Length: 20,4/14/2022 12:40:52 PM,Registry,C:\Windows\system32\tasklist.exe,BLUETEAM\ezk,tasklist,1384,10676,tasklist.exe 4132 RegQueryValue HKCU\Control Panel\Desktop\EnablePerProcessSystemDPI NAME NOT FOUND Length: 20 4/14/2022 12:40:52 PM Registry C:\Windows\system32\tasklist.exe BLUETEAM\ezk tasklist 1384 10676,benign
tasklist.exe,4132,RegCloseKey,HKCU\Control Panel\Desktop,SUCCESS,,4/14/2022 12:40:52 PM,Registry,C:\Windows\system32\tasklist.exe,BLUETEAM\ezk,tasklist,1384,10676,tasklist.exe 4132 RegCloseKey HKCU\Control Panel\Desktop SUCCESS None 4/14/2022 12:40:52 PM Registry C:\Windows\system32\tasklist.exe BLUETEAM\ezk tasklist 1384 10676,benign
tasklist.exe,4132,RegOpenKey,HKCR,SUCCESS,"Desired Access: Maximum Allowed, Granted Access: All Access",4/14/2022 12:40:52 PM,Registry,C:\Windows\system32\tasklist.exe,BLUETEAM\ezk,tasklist,1384,10676,"tasklist.exe 4132 RegOpenKey HKCR SUCCESS Desired Access: Maximum Allowed, Granted Access: All Access 4/14/2022 12:40:52 PM Registry C:\Windows\system32\tasklist.exe BLUETEAM\ezk tasklist 1384 10676",benign
tasklist.exe,4132,RegQueryKey,HKLM,SUCCESS,"Query: HandleTags, HandleTags: 0x0",4/14/2022 12:40:52 PM,Registry,C:\Windows\system32\tasklist.exe,BLUETEAM\ezk,tasklist,1384,10676,"tasklist.exe 4132 RegQueryKey HKLM SUCCESS Query: HandleTags, HandleTags: 0x0 4/14/2022 12:40:52 PM Registry C:\Windows\system32\tasklist.exe BLUETEAM\ezk tasklist 1384 10676",benign
tasklist.exe,4132,RegOpenKey,HKLM\Software\Microsoft\COM3,SUCCESS,Desired Access: Read,4/14/2022 12:40:52 PM,Registry,C:\Windows\system32\tasklist.exe,BLUETEAM\ezk,tasklist,1384,10676,tasklist.exe 4132 RegOpenKey HKLM\Software\Microsoft\COM3 SUCCESS Desired Access: Read 4/14/2022 12:40:52 PM Registry C:\Windows\system32\tasklist.exe BLUETEAM\ezk tasklist 1384 10676,benign
tasklist.exe,4132,RegQueryValue,HKLM\SOFTWARE\Microsoft\COM3\Com+Enabled,SUCCESS,"Type: REG_DWORD, Length: 4, Data: 1",4/14/2022 12:40:52 PM,Registry,C:\Windows\system32\tasklist.exe,BLUETEAM\ezk,tasklist,1384,10676,"tasklist.exe 4132 RegQueryValue HKLM\SOFTWARE\Microsoft\COM3\Com+Enabled SUCCESS Type: REG_DWORD, Length: 4, Data: 1 4/14/2022 12:40:52 PM Registry C:\Windows\system32\tasklist.exe BLUETEAM\ezk tasklist 1384 10676",benign
tasklist.exe,4132,RegCloseKey,HKLM\SOFTWARE\Microsoft\COM3,SUCCESS,,4/14/2022 12:40:52 PM,Registry,C:\Windows\system32\tasklist.exe,BLUETEAM\ezk,tasklist,1384,10676,tasklist.exe 4132 RegCloseKey HKLM\SOFTWARE\Microsoft\COM3 SUCCESS None 4/14/2022 12:40:52 PM Registry C:\Windows\system32\tasklist.exe BLUETEAM\ezk tasklist 1384 10676,benign
tasklist.exe,4132,CreateFile,C:\Windows\Registration\R000000000006.clb,SUCCESS,"Desired Access: Generic Read, Disposition: Open, Options: Synchronous IO Non-Alert, Non-Directory File, Attributes: n/a, ShareMode: Read, AllocationSize: n/a, OpenResult: Opened",4/14/2022 12:40:52 PM,File System,C:\Windows\system32\tasklist.exe,BLUETEAM\ezk,tasklist,1384,10676,"tasklist.exe 4132 CreateFile C:\Windows\Registration\R000000000006.clb SUCCESS Desired Access: Generic Read, Disposition: Open, Options: Synchronous IO Non-Alert, Non-Directory File, Attributes: n/a, ShareMode: Read, AllocationSize: n/a, OpenResult: Opened 4/14/2022 12:40:52 PM File System C:\Windows\system32\tasklist.exe BLUETEAM\ezk tasklist 1384 10676",benign
tasklist.exe,4132,RegQueryKey,HKCR,SUCCESS,"Query: HandleTags, HandleTags: 0x0",4/14/2022 12:40:52 PM,Registry,C:\Windows\system32\tasklist.exe,BLUETEAM\ezk,tasklist,1384,10676,"tasklist.exe 4132 RegQueryKey HKCR SUCCESS Query: HandleTags, HandleTags: 0x0 4/14/2022 12:40:52 PM Registry C:\Windows\system32\tasklist.exe BLUETEAM\ezk tasklist 1384 10676",benign
tasklist.exe,4132,RegOpenKey,HKCR\CLSID\{4590F811-1D3A-11D0-891F-00AA004B2E24},SUCCESS,Desired Access: Read,4/14/2022 12:40:52 PM,Registry,C:\Windows\system32\tasklist.exe,BLUETEAM\ezk,tasklist,1384,10676,tasklist.exe 4132 RegOpenKey HKCR\CLSID\{4590F811-1D3A-11D0-891F-00AA004B2E24} SUCCESS Desired Access: Read 4/14/2022 12:40:52 PM Registry C:\Windows\system32\tasklist.exe BLUETEAM\ezk tasklist 1384 10676,benign
tasklist.exe,4132,RegQueryKey,HKCR\CLSID\{4590F811-1D3A-11D0-891F-00AA004B2E24},SUCCESS,"Query: HandleTags, HandleTags: 0x0",4/14/2022 12:40:52 PM,Registry,C:\Windows\system32\tasklist.exe,BLUETEAM\ezk,tasklist,1384,10676,"tasklist.exe 4132 RegQueryKey HKCR\CLSID\{4590F811-1D3A-11D0-891F-00AA004B2E24} SUCCESS Query: HandleTags, HandleTags: 0x0 4/14/2022 12:40:52 PM Registry C:\Windows\system32\tasklist.exe BLUETEAM\ezk tasklist 1384 10676",benign
tasklist.exe,4132,RegOpenKey,HKCR\CLSID\{4590F811-1D3A-11D0-891F-00AA004B2E24}\TreatAs,NAME NOT FOUND,Desired Access: Query Value,4/14/2022 12:40:52 PM,Registry,C:\Windows\system32\tasklist.exe,BLUETEAM\ezk,tasklist,1384,10676,tasklist.exe 4132 RegOpenKey HKCR\CLSID\{4590F811-1D3A-11D0-891F-00AA004B2E24}\TreatAs NAME NOT FOUND Desired Access: Query Value 4/14/2022 12:40:52 PM Registry C:\Windows\system32\tasklist.exe BLUETEAM\ezk tasklist 1384 10676,benign
tasklist.exe,4132,RegQueryKey,HKCR\CLSID\{4590F811-1D3A-11D0-891F-00AA004B2E24},SUCCESS,Query: Name,4/14/2022 12:40:52 PM,Registry,C:\Windows\system32\tasklist.exe,BLUETEAM\ezk,tasklist,1384,10676,tasklist.exe 4132 RegQueryKey HKCR\CLSID\{4590F811-1D3A-11D0-891F-00AA004B2E24} SUCCESS Query: Name 4/14/2022 12:40:52 PM Registry C:\Windows\system32\tasklist.exe BLUETEAM\ezk tasklist 1384 10676,benign
tasklist.exe,4132,RegQueryValue,HKCR\CLSID\{4590F811-1D3A-11D0-891F-00AA004B2E24}\ActivateOnHostFlags,NAME NOT FOUND,Length: 16,4/14/2022 12:40:52 PM,Registry,C:\Windows\system32\tasklist.exe,BLUETEAM\ezk,tasklist,1384,10676,tasklist.exe 4132 RegQueryValue HKCR\CLSID\{4590F811-1D3A-11D0-891F-00AA004B2E24}\ActivateOnHostFlags NAME NOT FOUND Length: 16 4/14/2022 12:40:52 PM Registry C:\Windows\system32\tasklist.exe BLUETEAM\ezk tasklist 1384 10676,benign
tasklist.exe,4132,RegQueryValue,HKCR\CLSID\{4590F811-1D3A-11D0-891F-00AA004B2E24}\(Default),BUFFER OVERFLOW,Length: 12,4/14/2022 12:40:52 PM,Registry,C:\Windows\system32\tasklist.exe,BLUETEAM\ezk,tasklist,1384,10676,tasklist.exe 4132 RegQueryValue HKCR\CLSID\{4590F811-1D3A-11D0-891F-00AA004B2E24}\(Default) BUFFER OVERFLOW Length: 12 4/14/2022 12:40:52 PM Registry C:\Windows\system32\tasklist.exe BLUETEAM\ezk tasklist 1384 10676,benign
tasklist.exe,4132,RegQueryValue,HKCR\CLSID\{4590F811-1D3A-11D0-891F-00AA004B2E24}\(Default),SUCCESS,"Type: REG_SZ, Length: 26, Data: WBEM Locator",4/14/2022 12:40:52 PM,Registry,C:\Windows\system32\tasklist.exe,BLUETEAM\ezk,tasklist,1384,10676,"tasklist.exe 4132 RegQueryValue HKCR\CLSID\{4590F811-1D3A-11D0-891F-00AA004B2E24}\(Default) SUCCESS Type: REG_SZ, Length: 26, Data: WBEM Locator 4/14/2022 12:40:52 PM Registry C:\Windows\system32\tasklist.exe BLUETEAM\ezk tasklist 1384 10676",benign
tasklist.exe,4132,RegQueryKey,HKLM,SUCCESS,"Query: HandleTags, HandleTags: 0x0",4/14/2022 12:40:52 PM,Registry,C:\Windows\system32\tasklist.exe,BLUETEAM\ezk,tasklist,1384,10676,"tasklist.exe 4132 RegQueryKey HKLM SUCCESS Query: HandleTags, HandleTags: 0x0 4/14/2022 12:40:52 PM Registry C:\Windows\system32\tasklist.exe BLUETEAM\ezk tasklist 1384 10676",benign
tasklist.exe,4132,RegQueryKey,HKCR\CLSID\{4590F811-1D3A-11D0-891F-00AA004B2E24},SUCCESS,"Query: HandleTags, HandleTags: 0x0",4/14/2022 12:40:52 PM,Registry,C:\Windows\system32\tasklist.exe,BLUETEAM\ezk,tasklist,1384,10676,"tasklist.exe 4132 RegQueryKey HKCR\CLSID\{4590F811-1D3A-11D0-891F-00AA004B2E24} SUCCESS Query: HandleTags, HandleTags: 0x0 4/14/2022 12:40:52 PM Registry C:\Windows\system32\tasklist.exe BLUETEAM\ezk tasklist 1384 10676",benign
tasklist.exe,4132,RegQueryValue,HKCR\CLSID\{4590F811-1D3A-11D0-891F-00AA004B2E24}\InprocServer32\InprocServer32,NAME NOT FOUND,Length: 12,4/14/2022 12:40:52 PM,Registry,C:\Windows\system32\tasklist.exe,BLUETEAM\ezk,tasklist,1384,10676,tasklist.exe 4132 RegQueryValue HKCR\CLSID\{4590F811-1D3A-11D0-891F-00AA004B2E24}\InprocServer32\InprocServer32 NAME NOT FOUND Length: 12 4/14/2022 12:40:52 PM Registry C:\Windows\system32\tasklist.exe BLUETEAM\ezk tasklist 1384 10676,benign
tasklist.exe,4132,RegQueryValue,HKCR\CLSID\{4590F811-1D3A-11D0-891F-00AA004B2E24}\InprocServer32\(Default),BUFFER OVERFLOW,Length: 12,4/14/2022 12:40:52 PM,Registry,C:\Windows\system32\tasklist.exe,BLUETEAM\ezk,tasklist,1384,10676,tasklist.exe 4132 RegQueryValue HKCR\CLSID\{4590F811-1D3A-11D0-891F-00AA004B2E24}\InprocServer32\(Default) BUFFER OVERFLOW Length: 12 4/14/2022 12:40:52 PM Registry C:\Windows\system32\tasklist.exe BLUETEAM\ezk tasklist 1384 10676,benign
tasklist.exe,4132,RegQueryValue,HKCR\CLSID\{4590F811-1D3A-11D0-891F-00AA004B2E24}\InprocServer32\(Default),SUCCESS,"Type: REG_EXPAND_SZ, Length: 80, Data: %systemroot%\system32\wbem\wbemprox.dll",4/14/2022 12:40:52 PM,Registry,C:\Windows\system32\tasklist.exe,BLUETEAM\ezk,tasklist,1384,10676,"tasklist.exe 4132 RegQueryValue HKCR\CLSID\{4590F811-1D3A-11D0-891F-00AA004B2E24}\InprocServer32\(Default) SUCCESS Type: REG_EXPAND_SZ, Length: 80, Data: %systemroot%\system32\wbem\wbemprox.dll 4/14/2022 12:40:52 PM Registry C:\Windows\system32\tasklist.exe BLUETEAM\ezk tasklist 1384 10676",benign
tasklist.exe,4132,RegQueryValue,HKCR\CLSID\{4590F811-1D3A-11D0-891F-00AA004B2E24}\InprocServer32\(Default),SUCCESS,"Type: REG_EXPAND_SZ, Length: 80, Data: %systemroot%\system32\wbem\wbemprox.dll",4/14/2022 12:40:52 PM,Registry,C:\Windows\system32\tasklist.exe,BLUETEAM\ezk,tasklist,1384,10676,"tasklist.exe 4132 RegQueryValue HKCR\CLSID\{4590F811-1D3A-11D0-891F-00AA004B2E24}\InprocServer32\(Default) SUCCESS Type: REG_EXPAND_SZ, Length: 80, Data: %systemroot%\system32\wbem\wbemprox.dll 4/14/2022 12:40:52 PM Registry C:\Windows\system32\tasklist.exe BLUETEAM\ezk tasklist 1384 10676",benign
tasklist.exe,4132,RegQueryValue,HKCR\CLSID\{4590F811-1D3A-11D0-891F-00AA004B2E24}\InprocServer32\ThreadingModel,SUCCESS,"Type: REG_SZ, Length: 10, Data: Both",4/14/2022 12:40:52 PM,Registry,C:\Windows\system32\tasklist.exe,BLUETEAM\ezk,tasklist,1384,10676,"tasklist.exe 4132 RegQueryValue HKCR\CLSID\{4590F811-1D3A-11D0-891F-00AA004B2E24}\InprocServer32\ThreadingModel SUCCESS Type: REG_SZ, Length: 10, Data: Both 4/14/2022 12:40:52 PM Registry C:\Windows\system32\tasklist.exe BLUETEAM\ezk tasklist 1384 10676",benign
tasklist.exe,4132,RegCloseKey,HKCR\CLSID\{4590F811-1D3A-11D0-891F-00AA004B2E24}\InprocServer32,SUCCESS,,4/14/2022 12:40:52 PM,Registry,C:\Windows\system32\tasklist.exe,BLUETEAM\ezk,tasklist,1384,10676,tasklist.exe 4132 RegCloseKey HKCR\CLSID\{4590F811-1D3A-11D0-891F-00AA004B2E24}\InprocServer32 SUCCESS None 4/14/2022 12:40:52 PM Registry C:\Windows\system32\tasklist.exe BLUETEAM\ezk tasklist 1384 10676,benign
tasklist.exe,4132,RegQueryKey,HKCR\CLSID\{4590F811-1D3A-11D0-891F-00AA004B2E24},SUCCESS,"Query: HandleTags, HandleTags: 0x0",4/14/2022 12:40:52 PM,Registry,C:\Windows\system32\tasklist.exe,BLUETEAM\ezk,tasklist,1384,10676,"tasklist.exe 4132 RegQueryKey HKCR\CLSID\{4590F811-1D3A-11D0-891F-00AA004B2E24} SUCCESS Query: HandleTags, HandleTags: 0x0 4/14/2022 12:40:52 PM Registry C:\Windows\system32\tasklist.exe BLUETEAM\ezk tasklist 1384 10676",benign
tasklist.exe,4132,RegOpenKey,HKCR\CLSID\{4590F811-1D3A-11D0-891F-00AA004B2E24}\InprocHandler32,NAME NOT FOUND,Desired Access: Query Value,4/14/2022 12:40:52 PM,Registry,C:\Windows\system32\tasklist.exe,BLUETEAM\ezk,tasklist,1384,10676,tasklist.exe 4132 RegOpenKey HKCR\CLSID\{4590F811-1D3A-11D0-891F-00AA004B2E24}\InprocHandler32 NAME NOT FOUND Desired Access: Query Value 4/14/2022 12:40:52 PM Registry C:\Windows\system32\tasklist.exe BLUETEAM\ezk tasklist 1384 10676,benign
tasklist.exe,4132,RegQueryKey,HKCR\CLSID\{4590F811-1D3A-11D0-891F-00AA004B2E24},SUCCESS,"Query: HandleTags, HandleTags: 0x0",4/14/2022 12:40:52 PM,Registry,C:\Windows\system32\tasklist.exe,BLUETEAM\ezk,tasklist,1384,10676,"tasklist.exe 4132 RegQueryKey HKCR\CLSID\{4590F811-1D3A-11D0-891F-00AA004B2E24} SUCCESS Query: HandleTags, HandleTags: 0x0 4/14/2022 12:40:52 PM Registry C:\Windows\system32\tasklist.exe BLUETEAM\ezk tasklist 1384 10676",benign
tasklist.exe,4132,RegOpenKey,HKCR\CLSID\{4590F811-1D3A-11D0-891F-00AA004B2E24}\InprocHandler,NAME NOT FOUND,Desired Access: Query Value,4/14/2022 12:40:52 PM,Registry,C:\Windows\system32\tasklist.exe,BLUETEAM\ezk,tasklist,1384,10676,tasklist.exe 4132 RegOpenKey HKCR\CLSID\{4590F811-1D3A-11D0-891F-00AA004B2E24}\InprocHandler NAME NOT FOUND Desired Access: Query Value 4/14/2022 12:40:52 PM Registry C:\Windows\system32\tasklist.exe BLUETEAM\ezk tasklist 1384 10676,benign
tasklist.exe,4132,RegCloseKey,HKCR\CLSID\{4590F811-1D3A-11D0-891F-00AA004B2E24},SUCCESS,,4/14/2022 12:40:52 PM,Registry,C:\Windows\system32\tasklist.exe,BLUETEAM\ezk,tasklist,1384,10676,tasklist.exe 4132 RegCloseKey HKCR\CLSID\{4590F811-1D3A-11D0-891F-00AA004B2E24} SUCCESS None 4/14/2022 12:40:52 PM Registry C:\Windows\system32\tasklist.exe BLUETEAM\ezk tasklist 1384 10676,benign
tasklist.exe,4132,RegQueryKey,HKLM,SUCCESS,"Query: HandleTags, HandleTags: 0x0",4/14/2022 12:40:52 PM,Registry,C:\Windows\system32\tasklist.exe,BLUETEAM\ezk,tasklist,1384,10676,"tasklist.exe 4132 RegQueryKey HKLM SUCCESS Query: HandleTags, HandleTags: 0x0 4/14/2022 12:40:52 PM Registry C:\Windows\system32\tasklist.exe BLUETEAM\ezk tasklist 1384 10676",benign
tasklist.exe,4132,RegOpenKey,HKLM\Software\Microsoft\OLE,SUCCESS,Desired Access: Read,4/14/2022 12:40:52 PM,Registry,C:\Windows\system32\tasklist.exe,BLUETEAM\ezk,tasklist,1384,10676,tasklist.exe 4132 RegOpenKey HKLM\Software\Microsoft\OLE SUCCESS Desired Access: Read 4/14/2022 12:40:52 PM Registry C:\Windows\system32\tasklist.exe BLUETEAM\ezk tasklist 1384 10676,benign
tasklist.exe,4132,RegQueryValue,HKLM\SOFTWARE\Microsoft\Ole\MaxSxSHashCount,NAME NOT FOUND,Length: 16,4/14/2022 12:40:52 PM,Registry,C:\Windows\system32\tasklist.exe,BLUETEAM\ezk,tasklist,1384,10676,tasklist.exe 4132 RegQueryValue HKLM\SOFTWARE\Microsoft\Ole\MaxSxSHashCount NAME NOT FOUND Length: 16 4/14/2022 12:40:52 PM Registry C:\Windows\system32\tasklist.exe BLUETEAM\ezk tasklist 1384 10676,benign
tasklist.exe,4132,RegOpenKey,HKCR\CLSID\{4590F811-1D3A-11D0-891F-00AA004B2E24}\InprocServer32,SUCCESS,Desired Access: Read,4/14/2022 12:40:52 PM,Registry,C:\Windows\system32\tasklist.exe,BLUETEAM\ezk,tasklist,1384,10676,tasklist.exe 4132 RegOpenKey HKCR\CLSID\{4590F811-1D3A-11D0-891F-00AA004B2E24}\InprocServer32 SUCCESS Desired Access: Read 4/14/2022 12:40:52 PM Registry C:\Windows\system32\tasklist.exe BLUETEAM\ezk tasklist 1384 10676,benign
tasklist.exe,4132,RegCloseKey,HKLM\System\CurrentControlSet\Control\Lsa,SUCCESS,,4/14/2022 12:40:52 PM,Registry,C:\Windows\system32\tasklist.exe,BLUETEAM\ezk,tasklist,1384,10676,tasklist.exe 4132 RegCloseKey HKLM\System\CurrentControlSet\Control\Lsa SUCCESS None 4/14/2022 12:40:52 PM Registry C:\Windows\system32\tasklist.exe BLUETEAM\ezk tasklist 1384 10676,benign
tasklist.exe,4132,RegQueryValue,HKLM\System\CurrentControlSet\Control\Lsa\EveryoneIncludesAnonymous,SUCCESS,"Type: REG_DWORD, Length: 4, Data: 0",4/14/2022 12:40:52 PM,Registry,C:\Windows\system32\tasklist.exe,BLUETEAM\ezk,tasklist,1384,10676,"tasklist.exe 4132 RegQueryValue HKLM\System\CurrentControlSet\Control\Lsa\EveryoneIncludesAnonymous SUCCESS Type: REG_DWORD, Length: 4, Data: 0 4/14/2022 12:40:52 PM Registry C:\Windows\system32\tasklist.exe BLUETEAM\ezk tasklist 1384 10676",benign
tasklist.exe,4132,RegOpenKey,HKLM\System\CurrentControlSet\Control\Lsa,SUCCESS,Desired Access: Query Value,4/14/2022 12:40:52 PM,Registry,C:\Windows\system32\tasklist.exe,BLUETEAM\ezk,tasklist,1384,10676,tasklist.exe 4132 RegOpenKey HKLM\System\CurrentControlSet\Control\Lsa SUCCESS Desired Access: Query Value 4/14/2022 12:40:52 PM Registry C:\Windows\system32\tasklist.exe BLUETEAM\ezk tasklist 1384 10676,benign
tasklist.exe,4132,RegQueryValue,HKLM\SYSTEM\Setup\SystemSetupInProgress,SUCCESS,"Type: REG_DWORD, Length: 4, Data: 0",4/14/2022 12:40:52 PM,Registry,C:\Windows\system32\tasklist.exe,BLUETEAM\ezk,tasklist,1384,10676,"tasklist.exe 4132 RegQueryValue HKLM\SYSTEM\Setup\SystemSetupInProgress SUCCESS Type: REG_DWORD, Length: 4, Data: 0 4/14/2022 12:40:52 PM Registry C:\Windows\system32\tasklist.exe BLUETEAM\ezk tasklist 1384 10676",benign
tasklist.exe,4132,RegCloseKey,HKLM\SYSTEM\Setup,SUCCESS,,4/14/2022 12:40:52 PM,Registry,C:\Windows\system32\tasklist.exe,BLUETEAM\ezk,tasklist,1384,10676,tasklist.exe 4132 RegCloseKey HKLM\SYSTEM\Setup SUCCESS None 4/14/2022 12:40:52 PM Registry C:\Windows\system32\tasklist.exe BLUETEAM\ezk tasklist 1384 10676,benign
tasklist.exe,4132,RegOpenKey,HKLM\SOFTWARE\Microsoft\Windows NT\CurrentVersion\Image File Execution Options\tasklist.exe,NAME NOT FOUND,"Desired Access: Query Value, Enumerate Sub Keys",4/14/2022 12:40:52 PM,Registry,C:\Windows\system32\tasklist.exe,BLUETEAM\ezk,tasklist,1384,10676,"tasklist.exe 4132 RegOpenKey HKLM\SOFTWARE\Microsoft\Windows NT\CurrentVersion\Image File Execution Options\tasklist.exe NAME NOT FOUND Desired Access: Query Value, Enumerate Sub Keys 4/14/2022 12:40:52 PM Registry C:\Windows\system32\tasklist.exe BLUETEAM\ezk tasklist 1384 10676",benign
tasklist.exe,4132,RegQueryKey,HKLM,SUCCESS,"Query: HandleTags, HandleTags: 0x0",4/14/2022 12:40:52 PM,Registry,C:\Windows\system32\tasklist.exe,BLUETEAM\ezk,tasklist,1384,10676,"tasklist.exe 4132 RegQueryKey HKLM SUCCESS Query: HandleTags, HandleTags: 0x0 4/14/2022 12:40:52 PM Registry C:\Windows\system32\tasklist.exe BLUETEAM\ezk tasklist 1384 10676",benign
tasklist.exe,4132,RegOpenKey,HKLM\Software\Policies\Microsoft\Windows NT\Rpc,NAME NOT FOUND,Desired Access: Read,4/14/2022 12:40:52 PM,Registry,C:\Windows\system32\tasklist.exe,BLUETEAM\ezk,tasklist,1384,10676,tasklist.exe 4132 RegOpenKey HKLM\Software\Policies\Microsoft\Windows NT\Rpc NAME NOT FOUND Desired Access: Read 4/14/2022 12:40:52 PM Registry C:\Windows\system32\tasklist.exe BLUETEAM\ezk tasklist 1384 10676,benign
tasklist.exe,4132,RegQueryKey,HKLM,SUCCESS,"Query: HandleTags, HandleTags: 0x0",4/14/2022 12:40:52 PM,Registry,C:\Windows\system32\tasklist.exe,BLUETEAM\ezk,tasklist,1384,10676,"tasklist.exe 4132 RegQueryKey HKLM SUCCESS Query: HandleTags, HandleTags: 0x0 4/14/2022 12:40:52 PM Registry C:\Windows\system32\tasklist.exe BLUETEAM\ezk tasklist 1384 10676",benign
tasklist.exe,4132,RegOpenKey,HKLM\Software\Microsoft\Rpc,SUCCESS,Desired Access: Query Value,4/14/2022 12:40:52 PM,Registry,C:\Windows\system32\tasklist.exe,BLUETEAM\ezk,tasklist,1384,10676,tasklist.exe 4132 RegOpenKey HKLM\Software\Microsoft\Rpc SUCCESS Desired Access: Query Value 4/14/2022 12:40:52 PM Registry C:\Windows\system32\tasklist.exe BLUETEAM\ezk tasklist 1384 10676,benign
tasklist.exe,4132,RegQueryValue,HKLM\SOFTWARE\Microsoft\Rpc\IdleTimerWindow,NAME NOT FOUND,Length: 16,4/14/2022 12:40:52 PM,Registry,C:\Windows\system32\tasklist.exe,BLUETEAM\ezk,tasklist,1384,10676,tasklist.exe 4132 RegQueryValue HKLM\SOFTWARE\Microsoft\Rpc\IdleTimerWindow NAME NOT FOUND Length: 16 4/14/2022 12:40:52 PM Registry C:\Windows\system32\tasklist.exe BLUETEAM\ezk tasklist 1384 10676,benign
tasklist.exe,4132,RegCloseKey,HKLM\SOFTWARE\Microsoft\Rpc,SUCCESS,,4/14/2022 12:40:52 PM,Registry,C:\Windows\system32\tasklist.exe,BLUETEAM\ezk,tasklist,1384,10676,tasklist.exe 4132 RegCloseKey HKLM\SOFTWARE\Microsoft\Rpc SUCCESS None 4/14/2022 12:40:52 PM Registry C:\Windows\system32\tasklist.exe BLUETEAM\ezk tasklist 1384 10676,benign
tasklist.exe,4132,RegOpenKey,HKLM\SOFTWARE\Policies\Microsoft\Windows\Appx,SUCCESS,Desired Access: Read,4/14/2022 12:40:52 PM,Registry,C:\Windows\system32\tasklist.exe,BLUETEAM\ezk,tasklist,1384,10676,tasklist.exe 4132 RegOpenKey HKLM\SOFTWARE\Policies\Microsoft\Windows\Appx SUCCESS Desired Access: Read 4/14/2022 12:40:52 PM Registry C:\Windows\system32\tasklist.exe BLUETEAM\ezk tasklist 1384 10676,benign
tasklist.exe,4132,RegQueryValue,HKLM\SOFTWARE\Policies\Microsoft\Windows\Appx\AllowDevelopmentWithoutDevLicense,NAME NOT FOUND,Length: 24,4/14/2022 12:40:52 PM,Registry,C:\Windows\system32\tasklist.exe,BLUETEAM\ezk,tasklist,1384,10676,tasklist.exe 4132 RegQueryValue HKLM\SOFTWARE\Policies\Microsoft\Windows\Appx\AllowDevelopmentWithoutDevLicense NAME NOT FOUND Length: 24 4/14/2022 12:40:52 PM Registry C:\Windows\system32\tasklist.exe BLUETEAM\ezk tasklist 1384 10676,benign
tasklist.exe,4132,RegCloseKey,HKLM\SOFTWARE\Policies\Microsoft\Windows\Appx,SUCCESS,,4/14/2022 12:40:52 PM,Registry,C:\Windows\system32\tasklist.exe,BLUETEAM\ezk,tasklist,1384,10676,tasklist.exe 4132 RegCloseKey HKLM\SOFTWARE\Policies\Microsoft\Windows\Appx SUCCESS None 4/14/2022 12:40:52 PM Registry C:\Windows\system32\tasklist.exe BLUETEAM\ezk tasklist 1384 10676,benign
tasklist.exe,4132,RegOpenKey,HKLM\SOFTWARE\Microsoft\Windows\CurrentVersion\AppModelUnlock,SUCCESS,Desired Access: Read,4/14/2022 12:40:52 PM,Registry,C:\Windows\system32\tasklist.exe,BLUETEAM\ezk,tasklist,1384,10676,tasklist.exe 4132 RegOpenKey HKLM\SOFTWARE\Microsoft\Windows\CurrentVersion\AppModelUnlock SUCCESS Desired Access: Read 4/14/2022 12:40:52 PM Registry C:\Windows\system32\tasklist.exe BLUETEAM\ezk tasklist 1384 10676,benign
tasklist.exe,4132,RegQueryValue,HKLM\SOFTWARE\Microsoft\Windows\CurrentVersion\AppModelUnlock\AllowDevelopmentWithoutDevLicense,NAME NOT FOUND,Length: 24,4/14/2022 12:40:52 PM,Registry,C:\Windows\system32\tasklist.exe,BLUETEAM\ezk,tasklist,1384,10676,tasklist.exe 4132 RegQueryValue HKLM\SOFTWARE\Microsoft\Windows\CurrentVersion\AppModelUnlock\AllowDevelopmentWithoutDevLicense NAME NOT FOUND Length: 24 4/14/2022 12:40:52 PM Registry C:\Windows\system32\tasklist.exe BLUETEAM\ezk tasklist 1384 10676,benign
tasklist.exe,4132,RegCloseKey,HKLM\SOFTWARE\Microsoft\Windows\CurrentVersion\AppModelUnlock,SUCCESS,,4/14/2022 12:40:52 PM,Registry,C:\Windows\system32\tasklist.exe,BLUETEAM\ezk,tasklist,1384,10676,tasklist.exe 4132 RegCloseKey HKLM\SOFTWARE\Microsoft\Windows\CurrentVersion\AppModelUnlock SUCCESS None 4/14/2022 12:40:52 PM Registry C:\Windows\system32\tasklist.exe BLUETEAM\ezk tasklist 1384 10676,benign
tasklist.exe,4132,RegQueryKey,HKLM,SUCCESS,"Query: HandleTags, HandleTags: 0x0",4/14/2022 12:40:52 PM,Registry,C:\Windows\system32\tasklist.exe,BLUETEAM\ezk,tasklist,1384,10676,"tasklist.exe 4132 RegQueryKey HKLM SUCCESS Query: HandleTags, HandleTags: 0x0 4/14/2022 12:40:52 PM Registry C:\Windows\system32\tasklist.exe BLUETEAM\ezk tasklist 1384 10676",benign
tasklist.exe,4132,RegOpenKey,HKLM\Software\Microsoft\OLE\AppCompat,SUCCESS,Desired Access: Read,4/14/2022 12:40:52 PM,Registry,C:\Windows\system32\tasklist.exe,BLUETEAM\ezk,tasklist,1384,10676,tasklist.exe 4132 RegOpenKey HKLM\Software\Microsoft\OLE\AppCompat SUCCESS Desired Access: Read 4/14/2022 12:40:52 PM Registry C:\Windows\system32\tasklist.exe BLUETEAM\ezk tasklist 1384 10676,benign
tasklist.exe,4132,RegOpenKey,HKLM\System\CurrentControlSet\Control\Lsa,REPARSE,Desired Access: Query Value,4/14/2022 12:40:52 PM,Registry,C:\Windows\system32\tasklist.exe,BLUETEAM\ezk,tasklist,1384,10676,tasklist.exe 4132 RegOpenKey HKLM\System\CurrentControlSet\Control\Lsa REPARSE Desired Access: Query Value 4/14/2022 12:40:52 PM Registry C:\Windows\system32\tasklist.exe BLUETEAM\ezk tasklist 1384 10676,benign
tasklist.exe,4132,RegCloseKey,HKLM\System\CurrentControlSet\Control\Lsa,SUCCESS,,4/14/2022 12:40:52 PM,Registry,C:\Windows\system32\tasklist.exe,BLUETEAM\ezk,tasklist,1384,10676,tasklist.exe 4132 RegCloseKey HKLM\System\CurrentControlSet\Control\Lsa SUCCESS None 4/14/2022 12:40:52 PM Registry C:\Windows\system32\tasklist.exe BLUETEAM\ezk tasklist 1384 10676,benign
tasklist.exe,4132,RegQueryValue,HKLM\System\CurrentControlSet\Control\Lsa\AnonymousAppContainerImpersonationLevelCheck,NAME NOT FOUND,Length: 80,4/14/2022 12:40:52 PM,Registry,C:\Windows\system32\tasklist.exe,BLUETEAM\ezk,tasklist,1384,10676,tasklist.exe 4132 RegQueryValue HKLM\System\CurrentControlSet\Control\Lsa\AnonymousAppContainerImpersonationLevelCheck NAME NOT FOUND Length: 80 4/14/2022 12:40:52 PM Registry C:\Windows\system32\tasklist.exe BLUETEAM\ezk tasklist 1384 10676,benign
tasklist.exe,4132,RegOpenKey,HKLM\System\CurrentControlSet\Control\Lsa,SUCCESS,Desired Access: Query Value,4/14/2022 12:40:52 PM,Registry,C:\Windows\system32\tasklist.exe,BLUETEAM\ezk,tasklist,1384,10676,tasklist.exe 4132 RegOpenKey HKLM\System\CurrentControlSet\Control\Lsa SUCCESS Desired Access: Query Value 4/14/2022 12:40:52 PM Registry C:\Windows\system32\tasklist.exe BLUETEAM\ezk tasklist 1384 10676,benign
tasklist.exe,4132,RegOpenKey,HKLM\System\CurrentControlSet\Control\Lsa,REPARSE,Desired Access: Query Value,4/14/2022 12:40:52 PM,Registry,C:\Windows\system32\tasklist.exe,BLUETEAM\ezk,tasklist,1384,10676,tasklist.exe 4132 RegOpenKey HKLM\System\CurrentControlSet\Control\Lsa REPARSE Desired Access: Query Value 4/14/2022 12:40:52 PM Registry C:\Windows\system32\tasklist.exe BLUETEAM\ezk tasklist 1384 10676,benign
tasklist.exe,4132,RegOpenKey,HKCR\AppID\tasklist.exe,NAME NOT FOUND,Desired Access: Read,4/14/2022 12:40:52 PM,Registry,C:\Windows\system32\tasklist.exe,BLUETEAM\ezk,tasklist,1384,10676,tasklist.exe 4132 RegOpenKey HKCR\AppID\tasklist.exe NAME NOT FOUND Desired Access: Read 4/14/2022 12:40:52 PM Registry C:\Windows\system32\tasklist.exe BLUETEAM\ezk tasklist 1384 10676,benign
tasklist.exe,4132,RegCloseKey,HKLM\SOFTWARE\Microsoft\Ole,SUCCESS,,4/14/2022 12:40:52 PM,Registry,C:\Windows\system32\tasklist.exe,BLUETEAM\ezk,tasklist,1384,10676,tasklist.exe 4132 RegCloseKey HKLM\SOFTWARE\Microsoft\Ole SUCCESS None 4/14/2022 12:40:52 PM Registry C:\Windows\system32\tasklist.exe BLUETEAM\ezk tasklist 1384 10676,benign
tasklist.exe,4132,RegQueryKey,HKCR,SUCCESS,Query: Name,4/14/2022 12:40:52 PM,Registry,C:\Windows\system32\tasklist.exe,BLUETEAM\ezk,tasklist,1384,10676,tasklist.exe 4132 RegQueryKey HKCR SUCCESS Query: Name 4/14/2022 12:40:52 PM Registry C:\Windows\system32\tasklist.exe BLUETEAM\ezk tasklist 1384 10676,benign
tasklist.exe,4132,RegOpenKey,HKCR\AppID\tasklist.exe,NAME NOT FOUND,Desired Access: Read,4/14/2022 12:40:52 PM,Registry,C:\Windows\system32\tasklist.exe,BLUETEAM\ezk,tasklist,1384,10676,tasklist.exe 4132 RegOpenKey HKCR\AppID\tasklist.exe NAME NOT FOUND Desired Access: Read 4/14/2022 12:40:52 PM Registry C:\Windows\system32\tasklist.exe BLUETEAM\ezk tasklist 1384 10676,benign
tasklist.exe,4132,RegQueryKey,HKCR,SUCCESS,"Query: HandleTags, HandleTags: 0x0",4/14/2022 12:40:52 PM,Registry,C:\Windows\system32\tasklist.exe,BLUETEAM\ezk,tasklist,1384,10676,"tasklist.exe 4132 RegQueryKey HKCR SUCCESS Query: HandleTags, HandleTags: 0x0 4/14/2022 12:40:52 PM Registry C:\Windows\system32\tasklist.exe BLUETEAM\ezk tasklist 1384 10676",benign
tasklist.exe,4132,RegOpenKey,HKCR,SUCCESS,"Desired Access: Maximum Allowed, Granted Access: All Access",4/14/2022 12:40:52 PM,Registry,C:\Windows\system32\tasklist.exe,BLUETEAM\ezk,tasklist,1384,10676,"tasklist.exe 4132 RegOpenKey HKCR SUCCESS Desired Access: Maximum Allowed, Granted Access: All Access 4/14/2022 12:40:52 PM Registry C:\Windows\system32\tasklist.exe BLUETEAM\ezk tasklist 1384 10676",benign
tasklist.exe,4132,RegQueryKey,HKLM,SUCCESS,"Query: HandleTags, HandleTags: 0x0",4/14/2022 12:40:52 PM,Registry,C:\Windows\system32\tasklist.exe,BLUETEAM\ezk,tasklist,1384,10676,"tasklist.exe 4132 RegQueryKey HKLM SUCCESS Query: HandleTags, HandleTags: 0x0 4/14/2022 12:40:52 PM Registry C:\Windows\system32\tasklist.exe BLUETEAM\ezk tasklist 1384 10676",benign
tasklist.exe,4132,RegCloseKey,HKLM\SOFTWARE\Microsoft\Ole\AppCompat,SUCCESS,,4/14/2022 12:40:52 PM,Registry,C:\Windows\system32\tasklist.exe,BLUETEAM\ezk,tasklist,1384,10676,tasklist.exe 4132 RegCloseKey HKLM\SOFTWARE\Microsoft\Ole\AppCompat SUCCESS None 4/14/2022 12:40:52 PM Registry C:\Windows\system32\tasklist.exe BLUETEAM\ezk tasklist 1384 10676,benign
tasklist.exe,4132,RegQueryValue,HKLM\SOFTWARE\Microsoft\Ole\AppCompat\RaiseActivationAuthenticationLevel,NAME NOT FOUND,Length: 16,4/14/2022 12:40:52 PM,Registry,C:\Windows\system32\tasklist.exe,BLUETEAM\ezk,tasklist,1384,10676,tasklist.exe 4132 RegQueryValue HKLM\SOFTWARE\Microsoft\Ole\AppCompat\RaiseActivationAuthenticationLevel NAME NOT FOUND Length: 16 4/14/2022 12:40:52 PM Registry C:\Windows\system32\tasklist.exe BLUETEAM\ezk tasklist 1384 10676,benign
tasklist.exe,4132,RegQueryKey,HKCR,SUCCESS,"Query: HandleTags, HandleTags: 0x0",4/14/2022 12:40:52 PM,Registry,C:\Windows\system32\tasklist.exe,BLUETEAM\ezk,tasklist,1384,10676,"tasklist.exe 4132 RegQueryKey HKCR SUCCESS Query: HandleTags, HandleTags: 0x0 4/14/2022 12:40:52 PM Registry C:\Windows\system32\tasklist.exe BLUETEAM\ezk tasklist 1384 10676",benign
tasklist.exe,4132,RegQueryKey,HKCR,SUCCESS,"Query: HandleTags, HandleTags: 0x0",4/14/2022 12:40:52 PM,Registry,C:\Windows\system32\tasklist.exe,BLUETEAM\ezk,tasklist,1384,10676,"tasklist.exe 4132 RegQueryKey HKCR SUCCESS Query: HandleTags, HandleTags: 0x0 4/14/2022 12:40:52 PM Registry C:\Windows\system32\tasklist.exe BLUETEAM\ezk tasklist 1384 10676",benign
tasklist.exe,4132,RegOpenKey,HKCR\CLSID\{4590F811-1D3A-11D0-891F-00AA004B2E24},SUCCESS,Desired Access: Read,4/14/2022 12:40:52 PM,Registry,C:\Windows\system32\tasklist.exe,BLUETEAM\ezk,tasklist,1384,10676,tasklist.exe 4132 RegOpenKey HKCR\CLSID\{4590F811-1D3A-11D0-891F-00AA004B2E24} SUCCESS Desired Access: Read 4/14/2022 12:40:52 PM Registry C:\Windows\system32\tasklist.exe BLUETEAM\ezk tasklist 1384 10676,benign
tasklist.exe,4132,RegQueryKey,HKCR\CLSID\{4590F811-1D3A-11D0-891F-00AA004B2E24},SUCCESS,"Query: HandleTags, HandleTags: 0x0",4/14/2022 12:40:52 PM,Registry,C:\Windows\system32\tasklist.exe,BLUETEAM\ezk,tasklist,1384,10676,"tasklist.exe 4132 RegQueryKey HKCR\CLSID\{4590F811-1D3A-11D0-891F-00AA004B2E24} SUCCESS Query: HandleTags, HandleTags: 0x0 4/14/2022 12:40:52 PM Registry C:\Windows\system32\tasklist.exe BLUETEAM\ezk tasklist 1384 10676",benign
tasklist.exe,4132,CloseFile,C:\Windows\System32\wbem\wbemprox.dll,SUCCESS,,4/14/2022 12:40:52 PM,File System,C:\Windows\system32\tasklist.exe,BLUETEAM\ezk,tasklist,1384,10676,tasklist.exe 4132 CloseFile C:\Windows\System32\wbem\wbemprox.dll SUCCESS None 4/14/2022 12:40:52 PM File System C:\Windows\system32\tasklist.exe BLUETEAM\ezk tasklist 1384 10676,benign
tasklist.exe,4132,CreateFile,C:\Windows\System32\wbem\wbemprox.dll,SUCCESS,"Desired Access: Read Data/List Directory, Execute/Traverse, Synchronize, Disposition: Open, Options: Synchronous IO Non-Alert, Non-Directory File, Attributes: n/a, ShareMode: Read, Delete, AllocationSize: n/a, OpenResult: Opened",4/14/2022 12:40:52 PM,File System,C:\Windows\system32\tasklist.exe,BLUETEAM\ezk,tasklist,1384,10676,"tasklist.exe 4132 CreateFile C:\Windows\System32\wbem\wbemprox.dll SUCCESS Desired Access: Read Data/List Directory, Execute/Traverse, Synchronize, Disposition: Open, Options: Synchronous IO Non-Alert, Non-Directory File, Attributes: n/a, ShareMode: Read, Delete, AllocationSize: n/a, OpenResult: Opened 4/14/2022 12:40:52 PM File System C:\Windows\system32\tasklist.exe BLUETEAM\ezk tasklist 1384 10676",benign
tasklist.exe,4132,CloseFile,C:\Windows\System32\wbem\wbemprox.dll,SUCCESS,,4/14/2022 12:40:52 PM,File System,C:\Windows\system32\tasklist.exe,BLUETEAM\ezk,tasklist,1384,10676,tasklist.exe 4132 CloseFile C:\Windows\System32\wbem\wbemprox.dll SUCCESS None 4/14/2022 12:40:52 PM File System C:\Windows\system32\tasklist.exe BLUETEAM\ezk tasklist 1384 10676,benign
tasklist.exe,4132,CreateFile,C:\Windows\System32\wbem\wbemcomn.dll,NAME NOT FOUND,"Desired Access: Read Attributes, Disposition: Open, Options: Open Reparse Point, Attributes: n/a, ShareMode: Read, Write, Delete, AllocationSize: n/a",4/14/2022 12:40:52 PM,File System,C:\Windows\system32\tasklist.exe,BLUETEAM\ezk,tasklist,1384,10676,"tasklist.exe 4132 CreateFile C:\Windows\System32\wbem\wbemcomn.dll NAME NOT FOUND Desired Access: Read Attributes, Disposition: Open, Options: Open Reparse Point, Attributes: n/a, ShareMode: Read, Write, Delete, AllocationSize: n/a 4/14/2022 12:40:52 PM File System C:\Windows\system32\tasklist.exe BLUETEAM\ezk tasklist 1384 10676",benign
tasklist.exe,4132,CreateFile,C:\Windows\System32\wbemcomn.dll,SUCCESS,"Desired Access: Read Attributes, Disposition: Open, Options: Open Reparse Point, Attributes: n/a, ShareMode: Read, Write, Delete, AllocationSize: n/a, OpenResult: Opened",4/14/2022 12:40:52 PM,File System,C:\Windows\system32\tasklist.exe,BLUETEAM\ezk,tasklist,1384,10676,"tasklist.exe 4132 CreateFile C:\Windows\System32\wbemcomn.dll SUCCESS Desired Access: Read Attributes, Disposition: Open, Options: Open Reparse Point, Attributes: n/a, ShareMode: Read, Write, Delete, AllocationSize: n/a, OpenResult: Opened 4/14/2022 12:40:52 PM File System C:\Windows\system32\tasklist.exe BLUETEAM\ezk tasklist 1384 10676",benign
tasklist.exe,4132,QueryBasicInformationFile,C:\Windows\System32\wbemcomn.dll,SUCCESS,"CreationTime: 9/22/2021 5:21:21 PM, LastAccessTime: 4/14/2022 12:39:00 PM, LastWriteTime: 9/22/2021 5:21:21 PM, ChangeTime: 10/15/2021 2:25:23 PM, FileAttributes: A",4/14/2022 12:40:52 PM,File System,C:\Windows\system32\tasklist.exe,BLUETEAM\ezk,tasklist,1384,10676,"tasklist.exe 4132 QueryBasicInformationFile C:\Windows\System32\wbemcomn.dll SUCCESS CreationTime: 9/22/2021 5:21:21 PM, LastAccessTime: 4/14/2022 12:39:00 PM, LastWriteTime: 9/22/2021 5:21:21 PM, ChangeTime: 10/15/2021 2:25:23 PM, FileAttributes: A 4/14/2022 12:40:52 PM File System C:\Windows\system32\tasklist.exe BLUETEAM\ezk tasklist 1384 10676",benign
tasklist.exe,4132,CloseFile,C:\Windows\System32\wbemcomn.dll,SUCCESS,,4/14/2022 12:40:52 PM,File System,C:\Windows\system32\tasklist.exe,BLUETEAM\ezk,tasklist,1384,10676,tasklist.exe 4132 CloseFile C:\Windows\System32\wbemcomn.dll SUCCESS None 4/14/2022 12:40:52 PM File System C:\Windows\system32\tasklist.exe BLUETEAM\ezk tasklist 1384 10676,benign
tasklist.exe,4132,CreateFile,C:\Windows\System32\wbemcomn.dll,SUCCESS,"Desired Access: Read Data/List Directory, Execute/Traverse, Synchronize, Disposition: Open, Options: Synchronous IO Non-Alert, Non-Directory File, Attributes: n/a, ShareMode: Read, Delete, AllocationSize: n/a, OpenResult: Opened",4/14/2022 12:40:52 PM,File System,C:\Windows\system32\tasklist.exe,BLUETEAM\ezk,tasklist,1384,10676,"tasklist.exe 4132 CreateFile C:\Windows\System32\wbemcomn.dll SUCCESS Desired Access: Read Data/List Directory, Execute/Traverse, Synchronize, Disposition: Open, Options: Synchronous IO Non-Alert, Non-Directory File, Attributes: n/a, ShareMode: Read, Delete, AllocationSize: n/a, OpenResult: Opened 4/14/2022 12:40:52 PM File System C:\Windows\system32\tasklist.exe BLUETEAM\ezk tasklist 1384 10676",benign
tasklist.exe,4132,CloseFile,C:\Windows\System32\wbemcomn.dll,SUCCESS,,4/14/2022 12:40:52 PM,File System,C:\Windows\system32\tasklist.exe,BLUETEAM\ezk,tasklist,1384,10676,tasklist.exe 4132 CloseFile C:\Windows\System32\wbemcomn.dll SUCCESS None 4/14/2022 12:40:52 PM File System C:\Windows\system32\tasklist.exe BLUETEAM\ezk tasklist 1384 10676,benign
tasklist.exe,4132,RegQueryKey,HKLM,SUCCESS,"Query: HandleTags, HandleTags: 0x0",4/14/2022 12:40:52 PM,Registry,C:\Windows\system32\tasklist.exe,BLUETEAM\ezk,tasklist,1384,10676,"tasklist.exe 4132 RegQueryKey HKLM SUCCESS Query: HandleTags, HandleTags: 0x0 4/14/2022 12:40:52 PM Registry C:\Windows\system32\tasklist.exe BLUETEAM\ezk tasklist 1384 10676",benign
tasklist.exe,4132,RegCreateKey,HKLM\Software\Microsoft\WBEM\CIMOM,SUCCESS,"Desired Access: Query Value, Set Value, Disposition: REG_OPENED_EXISTING_KEY",4/14/2022 12:40:52 PM,Registry,C:\Windows\system32\tasklist.exe,BLUETEAM\ezk,tasklist,1384,10676,"tasklist.exe 4132 RegCreateKey HKLM\Software\Microsoft\WBEM\CIMOM SUCCESS Desired Access: Query Value, Set Value, Disposition: REG_OPENED_EXISTING_KEY 4/14/2022 12:40:52 PM Registry C:\Windows\system32\tasklist.exe BLUETEAM\ezk tasklist 1384 10676",benign
tasklist.exe,4132,RegQueryValue,HKLM\SOFTWARE\Microsoft\Wbem\CIMOM\Logging Directory,BUFFER OVERFLOW,Length: 12,4/14/2022 12:40:52 PM,Registry,C:\Windows\system32\tasklist.exe,BLUETEAM\ezk,tasklist,1384,10676,tasklist.exe 4132 RegQueryValue HKLM\SOFTWARE\Microsoft\Wbem\CIMOM\Logging Directory BUFFER OVERFLOW Length: 12 4/14/2022 12:40:52 PM Registry C:\Windows\system32\tasklist.exe BLUETEAM\ezk tasklist 1384 10676,benign
tasklist.exe,4132,RegQueryValue,HKLM\SOFTWARE\Microsoft\Wbem\CIMOM\Logging Directory,SUCCESS,"Type: REG_EXPAND_SZ, Length: 66, Data: %systemroot%\system32\wbem\Logs\",4/14/2022 12:40:52 PM,Registry,C:\Windows\system32\tasklist.exe,BLUETEAM\ezk,tasklist,1384,10676,"tasklist.exe 4132 RegQueryValue HKLM\SOFTWARE\Microsoft\Wbem\CIMOM\Logging Directory SUCCESS Type: REG_EXPAND_SZ, Length: 66, Data: %systemroot%\system32\wbem\Logs\ 4/14/2022 12:40:52 PM Registry C:\Windows\system32\tasklist.exe BLUETEAM\ezk tasklist 1384 10676",benign
tasklist.exe,4132,CreateFile,C:\Windows\System32\wbem\Logs,SUCCESS,"Desired Access: Read Attributes, Disposition: Open, Options: Open Reparse Point, Attributes: n/a, ShareMode: Read, Write, Delete, AllocationSize: n/a, OpenResult: Opened",4/14/2022 12:40:52 PM,File System,C:\Windows\system32\tasklist.exe,BLUETEAM\ezk,tasklist,1384,10676,"tasklist.exe 4132 CreateFile C:\Windows\System32\wbem\Logs SUCCESS Desired Access: Read Attributes, Disposition: Open, Options: Open Reparse Point, Attributes: n/a, ShareMode: Read, Write, Delete, AllocationSize: n/a, OpenResult: Opened 4/14/2022 12:40:52 PM File System C:\Windows\system32\tasklist.exe BLUETEAM\ezk tasklist 1384 10676",benign
tasklist.exe,4132,QueryBasicInformationFile,C:\Windows\System32\wbem\Logs,SUCCESS,"CreationTime: 12/7/2019 5:14:52 PM, LastAccessTime: 12/7/2019 5:14:52 PM, LastWriteTime: 12/7/2019 5:14:52 PM, ChangeTime: 9/23/2021 7:02:36 AM, FileAttributes: D",4/14/2022 12:40:52 PM,File System,C:\Windows\system32\tasklist.exe,BLUETEAM\ezk,tasklist,1384,10676,"tasklist.exe 4132 QueryBasicInformationFile C:\Windows\System32\wbem\Logs SUCCESS CreationTime: 12/7/2019 5:14:52 PM, LastAccessTime: 12/7/2019 5:14:52 PM, LastWriteTime: 12/7/2019 5:14:52 PM, ChangeTime: 9/23/2021 7:02:36 AM, FileAttributes: D 4/14/2022 12:40:52 PM File System C:\Windows\system32\tasklist.exe BLUETEAM\ezk tasklist 1384 10676",benign
tasklist.exe,4132,CloseFile,C:\Windows\System32\wbem\Logs,SUCCESS,,4/14/2022 12:40:52 PM,File System,C:\Windows\system32\tasklist.exe,BLUETEAM\ezk,tasklist,1384,10676,tasklist.exe 4132 CloseFile C:\Windows\System32\wbem\Logs SUCCESS None 4/14/2022 12:40:52 PM File System C:\Windows\system32\tasklist.exe BLUETEAM\ezk tasklist 1384 10676,benign
tasklist.exe,4132,RegCloseKey,HKLM\SOFTWARE\Microsoft\Wbem\CIMOM,SUCCESS,,4/14/2022 12:40:52 PM,Registry,C:\Windows\system32\tasklist.exe,BLUETEAM\ezk,tasklist,1384,10676,tasklist.exe 4132 RegCloseKey HKLM\SOFTWARE\Microsoft\Wbem\CIMOM SUCCESS None 4/14/2022 12:40:52 PM Registry C:\Windows\system32\tasklist.exe BLUETEAM\ezk tasklist 1384 10676,benign
tasklist.exe,4132,CreateFile,C:\Windows\System32\tasklist.exe,SUCCESS,"Desired Access: Read Attributes, Disposition: Open, Options: Open Reparse Point, Attributes: n/a, ShareMode: Read, Write, Delete, AllocationSize: n/a, OpenResult: Opened",4/14/2022 12:40:52 PM,File System,C:\Windows\system32\tasklist.exe,BLUETEAM\ezk,tasklist,1384,10676,"tasklist.exe 4132 CreateFile C:\Windows\System32\tasklist.exe SUCCESS Desired Access: Read Attributes, Disposition: Open, Options: Open Reparse Point, Attributes: n/a, ShareMode: Read, Write, Delete, AllocationSize: n/a, OpenResult: Opened 4/14/2022 12:40:52 PM File System C:\Windows\system32\tasklist.exe BLUETEAM\ezk tasklist 1384 10676",benign
tasklist.exe,4132,CloseFile,C:\Windows\System32\tasklist.exe,SUCCESS,,4/14/2022 12:40:52 PM,File System,C:\Windows\system32\tasklist.exe,BLUETEAM\ezk,tasklist,1384,10676,tasklist.exe 4132 CloseFile C:\Windows\System32\tasklist.exe SUCCESS None 4/14/2022 12:40:52 PM File System C:\Windows\system32\tasklist.exe BLUETEAM\ezk tasklist 1384 10676,benign
tasklist.exe,4132,QueryBasicInformationFile,C:\Windows\System32\tasklist.exe,SUCCESS,"CreationTime: 12/7/2019 5:09:51 PM, LastAccessTime: 4/14/2022 12:40:52 PM, LastWriteTime: 12/7/2019 5:09:51 PM, ChangeTime: 10/15/2021 2:25:24 PM, FileAttributes: A",4/14/2022 12:40:52 PM,File System,C:\Windows\system32\tasklist.exe,BLUETEAM\ezk,tasklist,1384,10676,"tasklist.exe 4132 QueryBasicInformationFile C:\Windows\System32\tasklist.exe SUCCESS CreationTime: 12/7/2019 5:09:51 PM, LastAccessTime: 4/14/2022 12:40:52 PM, LastWriteTime: 12/7/2019 5:09:51 PM, ChangeTime: 10/15/2021 2:25:24 PM, FileAttributes: A 4/14/2022 12:40:52 PM File System C:\Windows\system32\tasklist.exe BLUETEAM\ezk tasklist 1384 10676",benign
tasklist.exe,4132,CreateFile,C:\Windows\System32\tasklist.exe,SUCCESS,"Desired Access: Read Attributes, Disposition: Open, Options: Open Reparse Point, Attributes: n/a, ShareMode: Read, Write, Delete, AllocationSize: n/a, OpenResult: Opened",4/14/2022 12:40:52 PM,File System,C:\Windows\system32\tasklist.exe,BLUETEAM\ezk,tasklist,1384,10676,"tasklist.exe 4132 CreateFile C:\Windows\System32\tasklist.exe SUCCESS Desired Access: Read Attributes, Disposition: Open, Options: Open Reparse Point, Attributes: n/a, ShareMode: Read, Write, Delete, AllocationSize: n/a, OpenResult: Opened 4/14/2022 12:40:52 PM File System C:\Windows\system32\tasklist.exe BLUETEAM\ezk tasklist 1384 10676",benign
tasklist.exe,4132,CloseFile,C:\Windows\System32\winsta.dll,SUCCESS,,4/14/2022 12:40:52 PM,File System,C:\Windows\system32\tasklist.exe,BLUETEAM\ezk,tasklist,1384,10676,tasklist.exe 4132 CloseFile C:\Windows\System32\winsta.dll SUCCESS None 4/14/2022 12:40:52 PM File System C:\Windows\system32\tasklist.exe BLUETEAM\ezk tasklist 1384 10676,benign
tasklist.exe,4132,CreateFile,C:\Windows\System32\winsta.dll,SUCCESS,"Desired Access: Read Data/List Directory, Execute/Traverse, Synchronize, Disposition: Open, Options: Synchronous IO Non-Alert, Non-Directory File, Attributes: n/a, ShareMode: Read, Delete, AllocationSize: n/a, OpenResult: Opened",4/14/2022 12:40:52 PM,File System,C:\Windows\system32\tasklist.exe,BLUETEAM\ezk,tasklist,1384,10676,"tasklist.exe 4132 CreateFile C:\Windows\System32\winsta.dll SUCCESS Desired Access: Read Data/List Directory, Execute/Traverse, Synchronize, Disposition: Open, Options: Synchronous IO Non-Alert, Non-Directory File, Attributes: n/a, ShareMode: Read, Delete, AllocationSize: n/a, OpenResult: Opened 4/14/2022 12:40:52 PM File System C:\Windows\system32\tasklist.exe BLUETEAM\ezk tasklist 1384 10676",benign
tasklist.exe,4132,QueryBasicInformationFile,C:\Windows\System32\wbem\wbemprox.dll,SUCCESS,"CreationTime: 9/22/2021 5:21:21 PM, LastAccessTime: 4/14/2022 12:39:00 PM, LastWriteTime: 9/22/2021 5:21:21 PM, ChangeTime: 10/15/2021 2:25:23 PM, FileAttributes: A",4/14/2022 12:40:52 PM,File System,C:\Windows\system32\tasklist.exe,BLUETEAM\ezk,tasklist,1384,10676,"tasklist.exe 4132 QueryBasicInformationFile C:\Windows\System32\wbem\wbemprox.dll SUCCESS CreationTime: 9/22/2021 5:21:21 PM, LastAccessTime: 4/14/2022 12:39:00 PM, LastWriteTime: 9/22/2021 5:21:21 PM, ChangeTime: 10/15/2021 2:25:23 PM, FileAttributes: A 4/14/2022 12:40:52 PM File System C:\Windows\system32\tasklist.exe BLUETEAM\ezk tasklist 1384 10676",benign
tasklist.exe,4132,CloseFile,C:\Windows\System32\winsta.dll,SUCCESS,,4/14/2022 12:40:52 PM,File System,C:\Windows\system32\tasklist.exe,BLUETEAM\ezk,tasklist,1384,10676,tasklist.exe 4132 CloseFile C:\Windows\System32\winsta.dll SUCCESS None 4/14/2022 12:40:52 PM File System C:\Windows\system32\tasklist.exe BLUETEAM\ezk tasklist 1384 10676,benign
tasklist.exe,4132,CreateFile,C:\Windows\System32\winsta.dll,SUCCESS,"Desired Access: Read Attributes, Disposition: Open, Options: Open Reparse Point, Attributes: n/a, ShareMode: Read, Write, Delete, AllocationSize: n/a, OpenResult: Opened",4/14/2022 12:40:52 PM,File System,C:\Windows\system32\tasklist.exe,BLUETEAM\ezk,tasklist,1384,10676,"tasklist.exe 4132 CreateFile C:\Windows\System32\winsta.dll SUCCESS Desired Access: Read Attributes, Disposition: Open, Options: Open Reparse Point, Attributes: n/a, ShareMode: Read, Write, Delete, AllocationSize: n/a, OpenResult: Opened 4/14/2022 12:40:52 PM File System C:\Windows\system32\tasklist.exe BLUETEAM\ezk tasklist 1384 10676",benign
tasklist.exe,4132,RegCloseKey,HKCR,SUCCESS,,4/14/2022 12:40:52 PM,Registry,C:\Windows\system32\tasklist.exe,BLUETEAM\ezk,tasklist,1384,10676,tasklist.exe 4132 RegCloseKey HKCR SUCCESS None 4/14/2022 12:40:52 PM Registry C:\Windows\system32\tasklist.exe BLUETEAM\ezk tasklist 1384 10676,benign
tasklist.exe,4132,RegQueryValue,HKLM\SOFTWARE\Microsoft\Wbem\CIMOM\Log File Max Size,SUCCESS,"Type: REG_SZ, Length: 12, Data: 65536",4/14/2022 12:40:52 PM,Registry,C:\Windows\system32\tasklist.exe,BLUETEAM\ezk,tasklist,1384,10676,"tasklist.exe 4132 RegQueryValue HKLM\SOFTWARE\Microsoft\Wbem\CIMOM\Log File Max Size SUCCESS Type: REG_SZ, Length: 12, Data: 65536 4/14/2022 12:40:52 PM Registry C:\Windows\system32\tasklist.exe BLUETEAM\ezk tasklist 1384 10676",benign
tasklist.exe,4132,RegQueryValue,HKLM\SOFTWARE\Microsoft\Wbem\CIMOM\Logging,SUCCESS,"Type: REG_SZ, Length: 4, Data: 0",4/14/2022 12:40:52 PM,Registry,C:\Windows\system32\tasklist.exe,BLUETEAM\ezk,tasklist,1384,10676,"tasklist.exe 4132 RegQueryValue HKLM\SOFTWARE\Microsoft\Wbem\CIMOM\Logging SUCCESS Type: REG_SZ, Length: 4, Data: 0 4/14/2022 12:40:52 PM Registry C:\Windows\system32\tasklist.exe BLUETEAM\ezk tasklist 1384 10676",benign
tasklist.exe,4132,RegCreateKey,HKLM\Software\Microsoft\WBEM\CIMOM,SUCCESS,"Desired Access: Read/Write, Disposition: REG_OPENED_EXISTING_KEY",4/14/2022 12:40:52 PM,Registry,C:\Windows\system32\tasklist.exe,BLUETEAM\ezk,tasklist,1384,10676,"tasklist.exe 4132 RegCreateKey HKLM\Software\Microsoft\WBEM\CIMOM SUCCESS Desired Access: Read/Write, Disposition: REG_OPENED_EXISTING_KEY 4/14/2022 12:40:52 PM Registry C:\Windows\system32\tasklist.exe BLUETEAM\ezk tasklist 1384 10676",benign
tasklist.exe,4132,RegQueryKey,HKLM,SUCCESS,"Query: HandleTags, HandleTags: 0x0",4/14/2022 12:40:52 PM,Registry,C:\Windows\system32\tasklist.exe,BLUETEAM\ezk,tasklist,1384,10676,"tasklist.exe 4132 RegQueryKey HKLM SUCCESS Query: HandleTags, HandleTags: 0x0 4/14/2022 12:40:52 PM Registry C:\Windows\system32\tasklist.exe BLUETEAM\ezk tasklist 1384 10676",benign
tasklist.exe,4132,QueryBasicInformationFile,C:\Windows\System32\winsta.dll,SUCCESS,"CreationTime: 9/22/2021 5:21:26 PM, LastAccessTime: 4/14/2022 12:39:56 PM, LastWriteTime: 9/22/2021 5:21:26 PM, ChangeTime: 10/15/2021 2:25:23 PM, FileAttributes: A",4/14/2022 12:40:52 PM,File System,C:\Windows\system32\tasklist.exe,BLUETEAM\ezk,tasklist,1384,10676,"tasklist.exe 4132 QueryBasicInformationFile C:\Windows\System32\winsta.dll SUCCESS CreationTime: 9/22/2021 5:21:26 PM, LastAccessTime: 4/14/2022 12:39:56 PM, LastWriteTime: 9/22/2021 5:21:26 PM, ChangeTime: 10/15/2021 2:25:23 PM, FileAttributes: A 4/14/2022 12:40:52 PM File System C:\Windows\system32\tasklist.exe BLUETEAM\ezk tasklist 1384 10676",benign
tasklist.exe,4132,RegOpenKey,HKLM\System\Setup,SUCCESS,Desired Access: Read,4/14/2022 12:40:52 PM,Registry,C:\Windows\system32\tasklist.exe,BLUETEAM\ezk,tasklist,1384,10676,tasklist.exe 4132 RegOpenKey HKLM\System\Setup SUCCESS Desired Access: Read 4/14/2022 12:40:52 PM Registry C:\Windows\system32\tasklist.exe BLUETEAM\ezk tasklist 1384 10676,benign
tasklist.exe,4132,CreateFile,C:\Windows\System32\wbem\wbemprox.dll,SUCCESS,"Desired Access: Read Attributes, Disposition: Open, Options: Open Reparse Point, Attributes: n/a, ShareMode: Read, Write, Delete, AllocationSize: n/a, OpenResult: Opened",4/14/2022 12:40:52 PM,File System,C:\Windows\system32\tasklist.exe,BLUETEAM\ezk,tasklist,1384,10676,"tasklist.exe 4132 CreateFile C:\Windows\System32\wbem\wbemprox.dll SUCCESS Desired Access: Read Attributes, Disposition: Open, Options: Open Reparse Point, Attributes: n/a, ShareMode: Read, Write, Delete, AllocationSize: n/a, OpenResult: Opened 4/14/2022 12:40:52 PM File System C:\Windows\system32\tasklist.exe BLUETEAM\ezk tasklist 1384 10676",benign
tasklist.exe,4132,RegOpenKey,HKCR\CLSID\{4590F811-1D3A-11D0-891F-00AA004B2E24}\TreatAs,NAME NOT FOUND,Desired Access: Read,4/14/2022 12:40:52 PM,Registry,C:\Windows\system32\tasklist.exe,BLUETEAM\ezk,tasklist,1384,10676,tasklist.exe 4132 RegOpenKey HKCR\CLSID\{4590F811-1D3A-11D0-891F-00AA004B2E24}\TreatAs NAME NOT FOUND Desired Access: Read 4/14/2022 12:40:52 PM Registry C:\Windows\system32\tasklist.exe BLUETEAM\ezk tasklist 1384 10676,benign
tasklist.exe,4132,RegOpenKey,HKCR\CLSID\{4590F811-1D3A-11D0-891F-00AA004B2E24}\TreatAs,NAME NOT FOUND,Desired Access: Query Value,4/14/2022 12:40:52 PM,Registry,C:\Windows\system32\tasklist.exe,BLUETEAM\ezk,tasklist,1384,10676,tasklist.exe 4132 RegOpenKey HKCR\CLSID\{4590F811-1D3A-11D0-891F-00AA004B2E24}\TreatAs NAME NOT FOUND Desired Access: Query Value 4/14/2022 12:40:52 PM Registry C:\Windows\system32\tasklist.exe BLUETEAM\ezk tasklist 1384 10676,benign
tasklist.exe,4132,RegQueryKey,HKCR\CLSID\{4590F811-1D3A-11D0-891F-00AA004B2E24},SUCCESS,Query: Name,4/14/2022 12:40:52 PM,Registry,C:\Windows\system32\tasklist.exe,BLUETEAM\ezk,tasklist,1384,10676,tasklist.exe 4132 RegQueryKey HKCR\CLSID\{4590F811-1D3A-11D0-891F-00AA004B2E24} SUCCESS Query: Name 4/14/2022 12:40:52 PM Registry C:\Windows\system32\tasklist.exe BLUETEAM\ezk tasklist 1384 10676,benign
tasklist.exe,4132,RegQueryValue,HKCR\CLSID\{4590F811-1D3A-11D0-891F-00AA004B2E24}\ActivateOnHostFlags,NAME NOT FOUND,Length: 16,4/14/2022 12:40:52 PM,Registry,C:\Windows\system32\tasklist.exe,BLUETEAM\ezk,tasklist,1384,10676,tasklist.exe 4132 RegQueryValue HKCR\CLSID\{4590F811-1D3A-11D0-891F-00AA004B2E24}\ActivateOnHostFlags NAME NOT FOUND Length: 16 4/14/2022 12:40:52 PM Registry C:\Windows\system32\tasklist.exe BLUETEAM\ezk tasklist 1384 10676,benign
tasklist.exe,4132,RegQueryValue,HKCR\CLSID\{4590F811-1D3A-11D0-891F-00AA004B2E24}\(Default),BUFFER OVERFLOW,Length: 12,4/14/2022 12:40:52 PM,Registry,C:\Windows\system32\tasklist.exe,BLUETEAM\ezk,tasklist,1384,10676,tasklist.exe 4132 RegQueryValue HKCR\CLSID\{4590F811-1D3A-11D0-891F-00AA004B2E24}\(Default) BUFFER OVERFLOW Length: 12 4/14/2022 12:40:52 PM Registry C:\Windows\system32\tasklist.exe BLUETEAM\ezk tasklist 1384 10676,benign
tasklist.exe,4132,RegQueryValue,HKCR\CLSID\{4590F811-1D3A-11D0-891F-00AA004B2E24}\(Default),SUCCESS,"Type: REG_SZ, Length: 26, Data: WBEM Locator",4/14/2022 12:40:52 PM,Registry,C:\Windows\system32\tasklist.exe,BLUETEAM\ezk,tasklist,1384,10676,"tasklist.exe 4132 RegQueryValue HKCR\CLSID\{4590F811-1D3A-11D0-891F-00AA004B2E24}\(Default) SUCCESS Type: REG_SZ, Length: 26, Data: WBEM Locator 4/14/2022 12:40:52 PM Registry C:\Windows\system32\tasklist.exe BLUETEAM\ezk tasklist 1384 10676",benign
tasklist.exe,4132,RegQueryKey,HKCR\CLSID\{4590F811-1D3A-11D0-891F-00AA004B2E24},SUCCESS,"Query: HandleTags, HandleTags: 0x0",4/14/2022 12:40:52 PM,Registry,C:\Windows\system32\tasklist.exe,BLUETEAM\ezk,tasklist,1384,10676,"tasklist.exe 4132 RegQueryKey HKCR\CLSID\{4590F811-1D3A-11D0-891F-00AA004B2E24} SUCCESS Query: HandleTags, HandleTags: 0x0 4/14/2022 12:40:52 PM Registry C:\Windows\system32\tasklist.exe BLUETEAM\ezk tasklist 1384 10676",benign
tasklist.exe,4132,RegOpenKey,HKCR\CLSID\{4590F811-1D3A-11D0-891F-00AA004B2E24}\InprocServer32,SUCCESS,Desired Access: Read,4/14/2022 12:40:52 PM,Registry,C:\Windows\system32\tasklist.exe,BLUETEAM\ezk,tasklist,1384,10676,tasklist.exe 4132 RegOpenKey HKCR\CLSID\{4590F811-1D3A-11D0-891F-00AA004B2E24}\InprocServer32 SUCCESS Desired Access: Read 4/14/2022 12:40:52 PM Registry C:\Windows\system32\tasklist.exe BLUETEAM\ezk tasklist 1384 10676,benign
tasklist.exe,4132,RegQueryValue,HKCR\CLSID\{4590F811-1D3A-11D0-891F-00AA004B2E24}\InprocServer32\InprocServer32,NAME NOT FOUND,Length: 12,4/14/2022 12:40:52 PM,Registry,C:\Windows\system32\tasklist.exe,BLUETEAM\ezk,tasklist,1384,10676,tasklist.exe 4132 RegQueryValue HKCR\CLSID\{4590F811-1D3A-11D0-891F-00AA004B2E24}\InprocServer32\InprocServer32 NAME NOT FOUND Length: 12 4/14/2022 12:40:52 PM Registry C:\Windows\system32\tasklist.exe BLUETEAM\ezk tasklist 1384 10676,benign
tasklist.exe,4132,RegQueryValue,HKCR\CLSID\{4590F811-1D3A-11D0-891F-00AA004B2E24}\InprocServer32\(Default),BUFFER OVERFLOW,Length: 12,4/14/2022 12:40:52 PM,Registry,C:\Windows\system32\tasklist.exe,BLUETEAM\ezk,tasklist,1384,10676,tasklist.exe 4132 RegQueryValue HKCR\CLSID\{4590F811-1D3A-11D0-891F-00AA004B2E24}\InprocServer32\(Default) BUFFER OVERFLOW Length: 12 4/14/2022 12:40:52 PM Registry C:\Windows\system32\tasklist.exe BLUETEAM\ezk tasklist 1384 10676,benign
tasklist.exe,4132,RegQueryValue,HKCR\CLSID\{4590F811-1D3A-11D0-891F-00AA004B2E24}\InprocServer32\(Default),SUCCESS,"Type: REG_EXPAND_SZ, Length: 80, Data: %systemroot%\system32\wbem\wbemprox.dll",4/14/2022 12:40:52 PM,Registry,C:\Windows\system32\tasklist.exe,BLUETEAM\ezk,tasklist,1384,10676,"tasklist.exe 4132 RegQueryValue HKCR\CLSID\{4590F811-1D3A-11D0-891F-00AA004B2E24}\InprocServer32\(Default) SUCCESS Type: REG_EXPAND_SZ, Length: 80, Data: %systemroot%\system32\wbem\wbemprox.dll 4/14/2022 12:40:52 PM Registry C:\Windows\system32\tasklist.exe BLUETEAM\ezk tasklist 1384 10676",benign
tasklist.exe,4132,RegQueryValue,HKCR\CLSID\{4590F811-1D3A-11D0-891F-00AA004B2E24}\InprocServer32\(Default),SUCCESS,"Type: REG_EXPAND_SZ, Length: 80, Data: %systemroot%\system32\wbem\wbemprox.dll",4/14/2022 12:40:52 PM,Registry,C:\Windows\system32\tasklist.exe,BLUETEAM\ezk,tasklist,1384,10676,"tasklist.exe 4132 RegQueryValue HKCR\CLSID\{4590F811-1D3A-11D0-891F-00AA004B2E24}\InprocServer32\(Default) SUCCESS Type: REG_EXPAND_SZ, Length: 80, Data: %systemroot%\system32\wbem\wbemprox.dll 4/14/2022 12:40:52 PM Registry C:\Windows\system32\tasklist.exe BLUETEAM\ezk tasklist 1384 10676",benign
tasklist.exe,4132,RegQueryValue,HKCR\CLSID\{4590F811-1D3A-11D0-891F-00AA004B2E24}\InprocServer32\ThreadingModel,SUCCESS,"Type: REG_SZ, Length: 10, Data: Both",4/14/2022 12:40:52 PM,Registry,C:\Windows\system32\tasklist.exe,BLUETEAM\ezk,tasklist,1384,10676,"tasklist.exe 4132 RegQueryValue HKCR\CLSID\{4590F811-1D3A-11D0-891F-00AA004B2E24}\InprocServer32\ThreadingModel SUCCESS Type: REG_SZ, Length: 10, Data: Both 4/14/2022 12:40:52 PM Registry C:\Windows\system32\tasklist.exe BLUETEAM\ezk tasklist 1384 10676",benign
tasklist.exe,4132,RegCloseKey,HKCR\CLSID\{4590F811-1D3A-11D0-891F-00AA004B2E24}\InprocServer32,SUCCESS,,4/14/2022 12:40:52 PM,Registry,C:\Windows\system32\tasklist.exe,BLUETEAM\ezk,tasklist,1384,10676,tasklist.exe 4132 RegCloseKey HKCR\CLSID\{4590F811-1D3A-11D0-891F-00AA004B2E24}\InprocServer32 SUCCESS None 4/14/2022 12:40:52 PM Registry C:\Windows\system32\tasklist.exe BLUETEAM\ezk tasklist 1384 10676,benign
tasklist.exe,4132,RegQueryKey,HKCR\CLSID\{4590F811-1D3A-11D0-891F-00AA004B2E24},SUCCESS,"Query: HandleTags, HandleTags: 0x0",4/14/2022 12:40:52 PM,Registry,C:\Windows\system32\tasklist.exe,BLUETEAM\ezk,tasklist,1384,10676,"tasklist.exe 4132 RegQueryKey HKCR\CLSID\{4590F811-1D3A-11D0-891F-00AA004B2E24} SUCCESS Query: HandleTags, HandleTags: 0x0 4/14/2022 12:40:52 PM Registry C:\Windows\system32\tasklist.exe BLUETEAM\ezk tasklist 1384 10676",benign
tasklist.exe,4132,RegOpenKey,HKCR\CLSID\{4590F811-1D3A-11D0-891F-00AA004B2E24}\InprocHandler32,NAME NOT FOUND,Desired Access: Query Value,4/14/2022 12:40:52 PM,Registry,C:\Windows\system32\tasklist.exe,BLUETEAM\ezk,tasklist,1384,10676,tasklist.exe 4132 RegOpenKey HKCR\CLSID\{4590F811-1D3A-11D0-891F-00AA004B2E24}\InprocHandler32 NAME NOT FOUND Desired Access: Query Value 4/14/2022 12:40:52 PM Registry C:\Windows\system32\tasklist.exe BLUETEAM\ezk tasklist 1384 10676,benign
tasklist.exe,4132,RegQueryKey,HKCR\CLSID\{4590F811-1D3A-11D0-891F-00AA004B2E24},SUCCESS,"Query: HandleTags, HandleTags: 0x0",4/14/2022 12:40:52 PM,Registry,C:\Windows\system32\tasklist.exe,BLUETEAM\ezk,tasklist,1384,10676,"tasklist.exe 4132 RegQueryKey HKCR\CLSID\{4590F811-1D3A-11D0-891F-00AA004B2E24} SUCCESS Query: HandleTags, HandleTags: 0x0 4/14/2022 12:40:52 PM Registry C:\Windows\system32\tasklist.exe BLUETEAM\ezk tasklist 1384 10676",benign
tasklist.exe,4132,RegOpenKey,HKCR\CLSID\{4590F811-1D3A-11D0-891F-00AA004B2E24}\InprocHandler,NAME NOT FOUND,Desired Access: Query Value,4/14/2022 12:40:52 PM,Registry,C:\Windows\system32\tasklist.exe,BLUETEAM\ezk,tasklist,1384,10676,tasklist.exe 4132 RegOpenKey HKCR\CLSID\{4590F811-1D3A-11D0-891F-00AA004B2E24}\InprocHandler NAME NOT FOUND Desired Access: Query Value 4/14/2022 12:40:52 PM Registry C:\Windows\system32\tasklist.exe BLUETEAM\ezk tasklist 1384 10676,benign
tasklist.exe,4132,RegQueryKey,HKCR\CLSID\{4590F811-1D3A-11D0-891F-00AA004B2E24},SUCCESS,"Query: HandleTags, HandleTags: 0x0",4/14/2022 12:40:52 PM,Registry,C:\Windows\system32\tasklist.exe,BLUETEAM\ezk,tasklist,1384,10676,"tasklist.exe 4132 RegQueryKey HKCR\CLSID\{4590F811-1D3A-11D0-891F-00AA004B2E24} SUCCESS Query: HandleTags, HandleTags: 0x0 4/14/2022 12:40:52 PM Registry C:\Windows\system32\tasklist.exe BLUETEAM\ezk tasklist 1384 10676",benign
tasklist.exe,4132,RegOpenKey,HKCR\CLSID\{4590F811-1D3A-11D0-891F-00AA004B2E24},SUCCESS,Desired Access: Read,4/14/2022 12:40:52 PM,Registry,C:\Windows\system32\tasklist.exe,BLUETEAM\ezk,tasklist,1384,10676,tasklist.exe 4132 RegOpenKey HKCR\CLSID\{4590F811-1D3A-11D0-891F-00AA004B2E24} SUCCESS Desired Access: Read 4/14/2022 12:40:52 PM Registry C:\Windows\system32\tasklist.exe BLUETEAM\ezk tasklist 1384 10676,benign
tasklist.exe,4132,RegQueryKey,HKCR,SUCCESS,"Query: HandleTags, HandleTags: 0x0",4/14/2022 12:40:52 PM,Registry,C:\Windows\system32\tasklist.exe,BLUETEAM\ezk,tasklist,1384,10676,"tasklist.exe 4132 RegQueryKey HKCR SUCCESS Query: HandleTags, HandleTags: 0x0 4/14/2022 12:40:52 PM Registry C:\Windows\system32\tasklist.exe BLUETEAM\ezk tasklist 1384 10676",benign
tasklist.exe,4132,RegCloseKey,HKCR\CLSID\{4590F811-1D3A-11D0-891F-00AA004B2E24},SUCCESS,,4/14/2022 12:40:52 PM,Registry,C:\Windows\system32\tasklist.exe,BLUETEAM\ezk,tasklist,1384,10676,tasklist.exe 4132 RegCloseKey HKCR\CLSID\{4590F811-1D3A-11D0-891F-00AA004B2E24} SUCCESS None 4/14/2022 12:40:52 PM Registry C:\Windows\system32\tasklist.exe BLUETEAM\ezk tasklist 1384 10676,benign
tasklist.exe,4132,RegCloseKey,HKCR\CLSID\{4590F811-1D3A-11D0-891F-00AA004B2E24},SUCCESS,,4/14/2022 12:40:52 PM,Registry,C:\Windows\system32\tasklist.exe,BLUETEAM\ezk,tasklist,1384,10676,tasklist.exe 4132 RegCloseKey HKCR\CLSID\{4590F811-1D3A-11D0-891F-00AA004B2E24} SUCCESS None 4/14/2022 12:40:52 PM Registry C:\Windows\system32\tasklist.exe BLUETEAM\ezk tasklist 1384 10676,benign
tasklist.exe,4132,RegOpenKey,HKCR\CLSID\{4590F811-1D3A-11D0-891F-00AA004B2E24}\Elevation,NAME NOT FOUND,Desired Access: Read,4/14/2022 12:40:52 PM,Registry,C:\Windows\system32\tasklist.exe,BLUETEAM\ezk,tasklist,1384,10676,tasklist.exe 4132 RegOpenKey HKCR\CLSID\{4590F811-1D3A-11D0-891F-00AA004B2E24}\Elevation NAME NOT FOUND Desired Access: Read 4/14/2022 12:40:52 PM Registry C:\Windows\system32\tasklist.exe BLUETEAM\ezk tasklist 1384 10676,benign
tasklist.exe,4132,RegCloseKey,HKCR\CLSID\{4590F811-1D3A-11D0-891F-00AA004B2E24},SUCCESS,,4/14/2022 12:40:52 PM,Registry,C:\Windows\system32\tasklist.exe,BLUETEAM\ezk,tasklist,1384,10676,tasklist.exe 4132 RegCloseKey HKCR\CLSID\{4590F811-1D3A-11D0-891F-00AA004B2E24} SUCCESS None 4/14/2022 12:40:52 PM Registry C:\Windows\system32\tasklist.exe BLUETEAM\ezk tasklist 1384 10676,benign
tasklist.exe,4132,RegQueryKey,HKCR\CLSID\{4590F811-1D3A-11D0-891F-00AA004B2E24},SUCCESS,"Query: HandleTags, HandleTags: 0x0",4/14/2022 12:40:52 PM,Registry,C:\Windows\system32\tasklist.exe,BLUETEAM\ezk,tasklist,1384,10676,"tasklist.exe 4132 RegQueryKey HKCR\CLSID\{4590F811-1D3A-11D0-891F-00AA004B2E24} SUCCESS Query: HandleTags, HandleTags: 0x0 4/14/2022 12:40:52 PM Registry C:\Windows\system32\tasklist.exe BLUETEAM\ezk tasklist 1384 10676",benign
tasklist.exe,4132,RegQueryKey,HKCR,SUCCESS,"Query: HandleTags, HandleTags: 0x0",4/14/2022 12:40:52 PM,Registry,C:\Windows\system32\tasklist.exe,BLUETEAM\ezk,tasklist,1384,10676,"tasklist.exe 4132 RegQueryKey HKCR SUCCESS Query: HandleTags, HandleTags: 0x0 4/14/2022 12:40:52 PM Registry C:\Windows\system32\tasklist.exe BLUETEAM\ezk tasklist 1384 10676",benign
tasklist.exe,4132,RegOpenKey,HKCR\CLSID\{4590F811-1D3A-11D0-891F-00AA004B2E24}\LocalServer,NAME NOT FOUND,Desired Access: Query Value,4/14/2022 12:40:52 PM,Registry,C:\Windows\system32\tasklist.exe,BLUETEAM\ezk,tasklist,1384,10676,tasklist.exe 4132 RegOpenKey HKCR\CLSID\{4590F811-1D3A-11D0-891F-00AA004B2E24}\LocalServer NAME NOT FOUND Desired Access: Query Value 4/14/2022 12:40:52 PM Registry C:\Windows\system32\tasklist.exe BLUETEAM\ezk tasklist 1384 10676,benign
tasklist.exe,4132,RegQueryKey,HKCR\CLSID\{4590F811-1D3A-11D0-891F-00AA004B2E24},SUCCESS,"Query: HandleTags, HandleTags: 0x0",4/14/2022 12:40:52 PM,Registry,C:\Windows\system32\tasklist.exe,BLUETEAM\ezk,tasklist,1384,10676,"tasklist.exe 4132 RegQueryKey HKCR\CLSID\{4590F811-1D3A-11D0-891F-00AA004B2E24} SUCCESS Query: HandleTags, HandleTags: 0x0 4/14/2022 12:40:52 PM Registry C:\Windows\system32\tasklist.exe BLUETEAM\ezk tasklist 1384 10676",benign
tasklist.exe,4132,RegQueryValue,HKCR\CLSID\{4590F811-1D3A-11D0-891F-00AA004B2E24}\AppID,NAME NOT FOUND,Length: 112,4/14/2022 12:40:52 PM,Registry,C:\Windows\system32\tasklist.exe,BLUETEAM\ezk,tasklist,1384,10676,tasklist.exe 4132 RegQueryValue HKCR\CLSID\{4590F811-1D3A-11D0-891F-00AA004B2E24}\AppID NAME NOT FOUND Length: 112 4/14/2022 12:40:52 PM Registry C:\Windows\system32\tasklist.exe BLUETEAM\ezk tasklist 1384 10676,benign
tasklist.exe,4132,RegOpenKey,HKCR\CLSID\{4590F811-1D3A-11D0-891F-00AA004B2E24}\LocalServer32,NAME NOT FOUND,Desired Access: Read,4/14/2022 12:40:52 PM,Registry,C:\Windows\system32\tasklist.exe,BLUETEAM\ezk,tasklist,1384,10676,tasklist.exe 4132 RegOpenKey HKCR\CLSID\{4590F811-1D3A-11D0-891F-00AA004B2E24}\LocalServer32 NAME NOT FOUND Desired Access: Read 4/14/2022 12:40:52 PM Registry C:\Windows\system32\tasklist.exe BLUETEAM\ezk tasklist 1384 10676,benign
tasklist.exe,4132,RegQueryKey,HKCR\CLSID\{4590F811-1D3A-11D0-891F-00AA004B2E24},SUCCESS,"Query: HandleTags, HandleTags: 0x0",4/14/2022 12:40:52 PM,Registry,C:\Windows\system32\tasklist.exe,BLUETEAM\ezk,tasklist,1384,10676,"tasklist.exe 4132 RegQueryKey HKCR\CLSID\{4590F811-1D3A-11D0-891F-00AA004B2E24} SUCCESS Query: HandleTags, HandleTags: 0x0 4/14/2022 12:40:52 PM Registry C:\Windows\system32\tasklist.exe BLUETEAM\ezk tasklist 1384 10676",benign
tasklist.exe,4132,RegOpenKey,HKCR\CLSID\{4590F811-1D3A-11D0-891F-00AA004B2E24},SUCCESS,Desired Access: Read,4/14/2022 12:40:52 PM,Registry,C:\Windows\system32\tasklist.exe,BLUETEAM\ezk,tasklist,1384,10676,tasklist.exe 4132 RegOpenKey HKCR\CLSID\{4590F811-1D3A-11D0-891F-00AA004B2E24} SUCCESS Desired Access: Read 4/14/2022 12:40:52 PM Registry C:\Windows\system32\tasklist.exe BLUETEAM\ezk tasklist 1384 10676,benign
tasklist.exe,4132,RegCloseKey,HKLM\SYSTEM\Setup,SUCCESS,,4/14/2022 12:40:52 PM,Registry,C:\Windows\system32\tasklist.exe,BLUETEAM\ezk,tasklist,1384,10676,tasklist.exe 4132 RegCloseKey HKLM\SYSTEM\Setup SUCCESS None 4/14/2022 12:40:52 PM Registry C:\Windows\system32\tasklist.exe BLUETEAM\ezk tasklist 1384 10676,benign
tasklist.exe,4132,RegQueryValue,HKLM\SYSTEM\Setup\OOBEInProgress,SUCCESS,"Type: REG_DWORD, Length: 4, Data: 0",4/14/2022 12:40:52 PM,Registry,C:\Windows\system32\tasklist.exe,BLUETEAM\ezk,tasklist,1384,10676,"tasklist.exe 4132 RegQueryValue HKLM\SYSTEM\Setup\OOBEInProgress SUCCESS Type: REG_DWORD, Length: 4, Data: 0 4/14/2022 12:40:52 PM Registry C:\Windows\system32\tasklist.exe BLUETEAM\ezk tasklist 1384 10676",benign
tasklist.exe,4132,RegOpenKey,HKLM\System\Setup,SUCCESS,Desired Access: Read,4/14/2022 12:40:52 PM,Registry,C:\Windows\system32\tasklist.exe,BLUETEAM\ezk,tasklist,1384,10676,tasklist.exe 4132 RegOpenKey HKLM\System\Setup SUCCESS Desired Access: Read 4/14/2022 12:40:52 PM Registry C:\Windows\system32\tasklist.exe BLUETEAM\ezk tasklist 1384 10676,benign
tasklist.exe,4132,RegOpenKey,HKLM\SOFTWARE\Microsoft\Windows NT\CurrentVersion\Image File Execution Options\tasklist.exe,NAME NOT FOUND,"Desired Access: Query Value, Enumerate Sub Keys",4/14/2022 12:40:52 PM,Registry,C:\Windows\system32\tasklist.exe,BLUETEAM\ezk,tasklist,1384,10676,"tasklist.exe 4132 RegOpenKey HKLM\SOFTWARE\Microsoft\Windows NT\CurrentVersion\Image File Execution Options\tasklist.exe NAME NOT FOUND Desired Access: Query Value, Enumerate Sub Keys 4/14/2022 12:40:52 PM Registry C:\Windows\system32\tasklist.exe BLUETEAM\ezk tasklist 1384 10676",benign
tasklist.exe,4132,RegOpenKey,HKLM\System\CurrentControlSet\Control\Nls\CustomLocale,REPARSE,Desired Access: Read,4/14/2022 12:40:52 PM,Registry,C:\Windows\system32\tasklist.exe,BLUETEAM\ezk,tasklist,1384,10676,tasklist.exe 4132 RegOpenKey HKLM\System\CurrentControlSet\Control\Nls\CustomLocale REPARSE Desired Access: Read 4/14/2022 12:40:52 PM Registry C:\Windows\system32\tasklist.exe BLUETEAM\ezk tasklist 1384 10676,benign
tasklist.exe,4132,RegOpenKey,HKLM\System\CurrentControlSet\Control\Nls\CustomLocale,SUCCESS,Desired Access: Read,4/14/2022 12:40:52 PM,Registry,C:\Windows\system32\tasklist.exe,BLUETEAM\ezk,tasklist,1384,10676,tasklist.exe 4132 RegOpenKey HKLM\System\CurrentControlSet\Control\Nls\CustomLocale SUCCESS Desired Access: Read 4/14/2022 12:40:52 PM Registry C:\Windows\system32\tasklist.exe BLUETEAM\ezk tasklist 1384 10676,benign
tasklist.exe,4132,RegQueryValue,HKLM\System\CurrentControlSet\Control\Nls\CustomLocale\en-US,NAME NOT FOUND,Length: 532,4/14/2022 12:40:52 PM,Registry,C:\Windows\system32\tasklist.exe,BLUETEAM\ezk,tasklist,1384,10676,tasklist.exe 4132 RegQueryValue HKLM\System\CurrentControlSet\Control\Nls\CustomLocale\en-US NAME NOT FOUND Length: 532 4/14/2022 12:40:52 PM Registry C:\Windows\system32\tasklist.exe BLUETEAM\ezk tasklist 1384 10676,benign
tasklist.exe,4132,RegCloseKey,HKLM\System\CurrentControlSet\Control\Nls\CustomLocale,SUCCESS,,4/14/2022 12:40:52 PM,Registry,C:\Windows\system32\tasklist.exe,BLUETEAM\ezk,tasklist,1384,10676,tasklist.exe 4132 RegCloseKey HKLM\System\CurrentControlSet\Control\Nls\CustomLocale SUCCESS None 4/14/2022 12:40:52 PM Registry C:\Windows\system32\tasklist.exe BLUETEAM\ezk tasklist 1384 10676,benign
tasklist.exe,4132,RegOpenKey,HKLM\System\CurrentControlSet\Control\Nls\ExtendedLocale,REPARSE,Desired Access: Read,4/14/2022 12:40:52 PM,Registry,C:\Windows\system32\tasklist.exe,BLUETEAM\ezk,tasklist,1384,10676,tasklist.exe 4132 RegOpenKey HKLM\System\CurrentControlSet\Control\Nls\ExtendedLocale REPARSE Desired Access: Read 4/14/2022 12:40:52 PM Registry C:\Windows\system32\tasklist.exe BLUETEAM\ezk tasklist 1384 10676,benign
tasklist.exe,4132,RegOpenKey,HKLM\System\CurrentControlSet\Control\Nls\ExtendedLocale,SUCCESS,Desired Access: Read,4/14/2022 12:40:52 PM,Registry,C:\Windows\system32\tasklist.exe,BLUETEAM\ezk,tasklist,1384,10676,tasklist.exe 4132 RegOpenKey HKLM\System\CurrentControlSet\Control\Nls\ExtendedLocale SUCCESS Desired Access: Read 4/14/2022 12:40:52 PM Registry C:\Windows\system32\tasklist.exe BLUETEAM\ezk tasklist 1384 10676,benign
tasklist.exe,4132,RegQueryValue,HKLM\System\CurrentControlSet\Control\Nls\ExtendedLocale\en-US,NAME NOT FOUND,Length: 532,4/14/2022 12:40:52 PM,Registry,C:\Windows\system32\tasklist.exe,BLUETEAM\ezk,tasklist,1384,10676,tasklist.exe 4132 RegQueryValue HKLM\System\CurrentControlSet\Control\Nls\ExtendedLocale\en-US NAME NOT FOUND Length: 532 4/14/2022 12:40:52 PM Registry C:\Windows\system32\tasklist.exe BLUETEAM\ezk tasklist 1384 10676,benign
tasklist.exe,4132,RegCloseKey,HKLM\System\CurrentControlSet\Control\Nls\ExtendedLocale,SUCCESS,,4/14/2022 12:40:52 PM,Registry,C:\Windows\system32\tasklist.exe,BLUETEAM\ezk,tasklist,1384,10676,tasklist.exe 4132 RegCloseKey HKLM\System\CurrentControlSet\Control\Nls\ExtendedLocale SUCCESS None 4/14/2022 12:40:52 PM Registry C:\Windows\system32\tasklist.exe BLUETEAM\ezk tasklist 1384 10676,benign
tasklist.exe,4132,RegQueryValue,HKLM\System\CurrentControlSet\Control\Nls\Sorting\Versions\000603xx,SUCCESS,"Type: REG_SZ, Length: 26, Data: kernel32.dll",4/14/2022 12:40:52 PM,Registry,C:\Windows\system32\tasklist.exe,BLUETEAM\ezk,tasklist,1384,10676,"tasklist.exe 4132 RegQueryValue HKLM\System\CurrentControlSet\Control\Nls\Sorting\Versions\000603xx SUCCESS Type: REG_SZ, Length: 26, Data: kernel32.dll 4/14/2022 12:40:52 PM Registry C:\Windows\system32\tasklist.exe BLUETEAM\ezk tasklist 1384 10676",benign
tasklist.exe,4132,CreateFile,C:\Windows\Globalization\Sorting\SortDefault.nls,SUCCESS,"Desired Access: Generic Read, Disposition: Open, Options: Synchronous IO Non-Alert, Non-Directory File, Attributes: N, ShareMode: Read, AllocationSize: n/a, OpenResult: Opened",4/14/2022 12:40:52 PM,File System,C:\Windows\system32\tasklist.exe,BLUETEAM\ezk,tasklist,1384,10676,"tasklist.exe 4132 CreateFile C:\Windows\Globalization\Sorting\SortDefault.nls SUCCESS Desired Access: Generic Read, Disposition: Open, Options: Synchronous IO Non-Alert, Non-Directory File, Attributes: N, ShareMode: Read, AllocationSize: n/a, OpenResult: Opened 4/14/2022 12:40:52 PM File System C:\Windows\system32\tasklist.exe BLUETEAM\ezk tasklist 1384 10676",benign
tasklist.exe,4132,CloseFile,C:\Windows\Globalization\Sorting\SortDefault.nls,SUCCESS,,4/14/2022 12:40:52 PM,File System,C:\Windows\system32\tasklist.exe,BLUETEAM\ezk,tasklist,1384,10676,tasklist.exe 4132 CloseFile C:\Windows\Globalization\Sorting\SortDefault.nls SUCCESS None 4/14/2022 12:40:52 PM File System C:\Windows\system32\tasklist.exe BLUETEAM\ezk tasklist 1384 10676,benign
tasklist.exe,4132,RegOpenKey,HKLM\System\CurrentControlSet\Control\Nls\Sorting\Ids,REPARSE,Desired Access: Read,4/14/2022 12:40:52 PM,Registry,C:\Windows\system32\tasklist.exe,BLUETEAM\ezk,tasklist,1384,10676,tasklist.exe 4132 RegOpenKey HKLM\System\CurrentControlSet\Control\Nls\Sorting\Ids REPARSE Desired Access: Read 4/14/2022 12:40:52 PM Registry C:\Windows\system32\tasklist.exe BLUETEAM\ezk tasklist 1384 10676,benign
tasklist.exe,4132,RegOpenKey,HKLM\System\CurrentControlSet\Control\Nls\Sorting\Ids,SUCCESS,Desired Access: Read,4/14/2022 12:40:52 PM,Registry,C:\Windows\system32\tasklist.exe,BLUETEAM\ezk,tasklist,1384,10676,tasklist.exe 4132 RegOpenKey HKLM\System\CurrentControlSet\Control\Nls\Sorting\Ids SUCCESS Desired Access: Read 4/14/2022 12:40:52 PM Registry C:\Windows\system32\tasklist.exe BLUETEAM\ezk tasklist 1384 10676,benign
tasklist.exe,4132,RegQueryValue,HKLM\System\CurrentControlSet\Control\Nls\Sorting\Ids\en-US,NAME NOT FOUND,Length: 90,4/14/2022 12:40:52 PM,Registry,C:\Windows\system32\tasklist.exe,BLUETEAM\ezk,tasklist,1384,10676,tasklist.exe 4132 RegQueryValue HKLM\System\CurrentControlSet\Control\Nls\Sorting\Ids\en-US NAME NOT FOUND Length: 90 4/14/2022 12:40:52 PM Registry C:\Windows\system32\tasklist.exe BLUETEAM\ezk tasklist 1384 10676,benign
tasklist.exe,4132,RegQueryValue,HKLM\System\CurrentControlSet\Control\Nls\Sorting\Ids\en,NAME NOT FOUND,Length: 90,4/14/2022 12:40:52 PM,Registry,C:\Windows\system32\tasklist.exe,BLUETEAM\ezk,tasklist,1384,10676,tasklist.exe 4132 RegQueryValue HKLM\System\CurrentControlSet\Control\Nls\Sorting\Ids\en NAME NOT FOUND Length: 90 4/14/2022 12:40:52 PM Registry C:\Windows\system32\tasklist.exe BLUETEAM\ezk tasklist 1384 10676,benign
tasklist.exe,4132,RegQueryKey,HKLM,SUCCESS,"Query: HandleTags, HandleTags: 0x0",4/14/2022 12:40:52 PM,Registry,C:\Windows\system32\tasklist.exe,BLUETEAM\ezk,tasklist,1384,10676,"tasklist.exe 4132 RegQueryKey HKLM SUCCESS Query: HandleTags, HandleTags: 0x0 4/14/2022 12:40:52 PM Registry C:\Windows\system32\tasklist.exe BLUETEAM\ezk tasklist 1384 10676",benign
tasklist.exe,4132,RegQueryKey,HKLM,SUCCESS,"Query: HandleTags, HandleTags: 0x0",4/14/2022 12:40:52 PM,Registry,C:\Windows\system32\tasklist.exe,BLUETEAM\ezk,tasklist,1384,10676,"tasklist.exe 4132 RegQueryKey HKLM SUCCESS Query: HandleTags, HandleTags: 0x0 4/14/2022 12:40:52 PM Registry C:\Windows\system32\tasklist.exe BLUETEAM\ezk tasklist 1384 10676",benign
tasklist.exe,4132,RegCloseKey,HKLM\SOFTWARE\Microsoft\Ole,SUCCESS,,4/14/2022 12:40:52 PM,Registry,C:\Windows\system32\tasklist.exe,BLUETEAM\ezk,tasklist,1384,10676,tasklist.exe 4132 RegCloseKey HKLM\SOFTWARE\Microsoft\Ole SUCCESS None 4/14/2022 12:40:52 PM Registry C:\Windows\system32\tasklist.exe BLUETEAM\ezk tasklist 1384 10676,benign
tasklist.exe,4132,RegQueryValue,HKLM\SOFTWARE\Microsoft\Ole\PageAllocatorSystemHeapIsPrivate,NAME NOT FOUND,Length: 20,4/14/2022 12:40:52 PM,Registry,C:\Windows\system32\tasklist.exe,BLUETEAM\ezk,tasklist,1384,10676,tasklist.exe 4132 RegQueryValue HKLM\SOFTWARE\Microsoft\Ole\PageAllocatorSystemHeapIsPrivate NAME NOT FOUND Length: 20 4/14/2022 12:40:52 PM Registry C:\Windows\system32\tasklist.exe BLUETEAM\ezk tasklist 1384 10676,benign
tasklist.exe,4132,RegOpenKey,HKLM\SOFTWARE\Microsoft\OLE,SUCCESS,Desired Access: Read,4/14/2022 12:40:52 PM,Registry,C:\Windows\system32\tasklist.exe,BLUETEAM\ezk,tasklist,1384,10676,tasklist.exe 4132 RegOpenKey HKLM\SOFTWARE\Microsoft\OLE SUCCESS Desired Access: Read 4/14/2022 12:40:52 PM Registry C:\Windows\system32\tasklist.exe BLUETEAM\ezk tasklist 1384 10676,benign
tasklist.exe,4132,RegQueryKey,HKLM,SUCCESS,"Query: HandleTags, HandleTags: 0x0",4/14/2022 12:40:52 PM,Registry,C:\Windows\system32\tasklist.exe,BLUETEAM\ezk,tasklist,1384,10676,"tasklist.exe 4132 RegQueryKey HKLM SUCCESS Query: HandleTags, HandleTags: 0x0 4/14/2022 12:40:52 PM Registry C:\Windows\system32\tasklist.exe BLUETEAM\ezk tasklist 1384 10676",benign
tasklist.exe,4132,RegCloseKey,HKLM\SOFTWARE\Microsoft\Ole,SUCCESS,,4/14/2022 12:40:52 PM,Registry,C:\Windows\system32\tasklist.exe,BLUETEAM\ezk,tasklist,1384,10676,tasklist.exe 4132 RegCloseKey HKLM\SOFTWARE\Microsoft\Ole SUCCESS None 4/14/2022 12:40:52 PM Registry C:\Windows\system32\tasklist.exe BLUETEAM\ezk tasklist 1384 10676,benign
tasklist.exe,4132,RegCloseKey,HKLM\SOFTWARE\Microsoft\Windows NT\CurrentVersion\Windows,SUCCESS,,4/14/2022 12:40:52 PM,Registry,C:\Windows\system32\tasklist.exe,BLUETEAM\ezk,tasklist,1384,10676,tasklist.exe 4132 RegCloseKey HKLM\SOFTWARE\Microsoft\Windows NT\CurrentVersion\Windows SUCCESS None 4/14/2022 12:40:52 PM Registry C:\Windows\system32\tasklist.exe BLUETEAM\ezk tasklist 1384 10676,benign
tasklist.exe,4132,RegQueryValue,HKLM\SOFTWARE\Microsoft\Ole\PageAllocatorUseSystemHeap,NAME NOT FOUND,Length: 20,4/14/2022 12:40:52 PM,Registry,C:\Windows\system32\tasklist.exe,BLUETEAM\ezk,tasklist,1384,10676,tasklist.exe 4132 RegQueryValue HKLM\SOFTWARE\Microsoft\Ole\PageAllocatorUseSystemHeap NAME NOT FOUND Length: 20 4/14/2022 12:40:52 PM Registry C:\Windows\system32\tasklist.exe BLUETEAM\ezk tasklist 1384 10676,benign
tasklist.exe,4132,RegQueryKey,HKLM,SUCCESS,"Query: HandleTags, HandleTags: 0x0",4/14/2022 12:40:52 PM,Registry,C:\Windows\system32\tasklist.exe,BLUETEAM\ezk,tasklist,1384,10676,"tasklist.exe 4132 RegQueryKey HKLM SUCCESS Query: HandleTags, HandleTags: 0x0 4/14/2022 12:40:52 PM Registry C:\Windows\system32\tasklist.exe BLUETEAM\ezk tasklist 1384 10676",benign
tasklist.exe,4132,RegOpenKey,HKLM\System\CurrentControlSet\control\NetworkProvider\ProviderOrder,SUCCESS,Desired Access: Read,4/14/2022 12:40:52 PM,Registry,C:\Windows\system32\tasklist.exe,BLUETEAM\ezk,tasklist,1384,10676,tasklist.exe 4132 RegOpenKey HKLM\System\CurrentControlSet\control\NetworkProvider\ProviderOrder SUCCESS Desired Access: Read 4/14/2022 12:40:52 PM Registry C:\Windows\system32\tasklist.exe BLUETEAM\ezk tasklist 1384 10676,benign
tasklist.exe,4132,RegOpenKey,HKLM\system\CurrentControlSet\control\NetworkProvider\ProviderOrder,REPARSE,Desired Access: Read,4/14/2022 12:40:52 PM,Registry,C:\Windows\system32\tasklist.exe,BLUETEAM\ezk,tasklist,1384,10676,tasklist.exe 4132 RegOpenKey HKLM\system\CurrentControlSet\control\NetworkProvider\ProviderOrder REPARSE Desired Access: Read 4/14/2022 12:40:52 PM Registry C:\Windows\system32\tasklist.exe BLUETEAM\ezk tasklist 1384 10676,benign
tasklist.exe,4132,RegQueryKey,HKLM,SUCCESS,"Query: HandleTags, HandleTags: 0x0",4/14/2022 12:40:52 PM,Registry,C:\Windows\system32\tasklist.exe,BLUETEAM\ezk,tasklist,1384,10676,"tasklist.exe 4132 RegQueryKey HKLM SUCCESS Query: HandleTags, HandleTags: 0x0 4/14/2022 12:40:52 PM Registry C:\Windows\system32\tasklist.exe BLUETEAM\ezk tasklist 1384 10676",benign
tasklist.exe,4132,RegOpenKey,HKLM\System\CurrentControlSet\control\NetworkProvider\HwOrder,SUCCESS,Desired Access: Read,4/14/2022 12:40:52 PM,Registry,C:\Windows\system32\tasklist.exe,BLUETEAM\ezk,tasklist,1384,10676,tasklist.exe 4132 RegOpenKey HKLM\System\CurrentControlSet\control\NetworkProvider\HwOrder SUCCESS Desired Access: Read 4/14/2022 12:40:52 PM Registry C:\Windows\system32\tasklist.exe BLUETEAM\ezk tasklist 1384 10676,benign
tasklist.exe,4132,RegOpenKey,HKLM\system\CurrentControlSet\control\NetworkProvider\HwOrder,REPARSE,Desired Access: Read,4/14/2022 12:40:52 PM,Registry,C:\Windows\system32\tasklist.exe,BLUETEAM\ezk,tasklist,1384,10676,tasklist.exe 4132 RegOpenKey HKLM\system\CurrentControlSet\control\NetworkProvider\HwOrder REPARSE Desired Access: Read 4/14/2022 12:40:52 PM Registry C:\Windows\system32\tasklist.exe BLUETEAM\ezk tasklist 1384 10676,benign
tasklist.exe,4132,RegOpenKey,HKLM\SOFTWARE\Microsoft\OLE,SUCCESS,Desired Access: Read,4/14/2022 12:40:52 PM,Registry,C:\Windows\system32\tasklist.exe,BLUETEAM\ezk,tasklist,1384,10676,tasklist.exe 4132 RegOpenKey HKLM\SOFTWARE\Microsoft\OLE SUCCESS Desired Access: Read 4/14/2022 12:40:52 PM Registry C:\Windows\system32\tasklist.exe BLUETEAM\ezk tasklist 1384 10676,benign
tasklist.exe,4132,RegOpenKey,HKLM\SOFTWARE\Microsoft\OLE,SUCCESS,Desired Access: Read,4/14/2022 12:40:52 PM,Registry,C:\Windows\system32\tasklist.exe,BLUETEAM\ezk,tasklist,1384,10676,tasklist.exe 4132 RegOpenKey HKLM\SOFTWARE\Microsoft\OLE SUCCESS Desired Access: Read 4/14/2022 12:40:52 PM Registry C:\Windows\system32\tasklist.exe BLUETEAM\ezk tasklist 1384 10676,benign
tasklist.exe,4132,RegQueryValue,HKLM\SOFTWARE\Microsoft\Windows NT\CurrentVersion\Windows\LoadAppInit_DLLs,SUCCESS,"Type: REG_DWORD, Length: 4, Data: 0",4/14/2022 12:40:52 PM,Registry,C:\Windows\system32\tasklist.exe,BLUETEAM\ezk,tasklist,1384,10676,"tasklist.exe 4132 RegQueryValue HKLM\SOFTWARE\Microsoft\Windows NT\CurrentVersion\Windows\LoadAppInit_DLLs SUCCESS Type: REG_DWORD, Length: 4, Data: 0 4/14/2022 12:40:52 PM Registry C:\Windows\system32\tasklist.exe BLUETEAM\ezk tasklist 1384 10676",benign
tasklist.exe,4132,RegQueryKey,HKLM,SUCCESS,"Query: HandleTags, HandleTags: 0x0",4/14/2022 12:40:52 PM,Registry,C:\Windows\system32\tasklist.exe,BLUETEAM\ezk,tasklist,1384,10676,"tasklist.exe 4132 RegQueryKey HKLM SUCCESS Query: HandleTags, HandleTags: 0x0 4/14/2022 12:40:52 PM Registry C:\Windows\system32\tasklist.exe BLUETEAM\ezk tasklist 1384 10676",benign
tasklist.exe,4132,RegOpenKey,HKLM\Software\Microsoft\Windows NT\CurrentVersion\Compatibility32,SUCCESS,Desired Access: Read,4/14/2022 12:40:52 PM,Registry,C:\Windows\system32\tasklist.exe,BLUETEAM\ezk,tasklist,1384,10676,tasklist.exe 4132 RegOpenKey HKLM\Software\Microsoft\Windows NT\CurrentVersion\Compatibility32 SUCCESS Desired Access: Read 4/14/2022 12:40:52 PM Registry C:\Windows\system32\tasklist.exe BLUETEAM\ezk tasklist 1384 10676,benign
tasklist.exe,4132,RegQueryValue,HKLM\SOFTWARE\Microsoft\Windows NT\CurrentVersion\Compatibility32\tasklist,NAME NOT FOUND,Length: 172,4/14/2022 12:40:52 PM,Registry,C:\Windows\system32\tasklist.exe,BLUETEAM\ezk,tasklist,1384,10676,tasklist.exe 4132 RegQueryValue HKLM\SOFTWARE\Microsoft\Windows NT\CurrentVersion\Compatibility32\tasklist NAME NOT FOUND Length: 172 4/14/2022 12:40:52 PM Registry C:\Windows\system32\tasklist.exe BLUETEAM\ezk tasklist 1384 10676,benign
tasklist.exe,4132,RegCloseKey,HKLM\SOFTWARE\Microsoft\Windows NT\CurrentVersion\Compatibility32,SUCCESS,,4/14/2022 12:40:52 PM,Registry,C:\Windows\system32\tasklist.exe,BLUETEAM\ezk,tasklist,1384,10676,tasklist.exe 4132 RegCloseKey HKLM\SOFTWARE\Microsoft\Windows NT\CurrentVersion\Compatibility32 SUCCESS None 4/14/2022 12:40:52 PM Registry C:\Windows\system32\tasklist.exe BLUETEAM\ezk tasklist 1384 10676,benign
tasklist.exe,4132,RegOpenKey,HKLM\Software\Microsoft\Windows NT\CurrentVersion\IME Compatibility,NAME NOT FOUND,Desired Access: Read,4/14/2022 12:40:52 PM,Registry,C:\Windows\system32\tasklist.exe,BLUETEAM\ezk,tasklist,1384,10676,tasklist.exe 4132 RegOpenKey HKLM\Software\Microsoft\Windows NT\CurrentVersion\IME Compatibility NAME NOT FOUND Desired Access: Read 4/14/2022 12:40:52 PM Registry C:\Windows\system32\tasklist.exe BLUETEAM\ezk tasklist 1384 10676,benign
tasklist.exe,4132,RegOpenKey,HKCU,SUCCESS,"Desired Access: Maximum Allowed, Granted Access: All Access",4/14/2022 12:40:52 PM,Registry,C:\Windows\system32\tasklist.exe,BLUETEAM\ezk,tasklist,1384,10676,"tasklist.exe 4132 RegOpenKey HKCU SUCCESS Desired Access: Maximum Allowed, Granted Access: All Access 4/14/2022 12:40:52 PM Registry C:\Windows\system32\tasklist.exe BLUETEAM\ezk tasklist 1384 10676",benign
tasklist.exe,4132,RegOpenKey,HKCU\Control Panel\Desktop\MuiCached\MachineLanguageConfiguration,NAME NOT FOUND,Desired Access: Read,4/14/2022 12:40:52 PM,Registry,C:\Windows\system32\tasklist.exe,BLUETEAM\ezk,tasklist,1384,10676,tasklist.exe 4132 RegOpenKey HKCU\Control Panel\Desktop\MuiCached\MachineLanguageConfiguration NAME NOT FOUND Desired Access: Read 4/14/2022 12:40:52 PM Registry C:\Windows\system32\tasklist.exe BLUETEAM\ezk tasklist 1384 10676,benign
tasklist.exe,4132,RegCloseKey,HKCU,SUCCESS,,4/14/2022 12:40:52 PM,Registry,C:\Windows\system32\tasklist.exe,BLUETEAM\ezk,tasklist,1384,10676,tasklist.exe 4132 RegCloseKey HKCU SUCCESS None 4/14/2022 12:40:52 PM Registry C:\Windows\system32\tasklist.exe BLUETEAM\ezk tasklist 1384 10676,benign
tasklist.exe,4132,RegOpenKey,HKLM\Software\Policies\Microsoft\MUI\Settings,NAME NOT FOUND,Desired Access: Read,4/14/2022 12:40:52 PM,Registry,C:\Windows\system32\tasklist.exe,BLUETEAM\ezk,tasklist,1384,10676,tasklist.exe 4132 RegOpenKey HKLM\Software\Policies\Microsoft\MUI\Settings NAME NOT FOUND Desired Access: Read 4/14/2022 12:40:52 PM Registry C:\Windows\system32\tasklist.exe BLUETEAM\ezk tasklist 1384 10676,benign
tasklist.exe,4132,RegOpenKey,HKCU,SUCCESS,"Desired Access: Maximum Allowed, Granted Access: All Access",4/14/2022 12:40:52 PM,Registry,C:\Windows\system32\tasklist.exe,BLUETEAM\ezk,tasklist,1384,10676,"tasklist.exe 4132 RegOpenKey HKCU SUCCESS Desired Access: Maximum Allowed, Granted Access: All Access 4/14/2022 12:40:52 PM Registry C:\Windows\system32\tasklist.exe BLUETEAM\ezk tasklist 1384 10676",benign
tasklist.exe,4132,RegOpenKey,HKCU\Software\Policies\Microsoft\Control Panel\Desktop,NAME NOT FOUND,Desired Access: Read,4/14/2022 12:40:52 PM,Registry,C:\Windows\system32\tasklist.exe,BLUETEAM\ezk,tasklist,1384,10676,tasklist.exe 4132 RegOpenKey HKCU\Software\Policies\Microsoft\Control Panel\Desktop NAME NOT FOUND Desired Access: Read 4/14/2022 12:40:52 PM Registry C:\Windows\system32\tasklist.exe BLUETEAM\ezk tasklist 1384 10676,benign
tasklist.exe,4132,RegOpenKey,HKCU\Control Panel\Desktop\LanguageConfiguration,NAME NOT FOUND,Desired Access: Read,4/14/2022 12:40:52 PM,Registry,C:\Windows\system32\tasklist.exe,BLUETEAM\ezk,tasklist,1384,10676,tasklist.exe 4132 RegOpenKey HKCU\Control Panel\Desktop\LanguageConfiguration NAME NOT FOUND Desired Access: Read 4/14/2022 12:40:52 PM Registry C:\Windows\system32\tasklist.exe BLUETEAM\ezk tasklist 1384 10676,benign
tasklist.exe,4132,RegCloseKey,HKCU,SUCCESS,,4/14/2022 12:40:52 PM,Registry,C:\Windows\system32\tasklist.exe,BLUETEAM\ezk,tasklist,1384,10676,tasklist.exe 4132 RegCloseKey HKCU SUCCESS None 4/14/2022 12:40:52 PM Registry C:\Windows\system32\tasklist.exe BLUETEAM\ezk tasklist 1384 10676,benign
tasklist.exe,4132,RegOpenKey,HKLM\Software\Policies\Microsoft\MUI\Settings,NAME NOT FOUND,Desired Access: Read,4/14/2022 12:40:52 PM,Registry,C:\Windows\system32\tasklist.exe,BLUETEAM\ezk,tasklist,1384,10676,tasklist.exe 4132 RegOpenKey HKLM\Software\Policies\Microsoft\MUI\Settings NAME NOT FOUND Desired Access: Read 4/14/2022 12:40:52 PM Registry C:\Windows\system32\tasklist.exe BLUETEAM\ezk tasklist 1384 10676,benign
tasklist.exe,4132,RegOpenKey,HKCU,SUCCESS,"Desired Access: Maximum Allowed, Granted Access: All Access",4/14/2022 12:40:52 PM,Registry,C:\Windows\system32\tasklist.exe,BLUETEAM\ezk,tasklist,1384,10676,"tasklist.exe 4132 RegOpenKey HKCU SUCCESS Desired Access: Maximum Allowed, Granted Access: All Access 4/14/2022 12:40:52 PM Registry C:\Windows\system32\tasklist.exe BLUETEAM\ezk tasklist 1384 10676",benign
tasklist.exe,4132,RegOpenKey,HKCU\Software\Policies\Microsoft\Control Panel\Desktop,NAME NOT FOUND,Desired Access: Read,4/14/2022 12:40:52 PM,Registry,C:\Windows\system32\tasklist.exe,BLUETEAM\ezk,tasklist,1384,10676,tasklist.exe 4132 RegOpenKey HKCU\Software\Policies\Microsoft\Control Panel\Desktop NAME NOT FOUND Desired Access: Read 4/14/2022 12:40:52 PM Registry C:\Windows\system32\tasklist.exe BLUETEAM\ezk tasklist 1384 10676,benign
tasklist.exe,4132,RegOpenKey,HKCU\Control Panel\Desktop,SUCCESS,Desired Access: Read,4/14/2022 12:40:52 PM,Registry,C:\Windows\system32\tasklist.exe,BLUETEAM\ezk,tasklist,1384,10676,tasklist.exe 4132 RegOpenKey HKCU\Control Panel\Desktop SUCCESS Desired Access: Read 4/14/2022 12:40:52 PM Registry C:\Windows\system32\tasklist.exe BLUETEAM\ezk tasklist 1384 10676,benign
tasklist.exe,4132,RegQueryValue,HKCU\Control Panel\Desktop\PreferredUILanguages,NAME NOT FOUND,Length: 12,4/14/2022 12:40:52 PM,Registry,C:\Windows\system32\tasklist.exe,BLUETEAM\ezk,tasklist,1384,10676,tasklist.exe 4132 RegQueryValue HKCU\Control Panel\Desktop\PreferredUILanguages NAME NOT FOUND Length: 12 4/14/2022 12:40:52 PM Registry C:\Windows\system32\tasklist.exe BLUETEAM\ezk tasklist 1384 10676,benign
tasklist.exe,4132,RegOpenKey,HKLM,SUCCESS,"Desired Access: Maximum Allowed, Granted Access: All Access",4/14/2022 12:40:52 PM,Registry,C:\Windows\system32\tasklist.exe,BLUETEAM\ezk,tasklist,1384,10676,"tasklist.exe 4132 RegOpenKey HKLM SUCCESS Desired Access: Maximum Allowed, Granted Access: All Access 4/14/2022 12:40:52 PM Registry C:\Windows\system32\tasklist.exe BLUETEAM\ezk tasklist 1384 10676",benign
tasklist.exe,4132,CreateFile,C:\Windows\System32\en-US\tasklist.exe.mui,SUCCESS,"Desired Access: Read Data/List Directory, Synchronize, Disposition: Open, Options: Synchronous IO Non-Alert, Non-Directory File, Attributes: n/a, ShareMode: Read, Delete, AllocationSize: n/a, OpenResult: Opened",4/14/2022 12:40:52 PM,File System,C:\Windows\system32\tasklist.exe,BLUETEAM\ezk,tasklist,1384,10676,"tasklist.exe 4132 CreateFile C:\Windows\System32\en-US\tasklist.exe.mui SUCCESS Desired Access: Read Data/List Directory, Synchronize, Disposition: Open, Options: Synchronous IO Non-Alert, Non-Directory File, Attributes: n/a, ShareMode: Read, Delete, AllocationSize: n/a, OpenResult: Opened 4/14/2022 12:40:52 PM File System C:\Windows\system32\tasklist.exe BLUETEAM\ezk tasklist 1384 10676",benign
tasklist.exe,4132,RegOpenKey,HKLM\Software\Microsoft\LanguageOverlay\OverlayPackages\en-US,NAME NOT FOUND,Desired Access: Read,4/14/2022 12:40:52 PM,Registry,C:\Windows\system32\tasklist.exe,BLUETEAM\ezk,tasklist,1384,10676,tasklist.exe 4132 RegOpenKey HKLM\Software\Microsoft\LanguageOverlay\OverlayPackages\en-US NAME NOT FOUND Desired Access: Read 4/14/2022 12:40:52 PM Registry C:\Windows\system32\tasklist.exe BLUETEAM\ezk tasklist 1384 10676,benign
tasklist.exe,4132,RegOpenKey,HKLM\System\CurrentControlSet\Control\StateSeparation\RedirectionMap\Keys,NAME NOT FOUND,Desired Access: Read,4/14/2022 12:40:52 PM,Registry,C:\Windows\system32\tasklist.exe,BLUETEAM\ezk,tasklist,1384,10676,tasklist.exe 4132 RegOpenKey HKLM\System\CurrentControlSet\Control\StateSeparation\RedirectionMap\Keys NAME NOT FOUND Desired Access: Read 4/14/2022 12:40:52 PM Registry C:\Windows\system32\tasklist.exe BLUETEAM\ezk tasklist 1384 10676,benign
tasklist.exe,4132,RegOpenKey,HKLM\System\CurrentControlSet\Control\StateSeparation\RedirectionMap\Keys,REPARSE,Desired Access: Read,4/14/2022 12:40:52 PM,Registry,C:\Windows\system32\tasklist.exe,BLUETEAM\ezk,tasklist,1384,10676,tasklist.exe 4132 RegOpenKey HKLM\System\CurrentControlSet\Control\StateSeparation\RedirectionMap\Keys REPARSE Desired Access: Read 4/14/2022 12:40:52 PM Registry C:\Windows\system32\tasklist.exe BLUETEAM\ezk tasklist 1384 10676,benign
tasklist.exe,4132,RegCloseKey,HKCU,SUCCESS,,4/14/2022 12:40:52 PM,Registry,C:\Windows\system32\tasklist.exe,BLUETEAM\ezk,tasklist,1384,10676,tasklist.exe 4132 RegCloseKey HKCU SUCCESS None 4/14/2022 12:40:52 PM Registry C:\Windows\system32\tasklist.exe BLUETEAM\ezk tasklist 1384 10676,benign
tasklist.exe,4132,RegOpenKey,HKLM\Software\Microsoft\Windows NT\CurrentVersion\Windows,SUCCESS,Desired Access: Read,4/14/2022 12:40:52 PM,Registry,C:\Windows\system32\tasklist.exe,BLUETEAM\ezk,tasklist,1384,10676,tasklist.exe 4132 RegOpenKey HKLM\Software\Microsoft\Windows NT\CurrentVersion\Windows SUCCESS Desired Access: Read 4/14/2022 12:40:52 PM Registry C:\Windows\system32\tasklist.exe BLUETEAM\ezk tasklist 1384 10676,benign
tasklist.exe,4132,RegCloseKey,HKCU\Control Panel\Desktop\MuiCached,SUCCESS,,4/14/2022 12:40:52 PM,Registry,C:\Windows\system32\tasklist.exe,BLUETEAM\ezk,tasklist,1384,10676,tasklist.exe 4132 RegCloseKey HKCU\Control Panel\Desktop\MuiCached SUCCESS None 4/14/2022 12:40:52 PM Registry C:\Windows\system32\tasklist.exe BLUETEAM\ezk tasklist 1384 10676,benign
tasklist.exe,4132,RegQueryValue,HKCU\Control Panel\Desktop\MuiCached\MachinePreferredUILanguages,BUFFER OVERFLOW,Length: 12,4/14/2022 12:40:52 PM,Registry,C:\Windows\system32\tasklist.exe,BLUETEAM\ezk,tasklist,1384,10676,tasklist.exe 4132 RegQueryValue HKCU\Control Panel\Desktop\MuiCached\MachinePreferredUILanguages BUFFER OVERFLOW Length: 12 4/14/2022 12:40:52 PM Registry C:\Windows\system32\tasklist.exe BLUETEAM\ezk tasklist 1384 10676,benign
tasklist.exe,4132,RegOpenKey,HKCU\Control Panel\Desktop\MuiCached,SUCCESS,Desired Access: Read,4/14/2022 12:40:52 PM,Registry,C:\Windows\system32\tasklist.exe,BLUETEAM\ezk,tasklist,1384,10676,tasklist.exe 4132 RegOpenKey HKCU\Control Panel\Desktop\MuiCached SUCCESS Desired Access: Read 4/14/2022 12:40:52 PM Registry C:\Windows\system32\tasklist.exe BLUETEAM\ezk tasklist 1384 10676,benign
tasklist.exe,4132,RegOpenKey,HKCU,SUCCESS,"Desired Access: Maximum Allowed, Granted Access: All Access",4/14/2022 12:40:52 PM,Registry,C:\Windows\system32\tasklist.exe,BLUETEAM\ezk,tasklist,1384,10676,"tasklist.exe 4132 RegOpenKey HKCU SUCCESS Desired Access: Maximum Allowed, Granted Access: All Access 4/14/2022 12:40:52 PM Registry C:\Windows\system32\tasklist.exe BLUETEAM\ezk tasklist 1384 10676",benign
tasklist.exe,4132,RegOpenKey,HKLM\Software\Policies\Microsoft\MUI\Settings,NAME NOT FOUND,Desired Access: Read,4/14/2022 12:40:52 PM,Registry,C:\Windows\system32\tasklist.exe,BLUETEAM\ezk,tasklist,1384,10676,tasklist.exe 4132 RegOpenKey HKLM\Software\Policies\Microsoft\MUI\Settings NAME NOT FOUND Desired Access: Read 4/14/2022 12:40:52 PM Registry C:\Windows\system32\tasklist.exe BLUETEAM\ezk tasklist 1384 10676,benign
tasklist.exe,4132,RegCloseKey,HKCU,SUCCESS,,4/14/2022 12:40:52 PM,Registry,C:\Windows\system32\tasklist.exe,BLUETEAM\ezk,tasklist,1384,10676,tasklist.exe 4132 RegCloseKey HKCU SUCCESS None 4/14/2022 12:40:52 PM Registry C:\Windows\system32\tasklist.exe BLUETEAM\ezk tasklist 1384 10676,benign
tasklist.exe,4132,RegCloseKey,HKCU\Control Panel\Desktop,SUCCESS,,4/14/2022 12:40:52 PM,Registry,C:\Windows\system32\tasklist.exe,BLUETEAM\ezk,tasklist,1384,10676,tasklist.exe 4132 RegCloseKey HKCU\Control Panel\Desktop SUCCESS None 4/14/2022 12:40:52 PM Registry C:\Windows\system32\tasklist.exe BLUETEAM\ezk tasklist 1384 10676,benign
tasklist.exe,4132,RegQueryValue,HKCU\Control Panel\Desktop\MuiCached\MachinePreferredUILanguages,SUCCESS,"Type: REG_MULTI_SZ, Length: 12, Data: en-US",4/14/2022 12:40:52 PM,Registry,C:\Windows\system32\tasklist.exe,BLUETEAM\ezk,tasklist,1384,10676,"tasklist.exe 4132 RegQueryValue HKCU\Control Panel\Desktop\MuiCached\MachinePreferredUILanguages SUCCESS Type: REG_MULTI_SZ, Length: 12, Data: en-US 4/14/2022 12:40:52 PM Registry C:\Windows\system32\tasklist.exe BLUETEAM\ezk tasklist 1384 10676",benign
tasklist.exe,4132,CloseFile,C:\Windows\System32\tasklist.exe,SUCCESS,,4/14/2022 12:40:52 PM,File System,C:\Windows\system32\tasklist.exe,BLUETEAM\ezk,tasklist,1384,10676,tasklist.exe 4132 CloseFile C:\Windows\System32\tasklist.exe SUCCESS None 4/14/2022 12:40:52 PM File System C:\Windows\system32\tasklist.exe BLUETEAM\ezk tasklist 1384 10676,benign
tasklist.exe,4132,RegQueryValue,HKLM\SOFTWARE\Microsoft\Ole\AggressiveMTATesting,NAME NOT FOUND,Length: 16,4/14/2022 12:40:52 PM,Registry,C:\Windows\system32\tasklist.exe,BLUETEAM\ezk,tasklist,1384,10676,tasklist.exe 4132 RegQueryValue HKLM\SOFTWARE\Microsoft\Ole\AggressiveMTATesting NAME NOT FOUND Length: 16 4/14/2022 12:40:52 PM Registry C:\Windows\system32\tasklist.exe BLUETEAM\ezk tasklist 1384 10676,benign
tasklist.exe,4132,RegQueryKey,HKLM,SUCCESS,"Query: HandleTags, HandleTags: 0x0",4/14/2022 12:40:52 PM,Registry,C:\Windows\system32\tasklist.exe,BLUETEAM\ezk,tasklist,1384,10676,"tasklist.exe 4132 RegQueryKey HKLM SUCCESS Query: HandleTags, HandleTags: 0x0 4/14/2022 12:40:52 PM Registry C:\Windows\system32\tasklist.exe BLUETEAM\ezk tasklist 1384 10676",benign
tasklist.exe,4132,QueryBasicInformationFile,C:\Windows\System32\kernel.appcore.dll,SUCCESS,"CreationTime: 9/22/2021 5:21:47 PM, LastAccessTime: 4/14/2022 12:38:58 PM, LastWriteTime: 9/22/2021 5:21:47 PM, ChangeTime: 10/15/2021 2:25:23 PM, FileAttributes: A",4/14/2022 12:40:52 PM,File System,C:\Windows\system32\tasklist.exe,BLUETEAM\ezk,tasklist,1384,10676,"tasklist.exe 4132 QueryBasicInformationFile C:\Windows\System32\kernel.appcore.dll SUCCESS CreationTime: 9/22/2021 5:21:47 PM, LastAccessTime: 4/14/2022 12:38:58 PM, LastWriteTime: 9/22/2021 5:21:47 PM, ChangeTime: 10/15/2021 2:25:23 PM, FileAttributes: A 4/14/2022 12:40:52 PM File System C:\Windows\system32\tasklist.exe BLUETEAM\ezk tasklist 1384 10676",benign
tasklist.exe,4132,CloseFile,C:\Windows\System32\kernel.appcore.dll,SUCCESS,,4/14/2022 12:40:52 PM,File System,C:\Windows\system32\tasklist.exe,BLUETEAM\ezk,tasklist,1384,10676,tasklist.exe 4132 CloseFile C:\Windows\System32\kernel.appcore.dll SUCCESS None 4/14/2022 12:40:52 PM File System C:\Windows\system32\tasklist.exe BLUETEAM\ezk tasklist 1384 10676,benign
tasklist.exe,4132,CreateFile,C:\Windows\System32\kernel.appcore.dll,SUCCESS,"Desired Access: Read Data/List Directory, Execute/Traverse, Synchronize, Disposition: Open, Options: Synchronous IO Non-Alert, Non-Directory File, Attributes: n/a, ShareMode: Read, Delete, AllocationSize: n/a, OpenResult: Opened",4/14/2022 12:40:52 PM,File System,C:\Windows\system32\tasklist.exe,BLUETEAM\ezk,tasklist,1384,10676,"tasklist.exe 4132 CreateFile C:\Windows\System32\kernel.appcore.dll SUCCESS Desired Access: Read Data/List Directory, Execute/Traverse, Synchronize, Disposition: Open, Options: Synchronous IO Non-Alert, Non-Directory File, Attributes: n/a, ShareMode: Read, Delete, AllocationSize: n/a, OpenResult: Opened 4/14/2022 12:40:52 PM File System C:\Windows\system32\tasklist.exe BLUETEAM\ezk tasklist 1384 10676",benign
tasklist.exe,4132,CloseFile,C:\Windows\System32\kernel.appcore.dll,SUCCESS,,4/14/2022 12:40:52 PM,File System,C:\Windows\system32\tasklist.exe,BLUETEAM\ezk,tasklist,1384,10676,tasklist.exe 4132 CloseFile C:\Windows\System32\kernel.appcore.dll SUCCESS None 4/14/2022 12:40:52 PM File System C:\Windows\system32\tasklist.exe BLUETEAM\ezk tasklist 1384 10676,benign
tasklist.exe,4132,RegOpenKey,HKLM\System\CurrentControlSet\Control\Lsa\FipsAlgorithmPolicy,REPARSE,Desired Access: Query Value,4/14/2022 12:40:52 PM,Registry,C:\Windows\system32\tasklist.exe,BLUETEAM\ezk,tasklist,1384,10676,tasklist.exe 4132 RegOpenKey HKLM\System\CurrentControlSet\Control\Lsa\FipsAlgorithmPolicy REPARSE Desired Access: Query Value 4/14/2022 12:40:52 PM Registry C:\Windows\system32\tasklist.exe BLUETEAM\ezk tasklist 1384 10676,benign
tasklist.exe,4132,RegOpenKey,HKLM\System\CurrentControlSet\Control\Lsa\FipsAlgorithmPolicy,SUCCESS,Desired Access: Query Value,4/14/2022 12:40:52 PM,Registry,C:\Windows\system32\tasklist.exe,BLUETEAM\ezk,tasklist,1384,10676,tasklist.exe 4132 RegOpenKey HKLM\System\CurrentControlSet\Control\Lsa\FipsAlgorithmPolicy SUCCESS Desired Access: Query Value 4/14/2022 12:40:52 PM Registry C:\Windows\system32\tasklist.exe BLUETEAM\ezk tasklist 1384 10676,benign
tasklist.exe,4132,RegQueryValue,HKLM\System\CurrentControlSet\Control\Lsa\FipsAlgorithmPolicy\STE,NAME NOT FOUND,Length: 20,4/14/2022 12:40:52 PM,Registry,C:\Windows\system32\tasklist.exe,BLUETEAM\ezk,tasklist,1384,10676,tasklist.exe 4132 RegQueryValue HKLM\System\CurrentControlSet\Control\Lsa\FipsAlgorithmPolicy\STE NAME NOT FOUND Length: 20 4/14/2022 12:40:52 PM Registry C:\Windows\system32\tasklist.exe BLUETEAM\ezk tasklist 1384 10676,benign
tasklist.exe,4132,RegCloseKey,HKLM\System\CurrentControlSet\Control\Lsa\FipsAlgorithmPolicy,SUCCESS,,4/14/2022 12:40:52 PM,Registry,C:\Windows\system32\tasklist.exe,BLUETEAM\ezk,tasklist,1384,10676,tasklist.exe 4132 RegCloseKey HKLM\System\CurrentControlSet\Control\Lsa\FipsAlgorithmPolicy SUCCESS None 4/14/2022 12:40:52 PM Registry C:\Windows\system32\tasklist.exe BLUETEAM\ezk tasklist 1384 10676,benign
tasklist.exe,4132,RegOpenKey,HKLM\System\CurrentControlSet\Control\Lsa\FipsAlgorithmPolicy,REPARSE,Desired Access: Query Value,4/14/2022 12:40:52 PM,Registry,C:\Windows\system32\tasklist.exe,BLUETEAM\ezk,tasklist,1384,10676,tasklist.exe 4132 RegOpenKey HKLM\System\CurrentControlSet\Control\Lsa\FipsAlgorithmPolicy REPARSE Desired Access: Query Value 4/14/2022 12:40:52 PM Registry C:\Windows\system32\tasklist.exe BLUETEAM\ezk tasklist 1384 10676,benign
tasklist.exe,4132,RegOpenKey,HKLM\System\CurrentControlSet\Control\Lsa\FipsAlgorithmPolicy,SUCCESS,Desired Access: Query Value,4/14/2022 12:40:52 PM,Registry,C:\Windows\system32\tasklist.exe,BLUETEAM\ezk,tasklist,1384,10676,tasklist.exe 4132 RegOpenKey HKLM\System\CurrentControlSet\Control\Lsa\FipsAlgorithmPolicy SUCCESS Desired Access: Query Value 4/14/2022 12:40:52 PM Registry C:\Windows\system32\tasklist.exe BLUETEAM\ezk tasklist 1384 10676,benign
tasklist.exe,4132,RegQueryValue,HKLM\System\CurrentControlSet\Control\Lsa\FipsAlgorithmPolicy\Enabled,SUCCESS,"Type: REG_DWORD, Length: 4, Data: 0",4/14/2022 12:40:52 PM,Registry,C:\Windows\system32\tasklist.exe,BLUETEAM\ezk,tasklist,1384,10676,"tasklist.exe 4132 RegQueryValue HKLM\System\CurrentControlSet\Control\Lsa\FipsAlgorithmPolicy\Enabled SUCCESS Type: REG_DWORD, Length: 4, Data: 0 4/14/2022 12:40:52 PM Registry C:\Windows\system32\tasklist.exe BLUETEAM\ezk tasklist 1384 10676",benign
tasklist.exe,4132,RegOpenKey,HKLM\System\CurrentControlSet\Control\Lsa,REPARSE,Desired Access: Query Value,4/14/2022 12:40:52 PM,Registry,C:\Windows\system32\tasklist.exe,BLUETEAM\ezk,tasklist,1384,10676,tasklist.exe 4132 RegOpenKey HKLM\System\CurrentControlSet\Control\Lsa REPARSE Desired Access: Query Value 4/14/2022 12:40:52 PM Registry C:\Windows\system32\tasklist.exe BLUETEAM\ezk tasklist 1384 10676,benign
tasklist.exe,4132,RegOpenKey,HKLM\System\CurrentControlSet\Control\Lsa,SUCCESS,Desired Access: Query Value,4/14/2022 12:40:52 PM,Registry,C:\Windows\system32\tasklist.exe,BLUETEAM\ezk,tasklist,1384,10676,tasklist.exe 4132 RegOpenKey HKLM\System\CurrentControlSet\Control\Lsa SUCCESS Desired Access: Query Value 4/14/2022 12:40:52 PM Registry C:\Windows\system32\tasklist.exe BLUETEAM\ezk tasklist 1384 10676,benign
tasklist.exe,4132,RegQueryValue,HKLM\System\CurrentControlSet\Control\Lsa\FipsAlgorithmPolicy,NAME NOT FOUND,Length: 20,4/14/2022 12:40:52 PM,Registry,C:\Windows\system32\tasklist.exe,BLUETEAM\ezk,tasklist,1384,10676,tasklist.exe 4132 RegQueryValue HKLM\System\CurrentControlSet\Control\Lsa\FipsAlgorithmPolicy NAME NOT FOUND Length: 20 4/14/2022 12:40:52 PM Registry C:\Windows\system32\tasklist.exe BLUETEAM\ezk tasklist 1384 10676,benign
tasklist.exe,4132,RegQueryValue,HKLM\System\CurrentControlSet\Control\Lsa\FipsAlgorithmPolicy\MDMEnabled,NAME NOT FOUND,Length: 20,4/14/2022 12:40:52 PM,Registry,C:\Windows\system32\tasklist.exe,BLUETEAM\ezk,tasklist,1384,10676,tasklist.exe 4132 RegQueryValue HKLM\System\CurrentControlSet\Control\Lsa\FipsAlgorithmPolicy\MDMEnabled NAME NOT FOUND Length: 20 4/14/2022 12:40:52 PM Registry C:\Windows\system32\tasklist.exe BLUETEAM\ezk tasklist 1384 10676,benign
tasklist.exe,4132,RegCloseKey,HKLM\System\CurrentControlSet\Control\Lsa\FipsAlgorithmPolicy,SUCCESS,,4/14/2022 12:40:52 PM,Registry,C:\Windows\system32\tasklist.exe,BLUETEAM\ezk,tasklist,1384,10676,tasklist.exe 4132 RegCloseKey HKLM\System\CurrentControlSet\Control\Lsa\FipsAlgorithmPolicy SUCCESS None 4/14/2022 12:40:52 PM Registry C:\Windows\system32\tasklist.exe BLUETEAM\ezk tasklist 1384 10676,benign
tasklist.exe,4132,RegCloseKey,HKLM\System\CurrentControlSet\Control\Lsa,SUCCESS,,4/14/2022 12:40:52 PM,Registry,C:\Windows\system32\tasklist.exe,BLUETEAM\ezk,tasklist,1384,10676,tasklist.exe 4132 RegCloseKey HKLM\System\CurrentControlSet\Control\Lsa SUCCESS None 4/14/2022 12:40:52 PM Registry C:\Windows\system32\tasklist.exe BLUETEAM\ezk tasklist 1384 10676,benign
tasklist.exe,4132,RegCloseKey,HKLM\System\CurrentControlSet\Control\ComputerName\ActiveComputerName,SUCCESS,,4/14/2022 12:40:52 PM,Registry,C:\Windows\system32\tasklist.exe,BLUETEAM\ezk,tasklist,1384,10676,tasklist.exe 4132 RegCloseKey HKLM\System\CurrentControlSet\Control\ComputerName\ActiveComputerName SUCCESS None 4/14/2022 12:40:52 PM Registry C:\Windows\system32\tasklist.exe BLUETEAM\ezk tasklist 1384 10676,benign
tasklist.exe,4132,RegQueryValue,HKLM\System\CurrentControlSet\Control\ComputerName\ActiveComputerName\ComputerName,SUCCESS,"Type: REG_SZ, Length: 32, Data: DESKTOP-BA1RQFC",4/14/2022 12:40:52 PM,Registry,C:\Windows\system32\tasklist.exe,BLUETEAM\ezk,tasklist,1384,10676,"tasklist.exe 4132 RegQueryValue HKLM\System\CurrentControlSet\Control\ComputerName\ActiveComputerName\ComputerName SUCCESS Type: REG_SZ, Length: 32, Data: DESKTOP-BA1RQFC 4/14/2022 12:40:52 PM Registry C:\Windows\system32\tasklist.exe BLUETEAM\ezk tasklist 1384 10676",benign
tasklist.exe,4132,RegOpenKey,HKLM\System\CurrentControlSet\Control\ComputerName\ActiveComputerName,SUCCESS,Desired Access: Read,4/14/2022 12:40:52 PM,Registry,C:\Windows\system32\tasklist.exe,BLUETEAM\ezk,tasklist,1384,10676,tasklist.exe 4132 RegOpenKey HKLM\System\CurrentControlSet\Control\ComputerName\ActiveComputerName SUCCESS Desired Access: Read 4/14/2022 12:40:52 PM Registry C:\Windows\system32\tasklist.exe BLUETEAM\ezk tasklist 1384 10676,benign
tasklist.exe,4132,RegOpenKey,HKLM\System\CurrentControlSet\Control\ComputerName\ActiveComputerName,REPARSE,Desired Access: Read,4/14/2022 12:40:52 PM,Registry,C:\Windows\system32\tasklist.exe,BLUETEAM\ezk,tasklist,1384,10676,tasklist.exe 4132 RegOpenKey HKLM\System\CurrentControlSet\Control\ComputerName\ActiveComputerName REPARSE Desired Access: Read 4/14/2022 12:40:52 PM Registry C:\Windows\system32\tasklist.exe BLUETEAM\ezk tasklist 1384 10676,benign
tasklist.exe,4132,RegOpenKey,HKLM\System\CurrentControlSet\Services\CCG,NAME NOT FOUND,Desired Access: Read,4/14/2022 12:40:52 PM,Registry,C:\Windows\system32\tasklist.exe,BLUETEAM\ezk,tasklist,1384,10676,tasklist.exe 4132 RegOpenKey HKLM\System\CurrentControlSet\Services\CCG NAME NOT FOUND Desired Access: Read 4/14/2022 12:40:52 PM Registry C:\Windows\system32\tasklist.exe BLUETEAM\ezk tasklist 1384 10676,benign
tasklist.exe,4132,RegOpenKey,HKLM\System\CurrentControlSet\Services\CCG,REPARSE,Desired Access: Read,4/14/2022 12:40:52 PM,Registry,C:\Windows\system32\tasklist.exe,BLUETEAM\ezk,tasklist,1384,10676,tasklist.exe 4132 RegOpenKey HKLM\System\CurrentControlSet\Services\CCG REPARSE Desired Access: Read 4/14/2022 12:40:52 PM Registry C:\Windows\system32\tasklist.exe BLUETEAM\ezk tasklist 1384 10676,benign
tasklist.exe,4132,CreateFile,C:\Windows\System32\kernel.appcore.dll,SUCCESS,"Desired Access: Read Attributes, Disposition: Open, Options: Open Reparse Point, Attributes: n/a, ShareMode: Read, Write, Delete, AllocationSize: n/a, OpenResult: Opened",4/14/2022 12:40:52 PM,File System,C:\Windows\system32\tasklist.exe,BLUETEAM\ezk,tasklist,1384,10676,"tasklist.exe 4132 CreateFile C:\Windows\System32\kernel.appcore.dll SUCCESS Desired Access: Read Attributes, Disposition: Open, Options: Open Reparse Point, Attributes: n/a, ShareMode: Read, Write, Delete, AllocationSize: n/a, OpenResult: Opened 4/14/2022 12:40:52 PM File System C:\Windows\system32\tasklist.exe BLUETEAM\ezk tasklist 1384 10676",benign
tasklist.exe,4132,RegOpenKey,HKLM\System\CurrentControlSet\Services\CCG,NAME NOT FOUND,Desired Access: Read,4/14/2022 12:40:52 PM,Registry,C:\Windows\system32\tasklist.exe,BLUETEAM\ezk,tasklist,1384,10676,tasklist.exe 4132 RegOpenKey HKLM\System\CurrentControlSet\Services\CCG NAME NOT FOUND Desired Access: Read 4/14/2022 12:40:52 PM Registry C:\Windows\system32\tasklist.exe BLUETEAM\ezk tasklist 1384 10676,benign
tasklist.exe,4132,RegCloseKey,HKLM\SOFTWARE\Microsoft\Rpc,SUCCESS,,4/14/2022 12:40:52 PM,Registry,C:\Windows\system32\tasklist.exe,BLUETEAM\ezk,tasklist,1384,10676,tasklist.exe 4132 RegCloseKey HKLM\SOFTWARE\Microsoft\Rpc SUCCESS None 4/14/2022 12:40:52 PM Registry C:\Windows\system32\tasklist.exe BLUETEAM\ezk tasklist 1384 10676,benign
tasklist.exe,4132,RegQueryValue,HKLM\SOFTWARE\Microsoft\Rpc\MaxRpcSize,NAME NOT FOUND,Length: 16,4/14/2022 12:40:52 PM,Registry,C:\Windows\system32\tasklist.exe,BLUETEAM\ezk,tasklist,1384,10676,tasklist.exe 4132 RegQueryValue HKLM\SOFTWARE\Microsoft\Rpc\MaxRpcSize NAME NOT FOUND Length: 16 4/14/2022 12:40:52 PM Registry C:\Windows\system32\tasklist.exe BLUETEAM\ezk tasklist 1384 10676,benign
tasklist.exe,4132,RegOpenKey,HKLM\Software\Microsoft\Rpc,SUCCESS,Desired Access: Read,4/14/2022 12:40:52 PM,Registry,C:\Windows\system32\tasklist.exe,BLUETEAM\ezk,tasklist,1384,10676,tasklist.exe 4132 RegOpenKey HKLM\Software\Microsoft\Rpc SUCCESS Desired Access: Read 4/14/2022 12:40:52 PM Registry C:\Windows\system32\tasklist.exe BLUETEAM\ezk tasklist 1384 10676,benign
tasklist.exe,4132,RegQueryKey,HKLM,SUCCESS,"Query: HandleTags, HandleTags: 0x0",4/14/2022 12:40:52 PM,Registry,C:\Windows\system32\tasklist.exe,BLUETEAM\ezk,tasklist,1384,10676,"tasklist.exe 4132 RegQueryKey HKLM SUCCESS Query: HandleTags, HandleTags: 0x0 4/14/2022 12:40:52 PM Registry C:\Windows\system32\tasklist.exe BLUETEAM\ezk tasklist 1384 10676",benign
tasklist.exe,4132,RegOpenKey,HKLM\System\CurrentControlSet\Policies\Microsoft\Cryptography\Configuration,NAME NOT FOUND,Desired Access: Query Value,4/14/2022 12:40:52 PM,Registry,C:\Windows\system32\tasklist.exe,BLUETEAM\ezk,tasklist,1384,10676,tasklist.exe 4132 RegOpenKey HKLM\System\CurrentControlSet\Policies\Microsoft\Cryptography\Configuration NAME NOT FOUND Desired Access: Query Value 4/14/2022 12:40:52 PM Registry C:\Windows\system32\tasklist.exe BLUETEAM\ezk tasklist 1384 10676,benign
tasklist.exe,4132,RegOpenKey,HKLM\SYSTEM\CurrentControlSet\Policies\Microsoft\Cryptography\Configuration,REPARSE,Desired Access: Query Value,4/14/2022 12:40:52 PM,Registry,C:\Windows\system32\tasklist.exe,BLUETEAM\ezk,tasklist,1384,10676,tasklist.exe 4132 RegOpenKey HKLM\SYSTEM\CurrentControlSet\Policies\Microsoft\Cryptography\Configuration REPARSE Desired Access: Query Value 4/14/2022 12:40:52 PM Registry C:\Windows\system32\tasklist.exe BLUETEAM\ezk tasklist 1384 10676,benign
tasklist.exe,4132,RegOpenKey,HKLM\System\CurrentControlSet\Services\CCG,REPARSE,Desired Access: Read,4/14/2022 12:40:52 PM,Registry,C:\Windows\system32\tasklist.exe,BLUETEAM\ezk,tasklist,1384,10676,tasklist.exe 4132 RegOpenKey HKLM\System\CurrentControlSet\Services\CCG REPARSE Desired Access: Read 4/14/2022 12:40:52 PM Registry C:\Windows\system32\tasklist.exe BLUETEAM\ezk tasklist 1384 10676,benign
tasklist.exe,4132,RegCloseKey,HKLM\SOFTWARE\Microsoft\Ole,SUCCESS,,4/14/2022 12:40:52 PM,Registry,C:\Windows\system32\tasklist.exe,BLUETEAM\ezk,tasklist,1384,10676,tasklist.exe 4132 RegCloseKey HKLM\SOFTWARE\Microsoft\Ole SUCCESS None 4/14/2022 12:40:52 PM Registry C:\Windows\system32\tasklist.exe BLUETEAM\ezk tasklist 1384 10676,benign
tasklist.exe,4132,CloseFile,C:\Windows\System32\rpcss.dll,SUCCESS,,4/14/2022 12:40:52 PM,File System,C:\Windows\system32\tasklist.exe,BLUETEAM\ezk,tasklist,1384,10676,tasklist.exe 4132 CloseFile C:\Windows\System32\rpcss.dll SUCCESS None 4/14/2022 12:40:52 PM File System C:\Windows\system32\tasklist.exe BLUETEAM\ezk tasklist 1384 10676,benign
tasklist.exe,4132,CloseFile,C:\Windows\System32\rpcss.dll,SUCCESS,,4/14/2022 12:40:52 PM,File System,C:\Windows\system32\tasklist.exe,BLUETEAM\ezk,tasklist,1384,10676,tasklist.exe 4132 CloseFile C:\Windows\System32\rpcss.dll SUCCESS None 4/14/2022 12:40:52 PM File System C:\Windows\system32\tasklist.exe BLUETEAM\ezk tasklist 1384 10676,benign
tasklist.exe,4132,RegOpenKey,HKLM,SUCCESS,Desired Access: Read,4/14/2022 12:40:52 PM,Registry,C:\Windows\system32\tasklist.exe,BLUETEAM\ezk,tasklist,1384,10676,tasklist.exe 4132 RegOpenKey HKLM SUCCESS Desired Access: Read 4/14/2022 12:40:52 PM Registry C:\Windows\system32\tasklist.exe BLUETEAM\ezk tasklist 1384 10676,benign
tasklist.exe,4132,RegQueryKey,HKLM,SUCCESS,"Query: HandleTags, HandleTags: 0x100",4/14/2022 12:40:52 PM,Registry,C:\Windows\system32\tasklist.exe,BLUETEAM\ezk,tasklist,1384,10676,"tasklist.exe 4132 RegQueryKey HKLM SUCCESS Query: HandleTags, HandleTags: 0x100 4/14/2022 12:40:52 PM Registry C:\Windows\system32\tasklist.exe BLUETEAM\ezk tasklist 1384 10676",benign
tasklist.exe,4132,RegOpenKey,HKLM\Software\Microsoft\Ole\FeatureDevelopmentProperties,NAME NOT FOUND,Desired Access: Read,4/14/2022 12:40:52 PM,Registry,C:\Windows\system32\tasklist.exe,BLUETEAM\ezk,tasklist,1384,10676,tasklist.exe 4132 RegOpenKey HKLM\Software\Microsoft\Ole\FeatureDevelopmentProperties NAME NOT FOUND Desired Access: Read 4/14/2022 12:40:52 PM Registry C:\Windows\system32\tasklist.exe BLUETEAM\ezk tasklist 1384 10676,benign
tasklist.exe,4132,RegOpenKey,HKLM\SOFTWARE\Microsoft\AppModel\Lookaside\Packages,NAME NOT FOUND,Desired Access: Read,4/14/2022 12:40:52 PM,Registry,C:\Windows\system32\tasklist.exe,BLUETEAM\ezk,tasklist,1384,10676,tasklist.exe 4132 RegOpenKey HKLM\SOFTWARE\Microsoft\AppModel\Lookaside\Packages NAME NOT FOUND Desired Access: Read 4/14/2022 12:40:52 PM Registry C:\Windows\system32\tasklist.exe BLUETEAM\ezk tasklist 1384 10676,benign
tasklist.exe,4132,RegQueryKey,HKLM,SUCCESS,"Query: HandleTags, HandleTags: 0x100",4/14/2022 12:40:52 PM,Registry,C:\Windows\system32\tasklist.exe,BLUETEAM\ezk,tasklist,1384,10676,"tasklist.exe 4132 RegQueryKey HKLM SUCCESS Query: HandleTags, HandleTags: 0x100 4/14/2022 12:40:52 PM Registry C:\Windows\system32\tasklist.exe BLUETEAM\ezk tasklist 1384 10676",benign
tasklist.exe,4132,RegOpenKey,HKLM\Software\Microsoft\Ole\FeatureDevelopmentProperties,NAME NOT FOUND,Desired Access: Read,4/14/2022 12:40:52 PM,Registry,C:\Windows\system32\tasklist.exe,BLUETEAM\ezk,tasklist,1384,10676,tasklist.exe 4132 RegOpenKey HKLM\Software\Microsoft\Ole\FeatureDevelopmentProperties NAME NOT FOUND Desired Access: Read 4/14/2022 12:40:52 PM Registry C:\Windows\system32\tasklist.exe BLUETEAM\ezk tasklist 1384 10676,benign
tasklist.exe,4132,RegQueryKey,HKLM,SUCCESS,"Query: HandleTags, HandleTags: 0x100",4/14/2022 12:40:52 PM,Registry,C:\Windows\system32\tasklist.exe,BLUETEAM\ezk,tasklist,1384,10676,"tasklist.exe 4132 RegQueryKey HKLM SUCCESS Query: HandleTags, HandleTags: 0x100 4/14/2022 12:40:52 PM Registry C:\Windows\system32\tasklist.exe BLUETEAM\ezk tasklist 1384 10676",benign
tasklist.exe,4132,RegOpenKey,HKLM\Software\Microsoft\Ole,SUCCESS,Desired Access: Read,4/14/2022 12:40:52 PM,Registry,C:\Windows\system32\tasklist.exe,BLUETEAM\ezk,tasklist,1384,10676,tasklist.exe 4132 RegOpenKey HKLM\Software\Microsoft\Ole SUCCESS Desired Access: Read 4/14/2022 12:40:52 PM Registry C:\Windows\system32\tasklist.exe BLUETEAM\ezk tasklist 1384 10676,benign
tasklist.exe,4132,RegQueryKey,HKLM,SUCCESS,"Query: HandleTags, HandleTags: 0x0",4/14/2022 12:40:52 PM,Registry,C:\Windows\system32\tasklist.exe,BLUETEAM\ezk,tasklist,1384,10676,"tasklist.exe 4132 RegQueryKey HKLM SUCCESS Query: HandleTags, HandleTags: 0x0 4/14/2022 12:40:52 PM Registry C:\Windows\system32\tasklist.exe BLUETEAM\ezk tasklist 1384 10676",benign
tasklist.exe,4132,RegOpenKey,HKLM\Software\Microsoft\OLE\Tracing,NAME NOT FOUND,Desired Access: Read,4/14/2022 12:40:52 PM,Registry,C:\Windows\system32\tasklist.exe,BLUETEAM\ezk,tasklist,1384,10676,tasklist.exe 4132 RegOpenKey HKLM\Software\Microsoft\OLE\Tracing NAME NOT FOUND Desired Access: Read 4/14/2022 12:40:52 PM Registry C:\Windows\system32\tasklist.exe BLUETEAM\ezk tasklist 1384 10676,benign
tasklist.exe,4132,CreateFile,C:\Windows\System32\ole32.dll,SUCCESS,"Desired Access: Read Attributes, Disposition: Open, Options: Open Reparse Point, Attributes: n/a, ShareMode: Read, Write, Delete, AllocationSize: n/a, OpenResult: Opened",4/14/2022 12:40:52 PM,File System,C:\Windows\system32\tasklist.exe,BLUETEAM\ezk,tasklist,1384,10676,"tasklist.exe 4132 CreateFile C:\Windows\System32\ole32.dll SUCCESS Desired Access: Read Attributes, Disposition: Open, Options: Open Reparse Point, Attributes: n/a, ShareMode: Read, Write, Delete, AllocationSize: n/a, OpenResult: Opened 4/14/2022 12:40:52 PM File System C:\Windows\system32\tasklist.exe BLUETEAM\ezk tasklist 1384 10676",benign
tasklist.exe,4132,QueryBasicInformationFile,C:\Windows\System32\ole32.dll,SUCCESS,"CreationTime: 9/22/2021 5:22:03 PM, LastAccessTime: 4/14/2022 12:37:25 PM, LastWriteTime: 9/22/2021 5:22:03 PM, ChangeTime: 10/15/2021 2:25:23 PM, FileAttributes: A",4/14/2022 12:40:52 PM,File System,C:\Windows\system32\tasklist.exe,BLUETEAM\ezk,tasklist,1384,10676,"tasklist.exe 4132 QueryBasicInformationFile C:\Windows\System32\ole32.dll SUCCESS CreationTime: 9/22/2021 5:22:03 PM, LastAccessTime: 4/14/2022 12:37:25 PM, LastWriteTime: 9/22/2021 5:22:03 PM, ChangeTime: 10/15/2021 2:25:23 PM, FileAttributes: A 4/14/2022 12:40:52 PM File System C:\Windows\system32\tasklist.exe BLUETEAM\ezk tasklist 1384 10676",benign
tasklist.exe,4132,CloseFile,C:\Windows\System32\ole32.dll,SUCCESS,,4/14/2022 12:40:52 PM,File System,C:\Windows\system32\tasklist.exe,BLUETEAM\ezk,tasklist,1384,10676,tasklist.exe 4132 CloseFile C:\Windows\System32\ole32.dll SUCCESS None 4/14/2022 12:40:52 PM File System C:\Windows\system32\tasklist.exe BLUETEAM\ezk tasklist 1384 10676,benign
tasklist.exe,4132,CreateFile,C:\Windows\System32\ole32.dll,SUCCESS,"Desired Access: Read Data/List Directory, Synchronize, Disposition: Open, Options: Synchronous IO Non-Alert, Non-Directory File, Attributes: n/a, ShareMode: Read, Delete, AllocationSize: n/a, OpenResult: Opened",4/14/2022 12:40:52 PM,File System,C:\Windows\system32\tasklist.exe,BLUETEAM\ezk,tasklist,1384,10676,"tasklist.exe 4132 CreateFile C:\Windows\System32\ole32.dll SUCCESS Desired Access: Read Data/List Directory, Synchronize, Disposition: Open, Options: Synchronous IO Non-Alert, Non-Directory File, Attributes: n/a, ShareMode: Read, Delete, AllocationSize: n/a, OpenResult: Opened 4/14/2022 12:40:52 PM File System C:\Windows\system32\tasklist.exe BLUETEAM\ezk tasklist 1384 10676",benign
tasklist.exe,4132,CloseFile,C:\Windows\System32\ole32.dll,SUCCESS,,4/14/2022 12:40:52 PM,File System,C:\Windows\system32\tasklist.exe,BLUETEAM\ezk,tasklist,1384,10676,tasklist.exe 4132 CloseFile C:\Windows\System32\ole32.dll SUCCESS None 4/14/2022 12:40:52 PM File System C:\Windows\system32\tasklist.exe BLUETEAM\ezk tasklist 1384 10676,benign
tasklist.exe,4132,RegQueryKey,HKLM,SUCCESS,"Query: HandleTags, HandleTags: 0x0",4/14/2022 12:40:52 PM,Registry,C:\Windows\system32\tasklist.exe,BLUETEAM\ezk,tasklist,1384,10676,"tasklist.exe 4132 RegQueryKey HKLM SUCCESS Query: HandleTags, HandleTags: 0x0 4/14/2022 12:40:52 PM Registry C:\Windows\system32\tasklist.exe BLUETEAM\ezk tasklist 1384 10676",benign
tasklist.exe,4132,RegOpenKey,HKLM\SOFTWARE\Microsoft\OLEAUT,NAME NOT FOUND,Desired Access: Query Value,4/14/2022 12:40:52 PM,Registry,C:\Windows\system32\tasklist.exe,BLUETEAM\ezk,tasklist,1384,10676,tasklist.exe 4132 RegOpenKey HKLM\SOFTWARE\Microsoft\OLEAUT NAME NOT FOUND Desired Access: Query Value 4/14/2022 12:40:52 PM Registry C:\Windows\system32\tasklist.exe BLUETEAM\ezk tasklist 1384 10676,benign
tasklist.exe,4132,QueryBasicInformationFile,C:\Windows\System32\rpcss.dll,SUCCESS,"CreationTime: 9/22/2021 5:22:05 PM, LastAccessTime: 4/14/2022 12:38:58 PM, LastWriteTime: 9/22/2021 5:22:05 PM, ChangeTime: 10/15/2021 2:25:23 PM, FileAttributes: A",4/14/2022 12:40:52 PM,File System,C:\Windows\system32\tasklist.exe,BLUETEAM\ezk,tasklist,1384,10676,"tasklist.exe 4132 QueryBasicInformationFile C:\Windows\System32\rpcss.dll SUCCESS CreationTime: 9/22/2021 5:22:05 PM, LastAccessTime: 4/14/2022 12:38:58 PM, LastWriteTime: 9/22/2021 5:22:05 PM, ChangeTime: 10/15/2021 2:25:23 PM, FileAttributes: A 4/14/2022 12:40:52 PM File System C:\Windows\system32\tasklist.exe BLUETEAM\ezk tasklist 1384 10676",benign
tasklist.exe,4132,CreateFile,C:\Windows\System32\rpcss.dll,SUCCESS,"Desired Access: Read Attributes, Disposition: Open, Options: Open Reparse Point, Attributes: n/a, ShareMode: Read, Write, Delete, AllocationSize: n/a, OpenResult: Opened",4/14/2022 12:40:52 PM,File System,C:\Windows\system32\tasklist.exe,BLUETEAM\ezk,tasklist,1384,10676,"tasklist.exe 4132 CreateFile C:\Windows\System32\rpcss.dll SUCCESS Desired Access: Read Attributes, Disposition: Open, Options: Open Reparse Point, Attributes: n/a, ShareMode: Read, Write, Delete, AllocationSize: n/a, OpenResult: Opened 4/14/2022 12:40:52 PM File System C:\Windows\system32\tasklist.exe BLUETEAM\ezk tasklist 1384 10676",benign
tasklist.exe,4132,CreateFile,C:\Windows\System32\en-US\KernelBase.dll.mui,SUCCESS,"Desired Access: Read Data/List Directory, Synchronize, Disposition: Open, Options: Synchronous IO Non-Alert, Non-Directory File, Attributes: n/a, ShareMode: Read, Delete, AllocationSize: n/a, OpenResult: Opened",4/14/2022 12:40:52 PM,File System,C:\Windows\system32\tasklist.exe,BLUETEAM\ezk,tasklist,1384,10676,"tasklist.exe 4132 CreateFile C:\Windows\System32\en-US\KernelBase.dll.mui SUCCESS Desired Access: Read Data/List Directory, Synchronize, Disposition: Open, Options: Synchronous IO Non-Alert, Non-Directory File, Attributes: n/a, ShareMode: Read, Delete, AllocationSize: n/a, OpenResult: Opened 4/14/2022 12:40:52 PM File System C:\Windows\system32\tasklist.exe BLUETEAM\ezk tasklist 1384 10676",benign
tasklist.exe,4132,RegOpenKey,HKLM\Software\Microsoft\LanguageOverlay\OverlayPackages\en-US,NAME NOT FOUND,Desired Access: Read,4/14/2022 12:40:52 PM,Registry,C:\Windows\system32\tasklist.exe,BLUETEAM\ezk,tasklist,1384,10676,tasklist.exe 4132 RegOpenKey HKLM\Software\Microsoft\LanguageOverlay\OverlayPackages\en-US NAME NOT FOUND Desired Access: Read 4/14/2022 12:40:52 PM Registry C:\Windows\system32\tasklist.exe BLUETEAM\ezk tasklist 1384 10676,benign
tasklist.exe,4132,RegCloseKey,HKLM\System\CurrentControlSet\Services\LanmanWorkstation\Parameters,SUCCESS,,4/14/2022 12:40:52 PM,Registry,C:\Windows\system32\tasklist.exe,BLUETEAM\ezk,tasklist,1384,10676,tasklist.exe 4132 RegCloseKey HKLM\System\CurrentControlSet\Services\LanmanWorkstation\Parameters SUCCESS None 4/14/2022 12:40:52 PM Registry C:\Windows\system32\tasklist.exe BLUETEAM\ezk tasklist 1384 10676,benign
tasklist.exe,4132,RegQueryValue,HKLM\System\CurrentControlSet\Services\LanmanWorkstation\Parameters\RpcCacheTimeout,NAME NOT FOUND,Length: 16,4/14/2022 12:40:52 PM,Registry,C:\Windows\system32\tasklist.exe,BLUETEAM\ezk,tasklist,1384,10676,tasklist.exe 4132 RegQueryValue HKLM\System\CurrentControlSet\Services\LanmanWorkstation\Parameters\RpcCacheTimeout NAME NOT FOUND Length: 16 4/14/2022 12:40:52 PM Registry C:\Windows\system32\tasklist.exe BLUETEAM\ezk tasklist 1384 10676,benign
tasklist.exe,4132,CreateFile,C:\Windows\System32\rpcss.dll,SUCCESS,"Desired Access: Read Data/List Directory, Synchronize, Disposition: Open, Options: Synchronous IO Non-Alert, Non-Directory File, Attributes: n/a, ShareMode: Read, Delete, AllocationSize: n/a, OpenResult: Opened",4/14/2022 12:40:52 PM,File System,C:\Windows\system32\tasklist.exe,BLUETEAM\ezk,tasklist,1384,10676,"tasklist.exe 4132 CreateFile C:\Windows\System32\rpcss.dll SUCCESS Desired Access: Read Data/List Directory, Synchronize, Disposition: Open, Options: Synchronous IO Non-Alert, Non-Directory File, Attributes: n/a, ShareMode: Read, Delete, AllocationSize: n/a, OpenResult: Opened 4/14/2022 12:40:52 PM File System C:\Windows\system32\tasklist.exe BLUETEAM\ezk tasklist 1384 10676",benign
tasklist.exe,4132,RegOpenKey,HKLM\System\CurrentControlSet\Services\LanmanWorkstation\Parameters,SUCCESS,Desired Access: Query Value,4/14/2022 12:40:52 PM,Registry,C:\Windows\system32\tasklist.exe,BLUETEAM\ezk,tasklist,1384,10676,tasklist.exe 4132 RegOpenKey HKLM\System\CurrentControlSet\Services\LanmanWorkstation\Parameters SUCCESS Desired Access: Query Value 4/14/2022 12:40:52 PM Registry C:\Windows\system32\tasklist.exe BLUETEAM\ezk tasklist 1384 10676,benign
tasklist.exe,4132,RegQueryKey,HKLM,SUCCESS,"Query: HandleTags, HandleTags: 0x0",4/14/2022 12:40:52 PM,Registry,C:\Windows\system32\tasklist.exe,BLUETEAM\ezk,tasklist,1384,10676,"tasklist.exe 4132 RegQueryKey HKLM SUCCESS Query: HandleTags, HandleTags: 0x0 4/14/2022 12:40:52 PM Registry C:\Windows\system32\tasklist.exe BLUETEAM\ezk tasklist 1384 10676",benign
tasklist.exe,4132,RegCloseKey,HKLM\SOFTWARE\Microsoft\Wbem\CIMOM,SUCCESS,,4/14/2022 12:40:52 PM,Registry,C:\Windows\system32\tasklist.exe,BLUETEAM\ezk,tasklist,1384,10676,tasklist.exe 4132 RegCloseKey HKLM\SOFTWARE\Microsoft\Wbem\CIMOM SUCCESS None 4/14/2022 12:40:52 PM Registry C:\Windows\system32\tasklist.exe BLUETEAM\ezk tasklist 1384 10676,benign
tasklist.exe,4132,RegQueryValue,HKLM\SOFTWARE\Microsoft\Wbem\CIMOM\Logging,SUCCESS,"Type: REG_SZ, Length: 4, Data: 0",4/14/2022 12:40:52 PM,Registry,C:\Windows\system32\tasklist.exe,BLUETEAM\ezk,tasklist,1384,10676,"tasklist.exe 4132 RegQueryValue HKLM\SOFTWARE\Microsoft\Wbem\CIMOM\Logging SUCCESS Type: REG_SZ, Length: 4, Data: 0 4/14/2022 12:40:52 PM Registry C:\Windows\system32\tasklist.exe BLUETEAM\ezk tasklist 1384 10676",benign
tasklist.exe,4132,RegQueryKey,HKLM\SOFTWARE\Microsoft\Wbem\CIMOM,SUCCESS,"Query: Full, SubKeys: 2, Values: 55",4/14/2022 12:40:52 PM,Registry,C:\Windows\system32\tasklist.exe,BLUETEAM\ezk,tasklist,1384,10676,"tasklist.exe 4132 RegQueryKey HKLM\SOFTWARE\Microsoft\Wbem\CIMOM SUCCESS Query: Full, SubKeys: 2, Values: 55 4/14/2022 12:40:52 PM Registry C:\Windows\system32\tasklist.exe BLUETEAM\ezk tasklist 1384 10676",benign
tasklist.exe,4132,RegOpenKey,HKLM\SOFTWARE\Microsoft\WBEM\CIMOM,SUCCESS,Desired Access: Read,4/14/2022 12:40:52 PM,Registry,C:\Windows\system32\tasklist.exe,BLUETEAM\ezk,tasklist,1384,10676,tasklist.exe 4132 RegOpenKey HKLM\SOFTWARE\Microsoft\WBEM\CIMOM SUCCESS Desired Access: Read 4/14/2022 12:40:52 PM Registry C:\Windows\system32\tasklist.exe BLUETEAM\ezk tasklist 1384 10676,benign
tasklist.exe,4132,RegQueryKey,HKLM,SUCCESS,"Query: HandleTags, HandleTags: 0x0",4/14/2022 12:40:52 PM,Registry,C:\Windows\system32\tasklist.exe,BLUETEAM\ezk,tasklist,1384,10676,"tasklist.exe 4132 RegQueryKey HKLM SUCCESS Query: HandleTags, HandleTags: 0x0 4/14/2022 12:40:52 PM Registry C:\Windows\system32\tasklist.exe BLUETEAM\ezk tasklist 1384 10676",benign
tasklist.exe,4132,RegOpenKey,HKLM\System\CurrentControlSet\Services\LanmanWorkstation\Parameters,REPARSE,Desired Access: Query Value,4/14/2022 12:40:52 PM,Registry,C:\Windows\system32\tasklist.exe,BLUETEAM\ezk,tasklist,1384,10676,tasklist.exe 4132 RegOpenKey HKLM\System\CurrentControlSet\Services\LanmanWorkstation\Parameters REPARSE Desired Access: Query Value 4/14/2022 12:40:52 PM Registry C:\Windows\system32\tasklist.exe BLUETEAM\ezk tasklist 1384 10676,benign
tasklist.exe,4132,CloseFile,C:\Windows\Registration\R000000000006.clb,SUCCESS,,4/14/2022 12:40:52 PM,File System,C:\Windows\system32\tasklist.exe,BLUETEAM\ezk,tasklist,1384,10676,tasklist.exe 4132 CloseFile C:\Windows\Registration\R000000000006.clb SUCCESS None 4/14/2022 12:40:52 PM File System C:\Windows\system32\tasklist.exe BLUETEAM\ezk tasklist 1384 10676,benign
