Process Name,PID,Operation,Path,Result,Detail,Date & Time,Event Class,Image Path,User,Command Line,TID,Parent PID,Content,Label
cmd.exe,4092,Process Start,,SUCCESS,"Parent PID: 2524, Command line: cmd.exe /C schtasks /create /ru system /sc daily /tr ""cmd /c powershell.exe -ep bypass -file c:\T1036.004_NonExistingScript.ps1"" /tn win32times /f && schtasks /query /tn win32times, Current directory: C:\Windows\system32\, Environment: ;	ALLUSERSPROFILE=C:\ProgramData;	APPDATA=C:\Users\ezk\AppData\Roaming;	CommonProgramFiles=C:\Program Files\Common Files;	CommonProgramFiles(x86)=C:\Program Files (x86)\Common Files;	CommonProgramW6432=C:\Program Files\Common Files;	COMPUTERNAME=DESKTOP-BA1RQFC;	ComSpec=C:\Windows\system32\cmd.exe;	DriverData=C:\Windows\System32\Drivers\DriverData;	HOMEDRIVE=C:;	HOMEPATH=\Users\ezk;	LOCALAPPDATA=C:\Users\ezk\AppData\Local;	LOGONSERVER=\\DC02;	NUMBER_OF_PROCESSORS=2;	OneDrive=C:\Users\ezk\OneDrive;	OS=Windows_NT;	Path=C:\Windows\system32;C:\Windows;C:\Windows\System32\Wbem;C:\Windows\System32\WindowsPowerShell\v1.0\;C:\Windows\System32\OpenSSH\;C:\Users\ezk\AppData\Local\Microsoft\WindowsApps;	PATHEXT=.COM;.EXE;.BAT;.CMD;.VBS;.VBE;.JS;.JSE;.WSF;.WSH;.MSC;.CPL;	PROCESSOR_ARCHITECTURE=AMD64;	PROCESSOR_IDENTIFIER=Intel64 Family 6 Model 165 Stepping 5, GenuineIntel;	PROCESSOR_LEVEL=6;	PROCESSOR_REVISION=a505;	ProgramData=C:\ProgramData;	ProgramFiles=C:\Program Files;	ProgramFiles(x86)=C:\Program Files (x86);	ProgramW6432=C:\Program Files;	PSModulePath=C:\Users\ezk\Documents\WindowsPowerShell\Modules;C:\Program Files\WindowsPowerShell\Modules;C:\Windows\system32\WindowsPowerShell\v1.0\Modules;	PUBLIC=C:\Users\Public;	SystemDrive=C:;	SystemRoot=C:\Windows;	TEMP=C:\Users\ezk\AppData\Local\Temp;	TMP=C:\Users\ezk\AppData\Local\Temp;	USERDNSDOMAIN=BLUETEAM.COM;	USERDOMAIN=BLUETEAM;	USERDOMAIN_ROAMINGPROFILE=BLUETEAM;	USERNAME=ezk;	USERPROFILE=C:\Users\ezk;	windir=C:\Windows",4/14/2022 1:22:33 PM,Process,C:\Windows\system32\cmd.exe,BLUETEAM\ezk,"cmd.exe /C schtasks /create /ru system /sc daily /tr ""cmd /c powershell.exe -ep bypass -file c:\T1036.004_NonExistingScript.ps1"" /tn win32times /f && schtasks /query /tn win32times",8948,2524,"cmd.exe 4092 Process Start None SUCCESS Parent PID: 2524, Command line: cmd.exe /C schtasks /create /ru system /sc daily /tr ""cmd /c powershell.exe -ep bypass -file c:\T1036.004_NonExistingScript.ps1"" /tn win32times /f && schtasks /query /tn win32times, Current directory: C:\Windows\system32\, Environment: ;	ALLUSERSPROFILE=C:\ProgramData;	APPDATA=C:\Users\ezk\AppData\Roaming;	CommonProgramFiles=C:\Program Files\Common Files;	CommonProgramFiles(x86)=C:\Program Files (x86)\Common Files;	CommonProgramW6432=C:\Program Files\Common Files;	COMPUTERNAME=DESKTOP-BA1RQFC;	ComSpec=C:\Windows\system32\cmd.exe;	DriverData=C:\Windows\System32\Drivers\DriverData;	HOMEDRIVE=C:;	HOMEPATH=\Users\ezk;	LOCALAPPDATA=C:\Users\ezk\AppData\Local;	LOGONSERVER=\\DC02;	NUMBER_OF_PROCESSORS=2;	OneDrive=C:\Users\ezk\OneDrive;	OS=Windows_NT;	Path=C:\Windows\system32;C:\Windows;C:\Windows\System32\Wbem;C:\Windows\System32\WindowsPowerShell\v1.0\;C:\Windows\System32\OpenSSH\;C:\Users\ezk\AppData\Local\Microsoft\WindowsApps;	PATHEXT=.COM;.EXE;.BAT;.CMD;.VBS;.VBE;.JS;.JSE;.WSF;.WSH;.MSC;.CPL;	PROCESSOR_ARCHITECTURE=AMD64;	PROCESSOR_IDENTIFIER=Intel64 Family 6 Model 165 Stepping 5, GenuineIntel;	PROCESSOR_LEVEL=6;	PROCESSOR_REVISION=a505;	ProgramData=C:\ProgramData;	ProgramFiles=C:\Program Files;	ProgramFiles(x86)=C:\Program Files (x86);	ProgramW6432=C:\Program Files;	PSModulePath=C:\Users\ezk\Documents\WindowsPowerShell\Modules;C:\Program Files\WindowsPowerShell\Modules;C:\Windows\system32\WindowsPowerShell\v1.0\Modules;	PUBLIC=C:\Users\Public;	SystemDrive=C:;	SystemRoot=C:\Windows;	TEMP=C:\Users\ezk\AppData\Local\Temp;	TMP=C:\Users\ezk\AppData\Local\Temp;	USERDNSDOMAIN=BLUETEAM.COM;	USERDOMAIN=BLUETEAM;	USERDOMAIN_ROAMINGPROFILE=BLUETEAM;	USERNAME=ezk;	USERPROFILE=C:\Users\ezk;	windir=C:\Windows 4/14/2022 1:22:33 PM Process C:\Windows\system32\cmd.exe BLUETEAM\ezk cmd.exe /C schtasks /create /ru system /sc daily /tr ""cmd /c powershell.exe -ep bypass -file c:\T1036.004_NonExistingScript.ps1"" /tn win32times /f && schtasks /query /tn win32times 8948 2524",benign
schtasks.exe,4724,RegOpenKey,HKLM\System\CurrentControlSet\Control\Srp\GP\DLL,NAME NOT FOUND,Desired Access: Read,4/14/2022 1:22:33 PM,Registry,C:\Windows\system32\schtasks.exe,BLUETEAM\ezk,schtasks  /query /tn win32times,2256,4092,schtasks.exe 4724 RegOpenKey HKLM\System\CurrentControlSet\Control\Srp\GP\DLL NAME NOT FOUND Desired Access: Read 4/14/2022 1:22:33 PM Registry C:\Windows\system32\schtasks.exe BLUETEAM\ezk schtasks  /query /tn win32times 2256 4092,benign
schtasks.exe,4724,RegOpenKey,HKLM\Software\Policies\Microsoft\Windows\Safer\CodeIdentifiers,SUCCESS,Desired Access: Query Value,4/14/2022 1:22:33 PM,Registry,C:\Windows\system32\schtasks.exe,BLUETEAM\ezk,schtasks  /query /tn win32times,2256,4092,schtasks.exe 4724 RegOpenKey HKLM\Software\Policies\Microsoft\Windows\Safer\CodeIdentifiers SUCCESS Desired Access: Query Value 4/14/2022 1:22:33 PM Registry C:\Windows\system32\schtasks.exe BLUETEAM\ezk schtasks  /query /tn win32times 2256 4092,benign
schtasks.exe,4724,RegQueryValue,HKLM\SOFTWARE\Policies\Microsoft\Windows\safer\codeidentifiers\TransparentEnabled,NAME NOT FOUND,Length: 80,4/14/2022 1:22:33 PM,Registry,C:\Windows\system32\schtasks.exe,BLUETEAM\ezk,schtasks  /query /tn win32times,2256,4092,schtasks.exe 4724 RegQueryValue HKLM\SOFTWARE\Policies\Microsoft\Windows\safer\codeidentifiers\TransparentEnabled NAME NOT FOUND Length: 80 4/14/2022 1:22:33 PM Registry C:\Windows\system32\schtasks.exe BLUETEAM\ezk schtasks  /query /tn win32times 2256 4092,benign
schtasks.exe,4724,RegCloseKey,HKLM\SOFTWARE\Policies\Microsoft\Windows\safer\codeidentifiers,SUCCESS,,4/14/2022 1:22:33 PM,Registry,C:\Windows\system32\schtasks.exe,BLUETEAM\ezk,schtasks  /query /tn win32times,2256,4092,schtasks.exe 4724 RegCloseKey HKLM\SOFTWARE\Policies\Microsoft\Windows\safer\codeidentifiers SUCCESS None 4/14/2022 1:22:33 PM Registry C:\Windows\system32\schtasks.exe BLUETEAM\ezk schtasks  /query /tn win32times 2256 4092,benign
schtasks.exe,4724,RegOpenKey,HKCU\Software\Policies\Microsoft\Windows\Safer\CodeIdentifiers,NAME NOT FOUND,Desired Access: Query Value,4/14/2022 1:22:33 PM,Registry,C:\Windows\system32\schtasks.exe,BLUETEAM\ezk,schtasks  /query /tn win32times,2256,4092,schtasks.exe 4724 RegOpenKey HKCU\Software\Policies\Microsoft\Windows\Safer\CodeIdentifiers NAME NOT FOUND Desired Access: Query Value 4/14/2022 1:22:33 PM Registry C:\Windows\system32\schtasks.exe BLUETEAM\ezk schtasks  /query /tn win32times 2256 4092,benign
schtasks.exe,4724,RegOpenKey,HKLM\System\CurrentControlSet\Control\FileSystem\,REPARSE,Desired Access: Read,4/14/2022 1:22:33 PM,Registry,C:\Windows\system32\schtasks.exe,BLUETEAM\ezk,schtasks  /query /tn win32times,2256,4092,schtasks.exe 4724 RegOpenKey HKLM\System\CurrentControlSet\Control\FileSystem\ REPARSE Desired Access: Read 4/14/2022 1:22:33 PM Registry C:\Windows\system32\schtasks.exe BLUETEAM\ezk schtasks  /query /tn win32times 2256 4092,benign
schtasks.exe,4724,RegOpenKey,HKLM\System\CurrentControlSet\Control\FileSystem,SUCCESS,Desired Access: Read,4/14/2022 1:22:33 PM,Registry,C:\Windows\system32\schtasks.exe,BLUETEAM\ezk,schtasks  /query /tn win32times,2256,4092,schtasks.exe 4724 RegOpenKey HKLM\System\CurrentControlSet\Control\FileSystem SUCCESS Desired Access: Read 4/14/2022 1:22:33 PM Registry C:\Windows\system32\schtasks.exe BLUETEAM\ezk schtasks  /query /tn win32times 2256 4092,benign
schtasks.exe,4724,RegQueryValue,HKLM\System\CurrentControlSet\Control\FileSystem\LongPathsEnabled,SUCCESS,"Type: REG_DWORD, Length: 4, Data: 0",4/14/2022 1:22:33 PM,Registry,C:\Windows\system32\schtasks.exe,BLUETEAM\ezk,schtasks  /query /tn win32times,2256,4092,"schtasks.exe 4724 RegQueryValue HKLM\System\CurrentControlSet\Control\FileSystem\LongPathsEnabled SUCCESS Type: REG_DWORD, Length: 4, Data: 0 4/14/2022 1:22:33 PM Registry C:\Windows\system32\schtasks.exe BLUETEAM\ezk schtasks  /query /tn win32times 2256 4092",benign
schtasks.exe,4724,RegCloseKey,HKLM\System\CurrentControlSet\Control\FileSystem,SUCCESS,,4/14/2022 1:22:33 PM,Registry,C:\Windows\system32\schtasks.exe,BLUETEAM\ezk,schtasks  /query /tn win32times,2256,4092,schtasks.exe 4724 RegCloseKey HKLM\System\CurrentControlSet\Control\FileSystem SUCCESS None 4/14/2022 1:22:33 PM Registry C:\Windows\system32\schtasks.exe BLUETEAM\ezk schtasks  /query /tn win32times 2256 4092,benign
schtasks.exe,4724,RegOpenKey,HKLM\System\CurrentControlSet\Control\Nls\Sorting\Versions,REPARSE,Desired Access: Read,4/14/2022 1:22:33 PM,Registry,C:\Windows\system32\schtasks.exe,BLUETEAM\ezk,schtasks  /query /tn win32times,2256,4092,schtasks.exe 4724 RegOpenKey HKLM\System\CurrentControlSet\Control\Nls\Sorting\Versions REPARSE Desired Access: Read 4/14/2022 1:22:33 PM Registry C:\Windows\system32\schtasks.exe BLUETEAM\ezk schtasks  /query /tn win32times 2256 4092,benign
schtasks.exe,4724,RegOpenKey,HKLM\System\CurrentControlSet\Control\Nls\Sorting\Versions,SUCCESS,Desired Access: Read,4/14/2022 1:22:33 PM,Registry,C:\Windows\system32\schtasks.exe,BLUETEAM\ezk,schtasks  /query /tn win32times,2256,4092,schtasks.exe 4724 RegOpenKey HKLM\System\CurrentControlSet\Control\Nls\Sorting\Versions SUCCESS Desired Access: Read 4/14/2022 1:22:33 PM Registry C:\Windows\system32\schtasks.exe BLUETEAM\ezk schtasks  /query /tn win32times 2256 4092,benign
schtasks.exe,4724,RegQueryValue,HKLM\System\CurrentControlSet\Control\Nls\Sorting\Versions\(Default),SUCCESS,"Type: REG_SZ, Length: 18, Data: 00060305",4/14/2022 1:22:33 PM,Registry,C:\Windows\system32\schtasks.exe,BLUETEAM\ezk,schtasks  /query /tn win32times,2256,4092,"schtasks.exe 4724 RegQueryValue HKLM\System\CurrentControlSet\Control\Nls\Sorting\Versions\(Default) SUCCESS Type: REG_SZ, Length: 18, Data: 00060305 4/14/2022 1:22:33 PM Registry C:\Windows\system32\schtasks.exe BLUETEAM\ezk schtasks  /query /tn win32times 2256 4092",benign
schtasks.exe,4724,RegQueryValue,HKLM\System\CurrentControlSet\Control\Nls\Sorting\Versions\000603xx,SUCCESS,"Type: REG_SZ, Length: 26, Data: kernel32.dll",4/14/2022 1:22:33 PM,Registry,C:\Windows\system32\schtasks.exe,BLUETEAM\ezk,schtasks  /query /tn win32times,2256,4092,"schtasks.exe 4724 RegQueryValue HKLM\System\CurrentControlSet\Control\Nls\Sorting\Versions\000603xx SUCCESS Type: REG_SZ, Length: 26, Data: kernel32.dll 4/14/2022 1:22:33 PM Registry C:\Windows\system32\schtasks.exe BLUETEAM\ezk schtasks  /query /tn win32times 2256 4092",benign
schtasks.exe,4724,RegOpenKey,HKLM\SYSTEM\CurrentControlSet\Control\Session Manager,REPARSE,"Desired Access: Query Value, Enumerate Sub Keys",4/14/2022 1:22:33 PM,Registry,C:\Windows\system32\schtasks.exe,BLUETEAM\ezk,schtasks  /query /tn win32times,2256,4092,"schtasks.exe 4724 RegOpenKey HKLM\SYSTEM\CurrentControlSet\Control\Session Manager REPARSE Desired Access: Query Value, Enumerate Sub Keys 4/14/2022 1:22:33 PM Registry C:\Windows\system32\schtasks.exe BLUETEAM\ezk schtasks  /query /tn win32times 2256 4092",benign
schtasks.exe,4724,RegOpenKey,HKLM\System\CurrentControlSet\Control\Session Manager,SUCCESS,"Desired Access: Query Value, Enumerate Sub Keys",4/14/2022 1:22:33 PM,Registry,C:\Windows\system32\schtasks.exe,BLUETEAM\ezk,schtasks  /query /tn win32times,2256,4092,"schtasks.exe 4724 RegOpenKey HKLM\System\CurrentControlSet\Control\Session Manager SUCCESS Desired Access: Query Value, Enumerate Sub Keys 4/14/2022 1:22:33 PM Registry C:\Windows\system32\schtasks.exe BLUETEAM\ezk schtasks  /query /tn win32times 2256 4092",benign
schtasks.exe,4724,RegQueryValue,HKLM\System\CurrentControlSet\Control\Session Manager\ResourcePolicies,NAME NOT FOUND,Length: 24,4/14/2022 1:22:33 PM,Registry,C:\Windows\system32\schtasks.exe,BLUETEAM\ezk,schtasks  /query /tn win32times,2256,4092,schtasks.exe 4724 RegQueryValue HKLM\System\CurrentControlSet\Control\Session Manager\ResourcePolicies NAME NOT FOUND Length: 24 4/14/2022 1:22:33 PM Registry C:\Windows\system32\schtasks.exe BLUETEAM\ezk schtasks  /query /tn win32times 2256 4092,benign
schtasks.exe,4724,RegCloseKey,HKLM\System\CurrentControlSet\Control\Session Manager,SUCCESS,,4/14/2022 1:22:33 PM,Registry,C:\Windows\system32\schtasks.exe,BLUETEAM\ezk,schtasks  /query /tn win32times,2256,4092,schtasks.exe 4724 RegCloseKey HKLM\System\CurrentControlSet\Control\Session Manager SUCCESS None 4/14/2022 1:22:33 PM Registry C:\Windows\system32\schtasks.exe BLUETEAM\ezk schtasks  /query /tn win32times 2256 4092,benign
schtasks.exe,4724,RegOpenKey,HKLM\SYSTEM\CurrentControlSet\Control\Session Manager,REPARSE,"Desired Access: Query Value, Enumerate Sub Keys",4/14/2022 1:22:33 PM,Registry,C:\Windows\system32\schtasks.exe,BLUETEAM\ezk,schtasks  /query /tn win32times,2256,4092,"schtasks.exe 4724 RegOpenKey HKLM\SYSTEM\CurrentControlSet\Control\Session Manager REPARSE Desired Access: Query Value, Enumerate Sub Keys 4/14/2022 1:22:33 PM Registry C:\Windows\system32\schtasks.exe BLUETEAM\ezk schtasks  /query /tn win32times 2256 4092",benign
schtasks.exe,4724,RegOpenKey,HKLM\System\CurrentControlSet\Control\Session Manager,SUCCESS,"Desired Access: Query Value, Enumerate Sub Keys",4/14/2022 1:22:33 PM,Registry,C:\Windows\system32\schtasks.exe,BLUETEAM\ezk,schtasks  /query /tn win32times,2256,4092,"schtasks.exe 4724 RegOpenKey HKLM\System\CurrentControlSet\Control\Session Manager SUCCESS Desired Access: Query Value, Enumerate Sub Keys 4/14/2022 1:22:33 PM Registry C:\Windows\system32\schtasks.exe BLUETEAM\ezk schtasks  /query /tn win32times 2256 4092",benign
schtasks.exe,4724,RegQueryValue,HKLM\System\CurrentControlSet\Control\Session Manager\ResourcePolicies,NAME NOT FOUND,Length: 24,4/14/2022 1:22:33 PM,Registry,C:\Windows\system32\schtasks.exe,BLUETEAM\ezk,schtasks  /query /tn win32times,2256,4092,schtasks.exe 4724 RegQueryValue HKLM\System\CurrentControlSet\Control\Session Manager\ResourcePolicies NAME NOT FOUND Length: 24 4/14/2022 1:22:33 PM Registry C:\Windows\system32\schtasks.exe BLUETEAM\ezk schtasks  /query /tn win32times 2256 4092,benign
schtasks.exe,4724,RegCloseKey,HKLM\System\CurrentControlSet\Control\Session Manager,SUCCESS,,4/14/2022 1:22:33 PM,Registry,C:\Windows\system32\schtasks.exe,BLUETEAM\ezk,schtasks  /query /tn win32times,2256,4092,schtasks.exe 4724 RegCloseKey HKLM\System\CurrentControlSet\Control\Session Manager SUCCESS None 4/14/2022 1:22:33 PM Registry C:\Windows\system32\schtasks.exe BLUETEAM\ezk schtasks  /query /tn win32times 2256 4092,benign
schtasks.exe,4724,RegOpenKey,HKLM,SUCCESS,"Desired Access: Maximum Allowed, Granted Access: All Access",4/14/2022 1:22:33 PM,Registry,C:\Windows\system32\schtasks.exe,BLUETEAM\ezk,schtasks  /query /tn win32times,2256,4092,"schtasks.exe 4724 RegOpenKey HKLM SUCCESS Desired Access: Maximum Allowed, Granted Access: All Access 4/14/2022 1:22:33 PM Registry C:\Windows\system32\schtasks.exe BLUETEAM\ezk schtasks  /query /tn win32times 2256 4092",benign
schtasks.exe,4724,RegQueryKey,HKLM,SUCCESS,"Query: HandleTags, HandleTags: 0x0",4/14/2022 1:22:33 PM,Registry,C:\Windows\system32\schtasks.exe,BLUETEAM\ezk,schtasks  /query /tn win32times,2256,4092,"schtasks.exe 4724 RegQueryKey HKLM SUCCESS Query: HandleTags, HandleTags: 0x0 4/14/2022 1:22:33 PM Registry C:\Windows\system32\schtasks.exe BLUETEAM\ezk schtasks  /query /tn win32times 2256 4092",benign
schtasks.exe,4724,RegOpenKey,HKLM\System\CurrentControlSet\Control\Srp\GP\DLL,REPARSE,Desired Access: Read,4/14/2022 1:22:33 PM,Registry,C:\Windows\system32\schtasks.exe,BLUETEAM\ezk,schtasks  /query /tn win32times,2256,4092,schtasks.exe 4724 RegOpenKey HKLM\System\CurrentControlSet\Control\Srp\GP\DLL REPARSE Desired Access: Read 4/14/2022 1:22:33 PM Registry C:\Windows\system32\schtasks.exe BLUETEAM\ezk schtasks  /query /tn win32times 2256 4092,benign
schtasks.exe,4724,RegOpenKey,HKLM\System\CurrentControlSet\Control\SafeBoot\Option,NAME NOT FOUND,"Desired Access: Query Value, Set Value",4/14/2022 1:22:33 PM,Registry,C:\Windows\system32\schtasks.exe,BLUETEAM\ezk,schtasks  /query /tn win32times,2256,4092,"schtasks.exe 4724 RegOpenKey HKLM\System\CurrentControlSet\Control\SafeBoot\Option NAME NOT FOUND Desired Access: Query Value, Set Value 4/14/2022 1:22:33 PM Registry C:\Windows\system32\schtasks.exe BLUETEAM\ezk schtasks  /query /tn win32times 2256 4092",benign
schtasks.exe,4724,RegOpenKey,HKLM\System\CurrentControlSet\Control\SafeBoot\Option,REPARSE,"Desired Access: Query Value, Set Value",4/14/2022 1:22:33 PM,Registry,C:\Windows\system32\schtasks.exe,BLUETEAM\ezk,schtasks  /query /tn win32times,2256,4092,"schtasks.exe 4724 RegOpenKey HKLM\System\CurrentControlSet\Control\SafeBoot\Option REPARSE Desired Access: Query Value, Set Value 4/14/2022 1:22:33 PM Registry C:\Windows\system32\schtasks.exe BLUETEAM\ezk schtasks  /query /tn win32times 2256 4092",benign
schtasks.exe,4724,CreateFile,C:\Windows\System32,SUCCESS,"Desired Access: Execute/Traverse, Synchronize, Disposition: Open, Options: Directory, Synchronous IO Non-Alert, Attributes: n/a, ShareMode: Read, Write, AllocationSize: n/a, OpenResult: Opened",4/14/2022 1:22:33 PM,File System,C:\Windows\system32\schtasks.exe,BLUETEAM\ezk,schtasks  /query /tn win32times,2256,4092,"schtasks.exe 4724 CreateFile C:\Windows\System32 SUCCESS Desired Access: Execute/Traverse, Synchronize, Disposition: Open, Options: Directory, Synchronous IO Non-Alert, Attributes: n/a, ShareMode: Read, Write, AllocationSize: n/a, OpenResult: Opened 4/14/2022 1:22:33 PM File System C:\Windows\system32\schtasks.exe BLUETEAM\ezk schtasks  /query /tn win32times 2256 4092",benign
schtasks.exe,2620,RegCloseKey,HKCR,SUCCESS,,4/14/2022 1:22:33 PM,Registry,C:\Windows\system32\schtasks.exe,BLUETEAM\ezk,"schtasks  /create /ru system /sc daily /tr ""cmd /c powershell.exe -ep bypass -file c:\T1036.004_NonExistingScript.ps1"" /tn win32times /f ",7252,4092,"schtasks.exe 2620 RegCloseKey HKCR SUCCESS None 4/14/2022 1:22:33 PM Registry C:\Windows\system32\schtasks.exe BLUETEAM\ezk schtasks  /create /ru system /sc daily /tr ""cmd /c powershell.exe -ep bypass -file c:\T1036.004_NonExistingScript.ps1"" /tn win32times /f  7252 4092",benign
schtasks.exe,2620,RegOpenKey,HKLM\System\CurrentControlSet\Services\bam\State\UserSettings\S-1-5-21-4065680934-2604657585-3199708412-1106,SUCCESS,Desired Access: All Access,4/14/2022 1:22:33 PM,Registry,C:\Windows\system32\schtasks.exe,BLUETEAM\ezk,"schtasks  /create /ru system /sc daily /tr ""cmd /c powershell.exe -ep bypass -file c:\T1036.004_NonExistingScript.ps1"" /tn win32times /f ",7252,4092,"schtasks.exe 2620 RegOpenKey HKLM\System\CurrentControlSet\Services\bam\State\UserSettings\S-1-5-21-4065680934-2604657585-3199708412-1106 SUCCESS Desired Access: All Access 4/14/2022 1:22:33 PM Registry C:\Windows\system32\schtasks.exe BLUETEAM\ezk schtasks  /create /ru system /sc daily /tr ""cmd /c powershell.exe -ep bypass -file c:\T1036.004_NonExistingScript.ps1"" /tn win32times /f  7252 4092",benign
schtasks.exe,2620,RegQueryValue,HKLM\System\CurrentControlSet\Services\bam\State\UserSettings\S-1-5-21-4065680934-2604657585-3199708412-1106\\Device\HarddiskVolume3\Windows\System32\schtasks.exe,NAME NOT FOUND,Length: 40,4/14/2022 1:22:33 PM,Registry,C:\Windows\system32\schtasks.exe,BLUETEAM\ezk,"schtasks  /create /ru system /sc daily /tr ""cmd /c powershell.exe -ep bypass -file c:\T1036.004_NonExistingScript.ps1"" /tn win32times /f ",7252,4092,"schtasks.exe 2620 RegQueryValue HKLM\System\CurrentControlSet\Services\bam\State\UserSettings\S-1-5-21-4065680934-2604657585-3199708412-1106\\Device\HarddiskVolume3\Windows\System32\schtasks.exe NAME NOT FOUND Length: 40 4/14/2022 1:22:33 PM Registry C:\Windows\system32\schtasks.exe BLUETEAM\ezk schtasks  /create /ru system /sc daily /tr ""cmd /c powershell.exe -ep bypass -file c:\T1036.004_NonExistingScript.ps1"" /tn win32times /f  7252 4092",benign
schtasks.exe,2620,RegCloseKey,HKLM\System\CurrentControlSet\Services\bam\State\UserSettings\S-1-5-21-4065680934-2604657585-3199708412-1106,SUCCESS,,4/14/2022 1:22:33 PM,Registry,C:\Windows\system32\schtasks.exe,BLUETEAM\ezk,"schtasks  /create /ru system /sc daily /tr ""cmd /c powershell.exe -ep bypass -file c:\T1036.004_NonExistingScript.ps1"" /tn win32times /f ",7252,4092,"schtasks.exe 2620 RegCloseKey HKLM\System\CurrentControlSet\Services\bam\State\UserSettings\S-1-5-21-4065680934-2604657585-3199708412-1106 SUCCESS None 4/14/2022 1:22:33 PM Registry C:\Windows\system32\schtasks.exe BLUETEAM\ezk schtasks  /create /ru system /sc daily /tr ""cmd /c powershell.exe -ep bypass -file c:\T1036.004_NonExistingScript.ps1"" /tn win32times /f  7252 4092",benign
schtasks.exe,2620,CloseFile,C:\Windows\System32,SUCCESS,,4/14/2022 1:22:33 PM,File System,C:\Windows\system32\schtasks.exe,BLUETEAM\ezk,"schtasks  /create /ru system /sc daily /tr ""cmd /c powershell.exe -ep bypass -file c:\T1036.004_NonExistingScript.ps1"" /tn win32times /f ",7252,4092,"schtasks.exe 2620 CloseFile C:\Windows\System32 SUCCESS None 4/14/2022 1:22:33 PM File System C:\Windows\system32\schtasks.exe BLUETEAM\ezk schtasks  /create /ru system /sc daily /tr ""cmd /c powershell.exe -ep bypass -file c:\T1036.004_NonExistingScript.ps1"" /tn win32times /f  7252 4092",benign
schtasks.exe,2620,RegCloseKey,HKLM\System\CurrentControlSet\Control\Nls\Sorting\Versions,SUCCESS,,4/14/2022 1:22:33 PM,Registry,C:\Windows\system32\schtasks.exe,BLUETEAM\ezk,"schtasks  /create /ru system /sc daily /tr ""cmd /c powershell.exe -ep bypass -file c:\T1036.004_NonExistingScript.ps1"" /tn win32times /f ",7252,4092,"schtasks.exe 2620 RegCloseKey HKLM\System\CurrentControlSet\Control\Nls\Sorting\Versions SUCCESS None 4/14/2022 1:22:33 PM Registry C:\Windows\system32\schtasks.exe BLUETEAM\ezk schtasks  /create /ru system /sc daily /tr ""cmd /c powershell.exe -ep bypass -file c:\T1036.004_NonExistingScript.ps1"" /tn win32times /f  7252 4092",benign
schtasks.exe,2620,RegCloseKey,HKLM,SUCCESS,,4/14/2022 1:22:33 PM,Registry,C:\Windows\system32\schtasks.exe,BLUETEAM\ezk,"schtasks  /create /ru system /sc daily /tr ""cmd /c powershell.exe -ep bypass -file c:\T1036.004_NonExistingScript.ps1"" /tn win32times /f ",7252,4092,"schtasks.exe 2620 RegCloseKey HKLM SUCCESS None 4/14/2022 1:22:33 PM Registry C:\Windows\system32\schtasks.exe BLUETEAM\ezk schtasks  /create /ru system /sc daily /tr ""cmd /c powershell.exe -ep bypass -file c:\T1036.004_NonExistingScript.ps1"" /tn win32times /f  7252 4092",benign
schtasks.exe,2620,RegCloseKey,HKLM\System\CurrentControlSet\Control\Session Manager,SUCCESS,,4/14/2022 1:22:33 PM,Registry,C:\Windows\system32\schtasks.exe,BLUETEAM\ezk,"schtasks  /create /ru system /sc daily /tr ""cmd /c powershell.exe -ep bypass -file c:\T1036.004_NonExistingScript.ps1"" /tn win32times /f ",7252,4092,"schtasks.exe 2620 RegCloseKey HKLM\System\CurrentControlSet\Control\Session Manager SUCCESS None 4/14/2022 1:22:33 PM Registry C:\Windows\system32\schtasks.exe BLUETEAM\ezk schtasks  /create /ru system /sc daily /tr ""cmd /c powershell.exe -ep bypass -file c:\T1036.004_NonExistingScript.ps1"" /tn win32times /f  7252 4092",benign
schtasks.exe,2620,CloseFile,C:\Windows\System32\en-US\schtasks.exe.mui,SUCCESS,,4/14/2022 1:22:33 PM,File System,C:\Windows\system32\schtasks.exe,BLUETEAM\ezk,"schtasks  /create /ru system /sc daily /tr ""cmd /c powershell.exe -ep bypass -file c:\T1036.004_NonExistingScript.ps1"" /tn win32times /f ",7252,4092,"schtasks.exe 2620 CloseFile C:\Windows\System32\en-US\schtasks.exe.mui SUCCESS None 4/14/2022 1:22:33 PM File System C:\Windows\system32\schtasks.exe BLUETEAM\ezk schtasks  /create /ru system /sc daily /tr ""cmd /c powershell.exe -ep bypass -file c:\T1036.004_NonExistingScript.ps1"" /tn win32times /f  7252 4092",benign
schtasks.exe,2620,RegCloseKey,HKLM\System\CurrentControlSet\Control\Nls\Sorting\Ids,SUCCESS,,4/14/2022 1:22:33 PM,Registry,C:\Windows\system32\schtasks.exe,BLUETEAM\ezk,"schtasks  /create /ru system /sc daily /tr ""cmd /c powershell.exe -ep bypass -file c:\T1036.004_NonExistingScript.ps1"" /tn win32times /f ",7252,4092,"schtasks.exe 2620 RegCloseKey HKLM\System\CurrentControlSet\Control\Nls\Sorting\Ids SUCCESS None 4/14/2022 1:22:33 PM Registry C:\Windows\system32\schtasks.exe BLUETEAM\ezk schtasks  /create /ru system /sc daily /tr ""cmd /c powershell.exe -ep bypass -file c:\T1036.004_NonExistingScript.ps1"" /tn win32times /f  7252 4092",benign
schtasks.exe,2620,RegCloseKey,HKLM\SOFTWARE\Microsoft\Windows NT\CurrentVersion\Image File Execution Options,SUCCESS,,4/14/2022 1:22:33 PM,Registry,C:\Windows\system32\schtasks.exe,BLUETEAM\ezk,"schtasks  /create /ru system /sc daily /tr ""cmd /c powershell.exe -ep bypass -file c:\T1036.004_NonExistingScript.ps1"" /tn win32times /f ",7252,4092,"schtasks.exe 2620 RegCloseKey HKLM\SOFTWARE\Microsoft\Windows NT\CurrentVersion\Image File Execution Options SUCCESS None 4/14/2022 1:22:33 PM Registry C:\Windows\system32\schtasks.exe BLUETEAM\ezk schtasks  /create /ru system /sc daily /tr ""cmd /c powershell.exe -ep bypass -file c:\T1036.004_NonExistingScript.ps1"" /tn win32times /f  7252 4092",benign
schtasks.exe,4724,RegOpenKey,HKLM\SOFTWARE\Microsoft\OLE,SUCCESS,Desired Access: Read,4/14/2022 1:22:33 PM,Registry,C:\Windows\system32\schtasks.exe,BLUETEAM\ezk,schtasks  /query /tn win32times,2256,4092,schtasks.exe 4724 RegOpenKey HKLM\SOFTWARE\Microsoft\OLE SUCCESS Desired Access: Read 4/14/2022 1:22:33 PM Registry C:\Windows\system32\schtasks.exe BLUETEAM\ezk schtasks  /query /tn win32times 2256 4092,benign
schtasks.exe,2620,RegCloseKey,HKCR,SUCCESS,,4/14/2022 1:22:33 PM,Registry,C:\Windows\system32\schtasks.exe,BLUETEAM\ezk,"schtasks  /create /ru system /sc daily /tr ""cmd /c powershell.exe -ep bypass -file c:\T1036.004_NonExistingScript.ps1"" /tn win32times /f ",7252,4092,"schtasks.exe 2620 RegCloseKey HKCR SUCCESS None 4/14/2022 1:22:33 PM Registry C:\Windows\system32\schtasks.exe BLUETEAM\ezk schtasks  /create /ru system /sc daily /tr ""cmd /c powershell.exe -ep bypass -file c:\T1036.004_NonExistingScript.ps1"" /tn win32times /f  7252 4092",benign
schtasks.exe,4724,Process Start,,SUCCESS,"Parent PID: 4092, Command line: schtasks  /query /tn win32times, Current directory: C:\Windows\system32\, Environment: ;	=C:=C:\Windows\System32;	=ExitCode=00000000;	ALLUSERSPROFILE=C:\ProgramData;	APPDATA=C:\Users\ezk\AppData\Roaming;	CommonProgramFiles=C:\Program Files\Common Files;	CommonProgramFiles(x86)=C:\Program Files (x86)\Common Files;	CommonProgramW6432=C:\Program Files\Common Files;	COMPUTERNAME=DESKTOP-BA1RQFC;	ComSpec=C:\Windows\system32\cmd.exe;	DriverData=C:\Windows\System32\Drivers\DriverData;	HOMEDRIVE=C:;	HOMEPATH=\Users\ezk;	LOCALAPPDATA=C:\Users\ezk\AppData\Local;	LOGONSERVER=\\DC02;	NUMBER_OF_PROCESSORS=2;	OneDrive=C:\Users\ezk\OneDrive;	OS=Windows_NT;	Path=C:\Windows\system32;C:\Windows;C:\Windows\System32\Wbem;C:\Windows\System32\WindowsPowerShell\v1.0\;C:\Windows\System32\OpenSSH\;C:\Users\ezk\AppData\Local\Microsoft\WindowsApps;	PATHEXT=.COM;.EXE;.BAT;.CMD;.VBS;.VBE;.JS;.JSE;.WSF;.WSH;.MSC;.CPL;	PROCESSOR_ARCHITECTURE=AMD64;	PROCESSOR_IDENTIFIER=Intel64 Family 6 Model 165 Stepping 5, GenuineIntel;	PROCESSOR_LEVEL=6;	PROCESSOR_REVISION=a505;	ProgramData=C:\ProgramData;	ProgramFiles=C:\Program Files;	ProgramFiles(x86)=C:\Program Files (x86);	ProgramW6432=C:\Program Files;	PROMPT=$P$G;	PSModulePath=C:\Users\ezk\Documents\WindowsPowerShell\Modules;C:\Program Files\WindowsPowerShell\Modules;C:\Windows\system32\WindowsPowerShell\v1.0\Modules;	PUBLIC=C:\Users\Public;	SystemDrive=C:;	SystemRoot=C:\Windows;	TEMP=C:\Users\ezk\AppData\Local\Temp;	TMP=C:\Users\ezk\AppData\Local\Temp;	USERDNSDOMAIN=BLUETEAM.COM;	USERDOMAIN=BLUETEAM;	USERDOMAIN_ROAMINGPROFILE=BLUETEAM;	USERNAME=ezk;	USERPROFILE=C:\Users\ezk;	windir=C:\Windows",4/14/2022 1:22:33 PM,Process,C:\Windows\system32\schtasks.exe,BLUETEAM\ezk,schtasks  /query /tn win32times,2384,4092,"schtasks.exe 4724 Process Start None SUCCESS Parent PID: 4092, Command line: schtasks  /query /tn win32times, Current directory: C:\Windows\system32\, Environment: ;	=C:=C:\Windows\System32;	=ExitCode=00000000;	ALLUSERSPROFILE=C:\ProgramData;	APPDATA=C:\Users\ezk\AppData\Roaming;	CommonProgramFiles=C:\Program Files\Common Files;	CommonProgramFiles(x86)=C:\Program Files (x86)\Common Files;	CommonProgramW6432=C:\Program Files\Common Files;	COMPUTERNAME=DESKTOP-BA1RQFC;	ComSpec=C:\Windows\system32\cmd.exe;	DriverData=C:\Windows\System32\Drivers\DriverData;	HOMEDRIVE=C:;	HOMEPATH=\Users\ezk;	LOCALAPPDATA=C:\Users\ezk\AppData\Local;	LOGONSERVER=\\DC02;	NUMBER_OF_PROCESSORS=2;	OneDrive=C:\Users\ezk\OneDrive;	OS=Windows_NT;	Path=C:\Windows\system32;C:\Windows;C:\Windows\System32\Wbem;C:\Windows\System32\WindowsPowerShell\v1.0\;C:\Windows\System32\OpenSSH\;C:\Users\ezk\AppData\Local\Microsoft\WindowsApps;	PATHEXT=.COM;.EXE;.BAT;.CMD;.VBS;.VBE;.JS;.JSE;.WSF;.WSH;.MSC;.CPL;	PROCESSOR_ARCHITECTURE=AMD64;	PROCESSOR_IDENTIFIER=Intel64 Family 6 Model 165 Stepping 5, GenuineIntel;	PROCESSOR_LEVEL=6;	PROCESSOR_REVISION=a505;	ProgramData=C:\ProgramData;	ProgramFiles=C:\Program Files;	ProgramFiles(x86)=C:\Program Files (x86);	ProgramW6432=C:\Program Files;	PROMPT=$P$G;	PSModulePath=C:\Users\ezk\Documents\WindowsPowerShell\Modules;C:\Program Files\WindowsPowerShell\Modules;C:\Windows\system32\WindowsPowerShell\v1.0\Modules;	PUBLIC=C:\Users\Public;	SystemDrive=C:;	SystemRoot=C:\Windows;	TEMP=C:\Users\ezk\AppData\Local\Temp;	TMP=C:\Users\ezk\AppData\Local\Temp;	USERDNSDOMAIN=BLUETEAM.COM;	USERDOMAIN=BLUETEAM;	USERDOMAIN_ROAMINGPROFILE=BLUETEAM;	USERNAME=ezk;	USERPROFILE=C:\Users\ezk;	windir=C:\Windows 4/14/2022 1:22:33 PM Process C:\Windows\system32\schtasks.exe BLUETEAM\ezk schtasks  /query /tn win32times 2384 4092",benign
schtasks.exe,4724,RegOpenKey,HKLM\System\CurrentControlSet\Control\Session Manager,REPARSE,Desired Access: Query Value,4/14/2022 1:22:33 PM,Registry,C:\Windows\system32\schtasks.exe,BLUETEAM\ezk,schtasks  /query /tn win32times,2256,4092,schtasks.exe 4724 RegOpenKey HKLM\System\CurrentControlSet\Control\Session Manager REPARSE Desired Access: Query Value 4/14/2022 1:22:33 PM Registry C:\Windows\system32\schtasks.exe BLUETEAM\ezk schtasks  /query /tn win32times 2256 4092,benign
schtasks.exe,4724,RegOpenKey,HKLM\System\CurrentControlSet\Control\Session Manager,SUCCESS,Desired Access: Query Value,4/14/2022 1:22:33 PM,Registry,C:\Windows\system32\schtasks.exe,BLUETEAM\ezk,schtasks  /query /tn win32times,2256,4092,schtasks.exe 4724 RegOpenKey HKLM\System\CurrentControlSet\Control\Session Manager SUCCESS Desired Access: Query Value 4/14/2022 1:22:33 PM Registry C:\Windows\system32\schtasks.exe BLUETEAM\ezk schtasks  /query /tn win32times 2256 4092,benign
schtasks.exe,4724,RegQueryValue,HKLM\System\CurrentControlSet\Control\Session Manager\RaiseExceptionOnPossibleDeadlock,NAME NOT FOUND,Length: 80,4/14/2022 1:22:33 PM,Registry,C:\Windows\system32\schtasks.exe,BLUETEAM\ezk,schtasks  /query /tn win32times,2256,4092,schtasks.exe 4724 RegQueryValue HKLM\System\CurrentControlSet\Control\Session Manager\RaiseExceptionOnPossibleDeadlock NAME NOT FOUND Length: 80 4/14/2022 1:22:33 PM Registry C:\Windows\system32\schtasks.exe BLUETEAM\ezk schtasks  /query /tn win32times 2256 4092,benign
schtasks.exe,4724,RegCloseKey,HKLM\System\CurrentControlSet\Control\Session Manager,SUCCESS,,4/14/2022 1:22:33 PM,Registry,C:\Windows\system32\schtasks.exe,BLUETEAM\ezk,schtasks  /query /tn win32times,2256,4092,schtasks.exe 4724 RegCloseKey HKLM\System\CurrentControlSet\Control\Session Manager SUCCESS None 4/14/2022 1:22:33 PM Registry C:\Windows\system32\schtasks.exe BLUETEAM\ezk schtasks  /query /tn win32times 2256 4092,benign
schtasks.exe,4724,RegOpenKey,HKLM\SYSTEM\CurrentControlSet\Control\Session Manager\Segment Heap,REPARSE,Desired Access: Query Value,4/14/2022 1:22:33 PM,Registry,C:\Windows\system32\schtasks.exe,BLUETEAM\ezk,schtasks  /query /tn win32times,2256,4092,schtasks.exe 4724 RegOpenKey HKLM\SYSTEM\CurrentControlSet\Control\Session Manager\Segment Heap REPARSE Desired Access: Query Value 4/14/2022 1:22:33 PM Registry C:\Windows\system32\schtasks.exe BLUETEAM\ezk schtasks  /query /tn win32times 2256 4092,benign
schtasks.exe,4724,RegOpenKey,HKLM\System\CurrentControlSet\Control\Session Manager\Segment Heap,NAME NOT FOUND,Desired Access: Query Value,4/14/2022 1:22:33 PM,Registry,C:\Windows\system32\schtasks.exe,BLUETEAM\ezk,schtasks  /query /tn win32times,2256,4092,schtasks.exe 4724 RegOpenKey HKLM\System\CurrentControlSet\Control\Session Manager\Segment Heap NAME NOT FOUND Desired Access: Query Value 4/14/2022 1:22:33 PM Registry C:\Windows\system32\schtasks.exe BLUETEAM\ezk schtasks  /query /tn win32times 2256 4092,benign
schtasks.exe,4724,RegOpenKey,HKLM\SYSTEM\CurrentControlSet\Control\Session Manager,REPARSE,"Desired Access: Query Value, Enumerate Sub Keys",4/14/2022 1:22:33 PM,Registry,C:\Windows\system32\schtasks.exe,BLUETEAM\ezk,schtasks  /query /tn win32times,2256,4092,"schtasks.exe 4724 RegOpenKey HKLM\SYSTEM\CurrentControlSet\Control\Session Manager REPARSE Desired Access: Query Value, Enumerate Sub Keys 4/14/2022 1:22:33 PM Registry C:\Windows\system32\schtasks.exe BLUETEAM\ezk schtasks  /query /tn win32times 2256 4092",benign
schtasks.exe,4724,RegOpenKey,HKLM\System\CurrentControlSet\Control\Session Manager,SUCCESS,"Desired Access: Query Value, Enumerate Sub Keys",4/14/2022 1:22:33 PM,Registry,C:\Windows\system32\schtasks.exe,BLUETEAM\ezk,schtasks  /query /tn win32times,2256,4092,"schtasks.exe 4724 RegOpenKey HKLM\System\CurrentControlSet\Control\Session Manager SUCCESS Desired Access: Query Value, Enumerate Sub Keys 4/14/2022 1:22:33 PM Registry C:\Windows\system32\schtasks.exe BLUETEAM\ezk schtasks  /query /tn win32times 2256 4092",benign
schtasks.exe,4724,RegQueryValue,HKLM\System\CurrentControlSet\Control\Session Manager\ResourcePolicies,NAME NOT FOUND,Length: 24,4/14/2022 1:22:33 PM,Registry,C:\Windows\system32\schtasks.exe,BLUETEAM\ezk,schtasks  /query /tn win32times,2256,4092,schtasks.exe 4724 RegQueryValue HKLM\System\CurrentControlSet\Control\Session Manager\ResourcePolicies NAME NOT FOUND Length: 24 4/14/2022 1:22:33 PM Registry C:\Windows\system32\schtasks.exe BLUETEAM\ezk schtasks  /query /tn win32times 2256 4092,benign
schtasks.exe,4724,RegCloseKey,HKLM\System\CurrentControlSet\Control\Session Manager,SUCCESS,,4/14/2022 1:22:33 PM,Registry,C:\Windows\system32\schtasks.exe,BLUETEAM\ezk,schtasks  /query /tn win32times,2256,4092,schtasks.exe 4724 RegCloseKey HKLM\System\CurrentControlSet\Control\Session Manager SUCCESS None 4/14/2022 1:22:33 PM Registry C:\Windows\system32\schtasks.exe BLUETEAM\ezk schtasks  /query /tn win32times 2256 4092,benign
schtasks.exe,2620,CloseFile,C:\Windows\Registration\R000000000006.clb,SUCCESS,,4/14/2022 1:22:33 PM,File System,C:\Windows\system32\schtasks.exe,BLUETEAM\ezk,"schtasks  /create /ru system /sc daily /tr ""cmd /c powershell.exe -ep bypass -file c:\T1036.004_NonExistingScript.ps1"" /tn win32times /f ",7252,4092,"schtasks.exe 2620 CloseFile C:\Windows\Registration\R000000000006.clb SUCCESS None 4/14/2022 1:22:33 PM File System C:\Windows\system32\schtasks.exe BLUETEAM\ezk schtasks  /create /ru system /sc daily /tr ""cmd /c powershell.exe -ep bypass -file c:\T1036.004_NonExistingScript.ps1"" /tn win32times /f  7252 4092",benign
schtasks.exe,2620,RegCloseKey,HKLM,SUCCESS,,4/14/2022 1:22:33 PM,Registry,C:\Windows\system32\schtasks.exe,BLUETEAM\ezk,"schtasks  /create /ru system /sc daily /tr ""cmd /c powershell.exe -ep bypass -file c:\T1036.004_NonExistingScript.ps1"" /tn win32times /f ",7252,4092,"schtasks.exe 2620 RegCloseKey HKLM SUCCESS None 4/14/2022 1:22:33 PM Registry C:\Windows\system32\schtasks.exe BLUETEAM\ezk schtasks  /create /ru system /sc daily /tr ""cmd /c powershell.exe -ep bypass -file c:\T1036.004_NonExistingScript.ps1"" /tn win32times /f  7252 4092",benign
schtasks.exe,4724,RegQueryValue,HKLM\SOFTWARE\Microsoft\Ole\PageAllocatorUseSystemHeap,NAME NOT FOUND,Length: 20,4/14/2022 1:22:33 PM,Registry,C:\Windows\system32\schtasks.exe,BLUETEAM\ezk,schtasks  /query /tn win32times,2256,4092,schtasks.exe 4724 RegQueryValue HKLM\SOFTWARE\Microsoft\Ole\PageAllocatorUseSystemHeap NAME NOT FOUND Length: 20 4/14/2022 1:22:33 PM Registry C:\Windows\system32\schtasks.exe BLUETEAM\ezk schtasks  /query /tn win32times 2256 4092,benign
schtasks.exe,4724,RegQueryKey,HKLM,SUCCESS,"Query: HandleTags, HandleTags: 0x0",4/14/2022 1:22:33 PM,Registry,C:\Windows\system32\schtasks.exe,BLUETEAM\ezk,schtasks  /query /tn win32times,2256,4092,"schtasks.exe 4724 RegQueryKey HKLM SUCCESS Query: HandleTags, HandleTags: 0x0 4/14/2022 1:22:33 PM Registry C:\Windows\system32\schtasks.exe BLUETEAM\ezk schtasks  /query /tn win32times 2256 4092",benign
schtasks.exe,4724,RegOpenKey,HKLM\Software\Policies\Microsoft\MUI\Settings,NAME NOT FOUND,Desired Access: Read,4/14/2022 1:22:33 PM,Registry,C:\Windows\system32\schtasks.exe,BLUETEAM\ezk,schtasks  /query /tn win32times,2256,4092,schtasks.exe 4724 RegOpenKey HKLM\Software\Policies\Microsoft\MUI\Settings NAME NOT FOUND Desired Access: Read 4/14/2022 1:22:33 PM Registry C:\Windows\system32\schtasks.exe BLUETEAM\ezk schtasks  /query /tn win32times 2256 4092,benign
schtasks.exe,4724,RegOpenKey,HKCU,SUCCESS,"Desired Access: Maximum Allowed, Granted Access: All Access",4/14/2022 1:22:33 PM,Registry,C:\Windows\system32\schtasks.exe,BLUETEAM\ezk,schtasks  /query /tn win32times,2256,4092,"schtasks.exe 4724 RegOpenKey HKCU SUCCESS Desired Access: Maximum Allowed, Granted Access: All Access 4/14/2022 1:22:33 PM Registry C:\Windows\system32\schtasks.exe BLUETEAM\ezk schtasks  /query /tn win32times 2256 4092",benign
schtasks.exe,4724,RegOpenKey,HKCU\Software\Policies\Microsoft\Control Panel\Desktop,NAME NOT FOUND,Desired Access: Read,4/14/2022 1:22:33 PM,Registry,C:\Windows\system32\schtasks.exe,BLUETEAM\ezk,schtasks  /query /tn win32times,2256,4092,schtasks.exe 4724 RegOpenKey HKCU\Software\Policies\Microsoft\Control Panel\Desktop NAME NOT FOUND Desired Access: Read 4/14/2022 1:22:33 PM Registry C:\Windows\system32\schtasks.exe BLUETEAM\ezk schtasks  /query /tn win32times 2256 4092,benign
schtasks.exe,4724,RegOpenKey,HKCU\Control Panel\Desktop\LanguageConfiguration,NAME NOT FOUND,Desired Access: Read,4/14/2022 1:22:33 PM,Registry,C:\Windows\system32\schtasks.exe,BLUETEAM\ezk,schtasks  /query /tn win32times,2256,4092,schtasks.exe 4724 RegOpenKey HKCU\Control Panel\Desktop\LanguageConfiguration NAME NOT FOUND Desired Access: Read 4/14/2022 1:22:33 PM Registry C:\Windows\system32\schtasks.exe BLUETEAM\ezk schtasks  /query /tn win32times 2256 4092,benign
schtasks.exe,4724,RegCloseKey,HKCU,SUCCESS,,4/14/2022 1:22:33 PM,Registry,C:\Windows\system32\schtasks.exe,BLUETEAM\ezk,schtasks  /query /tn win32times,2256,4092,schtasks.exe 4724 RegCloseKey HKCU SUCCESS None 4/14/2022 1:22:33 PM Registry C:\Windows\system32\schtasks.exe BLUETEAM\ezk schtasks  /query /tn win32times 2256 4092,benign
schtasks.exe,4724,RegOpenKey,HKLM\Software\Policies\Microsoft\MUI\Settings,NAME NOT FOUND,Desired Access: Read,4/14/2022 1:22:33 PM,Registry,C:\Windows\system32\schtasks.exe,BLUETEAM\ezk,schtasks  /query /tn win32times,2256,4092,schtasks.exe 4724 RegOpenKey HKLM\Software\Policies\Microsoft\MUI\Settings NAME NOT FOUND Desired Access: Read 4/14/2022 1:22:33 PM Registry C:\Windows\system32\schtasks.exe BLUETEAM\ezk schtasks  /query /tn win32times 2256 4092,benign
schtasks.exe,4724,RegOpenKey,HKCU,SUCCESS,"Desired Access: Maximum Allowed, Granted Access: All Access",4/14/2022 1:22:33 PM,Registry,C:\Windows\system32\schtasks.exe,BLUETEAM\ezk,schtasks  /query /tn win32times,2256,4092,"schtasks.exe 4724 RegOpenKey HKCU SUCCESS Desired Access: Maximum Allowed, Granted Access: All Access 4/14/2022 1:22:33 PM Registry C:\Windows\system32\schtasks.exe BLUETEAM\ezk schtasks  /query /tn win32times 2256 4092",benign
schtasks.exe,4724,RegOpenKey,HKCU\Software\Policies\Microsoft\Control Panel\Desktop,NAME NOT FOUND,Desired Access: Read,4/14/2022 1:22:33 PM,Registry,C:\Windows\system32\schtasks.exe,BLUETEAM\ezk,schtasks  /query /tn win32times,2256,4092,schtasks.exe 4724 RegOpenKey HKCU\Software\Policies\Microsoft\Control Panel\Desktop NAME NOT FOUND Desired Access: Read 4/14/2022 1:22:33 PM Registry C:\Windows\system32\schtasks.exe BLUETEAM\ezk schtasks  /query /tn win32times 2256 4092,benign
schtasks.exe,4724,RegOpenKey,HKCU\Control Panel\Desktop,SUCCESS,Desired Access: Read,4/14/2022 1:22:33 PM,Registry,C:\Windows\system32\schtasks.exe,BLUETEAM\ezk,schtasks  /query /tn win32times,2256,4092,schtasks.exe 4724 RegOpenKey HKCU\Control Panel\Desktop SUCCESS Desired Access: Read 4/14/2022 1:22:33 PM Registry C:\Windows\system32\schtasks.exe BLUETEAM\ezk schtasks  /query /tn win32times 2256 4092,benign
schtasks.exe,4724,RegQueryValue,HKCU\Control Panel\Desktop\PreferredUILanguages,NAME NOT FOUND,Length: 12,4/14/2022 1:22:33 PM,Registry,C:\Windows\system32\schtasks.exe,BLUETEAM\ezk,schtasks  /query /tn win32times,2256,4092,schtasks.exe 4724 RegQueryValue HKCU\Control Panel\Desktop\PreferredUILanguages NAME NOT FOUND Length: 12 4/14/2022 1:22:33 PM Registry C:\Windows\system32\schtasks.exe BLUETEAM\ezk schtasks  /query /tn win32times 2256 4092,benign
schtasks.exe,4724,RegCloseKey,HKCU\Control Panel\Desktop,SUCCESS,,4/14/2022 1:22:33 PM,Registry,C:\Windows\system32\schtasks.exe,BLUETEAM\ezk,schtasks  /query /tn win32times,2256,4092,schtasks.exe 4724 RegCloseKey HKCU\Control Panel\Desktop SUCCESS None 4/14/2022 1:22:33 PM Registry C:\Windows\system32\schtasks.exe BLUETEAM\ezk schtasks  /query /tn win32times 2256 4092,benign
schtasks.exe,4724,RegCloseKey,HKCU,SUCCESS,,4/14/2022 1:22:33 PM,Registry,C:\Windows\system32\schtasks.exe,BLUETEAM\ezk,schtasks  /query /tn win32times,2256,4092,schtasks.exe 4724 RegCloseKey HKCU SUCCESS None 4/14/2022 1:22:33 PM Registry C:\Windows\system32\schtasks.exe BLUETEAM\ezk schtasks  /query /tn win32times 2256 4092,benign
schtasks.exe,4724,RegOpenKey,HKLM\Software\Policies\Microsoft\MUI\Settings,NAME NOT FOUND,Desired Access: Read,4/14/2022 1:22:33 PM,Registry,C:\Windows\system32\schtasks.exe,BLUETEAM\ezk,schtasks  /query /tn win32times,2256,4092,schtasks.exe 4724 RegOpenKey HKLM\Software\Policies\Microsoft\MUI\Settings NAME NOT FOUND Desired Access: Read 4/14/2022 1:22:33 PM Registry C:\Windows\system32\schtasks.exe BLUETEAM\ezk schtasks  /query /tn win32times 2256 4092,benign
schtasks.exe,4724,RegOpenKey,HKCU,SUCCESS,"Desired Access: Maximum Allowed, Granted Access: All Access",4/14/2022 1:22:33 PM,Registry,C:\Windows\system32\schtasks.exe,BLUETEAM\ezk,schtasks  /query /tn win32times,2256,4092,"schtasks.exe 4724 RegOpenKey HKCU SUCCESS Desired Access: Maximum Allowed, Granted Access: All Access 4/14/2022 1:22:33 PM Registry C:\Windows\system32\schtasks.exe BLUETEAM\ezk schtasks  /query /tn win32times 2256 4092",benign
schtasks.exe,4724,RegOpenKey,HKCU\Control Panel\Desktop\MuiCached,SUCCESS,Desired Access: Read,4/14/2022 1:22:33 PM,Registry,C:\Windows\system32\schtasks.exe,BLUETEAM\ezk,schtasks  /query /tn win32times,2256,4092,schtasks.exe 4724 RegOpenKey HKCU\Control Panel\Desktop\MuiCached SUCCESS Desired Access: Read 4/14/2022 1:22:33 PM Registry C:\Windows\system32\schtasks.exe BLUETEAM\ezk schtasks  /query /tn win32times 2256 4092,benign
schtasks.exe,4724,RegQueryValue,HKCU\Control Panel\Desktop\MuiCached\MachinePreferredUILanguages,BUFFER OVERFLOW,Length: 12,4/14/2022 1:22:33 PM,Registry,C:\Windows\system32\schtasks.exe,BLUETEAM\ezk,schtasks  /query /tn win32times,2256,4092,schtasks.exe 4724 RegQueryValue HKCU\Control Panel\Desktop\MuiCached\MachinePreferredUILanguages BUFFER OVERFLOW Length: 12 4/14/2022 1:22:33 PM Registry C:\Windows\system32\schtasks.exe BLUETEAM\ezk schtasks  /query /tn win32times 2256 4092,benign
schtasks.exe,4724,RegQueryValue,HKCU\Control Panel\Desktop\MuiCached\MachinePreferredUILanguages,SUCCESS,"Type: REG_MULTI_SZ, Length: 12, Data: en-US",4/14/2022 1:22:33 PM,Registry,C:\Windows\system32\schtasks.exe,BLUETEAM\ezk,schtasks  /query /tn win32times,2256,4092,"schtasks.exe 4724 RegQueryValue HKCU\Control Panel\Desktop\MuiCached\MachinePreferredUILanguages SUCCESS Type: REG_MULTI_SZ, Length: 12, Data: en-US 4/14/2022 1:22:33 PM Registry C:\Windows\system32\schtasks.exe BLUETEAM\ezk schtasks  /query /tn win32times 2256 4092",benign
schtasks.exe,4724,RegCloseKey,HKCU\Control Panel\Desktop\MuiCached,SUCCESS,,4/14/2022 1:22:33 PM,Registry,C:\Windows\system32\schtasks.exe,BLUETEAM\ezk,schtasks  /query /tn win32times,2256,4092,schtasks.exe 4724 RegCloseKey HKCU\Control Panel\Desktop\MuiCached SUCCESS None 4/14/2022 1:22:33 PM Registry C:\Windows\system32\schtasks.exe BLUETEAM\ezk schtasks  /query /tn win32times 2256 4092,benign
schtasks.exe,4724,RegCloseKey,HKCU,SUCCESS,,4/14/2022 1:22:33 PM,Registry,C:\Windows\system32\schtasks.exe,BLUETEAM\ezk,schtasks  /query /tn win32times,2256,4092,schtasks.exe 4724 RegCloseKey HKCU SUCCESS None 4/14/2022 1:22:33 PM Registry C:\Windows\system32\schtasks.exe BLUETEAM\ezk schtasks  /query /tn win32times 2256 4092,benign
schtasks.exe,4724,RegOpenKey,HKLM\Software\Policies\Microsoft\MUI\Settings,NAME NOT FOUND,Desired Access: Read,4/14/2022 1:22:33 PM,Registry,C:\Windows\system32\schtasks.exe,BLUETEAM\ezk,schtasks  /query /tn win32times,2256,4092,schtasks.exe 4724 RegOpenKey HKLM\Software\Policies\Microsoft\MUI\Settings NAME NOT FOUND Desired Access: Read 4/14/2022 1:22:33 PM Registry C:\Windows\system32\schtasks.exe BLUETEAM\ezk schtasks  /query /tn win32times 2256 4092,benign
schtasks.exe,4724,RegOpenKey,HKCU,SUCCESS,"Desired Access: Maximum Allowed, Granted Access: All Access",4/14/2022 1:22:33 PM,Registry,C:\Windows\system32\schtasks.exe,BLUETEAM\ezk,schtasks  /query /tn win32times,2256,4092,"schtasks.exe 4724 RegOpenKey HKCU SUCCESS Desired Access: Maximum Allowed, Granted Access: All Access 4/14/2022 1:22:33 PM Registry C:\Windows\system32\schtasks.exe BLUETEAM\ezk schtasks  /query /tn win32times 2256 4092",benign
schtasks.exe,4724,RegOpenKey,HKCU\Software\Policies\Microsoft\Control Panel\Desktop,NAME NOT FOUND,Desired Access: Read,4/14/2022 1:22:33 PM,Registry,C:\Windows\system32\schtasks.exe,BLUETEAM\ezk,schtasks  /query /tn win32times,2256,4092,schtasks.exe 4724 RegOpenKey HKCU\Software\Policies\Microsoft\Control Panel\Desktop NAME NOT FOUND Desired Access: Read 4/14/2022 1:22:33 PM Registry C:\Windows\system32\schtasks.exe BLUETEAM\ezk schtasks  /query /tn win32times 2256 4092,benign
schtasks.exe,4724,RegOpenKey,HKCU\Control Panel\Desktop,SUCCESS,Desired Access: Read,4/14/2022 1:22:33 PM,Registry,C:\Windows\system32\schtasks.exe,BLUETEAM\ezk,schtasks  /query /tn win32times,2256,4092,schtasks.exe 4724 RegOpenKey HKCU\Control Panel\Desktop SUCCESS Desired Access: Read 4/14/2022 1:22:33 PM Registry C:\Windows\system32\schtasks.exe BLUETEAM\ezk schtasks  /query /tn win32times 2256 4092,benign
schtasks.exe,4724,RegCloseKey,HKCU,SUCCESS,,4/14/2022 1:22:33 PM,Registry,C:\Windows\system32\schtasks.exe,BLUETEAM\ezk,schtasks  /query /tn win32times,2256,4092,schtasks.exe 4724 RegCloseKey HKCU SUCCESS None 4/14/2022 1:22:33 PM Registry C:\Windows\system32\schtasks.exe BLUETEAM\ezk schtasks  /query /tn win32times 2256 4092,benign
schtasks.exe,4724,RegOpenKey,HKCU\Control Panel\Desktop\MuiCached\MachineLanguageConfiguration,NAME NOT FOUND,Desired Access: Read,4/14/2022 1:22:33 PM,Registry,C:\Windows\system32\schtasks.exe,BLUETEAM\ezk,schtasks  /query /tn win32times,2256,4092,schtasks.exe 4724 RegOpenKey HKCU\Control Panel\Desktop\MuiCached\MachineLanguageConfiguration NAME NOT FOUND Desired Access: Read 4/14/2022 1:22:33 PM Registry C:\Windows\system32\schtasks.exe BLUETEAM\ezk schtasks  /query /tn win32times 2256 4092,benign
schtasks.exe,4724,RegOpenKey,HKCU,SUCCESS,"Desired Access: Maximum Allowed, Granted Access: All Access",4/14/2022 1:22:33 PM,Registry,C:\Windows\system32\schtasks.exe,BLUETEAM\ezk,schtasks  /query /tn win32times,2256,4092,"schtasks.exe 4724 RegOpenKey HKCU SUCCESS Desired Access: Maximum Allowed, Granted Access: All Access 4/14/2022 1:22:33 PM Registry C:\Windows\system32\schtasks.exe BLUETEAM\ezk schtasks  /query /tn win32times 2256 4092",benign
schtasks.exe,4724,RegOpenKey,HKLM\SOFTWARE\Microsoft\OLEAUT,NAME NOT FOUND,Desired Access: Query Value,4/14/2022 1:22:33 PM,Registry,C:\Windows\system32\schtasks.exe,BLUETEAM\ezk,schtasks  /query /tn win32times,2256,4092,schtasks.exe 4724 RegOpenKey HKLM\SOFTWARE\Microsoft\OLEAUT NAME NOT FOUND Desired Access: Query Value 4/14/2022 1:22:33 PM Registry C:\Windows\system32\schtasks.exe BLUETEAM\ezk schtasks  /query /tn win32times 2256 4092,benign
schtasks.exe,4724,RegOpenKey,HKLM\SOFTWARE\Microsoft\OLE,SUCCESS,Desired Access: Read,4/14/2022 1:22:33 PM,Registry,C:\Windows\system32\schtasks.exe,BLUETEAM\ezk,schtasks  /query /tn win32times,2256,4092,schtasks.exe 4724 RegOpenKey HKLM\SOFTWARE\Microsoft\OLE SUCCESS Desired Access: Read 4/14/2022 1:22:33 PM Registry C:\Windows\system32\schtasks.exe BLUETEAM\ezk schtasks  /query /tn win32times 2256 4092,benign
schtasks.exe,4724,RegQueryValue,HKLM\SOFTWARE\Microsoft\Ole\PageAllocatorSystemHeapIsPrivate,NAME NOT FOUND,Length: 20,4/14/2022 1:22:33 PM,Registry,C:\Windows\system32\schtasks.exe,BLUETEAM\ezk,schtasks  /query /tn win32times,2256,4092,schtasks.exe 4724 RegQueryValue HKLM\SOFTWARE\Microsoft\Ole\PageAllocatorSystemHeapIsPrivate NAME NOT FOUND Length: 20 4/14/2022 1:22:33 PM Registry C:\Windows\system32\schtasks.exe BLUETEAM\ezk schtasks  /query /tn win32times 2256 4092,benign
schtasks.exe,4724,RegCloseKey,HKLM\SOFTWARE\Microsoft\Ole,SUCCESS,,4/14/2022 1:22:33 PM,Registry,C:\Windows\system32\schtasks.exe,BLUETEAM\ezk,schtasks  /query /tn win32times,2256,4092,schtasks.exe 4724 RegCloseKey HKLM\SOFTWARE\Microsoft\Ole SUCCESS None 4/14/2022 1:22:33 PM Registry C:\Windows\system32\schtasks.exe BLUETEAM\ezk schtasks  /query /tn win32times 2256 4092,benign
schtasks.exe,4724,RegQueryKey,HKLM,SUCCESS,"Query: HandleTags, HandleTags: 0x0",4/14/2022 1:22:33 PM,Registry,C:\Windows\system32\schtasks.exe,BLUETEAM\ezk,schtasks  /query /tn win32times,2256,4092,"schtasks.exe 4724 RegQueryKey HKLM SUCCESS Query: HandleTags, HandleTags: 0x0 4/14/2022 1:22:33 PM Registry C:\Windows\system32\schtasks.exe BLUETEAM\ezk schtasks  /query /tn win32times 2256 4092",benign
schtasks.exe,4724,RegOpenKey,HKLM\SOFTWARE\Microsoft\OLE,SUCCESS,Desired Access: Read,4/14/2022 1:22:33 PM,Registry,C:\Windows\system32\schtasks.exe,BLUETEAM\ezk,schtasks  /query /tn win32times,2256,4092,schtasks.exe 4724 RegOpenKey HKLM\SOFTWARE\Microsoft\OLE SUCCESS Desired Access: Read 4/14/2022 1:22:33 PM Registry C:\Windows\system32\schtasks.exe BLUETEAM\ezk schtasks  /query /tn win32times 2256 4092,benign
schtasks.exe,4724,RegQueryValue,HKLM\SOFTWARE\Microsoft\Ole\AggressiveMTATesting,NAME NOT FOUND,Length: 16,4/14/2022 1:22:33 PM,Registry,C:\Windows\system32\schtasks.exe,BLUETEAM\ezk,schtasks  /query /tn win32times,2256,4092,schtasks.exe 4724 RegQueryValue HKLM\SOFTWARE\Microsoft\Ole\AggressiveMTATesting NAME NOT FOUND Length: 16 4/14/2022 1:22:33 PM Registry C:\Windows\system32\schtasks.exe BLUETEAM\ezk schtasks  /query /tn win32times 2256 4092,benign
schtasks.exe,4724,RegCloseKey,HKLM\SOFTWARE\Microsoft\Ole,SUCCESS,,4/14/2022 1:22:33 PM,Registry,C:\Windows\system32\schtasks.exe,BLUETEAM\ezk,schtasks  /query /tn win32times,2256,4092,schtasks.exe 4724 RegCloseKey HKLM\SOFTWARE\Microsoft\Ole SUCCESS None 4/14/2022 1:22:33 PM Registry C:\Windows\system32\schtasks.exe BLUETEAM\ezk schtasks  /query /tn win32times 2256 4092,benign
schtasks.exe,4724,RegQueryKey,HKLM,SUCCESS,"Query: HandleTags, HandleTags: 0x0",4/14/2022 1:22:33 PM,Registry,C:\Windows\system32\schtasks.exe,BLUETEAM\ezk,schtasks  /query /tn win32times,2256,4092,"schtasks.exe 4724 RegQueryKey HKLM SUCCESS Query: HandleTags, HandleTags: 0x0 4/14/2022 1:22:33 PM Registry C:\Windows\system32\schtasks.exe BLUETEAM\ezk schtasks  /query /tn win32times 2256 4092",benign
schtasks.exe,4724,RegOpenKey,HKLM,SUCCESS,Desired Access: Read,4/14/2022 1:22:33 PM,Registry,C:\Windows\system32\schtasks.exe,BLUETEAM\ezk,schtasks  /query /tn win32times,2256,4092,schtasks.exe 4724 RegOpenKey HKLM SUCCESS Desired Access: Read 4/14/2022 1:22:33 PM Registry C:\Windows\system32\schtasks.exe BLUETEAM\ezk schtasks  /query /tn win32times 2256 4092,benign
schtasks.exe,4724,RegQueryKey,HKLM,SUCCESS,"Query: HandleTags, HandleTags: 0x100",4/14/2022 1:22:33 PM,Registry,C:\Windows\system32\schtasks.exe,BLUETEAM\ezk,schtasks  /query /tn win32times,2256,4092,"schtasks.exe 4724 RegQueryKey HKLM SUCCESS Query: HandleTags, HandleTags: 0x100 4/14/2022 1:22:33 PM Registry C:\Windows\system32\schtasks.exe BLUETEAM\ezk schtasks  /query /tn win32times 2256 4092",benign
schtasks.exe,4724,RegOpenKey,HKLM\Software\Microsoft\Ole\FeatureDevelopmentProperties,NAME NOT FOUND,Desired Access: Read,4/14/2022 1:22:33 PM,Registry,C:\Windows\system32\schtasks.exe,BLUETEAM\ezk,schtasks  /query /tn win32times,2256,4092,schtasks.exe 4724 RegOpenKey HKLM\Software\Microsoft\Ole\FeatureDevelopmentProperties NAME NOT FOUND Desired Access: Read 4/14/2022 1:22:33 PM Registry C:\Windows\system32\schtasks.exe BLUETEAM\ezk schtasks  /query /tn win32times 2256 4092,benign
schtasks.exe,4724,RegCloseKey,HKLM\SOFTWARE\Microsoft\Ole,SUCCESS,,4/14/2022 1:22:33 PM,Registry,C:\Windows\system32\schtasks.exe,BLUETEAM\ezk,schtasks  /query /tn win32times,2256,4092,schtasks.exe 4724 RegCloseKey HKLM\SOFTWARE\Microsoft\Ole SUCCESS None 4/14/2022 1:22:33 PM Registry C:\Windows\system32\schtasks.exe BLUETEAM\ezk schtasks  /query /tn win32times 2256 4092,benign
schtasks.exe,4724,RegOpenKey,HKLM\SOFTWARE\Microsoft\AppModel\Lookaside\Packages,NAME NOT FOUND,Desired Access: Read,4/14/2022 1:22:33 PM,Registry,C:\Windows\system32\schtasks.exe,BLUETEAM\ezk,schtasks  /query /tn win32times,2256,4092,schtasks.exe 4724 RegOpenKey HKLM\SOFTWARE\Microsoft\AppModel\Lookaside\Packages NAME NOT FOUND Desired Access: Read 4/14/2022 1:22:33 PM Registry C:\Windows\system32\schtasks.exe BLUETEAM\ezk schtasks  /query /tn win32times 2256 4092,benign
schtasks.exe,4724,RegOpenKey,HKLM\Software\Microsoft\Ole\FeatureDevelopmentProperties,NAME NOT FOUND,Desired Access: Read,4/14/2022 1:22:33 PM,Registry,C:\Windows\system32\schtasks.exe,BLUETEAM\ezk,schtasks  /query /tn win32times,2256,4092,schtasks.exe 4724 RegOpenKey HKLM\Software\Microsoft\Ole\FeatureDevelopmentProperties NAME NOT FOUND Desired Access: Read 4/14/2022 1:22:33 PM Registry C:\Windows\system32\schtasks.exe BLUETEAM\ezk schtasks  /query /tn win32times 2256 4092,benign
schtasks.exe,4724,RegQueryKey,HKLM,SUCCESS,"Query: HandleTags, HandleTags: 0x100",4/14/2022 1:22:33 PM,Registry,C:\Windows\system32\schtasks.exe,BLUETEAM\ezk,schtasks  /query /tn win32times,2256,4092,"schtasks.exe 4724 RegQueryKey HKLM SUCCESS Query: HandleTags, HandleTags: 0x100 4/14/2022 1:22:33 PM Registry C:\Windows\system32\schtasks.exe BLUETEAM\ezk schtasks  /query /tn win32times 2256 4092",benign
schtasks.exe,4724,RegOpenKey,HKLM\Software\Microsoft\Ole,SUCCESS,Desired Access: Read,4/14/2022 1:22:33 PM,Registry,C:\Windows\system32\schtasks.exe,BLUETEAM\ezk,schtasks  /query /tn win32times,2256,4092,schtasks.exe 4724 RegOpenKey HKLM\Software\Microsoft\Ole SUCCESS Desired Access: Read 4/14/2022 1:22:33 PM Registry C:\Windows\system32\schtasks.exe BLUETEAM\ezk schtasks  /query /tn win32times 2256 4092,benign
schtasks.exe,4724,RegQueryKey,HKLM,SUCCESS,"Query: HandleTags, HandleTags: 0x0",4/14/2022 1:22:33 PM,Registry,C:\Windows\system32\schtasks.exe,BLUETEAM\ezk,schtasks  /query /tn win32times,2256,4092,"schtasks.exe 4724 RegQueryKey HKLM SUCCESS Query: HandleTags, HandleTags: 0x0 4/14/2022 1:22:33 PM Registry C:\Windows\system32\schtasks.exe BLUETEAM\ezk schtasks  /query /tn win32times 2256 4092",benign
schtasks.exe,4724,RegOpenKey,HKLM\Software\Microsoft\OLE\Tracing,NAME NOT FOUND,Desired Access: Read,4/14/2022 1:22:33 PM,Registry,C:\Windows\system32\schtasks.exe,BLUETEAM\ezk,schtasks  /query /tn win32times,2256,4092,schtasks.exe 4724 RegOpenKey HKLM\Software\Microsoft\OLE\Tracing NAME NOT FOUND Desired Access: Read 4/14/2022 1:22:33 PM Registry C:\Windows\system32\schtasks.exe BLUETEAM\ezk schtasks  /query /tn win32times 2256 4092,benign
schtasks.exe,4724,CreateFile,C:\Windows\System32\ole32.dll,SUCCESS,"Desired Access: Read Attributes, Disposition: Open, Options: Open Reparse Point, Attributes: n/a, ShareMode: Read, Write, Delete, AllocationSize: n/a, OpenResult: Opened",4/14/2022 1:22:33 PM,File System,C:\Windows\system32\schtasks.exe,BLUETEAM\ezk,schtasks  /query /tn win32times,2256,4092,"schtasks.exe 4724 CreateFile C:\Windows\System32\ole32.dll SUCCESS Desired Access: Read Attributes, Disposition: Open, Options: Open Reparse Point, Attributes: n/a, ShareMode: Read, Write, Delete, AllocationSize: n/a, OpenResult: Opened 4/14/2022 1:22:33 PM File System C:\Windows\system32\schtasks.exe BLUETEAM\ezk schtasks  /query /tn win32times 2256 4092",benign
schtasks.exe,4724,QueryBasicInformationFile,C:\Windows\System32\ole32.dll,SUCCESS,"CreationTime: 9/22/2021 5:22:03 PM, LastAccessTime: 4/14/2022 1:22:33 PM, LastWriteTime: 9/22/2021 5:22:03 PM, ChangeTime: 10/15/2021 2:25:23 PM, FileAttributes: A",4/14/2022 1:22:33 PM,File System,C:\Windows\system32\schtasks.exe,BLUETEAM\ezk,schtasks  /query /tn win32times,2256,4092,"schtasks.exe 4724 QueryBasicInformationFile C:\Windows\System32\ole32.dll SUCCESS CreationTime: 9/22/2021 5:22:03 PM, LastAccessTime: 4/14/2022 1:22:33 PM, LastWriteTime: 9/22/2021 5:22:03 PM, ChangeTime: 10/15/2021 2:25:23 PM, FileAttributes: A 4/14/2022 1:22:33 PM File System C:\Windows\system32\schtasks.exe BLUETEAM\ezk schtasks  /query /tn win32times 2256 4092",benign
schtasks.exe,4724,CloseFile,C:\Windows\System32\ole32.dll,SUCCESS,,4/14/2022 1:22:33 PM,File System,C:\Windows\system32\schtasks.exe,BLUETEAM\ezk,schtasks  /query /tn win32times,2256,4092,schtasks.exe 4724 CloseFile C:\Windows\System32\ole32.dll SUCCESS None 4/14/2022 1:22:33 PM File System C:\Windows\system32\schtasks.exe BLUETEAM\ezk schtasks  /query /tn win32times 2256 4092,benign
schtasks.exe,4724,CreateFile,C:\Windows\System32\ole32.dll,SUCCESS,"Desired Access: Read Data/List Directory, Synchronize, Disposition: Open, Options: Synchronous IO Non-Alert, Non-Directory File, Attributes: n/a, ShareMode: Read, Delete, AllocationSize: n/a, OpenResult: Opened",4/14/2022 1:22:33 PM,File System,C:\Windows\system32\schtasks.exe,BLUETEAM\ezk,schtasks  /query /tn win32times,2256,4092,"schtasks.exe 4724 CreateFile C:\Windows\System32\ole32.dll SUCCESS Desired Access: Read Data/List Directory, Synchronize, Disposition: Open, Options: Synchronous IO Non-Alert, Non-Directory File, Attributes: n/a, ShareMode: Read, Delete, AllocationSize: n/a, OpenResult: Opened 4/14/2022 1:22:33 PM File System C:\Windows\system32\schtasks.exe BLUETEAM\ezk schtasks  /query /tn win32times 2256 4092",benign
schtasks.exe,4724,CloseFile,C:\Windows\System32\ole32.dll,SUCCESS,,4/14/2022 1:22:33 PM,File System,C:\Windows\system32\schtasks.exe,BLUETEAM\ezk,schtasks  /query /tn win32times,2256,4092,schtasks.exe 4724 CloseFile C:\Windows\System32\ole32.dll SUCCESS None 4/14/2022 1:22:33 PM File System C:\Windows\system32\schtasks.exe BLUETEAM\ezk schtasks  /query /tn win32times 2256 4092,benign
schtasks.exe,4724,RegQueryKey,HKLM,SUCCESS,"Query: HandleTags, HandleTags: 0x0",4/14/2022 1:22:33 PM,Registry,C:\Windows\system32\schtasks.exe,BLUETEAM\ezk,schtasks  /query /tn win32times,2256,4092,"schtasks.exe 4724 RegQueryKey HKLM SUCCESS Query: HandleTags, HandleTags: 0x0 4/14/2022 1:22:33 PM Registry C:\Windows\system32\schtasks.exe BLUETEAM\ezk schtasks  /query /tn win32times 2256 4092",benign
schtasks.exe,4724,RegQueryKey,HKLM,SUCCESS,"Query: HandleTags, HandleTags: 0x100",4/14/2022 1:22:33 PM,Registry,C:\Windows\system32\schtasks.exe,BLUETEAM\ezk,schtasks  /query /tn win32times,2256,4092,"schtasks.exe 4724 RegQueryKey HKLM SUCCESS Query: HandleTags, HandleTags: 0x100 4/14/2022 1:22:33 PM Registry C:\Windows\system32\schtasks.exe BLUETEAM\ezk schtasks  /query /tn win32times 2256 4092",benign
schtasks.exe,4724,RegQueryValue,HKCU\Control Panel\Desktop\PreferredUILanguages,NAME NOT FOUND,Length: 12,4/14/2022 1:22:33 PM,Registry,C:\Windows\system32\schtasks.exe,BLUETEAM\ezk,schtasks  /query /tn win32times,2256,4092,schtasks.exe 4724 RegQueryValue HKCU\Control Panel\Desktop\PreferredUILanguages NAME NOT FOUND Length: 12 4/14/2022 1:22:33 PM Registry C:\Windows\system32\schtasks.exe BLUETEAM\ezk schtasks  /query /tn win32times 2256 4092,benign
schtasks.exe,2620,RegCloseKey,HKLM\SOFTWARE\Microsoft\Ole,SUCCESS,,4/14/2022 1:22:33 PM,Registry,C:\Windows\system32\schtasks.exe,BLUETEAM\ezk,"schtasks  /create /ru system /sc daily /tr ""cmd /c powershell.exe -ep bypass -file c:\T1036.004_NonExistingScript.ps1"" /tn win32times /f ",7252,4092,"schtasks.exe 2620 RegCloseKey HKLM\SOFTWARE\Microsoft\Ole SUCCESS None 4/14/2022 1:22:33 PM Registry C:\Windows\system32\schtasks.exe BLUETEAM\ezk schtasks  /create /ru system /sc daily /tr ""cmd /c powershell.exe -ep bypass -file c:\T1036.004_NonExistingScript.ps1"" /tn win32times /f  7252 4092",benign
schtasks.exe,2620,CreateFile,C:\Windows\System32\xmllite.dll,SUCCESS,"Desired Access: Read Data/List Directory, Execute/Traverse, Synchronize, Disposition: Open, Options: Synchronous IO Non-Alert, Non-Directory File, Attributes: n/a, ShareMode: Read, Delete, AllocationSize: n/a, OpenResult: Opened",4/14/2022 1:22:33 PM,File System,C:\Windows\system32\schtasks.exe,BLUETEAM\ezk,"schtasks  /create /ru system /sc daily /tr ""cmd /c powershell.exe -ep bypass -file c:\T1036.004_NonExistingScript.ps1"" /tn win32times /f ",7252,4092,"schtasks.exe 2620 CreateFile C:\Windows\System32\xmllite.dll SUCCESS Desired Access: Read Data/List Directory, Execute/Traverse, Synchronize, Disposition: Open, Options: Synchronous IO Non-Alert, Non-Directory File, Attributes: n/a, ShareMode: Read, Delete, AllocationSize: n/a, OpenResult: Opened 4/14/2022 1:22:33 PM File System C:\Windows\system32\schtasks.exe BLUETEAM\ezk schtasks  /create /ru system /sc daily /tr ""cmd /c powershell.exe -ep bypass -file c:\T1036.004_NonExistingScript.ps1"" /tn win32times /f  7252 4092",benign
schtasks.exe,2620,RegQueryKey,HKCR,SUCCESS,"Query: HandleTags, HandleTags: 0x0",4/14/2022 1:22:33 PM,Registry,C:\Windows\system32\schtasks.exe,BLUETEAM\ezk,"schtasks  /create /ru system /sc daily /tr ""cmd /c powershell.exe -ep bypass -file c:\T1036.004_NonExistingScript.ps1"" /tn win32times /f ",7252,4092,"schtasks.exe 2620 RegQueryKey HKCR SUCCESS Query: HandleTags, HandleTags: 0x0 4/14/2022 1:22:33 PM Registry C:\Windows\system32\schtasks.exe BLUETEAM\ezk schtasks  /create /ru system /sc daily /tr ""cmd /c powershell.exe -ep bypass -file c:\T1036.004_NonExistingScript.ps1"" /tn win32times /f  7252 4092",benign
schtasks.exe,2620,RegOpenKey,HKCR\CLSID\{0F87369F-A4E5-4CFC-BD3E-73E6154572DD},SUCCESS,Desired Access: Read,4/14/2022 1:22:33 PM,Registry,C:\Windows\system32\schtasks.exe,BLUETEAM\ezk,"schtasks  /create /ru system /sc daily /tr ""cmd /c powershell.exe -ep bypass -file c:\T1036.004_NonExistingScript.ps1"" /tn win32times /f ",7252,4092,"schtasks.exe 2620 RegOpenKey HKCR\CLSID\{0F87369F-A4E5-4CFC-BD3E-73E6154572DD} SUCCESS Desired Access: Read 4/14/2022 1:22:33 PM Registry C:\Windows\system32\schtasks.exe BLUETEAM\ezk schtasks  /create /ru system /sc daily /tr ""cmd /c powershell.exe -ep bypass -file c:\T1036.004_NonExistingScript.ps1"" /tn win32times /f  7252 4092",benign
schtasks.exe,2620,RegQueryKey,HKCR\CLSID\{0f87369f-a4e5-4cfc-bd3e-73e6154572dd},SUCCESS,"Query: HandleTags, HandleTags: 0x0",4/14/2022 1:22:33 PM,Registry,C:\Windows\system32\schtasks.exe,BLUETEAM\ezk,"schtasks  /create /ru system /sc daily /tr ""cmd /c powershell.exe -ep bypass -file c:\T1036.004_NonExistingScript.ps1"" /tn win32times /f ",7252,4092,"schtasks.exe 2620 RegQueryKey HKCR\CLSID\{0f87369f-a4e5-4cfc-bd3e-73e6154572dd} SUCCESS Query: HandleTags, HandleTags: 0x0 4/14/2022 1:22:33 PM Registry C:\Windows\system32\schtasks.exe BLUETEAM\ezk schtasks  /create /ru system /sc daily /tr ""cmd /c powershell.exe -ep bypass -file c:\T1036.004_NonExistingScript.ps1"" /tn win32times /f  7252 4092",benign
schtasks.exe,2620,RegOpenKey,HKCR\CLSID\{0f87369f-a4e5-4cfc-bd3e-73e6154572dd}\TreatAs,NAME NOT FOUND,Desired Access: Query Value,4/14/2022 1:22:33 PM,Registry,C:\Windows\system32\schtasks.exe,BLUETEAM\ezk,"schtasks  /create /ru system /sc daily /tr ""cmd /c powershell.exe -ep bypass -file c:\T1036.004_NonExistingScript.ps1"" /tn win32times /f ",7252,4092,"schtasks.exe 2620 RegOpenKey HKCR\CLSID\{0f87369f-a4e5-4cfc-bd3e-73e6154572dd}\TreatAs NAME NOT FOUND Desired Access: Query Value 4/14/2022 1:22:33 PM Registry C:\Windows\system32\schtasks.exe BLUETEAM\ezk schtasks  /create /ru system /sc daily /tr ""cmd /c powershell.exe -ep bypass -file c:\T1036.004_NonExistingScript.ps1"" /tn win32times /f  7252 4092",benign
schtasks.exe,2620,RegQueryKey,HKCR\CLSID\{0f87369f-a4e5-4cfc-bd3e-73e6154572dd},SUCCESS,Query: Name,4/14/2022 1:22:33 PM,Registry,C:\Windows\system32\schtasks.exe,BLUETEAM\ezk,"schtasks  /create /ru system /sc daily /tr ""cmd /c powershell.exe -ep bypass -file c:\T1036.004_NonExistingScript.ps1"" /tn win32times /f ",7252,4092,"schtasks.exe 2620 RegQueryKey HKCR\CLSID\{0f87369f-a4e5-4cfc-bd3e-73e6154572dd} SUCCESS Query: Name 4/14/2022 1:22:33 PM Registry C:\Windows\system32\schtasks.exe BLUETEAM\ezk schtasks  /create /ru system /sc daily /tr ""cmd /c powershell.exe -ep bypass -file c:\T1036.004_NonExistingScript.ps1"" /tn win32times /f  7252 4092",benign
schtasks.exe,2620,RegQueryValue,HKCR\CLSID\{0f87369f-a4e5-4cfc-bd3e-73e6154572dd}\ActivateOnHostFlags,NAME NOT FOUND,Length: 16,4/14/2022 1:22:33 PM,Registry,C:\Windows\system32\schtasks.exe,BLUETEAM\ezk,"schtasks  /create /ru system /sc daily /tr ""cmd /c powershell.exe -ep bypass -file c:\T1036.004_NonExistingScript.ps1"" /tn win32times /f ",7252,4092,"schtasks.exe 2620 RegQueryValue HKCR\CLSID\{0f87369f-a4e5-4cfc-bd3e-73e6154572dd}\ActivateOnHostFlags NAME NOT FOUND Length: 16 4/14/2022 1:22:33 PM Registry C:\Windows\system32\schtasks.exe BLUETEAM\ezk schtasks  /create /ru system /sc daily /tr ""cmd /c powershell.exe -ep bypass -file c:\T1036.004_NonExistingScript.ps1"" /tn win32times /f  7252 4092",benign
schtasks.exe,2620,RegQueryValue,HKCR\CLSID\{0f87369f-a4e5-4cfc-bd3e-73e6154572dd}\(Default),BUFFER OVERFLOW,Length: 12,4/14/2022 1:22:33 PM,Registry,C:\Windows\system32\schtasks.exe,BLUETEAM\ezk,"schtasks  /create /ru system /sc daily /tr ""cmd /c powershell.exe -ep bypass -file c:\T1036.004_NonExistingScript.ps1"" /tn win32times /f ",7252,4092,"schtasks.exe 2620 RegQueryValue HKCR\CLSID\{0f87369f-a4e5-4cfc-bd3e-73e6154572dd}\(Default) BUFFER OVERFLOW Length: 12 4/14/2022 1:22:33 PM Registry C:\Windows\system32\schtasks.exe BLUETEAM\ezk schtasks  /create /ru system /sc daily /tr ""cmd /c powershell.exe -ep bypass -file c:\T1036.004_NonExistingScript.ps1"" /tn win32times /f  7252 4092",benign
schtasks.exe,2620,RegQueryValue,HKCR\CLSID\{0f87369f-a4e5-4cfc-bd3e-73e6154572dd}\(Default),SUCCESS,"Type: REG_SZ, Length: 40, Data: TaskScheduler class",4/14/2022 1:22:33 PM,Registry,C:\Windows\system32\schtasks.exe,BLUETEAM\ezk,"schtasks  /create /ru system /sc daily /tr ""cmd /c powershell.exe -ep bypass -file c:\T1036.004_NonExistingScript.ps1"" /tn win32times /f ",7252,4092,"schtasks.exe 2620 RegQueryValue HKCR\CLSID\{0f87369f-a4e5-4cfc-bd3e-73e6154572dd}\(Default) SUCCESS Type: REG_SZ, Length: 40, Data: TaskScheduler class 4/14/2022 1:22:33 PM Registry C:\Windows\system32\schtasks.exe BLUETEAM\ezk schtasks  /create /ru system /sc daily /tr ""cmd /c powershell.exe -ep bypass -file c:\T1036.004_NonExistingScript.ps1"" /tn win32times /f  7252 4092",benign
schtasks.exe,2620,RegQueryKey,HKCR\CLSID\{0f87369f-a4e5-4cfc-bd3e-73e6154572dd},SUCCESS,"Query: HandleTags, HandleTags: 0x0",4/14/2022 1:22:33 PM,Registry,C:\Windows\system32\schtasks.exe,BLUETEAM\ezk,"schtasks  /create /ru system /sc daily /tr ""cmd /c powershell.exe -ep bypass -file c:\T1036.004_NonExistingScript.ps1"" /tn win32times /f ",7252,4092,"schtasks.exe 2620 RegQueryKey HKCR\CLSID\{0f87369f-a4e5-4cfc-bd3e-73e6154572dd} SUCCESS Query: HandleTags, HandleTags: 0x0 4/14/2022 1:22:33 PM Registry C:\Windows\system32\schtasks.exe BLUETEAM\ezk schtasks  /create /ru system /sc daily /tr ""cmd /c powershell.exe -ep bypass -file c:\T1036.004_NonExistingScript.ps1"" /tn win32times /f  7252 4092",benign
schtasks.exe,2620,RegOpenKey,HKCR\CLSID\{0f87369f-a4e5-4cfc-bd3e-73e6154572dd}\InprocServer32,SUCCESS,Desired Access: Read,4/14/2022 1:22:33 PM,Registry,C:\Windows\system32\schtasks.exe,BLUETEAM\ezk,"schtasks  /create /ru system /sc daily /tr ""cmd /c powershell.exe -ep bypass -file c:\T1036.004_NonExistingScript.ps1"" /tn win32times /f ",7252,4092,"schtasks.exe 2620 RegOpenKey HKCR\CLSID\{0f87369f-a4e5-4cfc-bd3e-73e6154572dd}\InprocServer32 SUCCESS Desired Access: Read 4/14/2022 1:22:33 PM Registry C:\Windows\system32\schtasks.exe BLUETEAM\ezk schtasks  /create /ru system /sc daily /tr ""cmd /c powershell.exe -ep bypass -file c:\T1036.004_NonExistingScript.ps1"" /tn win32times /f  7252 4092",benign
schtasks.exe,2620,RegQueryValue,HKCR\CLSID\{0f87369f-a4e5-4cfc-bd3e-73e6154572dd}\InprocServer32\InprocServer32,NAME NOT FOUND,Length: 12,4/14/2022 1:22:33 PM,Registry,C:\Windows\system32\schtasks.exe,BLUETEAM\ezk,"schtasks  /create /ru system /sc daily /tr ""cmd /c powershell.exe -ep bypass -file c:\T1036.004_NonExistingScript.ps1"" /tn win32times /f ",7252,4092,"schtasks.exe 2620 RegQueryValue HKCR\CLSID\{0f87369f-a4e5-4cfc-bd3e-73e6154572dd}\InprocServer32\InprocServer32 NAME NOT FOUND Length: 12 4/14/2022 1:22:33 PM Registry C:\Windows\system32\schtasks.exe BLUETEAM\ezk schtasks  /create /ru system /sc daily /tr ""cmd /c powershell.exe -ep bypass -file c:\T1036.004_NonExistingScript.ps1"" /tn win32times /f  7252 4092",benign
schtasks.exe,2620,RegQueryValue,HKCR\CLSID\{0f87369f-a4e5-4cfc-bd3e-73e6154572dd}\InprocServer32\(Default),BUFFER OVERFLOW,Length: 12,4/14/2022 1:22:33 PM,Registry,C:\Windows\system32\schtasks.exe,BLUETEAM\ezk,"schtasks  /create /ru system /sc daily /tr ""cmd /c powershell.exe -ep bypass -file c:\T1036.004_NonExistingScript.ps1"" /tn win32times /f ",7252,4092,"schtasks.exe 2620 RegQueryValue HKCR\CLSID\{0f87369f-a4e5-4cfc-bd3e-73e6154572dd}\InprocServer32\(Default) BUFFER OVERFLOW Length: 12 4/14/2022 1:22:33 PM Registry C:\Windows\system32\schtasks.exe BLUETEAM\ezk schtasks  /create /ru system /sc daily /tr ""cmd /c powershell.exe -ep bypass -file c:\T1036.004_NonExistingScript.ps1"" /tn win32times /f  7252 4092",benign
schtasks.exe,2620,RegQueryValue,HKCR\CLSID\{0f87369f-a4e5-4cfc-bd3e-73e6154572dd}\InprocServer32\(Default),SUCCESS,"Type: REG_SZ, Length: 66, Data: C:\Windows\System32\taskschd.dll",4/14/2022 1:22:33 PM,Registry,C:\Windows\system32\schtasks.exe,BLUETEAM\ezk,"schtasks  /create /ru system /sc daily /tr ""cmd /c powershell.exe -ep bypass -file c:\T1036.004_NonExistingScript.ps1"" /tn win32times /f ",7252,4092,"schtasks.exe 2620 RegQueryValue HKCR\CLSID\{0f87369f-a4e5-4cfc-bd3e-73e6154572dd}\InprocServer32\(Default) SUCCESS Type: REG_SZ, Length: 66, Data: C:\Windows\System32\taskschd.dll 4/14/2022 1:22:33 PM Registry C:\Windows\system32\schtasks.exe BLUETEAM\ezk schtasks  /create /ru system /sc daily /tr ""cmd /c powershell.exe -ep bypass -file c:\T1036.004_NonExistingScript.ps1"" /tn win32times /f  7252 4092",benign
schtasks.exe,2620,RegQueryValue,HKCR\CLSID\{0f87369f-a4e5-4cfc-bd3e-73e6154572dd}\InprocServer32\ThreadingModel,SUCCESS,"Type: REG_SZ, Length: 10, Data: Both",4/14/2022 1:22:33 PM,Registry,C:\Windows\system32\schtasks.exe,BLUETEAM\ezk,"schtasks  /create /ru system /sc daily /tr ""cmd /c powershell.exe -ep bypass -file c:\T1036.004_NonExistingScript.ps1"" /tn win32times /f ",7252,4092,"schtasks.exe 2620 RegQueryValue HKCR\CLSID\{0f87369f-a4e5-4cfc-bd3e-73e6154572dd}\InprocServer32\ThreadingModel SUCCESS Type: REG_SZ, Length: 10, Data: Both 4/14/2022 1:22:33 PM Registry C:\Windows\system32\schtasks.exe BLUETEAM\ezk schtasks  /create /ru system /sc daily /tr ""cmd /c powershell.exe -ep bypass -file c:\T1036.004_NonExistingScript.ps1"" /tn win32times /f  7252 4092",benign
schtasks.exe,2620,RegCloseKey,HKCR\CLSID\{0f87369f-a4e5-4cfc-bd3e-73e6154572dd}\InprocServer32,SUCCESS,,4/14/2022 1:22:33 PM,Registry,C:\Windows\system32\schtasks.exe,BLUETEAM\ezk,"schtasks  /create /ru system /sc daily /tr ""cmd /c powershell.exe -ep bypass -file c:\T1036.004_NonExistingScript.ps1"" /tn win32times /f ",7252,4092,"schtasks.exe 2620 RegCloseKey HKCR\CLSID\{0f87369f-a4e5-4cfc-bd3e-73e6154572dd}\InprocServer32 SUCCESS None 4/14/2022 1:22:33 PM Registry C:\Windows\system32\schtasks.exe BLUETEAM\ezk schtasks  /create /ru system /sc daily /tr ""cmd /c powershell.exe -ep bypass -file c:\T1036.004_NonExistingScript.ps1"" /tn win32times /f  7252 4092",benign
schtasks.exe,2620,RegQueryKey,HKCR\CLSID\{0f87369f-a4e5-4cfc-bd3e-73e6154572dd},SUCCESS,"Query: HandleTags, HandleTags: 0x0",4/14/2022 1:22:33 PM,Registry,C:\Windows\system32\schtasks.exe,BLUETEAM\ezk,"schtasks  /create /ru system /sc daily /tr ""cmd /c powershell.exe -ep bypass -file c:\T1036.004_NonExistingScript.ps1"" /tn win32times /f ",7252,4092,"schtasks.exe 2620 RegQueryKey HKCR\CLSID\{0f87369f-a4e5-4cfc-bd3e-73e6154572dd} SUCCESS Query: HandleTags, HandleTags: 0x0 4/14/2022 1:22:33 PM Registry C:\Windows\system32\schtasks.exe BLUETEAM\ezk schtasks  /create /ru system /sc daily /tr ""cmd /c powershell.exe -ep bypass -file c:\T1036.004_NonExistingScript.ps1"" /tn win32times /f  7252 4092",benign
schtasks.exe,2620,RegOpenKey,HKCR\CLSID\{0f87369f-a4e5-4cfc-bd3e-73e6154572dd}\InprocHandler32,NAME NOT FOUND,Desired Access: Query Value,4/14/2022 1:22:33 PM,Registry,C:\Windows\system32\schtasks.exe,BLUETEAM\ezk,"schtasks  /create /ru system /sc daily /tr ""cmd /c powershell.exe -ep bypass -file c:\T1036.004_NonExistingScript.ps1"" /tn win32times /f ",7252,4092,"schtasks.exe 2620 RegOpenKey HKCR\CLSID\{0f87369f-a4e5-4cfc-bd3e-73e6154572dd}\InprocHandler32 NAME NOT FOUND Desired Access: Query Value 4/14/2022 1:22:33 PM Registry C:\Windows\system32\schtasks.exe BLUETEAM\ezk schtasks  /create /ru system /sc daily /tr ""cmd /c powershell.exe -ep bypass -file c:\T1036.004_NonExistingScript.ps1"" /tn win32times /f  7252 4092",benign
schtasks.exe,2620,RegQueryKey,HKCR\CLSID\{0f87369f-a4e5-4cfc-bd3e-73e6154572dd},SUCCESS,"Query: HandleTags, HandleTags: 0x0",4/14/2022 1:22:33 PM,Registry,C:\Windows\system32\schtasks.exe,BLUETEAM\ezk,"schtasks  /create /ru system /sc daily /tr ""cmd /c powershell.exe -ep bypass -file c:\T1036.004_NonExistingScript.ps1"" /tn win32times /f ",7252,4092,"schtasks.exe 2620 RegQueryKey HKCR\CLSID\{0f87369f-a4e5-4cfc-bd3e-73e6154572dd} SUCCESS Query: HandleTags, HandleTags: 0x0 4/14/2022 1:22:33 PM Registry C:\Windows\system32\schtasks.exe BLUETEAM\ezk schtasks  /create /ru system /sc daily /tr ""cmd /c powershell.exe -ep bypass -file c:\T1036.004_NonExistingScript.ps1"" /tn win32times /f  7252 4092",benign
schtasks.exe,2620,RegOpenKey,HKCR\CLSID\{0f87369f-a4e5-4cfc-bd3e-73e6154572dd}\InprocHandler,NAME NOT FOUND,Desired Access: Query Value,4/14/2022 1:22:33 PM,Registry,C:\Windows\system32\schtasks.exe,BLUETEAM\ezk,"schtasks  /create /ru system /sc daily /tr ""cmd /c powershell.exe -ep bypass -file c:\T1036.004_NonExistingScript.ps1"" /tn win32times /f ",7252,4092,"schtasks.exe 2620 RegOpenKey HKCR\CLSID\{0f87369f-a4e5-4cfc-bd3e-73e6154572dd}\InprocHandler NAME NOT FOUND Desired Access: Query Value 4/14/2022 1:22:33 PM Registry C:\Windows\system32\schtasks.exe BLUETEAM\ezk schtasks  /create /ru system /sc daily /tr ""cmd /c powershell.exe -ep bypass -file c:\T1036.004_NonExistingScript.ps1"" /tn win32times /f  7252 4092",benign
schtasks.exe,2620,RegCloseKey,HKCR\CLSID\{0f87369f-a4e5-4cfc-bd3e-73e6154572dd},SUCCESS,,4/14/2022 1:22:33 PM,Registry,C:\Windows\system32\schtasks.exe,BLUETEAM\ezk,"schtasks  /create /ru system /sc daily /tr ""cmd /c powershell.exe -ep bypass -file c:\T1036.004_NonExistingScript.ps1"" /tn win32times /f ",7252,4092,"schtasks.exe 2620 RegCloseKey HKCR\CLSID\{0f87369f-a4e5-4cfc-bd3e-73e6154572dd} SUCCESS None 4/14/2022 1:22:33 PM Registry C:\Windows\system32\schtasks.exe BLUETEAM\ezk schtasks  /create /ru system /sc daily /tr ""cmd /c powershell.exe -ep bypass -file c:\T1036.004_NonExistingScript.ps1"" /tn win32times /f  7252 4092",benign
schtasks.exe,2620,RegQueryKey,HKLM,SUCCESS,"Query: HandleTags, HandleTags: 0x0",4/14/2022 1:22:33 PM,Registry,C:\Windows\system32\schtasks.exe,BLUETEAM\ezk,"schtasks  /create /ru system /sc daily /tr ""cmd /c powershell.exe -ep bypass -file c:\T1036.004_NonExistingScript.ps1"" /tn win32times /f ",7252,4092,"schtasks.exe 2620 RegQueryKey HKLM SUCCESS Query: HandleTags, HandleTags: 0x0 4/14/2022 1:22:33 PM Registry C:\Windows\system32\schtasks.exe BLUETEAM\ezk schtasks  /create /ru system /sc daily /tr ""cmd /c powershell.exe -ep bypass -file c:\T1036.004_NonExistingScript.ps1"" /tn win32times /f  7252 4092",benign
schtasks.exe,2620,RegOpenKey,HKLM\Software\Microsoft\OLE,SUCCESS,Desired Access: Read,4/14/2022 1:22:33 PM,Registry,C:\Windows\system32\schtasks.exe,BLUETEAM\ezk,"schtasks  /create /ru system /sc daily /tr ""cmd /c powershell.exe -ep bypass -file c:\T1036.004_NonExistingScript.ps1"" /tn win32times /f ",7252,4092,"schtasks.exe 2620 RegOpenKey HKLM\Software\Microsoft\OLE SUCCESS Desired Access: Read 4/14/2022 1:22:33 PM Registry C:\Windows\system32\schtasks.exe BLUETEAM\ezk schtasks  /create /ru system /sc daily /tr ""cmd /c powershell.exe -ep bypass -file c:\T1036.004_NonExistingScript.ps1"" /tn win32times /f  7252 4092",benign
schtasks.exe,2620,RegQueryValue,HKLM\SOFTWARE\Microsoft\Ole\MaxSxSHashCount,NAME NOT FOUND,Length: 16,4/14/2022 1:22:33 PM,Registry,C:\Windows\system32\schtasks.exe,BLUETEAM\ezk,"schtasks  /create /ru system /sc daily /tr ""cmd /c powershell.exe -ep bypass -file c:\T1036.004_NonExistingScript.ps1"" /tn win32times /f ",7252,4092,"schtasks.exe 2620 RegQueryValue HKLM\SOFTWARE\Microsoft\Ole\MaxSxSHashCount NAME NOT FOUND Length: 16 4/14/2022 1:22:33 PM Registry C:\Windows\system32\schtasks.exe BLUETEAM\ezk schtasks  /create /ru system /sc daily /tr ""cmd /c powershell.exe -ep bypass -file c:\T1036.004_NonExistingScript.ps1"" /tn win32times /f  7252 4092",benign
schtasks.exe,2620,CreateFile,C:\Windows\Registration\R000000000006.clb,SUCCESS,"Desired Access: Generic Read, Disposition: Open, Options: Synchronous IO Non-Alert, Non-Directory File, Attributes: n/a, ShareMode: Read, AllocationSize: n/a, OpenResult: Opened",4/14/2022 1:22:33 PM,File System,C:\Windows\system32\schtasks.exe,BLUETEAM\ezk,"schtasks  /create /ru system /sc daily /tr ""cmd /c powershell.exe -ep bypass -file c:\T1036.004_NonExistingScript.ps1"" /tn win32times /f ",7252,4092,"schtasks.exe 2620 CreateFile C:\Windows\Registration\R000000000006.clb SUCCESS Desired Access: Generic Read, Disposition: Open, Options: Synchronous IO Non-Alert, Non-Directory File, Attributes: n/a, ShareMode: Read, AllocationSize: n/a, OpenResult: Opened 4/14/2022 1:22:33 PM File System C:\Windows\system32\schtasks.exe BLUETEAM\ezk schtasks  /create /ru system /sc daily /tr ""cmd /c powershell.exe -ep bypass -file c:\T1036.004_NonExistingScript.ps1"" /tn win32times /f  7252 4092",benign
schtasks.exe,2620,RegCloseKey,HKLM\SOFTWARE\Microsoft\COM3,SUCCESS,,4/14/2022 1:22:33 PM,Registry,C:\Windows\system32\schtasks.exe,BLUETEAM\ezk,"schtasks  /create /ru system /sc daily /tr ""cmd /c powershell.exe -ep bypass -file c:\T1036.004_NonExistingScript.ps1"" /tn win32times /f ",7252,4092,"schtasks.exe 2620 RegCloseKey HKLM\SOFTWARE\Microsoft\COM3 SUCCESS None 4/14/2022 1:22:33 PM Registry C:\Windows\system32\schtasks.exe BLUETEAM\ezk schtasks  /create /ru system /sc daily /tr ""cmd /c powershell.exe -ep bypass -file c:\T1036.004_NonExistingScript.ps1"" /tn win32times /f  7252 4092",benign
schtasks.exe,2620,RegQueryValue,HKLM\SOFTWARE\Microsoft\COM3\Com+Enabled,SUCCESS,"Type: REG_DWORD, Length: 4, Data: 1",4/14/2022 1:22:33 PM,Registry,C:\Windows\system32\schtasks.exe,BLUETEAM\ezk,"schtasks  /create /ru system /sc daily /tr ""cmd /c powershell.exe -ep bypass -file c:\T1036.004_NonExistingScript.ps1"" /tn win32times /f ",7252,4092,"schtasks.exe 2620 RegQueryValue HKLM\SOFTWARE\Microsoft\COM3\Com+Enabled SUCCESS Type: REG_DWORD, Length: 4, Data: 1 4/14/2022 1:22:33 PM Registry C:\Windows\system32\schtasks.exe BLUETEAM\ezk schtasks  /create /ru system /sc daily /tr ""cmd /c powershell.exe -ep bypass -file c:\T1036.004_NonExistingScript.ps1"" /tn win32times /f  7252 4092",benign
schtasks.exe,2620,RegOpenKey,HKLM\Software\Microsoft\COM3,SUCCESS,Desired Access: Read,4/14/2022 1:22:33 PM,Registry,C:\Windows\system32\schtasks.exe,BLUETEAM\ezk,"schtasks  /create /ru system /sc daily /tr ""cmd /c powershell.exe -ep bypass -file c:\T1036.004_NonExistingScript.ps1"" /tn win32times /f ",7252,4092,"schtasks.exe 2620 RegOpenKey HKLM\Software\Microsoft\COM3 SUCCESS Desired Access: Read 4/14/2022 1:22:33 PM Registry C:\Windows\system32\schtasks.exe BLUETEAM\ezk schtasks  /create /ru system /sc daily /tr ""cmd /c powershell.exe -ep bypass -file c:\T1036.004_NonExistingScript.ps1"" /tn win32times /f  7252 4092",benign
schtasks.exe,2620,RegQueryValue,HKLM\SOFTWARE\Microsoft\Windows\CurrentVersion\AppModelUnlock\AllowDevelopmentWithoutDevLicense,NAME NOT FOUND,Length: 24,4/14/2022 1:22:33 PM,Registry,C:\Windows\system32\schtasks.exe,BLUETEAM\ezk,"schtasks  /create /ru system /sc daily /tr ""cmd /c powershell.exe -ep bypass -file c:\T1036.004_NonExistingScript.ps1"" /tn win32times /f ",7252,4092,"schtasks.exe 2620 RegQueryValue HKLM\SOFTWARE\Microsoft\Windows\CurrentVersion\AppModelUnlock\AllowDevelopmentWithoutDevLicense NAME NOT FOUND Length: 24 4/14/2022 1:22:33 PM Registry C:\Windows\system32\schtasks.exe BLUETEAM\ezk schtasks  /create /ru system /sc daily /tr ""cmd /c powershell.exe -ep bypass -file c:\T1036.004_NonExistingScript.ps1"" /tn win32times /f  7252 4092",benign
schtasks.exe,2620,RegCloseKey,HKLM\SOFTWARE\Microsoft\Windows\CurrentVersion\AppModelUnlock,SUCCESS,,4/14/2022 1:22:33 PM,Registry,C:\Windows\system32\schtasks.exe,BLUETEAM\ezk,"schtasks  /create /ru system /sc daily /tr ""cmd /c powershell.exe -ep bypass -file c:\T1036.004_NonExistingScript.ps1"" /tn win32times /f ",7252,4092,"schtasks.exe 2620 RegCloseKey HKLM\SOFTWARE\Microsoft\Windows\CurrentVersion\AppModelUnlock SUCCESS None 4/14/2022 1:22:33 PM Registry C:\Windows\system32\schtasks.exe BLUETEAM\ezk schtasks  /create /ru system /sc daily /tr ""cmd /c powershell.exe -ep bypass -file c:\T1036.004_NonExistingScript.ps1"" /tn win32times /f  7252 4092",benign
schtasks.exe,2620,RegQueryKey,HKLM,SUCCESS,"Query: HandleTags, HandleTags: 0x0",4/14/2022 1:22:33 PM,Registry,C:\Windows\system32\schtasks.exe,BLUETEAM\ezk,"schtasks  /create /ru system /sc daily /tr ""cmd /c powershell.exe -ep bypass -file c:\T1036.004_NonExistingScript.ps1"" /tn win32times /f ",7252,4092,"schtasks.exe 2620 RegQueryKey HKLM SUCCESS Query: HandleTags, HandleTags: 0x0 4/14/2022 1:22:33 PM Registry C:\Windows\system32\schtasks.exe BLUETEAM\ezk schtasks  /create /ru system /sc daily /tr ""cmd /c powershell.exe -ep bypass -file c:\T1036.004_NonExistingScript.ps1"" /tn win32times /f  7252 4092",benign
schtasks.exe,2620,RegOpenKey,HKLM\Software\Microsoft\OLE\AppCompat,SUCCESS,Desired Access: Read,4/14/2022 1:22:33 PM,Registry,C:\Windows\system32\schtasks.exe,BLUETEAM\ezk,"schtasks  /create /ru system /sc daily /tr ""cmd /c powershell.exe -ep bypass -file c:\T1036.004_NonExistingScript.ps1"" /tn win32times /f ",7252,4092,"schtasks.exe 2620 RegOpenKey HKLM\Software\Microsoft\OLE\AppCompat SUCCESS Desired Access: Read 4/14/2022 1:22:33 PM Registry C:\Windows\system32\schtasks.exe BLUETEAM\ezk schtasks  /create /ru system /sc daily /tr ""cmd /c powershell.exe -ep bypass -file c:\T1036.004_NonExistingScript.ps1"" /tn win32times /f  7252 4092",benign
schtasks.exe,2620,RegQueryValue,HKLM\SOFTWARE\Microsoft\Ole\AppCompat\RaiseActivationAuthenticationLevel,NAME NOT FOUND,Length: 16,4/14/2022 1:22:33 PM,Registry,C:\Windows\system32\schtasks.exe,BLUETEAM\ezk,"schtasks  /create /ru system /sc daily /tr ""cmd /c powershell.exe -ep bypass -file c:\T1036.004_NonExistingScript.ps1"" /tn win32times /f ",7252,4092,"schtasks.exe 2620 RegQueryValue HKLM\SOFTWARE\Microsoft\Ole\AppCompat\RaiseActivationAuthenticationLevel NAME NOT FOUND Length: 16 4/14/2022 1:22:33 PM Registry C:\Windows\system32\schtasks.exe BLUETEAM\ezk schtasks  /create /ru system /sc daily /tr ""cmd /c powershell.exe -ep bypass -file c:\T1036.004_NonExistingScript.ps1"" /tn win32times /f  7252 4092",benign
schtasks.exe,2620,RegCloseKey,HKLM\SOFTWARE\Microsoft\Ole\AppCompat,SUCCESS,,4/14/2022 1:22:33 PM,Registry,C:\Windows\system32\schtasks.exe,BLUETEAM\ezk,"schtasks  /create /ru system /sc daily /tr ""cmd /c powershell.exe -ep bypass -file c:\T1036.004_NonExistingScript.ps1"" /tn win32times /f ",7252,4092,"schtasks.exe 2620 RegCloseKey HKLM\SOFTWARE\Microsoft\Ole\AppCompat SUCCESS None 4/14/2022 1:22:33 PM Registry C:\Windows\system32\schtasks.exe BLUETEAM\ezk schtasks  /create /ru system /sc daily /tr ""cmd /c powershell.exe -ep bypass -file c:\T1036.004_NonExistingScript.ps1"" /tn win32times /f  7252 4092",benign
schtasks.exe,2620,RegQueryKey,HKLM,SUCCESS,"Query: HandleTags, HandleTags: 0x0",4/14/2022 1:22:33 PM,Registry,C:\Windows\system32\schtasks.exe,BLUETEAM\ezk,"schtasks  /create /ru system /sc daily /tr ""cmd /c powershell.exe -ep bypass -file c:\T1036.004_NonExistingScript.ps1"" /tn win32times /f ",7252,4092,"schtasks.exe 2620 RegQueryKey HKLM SUCCESS Query: HandleTags, HandleTags: 0x0 4/14/2022 1:22:33 PM Registry C:\Windows\system32\schtasks.exe BLUETEAM\ezk schtasks  /create /ru system /sc daily /tr ""cmd /c powershell.exe -ep bypass -file c:\T1036.004_NonExistingScript.ps1"" /tn win32times /f  7252 4092",benign
schtasks.exe,2620,RegOpenKey,HKCR,SUCCESS,"Desired Access: Maximum Allowed, Granted Access: All Access",4/14/2022 1:22:33 PM,Registry,C:\Windows\system32\schtasks.exe,BLUETEAM\ezk,"schtasks  /create /ru system /sc daily /tr ""cmd /c powershell.exe -ep bypass -file c:\T1036.004_NonExistingScript.ps1"" /tn win32times /f ",7252,4092,"schtasks.exe 2620 RegOpenKey HKCR SUCCESS Desired Access: Maximum Allowed, Granted Access: All Access 4/14/2022 1:22:33 PM Registry C:\Windows\system32\schtasks.exe BLUETEAM\ezk schtasks  /create /ru system /sc daily /tr ""cmd /c powershell.exe -ep bypass -file c:\T1036.004_NonExistingScript.ps1"" /tn win32times /f  7252 4092",benign
schtasks.exe,2620,RegQueryKey,HKCR,SUCCESS,"Query: HandleTags, HandleTags: 0x0",4/14/2022 1:22:33 PM,Registry,C:\Windows\system32\schtasks.exe,BLUETEAM\ezk,"schtasks  /create /ru system /sc daily /tr ""cmd /c powershell.exe -ep bypass -file c:\T1036.004_NonExistingScript.ps1"" /tn win32times /f ",7252,4092,"schtasks.exe 2620 RegQueryKey HKCR SUCCESS Query: HandleTags, HandleTags: 0x0 4/14/2022 1:22:33 PM Registry C:\Windows\system32\schtasks.exe BLUETEAM\ezk schtasks  /create /ru system /sc daily /tr ""cmd /c powershell.exe -ep bypass -file c:\T1036.004_NonExistingScript.ps1"" /tn win32times /f  7252 4092",benign
schtasks.exe,2620,RegOpenKey,HKCR\AppID\schtasks.exe,NAME NOT FOUND,Desired Access: Read,4/14/2022 1:22:33 PM,Registry,C:\Windows\system32\schtasks.exe,BLUETEAM\ezk,"schtasks  /create /ru system /sc daily /tr ""cmd /c powershell.exe -ep bypass -file c:\T1036.004_NonExistingScript.ps1"" /tn win32times /f ",7252,4092,"schtasks.exe 2620 RegOpenKey HKCR\AppID\schtasks.exe NAME NOT FOUND Desired Access: Read 4/14/2022 1:22:33 PM Registry C:\Windows\system32\schtasks.exe BLUETEAM\ezk schtasks  /create /ru system /sc daily /tr ""cmd /c powershell.exe -ep bypass -file c:\T1036.004_NonExistingScript.ps1"" /tn win32times /f  7252 4092",benign
schtasks.exe,2620,RegQueryKey,HKCR,SUCCESS,"Query: HandleTags, HandleTags: 0x0",4/14/2022 1:22:33 PM,Registry,C:\Windows\system32\schtasks.exe,BLUETEAM\ezk,"schtasks  /create /ru system /sc daily /tr ""cmd /c powershell.exe -ep bypass -file c:\T1036.004_NonExistingScript.ps1"" /tn win32times /f ",7252,4092,"schtasks.exe 2620 RegQueryKey HKCR SUCCESS Query: HandleTags, HandleTags: 0x0 4/14/2022 1:22:33 PM Registry C:\Windows\system32\schtasks.exe BLUETEAM\ezk schtasks  /create /ru system /sc daily /tr ""cmd /c powershell.exe -ep bypass -file c:\T1036.004_NonExistingScript.ps1"" /tn win32times /f  7252 4092",benign
schtasks.exe,2620,RegCloseKey,HKLM\SOFTWARE\Microsoft\Ole,SUCCESS,,4/14/2022 1:22:33 PM,Registry,C:\Windows\system32\schtasks.exe,BLUETEAM\ezk,"schtasks  /create /ru system /sc daily /tr ""cmd /c powershell.exe -ep bypass -file c:\T1036.004_NonExistingScript.ps1"" /tn win32times /f ",7252,4092,"schtasks.exe 2620 RegCloseKey HKLM\SOFTWARE\Microsoft\Ole SUCCESS None 4/14/2022 1:22:33 PM Registry C:\Windows\system32\schtasks.exe BLUETEAM\ezk schtasks  /create /ru system /sc daily /tr ""cmd /c powershell.exe -ep bypass -file c:\T1036.004_NonExistingScript.ps1"" /tn win32times /f  7252 4092",benign
schtasks.exe,2620,RegQueryKey,HKCR,SUCCESS,Query: Name,4/14/2022 1:22:33 PM,Registry,C:\Windows\system32\schtasks.exe,BLUETEAM\ezk,"schtasks  /create /ru system /sc daily /tr ""cmd /c powershell.exe -ep bypass -file c:\T1036.004_NonExistingScript.ps1"" /tn win32times /f ",7252,4092,"schtasks.exe 2620 RegQueryKey HKCR SUCCESS Query: Name 4/14/2022 1:22:33 PM Registry C:\Windows\system32\schtasks.exe BLUETEAM\ezk schtasks  /create /ru system /sc daily /tr ""cmd /c powershell.exe -ep bypass -file c:\T1036.004_NonExistingScript.ps1"" /tn win32times /f  7252 4092",benign
schtasks.exe,2620,RegOpenKey,HKLM\System\CurrentControlSet\Control\Lsa,REPARSE,Desired Access: Query Value,4/14/2022 1:22:33 PM,Registry,C:\Windows\system32\schtasks.exe,BLUETEAM\ezk,"schtasks  /create /ru system /sc daily /tr ""cmd /c powershell.exe -ep bypass -file c:\T1036.004_NonExistingScript.ps1"" /tn win32times /f ",7252,4092,"schtasks.exe 2620 RegOpenKey HKLM\System\CurrentControlSet\Control\Lsa REPARSE Desired Access: Query Value 4/14/2022 1:22:33 PM Registry C:\Windows\system32\schtasks.exe BLUETEAM\ezk schtasks  /create /ru system /sc daily /tr ""cmd /c powershell.exe -ep bypass -file c:\T1036.004_NonExistingScript.ps1"" /tn win32times /f  7252 4092",benign
schtasks.exe,2620,RegOpenKey,HKLM\System\CurrentControlSet\Control\Lsa,SUCCESS,Desired Access: Query Value,4/14/2022 1:22:33 PM,Registry,C:\Windows\system32\schtasks.exe,BLUETEAM\ezk,"schtasks  /create /ru system /sc daily /tr ""cmd /c powershell.exe -ep bypass -file c:\T1036.004_NonExistingScript.ps1"" /tn win32times /f ",7252,4092,"schtasks.exe 2620 RegOpenKey HKLM\System\CurrentControlSet\Control\Lsa SUCCESS Desired Access: Query Value 4/14/2022 1:22:33 PM Registry C:\Windows\system32\schtasks.exe BLUETEAM\ezk schtasks  /create /ru system /sc daily /tr ""cmd /c powershell.exe -ep bypass -file c:\T1036.004_NonExistingScript.ps1"" /tn win32times /f  7252 4092",benign
schtasks.exe,2620,RegQueryValue,HKLM\System\CurrentControlSet\Control\Lsa\AnonymousAppContainerImpersonationLevelCheck,NAME NOT FOUND,Length: 80,4/14/2022 1:22:33 PM,Registry,C:\Windows\system32\schtasks.exe,BLUETEAM\ezk,"schtasks  /create /ru system /sc daily /tr ""cmd /c powershell.exe -ep bypass -file c:\T1036.004_NonExistingScript.ps1"" /tn win32times /f ",7252,4092,"schtasks.exe 2620 RegQueryValue HKLM\System\CurrentControlSet\Control\Lsa\AnonymousAppContainerImpersonationLevelCheck NAME NOT FOUND Length: 80 4/14/2022 1:22:33 PM Registry C:\Windows\system32\schtasks.exe BLUETEAM\ezk schtasks  /create /ru system /sc daily /tr ""cmd /c powershell.exe -ep bypass -file c:\T1036.004_NonExistingScript.ps1"" /tn win32times /f  7252 4092",benign
schtasks.exe,2620,RegCloseKey,HKLM\System\CurrentControlSet\Control\Lsa,SUCCESS,,4/14/2022 1:22:33 PM,Registry,C:\Windows\system32\schtasks.exe,BLUETEAM\ezk,"schtasks  /create /ru system /sc daily /tr ""cmd /c powershell.exe -ep bypass -file c:\T1036.004_NonExistingScript.ps1"" /tn win32times /f ",7252,4092,"schtasks.exe 2620 RegCloseKey HKLM\System\CurrentControlSet\Control\Lsa SUCCESS None 4/14/2022 1:22:33 PM Registry C:\Windows\system32\schtasks.exe BLUETEAM\ezk schtasks  /create /ru system /sc daily /tr ""cmd /c powershell.exe -ep bypass -file c:\T1036.004_NonExistingScript.ps1"" /tn win32times /f  7252 4092",benign
schtasks.exe,2620,RegOpenKey,HKLM\System\CurrentControlSet\Control\Lsa,REPARSE,Desired Access: Query Value,4/14/2022 1:22:33 PM,Registry,C:\Windows\system32\schtasks.exe,BLUETEAM\ezk,"schtasks  /create /ru system /sc daily /tr ""cmd /c powershell.exe -ep bypass -file c:\T1036.004_NonExistingScript.ps1"" /tn win32times /f ",7252,4092,"schtasks.exe 2620 RegOpenKey HKLM\System\CurrentControlSet\Control\Lsa REPARSE Desired Access: Query Value 4/14/2022 1:22:33 PM Registry C:\Windows\system32\schtasks.exe BLUETEAM\ezk schtasks  /create /ru system /sc daily /tr ""cmd /c powershell.exe -ep bypass -file c:\T1036.004_NonExistingScript.ps1"" /tn win32times /f  7252 4092",benign
schtasks.exe,2620,RegOpenKey,HKLM\System\CurrentControlSet\Control\Lsa,SUCCESS,Desired Access: Query Value,4/14/2022 1:22:33 PM,Registry,C:\Windows\system32\schtasks.exe,BLUETEAM\ezk,"schtasks  /create /ru system /sc daily /tr ""cmd /c powershell.exe -ep bypass -file c:\T1036.004_NonExistingScript.ps1"" /tn win32times /f ",7252,4092,"schtasks.exe 2620 RegOpenKey HKLM\System\CurrentControlSet\Control\Lsa SUCCESS Desired Access: Query Value 4/14/2022 1:22:33 PM Registry C:\Windows\system32\schtasks.exe BLUETEAM\ezk schtasks  /create /ru system /sc daily /tr ""cmd /c powershell.exe -ep bypass -file c:\T1036.004_NonExistingScript.ps1"" /tn win32times /f  7252 4092",benign
schtasks.exe,2620,RegQueryValue,HKLM\System\CurrentControlSet\Control\Lsa\EveryoneIncludesAnonymous,SUCCESS,"Type: REG_DWORD, Length: 4, Data: 0",4/14/2022 1:22:33 PM,Registry,C:\Windows\system32\schtasks.exe,BLUETEAM\ezk,"schtasks  /create /ru system /sc daily /tr ""cmd /c powershell.exe -ep bypass -file c:\T1036.004_NonExistingScript.ps1"" /tn win32times /f ",7252,4092,"schtasks.exe 2620 RegQueryValue HKLM\System\CurrentControlSet\Control\Lsa\EveryoneIncludesAnonymous SUCCESS Type: REG_DWORD, Length: 4, Data: 0 4/14/2022 1:22:33 PM Registry C:\Windows\system32\schtasks.exe BLUETEAM\ezk schtasks  /create /ru system /sc daily /tr ""cmd /c powershell.exe -ep bypass -file c:\T1036.004_NonExistingScript.ps1"" /tn win32times /f  7252 4092",benign
schtasks.exe,2620,RegCloseKey,HKLM\System\CurrentControlSet\Control\Lsa,SUCCESS,,4/14/2022 1:22:33 PM,Registry,C:\Windows\system32\schtasks.exe,BLUETEAM\ezk,"schtasks  /create /ru system /sc daily /tr ""cmd /c powershell.exe -ep bypass -file c:\T1036.004_NonExistingScript.ps1"" /tn win32times /f ",7252,4092,"schtasks.exe 2620 RegCloseKey HKLM\System\CurrentControlSet\Control\Lsa SUCCESS None 4/14/2022 1:22:33 PM Registry C:\Windows\system32\schtasks.exe BLUETEAM\ezk schtasks  /create /ru system /sc daily /tr ""cmd /c powershell.exe -ep bypass -file c:\T1036.004_NonExistingScript.ps1"" /tn win32times /f  7252 4092",benign
schtasks.exe,2620,RegQueryKey,HKLM,SUCCESS,"Query: HandleTags, HandleTags: 0x0",4/14/2022 1:22:33 PM,Registry,C:\Windows\system32\schtasks.exe,BLUETEAM\ezk,"schtasks  /create /ru system /sc daily /tr ""cmd /c powershell.exe -ep bypass -file c:\T1036.004_NonExistingScript.ps1"" /tn win32times /f ",7252,4092,"schtasks.exe 2620 RegQueryKey HKLM SUCCESS Query: HandleTags, HandleTags: 0x0 4/14/2022 1:22:33 PM Registry C:\Windows\system32\schtasks.exe BLUETEAM\ezk schtasks  /create /ru system /sc daily /tr ""cmd /c powershell.exe -ep bypass -file c:\T1036.004_NonExistingScript.ps1"" /tn win32times /f  7252 4092",benign
schtasks.exe,2620,RegOpenKey,HKCR,SUCCESS,"Desired Access: Maximum Allowed, Granted Access: All Access",4/14/2022 1:22:33 PM,Registry,C:\Windows\system32\schtasks.exe,BLUETEAM\ezk,"schtasks  /create /ru system /sc daily /tr ""cmd /c powershell.exe -ep bypass -file c:\T1036.004_NonExistingScript.ps1"" /tn win32times /f ",7252,4092,"schtasks.exe 2620 RegOpenKey HKCR SUCCESS Desired Access: Maximum Allowed, Granted Access: All Access 4/14/2022 1:22:33 PM Registry C:\Windows\system32\schtasks.exe BLUETEAM\ezk schtasks  /create /ru system /sc daily /tr ""cmd /c powershell.exe -ep bypass -file c:\T1036.004_NonExistingScript.ps1"" /tn win32times /f  7252 4092",benign
schtasks.exe,2620,RegQueryKey,HKLM,SUCCESS,"Query: HandleTags, HandleTags: 0x0",4/14/2022 1:22:33 PM,Registry,C:\Windows\system32\schtasks.exe,BLUETEAM\ezk,"schtasks  /create /ru system /sc daily /tr ""cmd /c powershell.exe -ep bypass -file c:\T1036.004_NonExistingScript.ps1"" /tn win32times /f ",7252,4092,"schtasks.exe 2620 RegQueryKey HKLM SUCCESS Query: HandleTags, HandleTags: 0x0 4/14/2022 1:22:33 PM Registry C:\Windows\system32\schtasks.exe BLUETEAM\ezk schtasks  /create /ru system /sc daily /tr ""cmd /c powershell.exe -ep bypass -file c:\T1036.004_NonExistingScript.ps1"" /tn win32times /f  7252 4092",benign
schtasks.exe,2620,RegOpenKey,HKCR\AppID\schtasks.exe,NAME NOT FOUND,Desired Access: Read,4/14/2022 1:22:33 PM,Registry,C:\Windows\system32\schtasks.exe,BLUETEAM\ezk,"schtasks  /create /ru system /sc daily /tr ""cmd /c powershell.exe -ep bypass -file c:\T1036.004_NonExistingScript.ps1"" /tn win32times /f ",7252,4092,"schtasks.exe 2620 RegOpenKey HKCR\AppID\schtasks.exe NAME NOT FOUND Desired Access: Read 4/14/2022 1:22:33 PM Registry C:\Windows\system32\schtasks.exe BLUETEAM\ezk schtasks  /create /ru system /sc daily /tr ""cmd /c powershell.exe -ep bypass -file c:\T1036.004_NonExistingScript.ps1"" /tn win32times /f  7252 4092",benign
schtasks.exe,2620,CloseFile,C:\Windows\System32\xmllite.dll,SUCCESS,,4/14/2022 1:22:33 PM,File System,C:\Windows\system32\schtasks.exe,BLUETEAM\ezk,"schtasks  /create /ru system /sc daily /tr ""cmd /c powershell.exe -ep bypass -file c:\T1036.004_NonExistingScript.ps1"" /tn win32times /f ",7252,4092,"schtasks.exe 2620 CloseFile C:\Windows\System32\xmllite.dll SUCCESS None 4/14/2022 1:22:33 PM File System C:\Windows\system32\schtasks.exe BLUETEAM\ezk schtasks  /create /ru system /sc daily /tr ""cmd /c powershell.exe -ep bypass -file c:\T1036.004_NonExistingScript.ps1"" /tn win32times /f  7252 4092",benign
schtasks.exe,2620,RegQueryKey,HKCR,SUCCESS,"Query: HandleTags, HandleTags: 0x0",4/14/2022 1:22:33 PM,Registry,C:\Windows\system32\schtasks.exe,BLUETEAM\ezk,"schtasks  /create /ru system /sc daily /tr ""cmd /c powershell.exe -ep bypass -file c:\T1036.004_NonExistingScript.ps1"" /tn win32times /f ",7252,4092,"schtasks.exe 2620 RegQueryKey HKCR SUCCESS Query: HandleTags, HandleTags: 0x0 4/14/2022 1:22:33 PM Registry C:\Windows\system32\schtasks.exe BLUETEAM\ezk schtasks  /create /ru system /sc daily /tr ""cmd /c powershell.exe -ep bypass -file c:\T1036.004_NonExistingScript.ps1"" /tn win32times /f  7252 4092",benign
schtasks.exe,2620,RegQueryKey,HKCR\CLSID\{0f87369f-a4e5-4cfc-bd3e-73e6154572dd},SUCCESS,"Query: HandleTags, HandleTags: 0x0",4/14/2022 1:22:33 PM,Registry,C:\Windows\system32\schtasks.exe,BLUETEAM\ezk,"schtasks  /create /ru system /sc daily /tr ""cmd /c powershell.exe -ep bypass -file c:\T1036.004_NonExistingScript.ps1"" /tn win32times /f ",7252,4092,"schtasks.exe 2620 RegQueryKey HKCR\CLSID\{0f87369f-a4e5-4cfc-bd3e-73e6154572dd} SUCCESS Query: HandleTags, HandleTags: 0x0 4/14/2022 1:22:33 PM Registry C:\Windows\system32\schtasks.exe BLUETEAM\ezk schtasks  /create /ru system /sc daily /tr ""cmd /c powershell.exe -ep bypass -file c:\T1036.004_NonExistingScript.ps1"" /tn win32times /f  7252 4092",benign
schtasks.exe,2620,RegOpenKey,HKCR\CLSID\{0F87369F-A4E5-4CFC-BD3E-73E6154572DD},SUCCESS,Desired Access: Read,4/14/2022 1:22:33 PM,Registry,C:\Windows\system32\schtasks.exe,BLUETEAM\ezk,"schtasks  /create /ru system /sc daily /tr ""cmd /c powershell.exe -ep bypass -file c:\T1036.004_NonExistingScript.ps1"" /tn win32times /f ",7252,4092,"schtasks.exe 2620 RegOpenKey HKCR\CLSID\{0F87369F-A4E5-4CFC-BD3E-73E6154572DD} SUCCESS Desired Access: Read 4/14/2022 1:22:33 PM Registry C:\Windows\system32\schtasks.exe BLUETEAM\ezk schtasks  /create /ru system /sc daily /tr ""cmd /c powershell.exe -ep bypass -file c:\T1036.004_NonExistingScript.ps1"" /tn win32times /f  7252 4092",benign
schtasks.exe,2620,RegQueryKey,HKCR\CLSID\{0f87369f-a4e5-4cfc-bd3e-73e6154572dd},SUCCESS,"Query: HandleTags, HandleTags: 0x0",4/14/2022 1:22:33 PM,Registry,C:\Windows\system32\schtasks.exe,BLUETEAM\ezk,"schtasks  /create /ru system /sc daily /tr ""cmd /c powershell.exe -ep bypass -file c:\T1036.004_NonExistingScript.ps1"" /tn win32times /f ",7252,4092,"schtasks.exe 2620 RegQueryKey HKCR\CLSID\{0f87369f-a4e5-4cfc-bd3e-73e6154572dd} SUCCESS Query: HandleTags, HandleTags: 0x0 4/14/2022 1:22:33 PM Registry C:\Windows\system32\schtasks.exe BLUETEAM\ezk schtasks  /create /ru system /sc daily /tr ""cmd /c powershell.exe -ep bypass -file c:\T1036.004_NonExistingScript.ps1"" /tn win32times /f  7252 4092",benign
schtasks.exe,2620,RegOpenKey,HKCR\CLSID\{0f87369f-a4e5-4cfc-bd3e-73e6154572dd}\TreatAs,NAME NOT FOUND,Desired Access: Read,4/14/2022 1:22:33 PM,Registry,C:\Windows\system32\schtasks.exe,BLUETEAM\ezk,"schtasks  /create /ru system /sc daily /tr ""cmd /c powershell.exe -ep bypass -file c:\T1036.004_NonExistingScript.ps1"" /tn win32times /f ",7252,4092,"schtasks.exe 2620 RegOpenKey HKCR\CLSID\{0f87369f-a4e5-4cfc-bd3e-73e6154572dd}\TreatAs NAME NOT FOUND Desired Access: Read 4/14/2022 1:22:33 PM Registry C:\Windows\system32\schtasks.exe BLUETEAM\ezk schtasks  /create /ru system /sc daily /tr ""cmd /c powershell.exe -ep bypass -file c:\T1036.004_NonExistingScript.ps1"" /tn win32times /f  7252 4092",benign
schtasks.exe,2620,RegCloseKey,HKCR\CLSID\{0f87369f-a4e5-4cfc-bd3e-73e6154572dd},SUCCESS,,4/14/2022 1:22:33 PM,Registry,C:\Windows\system32\schtasks.exe,BLUETEAM\ezk,"schtasks  /create /ru system /sc daily /tr ""cmd /c powershell.exe -ep bypass -file c:\T1036.004_NonExistingScript.ps1"" /tn win32times /f ",7252,4092,"schtasks.exe 2620 RegCloseKey HKCR\CLSID\{0f87369f-a4e5-4cfc-bd3e-73e6154572dd} SUCCESS None 4/14/2022 1:22:33 PM Registry C:\Windows\system32\schtasks.exe BLUETEAM\ezk schtasks  /create /ru system /sc daily /tr ""cmd /c powershell.exe -ep bypass -file c:\T1036.004_NonExistingScript.ps1"" /tn win32times /f  7252 4092",benign
schtasks.exe,2620,CreateFile,C:\Windows\System32\taskschd.dll,SUCCESS,"Desired Access: Read Attributes, Disposition: Open, Options: Open Reparse Point, Attributes: n/a, ShareMode: Read, Write, Delete, AllocationSize: n/a, OpenResult: Opened",4/14/2022 1:22:33 PM,File System,C:\Windows\system32\schtasks.exe,BLUETEAM\ezk,"schtasks  /create /ru system /sc daily /tr ""cmd /c powershell.exe -ep bypass -file c:\T1036.004_NonExistingScript.ps1"" /tn win32times /f ",7252,4092,"schtasks.exe 2620 CreateFile C:\Windows\System32\taskschd.dll SUCCESS Desired Access: Read Attributes, Disposition: Open, Options: Open Reparse Point, Attributes: n/a, ShareMode: Read, Write, Delete, AllocationSize: n/a, OpenResult: Opened 4/14/2022 1:22:33 PM File System C:\Windows\system32\schtasks.exe BLUETEAM\ezk schtasks  /create /ru system /sc daily /tr ""cmd /c powershell.exe -ep bypass -file c:\T1036.004_NonExistingScript.ps1"" /tn win32times /f  7252 4092",benign
schtasks.exe,2620,QueryBasicInformationFile,C:\Windows\System32\taskschd.dll,SUCCESS,"CreationTime: 9/22/2021 5:22:17 PM, LastAccessTime: 4/14/2022 1:21:22 PM, LastWriteTime: 9/22/2021 5:22:17 PM, ChangeTime: 10/15/2021 2:25:08 PM, FileAttributes: A",4/14/2022 1:22:33 PM,File System,C:\Windows\system32\schtasks.exe,BLUETEAM\ezk,"schtasks  /create /ru system /sc daily /tr ""cmd /c powershell.exe -ep bypass -file c:\T1036.004_NonExistingScript.ps1"" /tn win32times /f ",7252,4092,"schtasks.exe 2620 QueryBasicInformationFile C:\Windows\System32\taskschd.dll SUCCESS CreationTime: 9/22/2021 5:22:17 PM, LastAccessTime: 4/14/2022 1:21:22 PM, LastWriteTime: 9/22/2021 5:22:17 PM, ChangeTime: 10/15/2021 2:25:08 PM, FileAttributes: A 4/14/2022 1:22:33 PM File System C:\Windows\system32\schtasks.exe BLUETEAM\ezk schtasks  /create /ru system /sc daily /tr ""cmd /c powershell.exe -ep bypass -file c:\T1036.004_NonExistingScript.ps1"" /tn win32times /f  7252 4092",benign
schtasks.exe,2620,CloseFile,C:\Windows\System32\taskschd.dll,SUCCESS,,4/14/2022 1:22:33 PM,File System,C:\Windows\system32\schtasks.exe,BLUETEAM\ezk,"schtasks  /create /ru system /sc daily /tr ""cmd /c powershell.exe -ep bypass -file c:\T1036.004_NonExistingScript.ps1"" /tn win32times /f ",7252,4092,"schtasks.exe 2620 CloseFile C:\Windows\System32\taskschd.dll SUCCESS None 4/14/2022 1:22:33 PM File System C:\Windows\system32\schtasks.exe BLUETEAM\ezk schtasks  /create /ru system /sc daily /tr ""cmd /c powershell.exe -ep bypass -file c:\T1036.004_NonExistingScript.ps1"" /tn win32times /f  7252 4092",benign
schtasks.exe,2620,CreateFile,C:\Windows\System32\taskschd.dll,SUCCESS,"Desired Access: Read Data/List Directory, Execute/Traverse, Synchronize, Disposition: Open, Options: Synchronous IO Non-Alert, Non-Directory File, Attributes: n/a, ShareMode: Read, Delete, AllocationSize: n/a, OpenResult: Opened",4/14/2022 1:22:33 PM,File System,C:\Windows\system32\schtasks.exe,BLUETEAM\ezk,"schtasks  /create /ru system /sc daily /tr ""cmd /c powershell.exe -ep bypass -file c:\T1036.004_NonExistingScript.ps1"" /tn win32times /f ",7252,4092,"schtasks.exe 2620 CreateFile C:\Windows\System32\taskschd.dll SUCCESS Desired Access: Read Data/List Directory, Execute/Traverse, Synchronize, Disposition: Open, Options: Synchronous IO Non-Alert, Non-Directory File, Attributes: n/a, ShareMode: Read, Delete, AllocationSize: n/a, OpenResult: Opened 4/14/2022 1:22:33 PM File System C:\Windows\system32\schtasks.exe BLUETEAM\ezk schtasks  /create /ru system /sc daily /tr ""cmd /c powershell.exe -ep bypass -file c:\T1036.004_NonExistingScript.ps1"" /tn win32times /f  7252 4092",benign
schtasks.exe,2620,CloseFile,C:\Windows\System32\taskschd.dll,SUCCESS,,4/14/2022 1:22:33 PM,File System,C:\Windows\system32\schtasks.exe,BLUETEAM\ezk,"schtasks  /create /ru system /sc daily /tr ""cmd /c powershell.exe -ep bypass -file c:\T1036.004_NonExistingScript.ps1"" /tn win32times /f ",7252,4092,"schtasks.exe 2620 CloseFile C:\Windows\System32\taskschd.dll SUCCESS None 4/14/2022 1:22:33 PM File System C:\Windows\system32\schtasks.exe BLUETEAM\ezk schtasks  /create /ru system /sc daily /tr ""cmd /c powershell.exe -ep bypass -file c:\T1036.004_NonExistingScript.ps1"" /tn win32times /f  7252 4092",benign
schtasks.exe,2620,CreateFile,C:\Windows\System32\sspicli.dll,SUCCESS,"Desired Access: Read Attributes, Disposition: Open, Options: Open Reparse Point, Attributes: n/a, ShareMode: Read, Write, Delete, AllocationSize: n/a, OpenResult: Opened",4/14/2022 1:22:33 PM,File System,C:\Windows\system32\schtasks.exe,BLUETEAM\ezk,"schtasks  /create /ru system /sc daily /tr ""cmd /c powershell.exe -ep bypass -file c:\T1036.004_NonExistingScript.ps1"" /tn win32times /f ",7252,4092,"schtasks.exe 2620 CreateFile C:\Windows\System32\sspicli.dll SUCCESS Desired Access: Read Attributes, Disposition: Open, Options: Open Reparse Point, Attributes: n/a, ShareMode: Read, Write, Delete, AllocationSize: n/a, OpenResult: Opened 4/14/2022 1:22:33 PM File System C:\Windows\system32\schtasks.exe BLUETEAM\ezk schtasks  /create /ru system /sc daily /tr ""cmd /c powershell.exe -ep bypass -file c:\T1036.004_NonExistingScript.ps1"" /tn win32times /f  7252 4092",benign
schtasks.exe,2620,QueryBasicInformationFile,C:\Windows\System32\sspicli.dll,SUCCESS,"CreationTime: 9/22/2021 5:22:09 PM, LastAccessTime: 4/14/2022 1:21:13 PM, LastWriteTime: 9/22/2021 5:22:09 PM, ChangeTime: 10/15/2021 2:25:07 PM, FileAttributes: A",4/14/2022 1:22:33 PM,File System,C:\Windows\system32\schtasks.exe,BLUETEAM\ezk,"schtasks  /create /ru system /sc daily /tr ""cmd /c powershell.exe -ep bypass -file c:\T1036.004_NonExistingScript.ps1"" /tn win32times /f ",7252,4092,"schtasks.exe 2620 QueryBasicInformationFile C:\Windows\System32\sspicli.dll SUCCESS CreationTime: 9/22/2021 5:22:09 PM, LastAccessTime: 4/14/2022 1:21:13 PM, LastWriteTime: 9/22/2021 5:22:09 PM, ChangeTime: 10/15/2021 2:25:07 PM, FileAttributes: A 4/14/2022 1:22:33 PM File System C:\Windows\system32\schtasks.exe BLUETEAM\ezk schtasks  /create /ru system /sc daily /tr ""cmd /c powershell.exe -ep bypass -file c:\T1036.004_NonExistingScript.ps1"" /tn win32times /f  7252 4092",benign
schtasks.exe,2620,CloseFile,C:\Windows\System32\sspicli.dll,SUCCESS,,4/14/2022 1:22:33 PM,File System,C:\Windows\system32\schtasks.exe,BLUETEAM\ezk,"schtasks  /create /ru system /sc daily /tr ""cmd /c powershell.exe -ep bypass -file c:\T1036.004_NonExistingScript.ps1"" /tn win32times /f ",7252,4092,"schtasks.exe 2620 CloseFile C:\Windows\System32\sspicli.dll SUCCESS None 4/14/2022 1:22:33 PM File System C:\Windows\system32\schtasks.exe BLUETEAM\ezk schtasks  /create /ru system /sc daily /tr ""cmd /c powershell.exe -ep bypass -file c:\T1036.004_NonExistingScript.ps1"" /tn win32times /f  7252 4092",benign
schtasks.exe,2620,CreateFile,C:\Windows\System32\sspicli.dll,SUCCESS,"Desired Access: Read Data/List Directory, Execute/Traverse, Synchronize, Disposition: Open, Options: Synchronous IO Non-Alert, Non-Directory File, Attributes: n/a, ShareMode: Read, Delete, AllocationSize: n/a, OpenResult: Opened",4/14/2022 1:22:33 PM,File System,C:\Windows\system32\schtasks.exe,BLUETEAM\ezk,"schtasks  /create /ru system /sc daily /tr ""cmd /c powershell.exe -ep bypass -file c:\T1036.004_NonExistingScript.ps1"" /tn win32times /f ",7252,4092,"schtasks.exe 2620 CreateFile C:\Windows\System32\sspicli.dll SUCCESS Desired Access: Read Data/List Directory, Execute/Traverse, Synchronize, Disposition: Open, Options: Synchronous IO Non-Alert, Non-Directory File, Attributes: n/a, ShareMode: Read, Delete, AllocationSize: n/a, OpenResult: Opened 4/14/2022 1:22:33 PM File System C:\Windows\system32\schtasks.exe BLUETEAM\ezk schtasks  /create /ru system /sc daily /tr ""cmd /c powershell.exe -ep bypass -file c:\T1036.004_NonExistingScript.ps1"" /tn win32times /f  7252 4092",benign
schtasks.exe,2620,CloseFile,C:\Windows\System32\sspicli.dll,SUCCESS,,4/14/2022 1:22:33 PM,File System,C:\Windows\system32\schtasks.exe,BLUETEAM\ezk,"schtasks  /create /ru system /sc daily /tr ""cmd /c powershell.exe -ep bypass -file c:\T1036.004_NonExistingScript.ps1"" /tn win32times /f ",7252,4092,"schtasks.exe 2620 CloseFile C:\Windows\System32\sspicli.dll SUCCESS None 4/14/2022 1:22:33 PM File System C:\Windows\system32\schtasks.exe BLUETEAM\ezk schtasks  /create /ru system /sc daily /tr ""cmd /c powershell.exe -ep bypass -file c:\T1036.004_NonExistingScript.ps1"" /tn win32times /f  7252 4092",benign
schtasks.exe,2620,RegQueryKey,HKLM,SUCCESS,"Query: HandleTags, HandleTags: 0x0",4/14/2022 1:22:33 PM,Registry,C:\Windows\system32\schtasks.exe,BLUETEAM\ezk,"schtasks  /create /ru system /sc daily /tr ""cmd /c powershell.exe -ep bypass -file c:\T1036.004_NonExistingScript.ps1"" /tn win32times /f ",7252,4092,"schtasks.exe 2620 RegQueryKey HKLM SUCCESS Query: HandleTags, HandleTags: 0x0 4/14/2022 1:22:33 PM Registry C:\Windows\system32\schtasks.exe BLUETEAM\ezk schtasks  /create /ru system /sc daily /tr ""cmd /c powershell.exe -ep bypass -file c:\T1036.004_NonExistingScript.ps1"" /tn win32times /f  7252 4092",benign
schtasks.exe,2620,RegOpenKey,HKLM\System\CurrentControlSet\Control\Hvsi,REPARSE,Desired Access: Read,4/14/2022 1:22:33 PM,Registry,C:\Windows\system32\schtasks.exe,BLUETEAM\ezk,"schtasks  /create /ru system /sc daily /tr ""cmd /c powershell.exe -ep bypass -file c:\T1036.004_NonExistingScript.ps1"" /tn win32times /f ",7252,4092,"schtasks.exe 2620 RegOpenKey HKLM\System\CurrentControlSet\Control\Hvsi REPARSE Desired Access: Read 4/14/2022 1:22:33 PM Registry C:\Windows\system32\schtasks.exe BLUETEAM\ezk schtasks  /create /ru system /sc daily /tr ""cmd /c powershell.exe -ep bypass -file c:\T1036.004_NonExistingScript.ps1"" /tn win32times /f  7252 4092",benign
schtasks.exe,2620,RegOpenKey,HKLM\System\CurrentControlSet\Control\Hvsi,SUCCESS,Desired Access: Read,4/14/2022 1:22:33 PM,Registry,C:\Windows\system32\schtasks.exe,BLUETEAM\ezk,"schtasks  /create /ru system /sc daily /tr ""cmd /c powershell.exe -ep bypass -file c:\T1036.004_NonExistingScript.ps1"" /tn win32times /f ",7252,4092,"schtasks.exe 2620 RegOpenKey HKLM\System\CurrentControlSet\Control\Hvsi SUCCESS Desired Access: Read 4/14/2022 1:22:33 PM Registry C:\Windows\system32\schtasks.exe BLUETEAM\ezk schtasks  /create /ru system /sc daily /tr ""cmd /c powershell.exe -ep bypass -file c:\T1036.004_NonExistingScript.ps1"" /tn win32times /f  7252 4092",benign
schtasks.exe,2620,RegQueryValue,HKLM\System\CurrentControlSet\Control\Hvsi\IsHvsiContainer,NAME NOT FOUND,Length: 16,4/14/2022 1:22:33 PM,Registry,C:\Windows\system32\schtasks.exe,BLUETEAM\ezk,"schtasks  /create /ru system /sc daily /tr ""cmd /c powershell.exe -ep bypass -file c:\T1036.004_NonExistingScript.ps1"" /tn win32times /f ",7252,4092,"schtasks.exe 2620 RegQueryValue HKLM\System\CurrentControlSet\Control\Hvsi\IsHvsiContainer NAME NOT FOUND Length: 16 4/14/2022 1:22:33 PM Registry C:\Windows\system32\schtasks.exe BLUETEAM\ezk schtasks  /create /ru system /sc daily /tr ""cmd /c powershell.exe -ep bypass -file c:\T1036.004_NonExistingScript.ps1"" /tn win32times /f  7252 4092",benign
schtasks.exe,2620,RegCloseKey,HKLM\System\CurrentControlSet\Control\Hvsi,SUCCESS,,4/14/2022 1:22:33 PM,Registry,C:\Windows\system32\schtasks.exe,BLUETEAM\ezk,"schtasks  /create /ru system /sc daily /tr ""cmd /c powershell.exe -ep bypass -file c:\T1036.004_NonExistingScript.ps1"" /tn win32times /f ",7252,4092,"schtasks.exe 2620 RegCloseKey HKLM\System\CurrentControlSet\Control\Hvsi SUCCESS None 4/14/2022 1:22:33 PM Registry C:\Windows\system32\schtasks.exe BLUETEAM\ezk schtasks  /create /ru system /sc daily /tr ""cmd /c powershell.exe -ep bypass -file c:\T1036.004_NonExistingScript.ps1"" /tn win32times /f  7252 4092",benign
schtasks.exe,2620,ReadFile,C:\Windows\SysWOW64\en-US\schtasks.exe.mui,SUCCESS,"Offset: 8,192, Length: 8,192, I/O Flags: Non-cached, Paging I/O, Synchronous Paging I/O, Priority: Normal",4/14/2022 1:22:33 PM,File System,C:\Windows\system32\schtasks.exe,BLUETEAM\ezk,"schtasks  /create /ru system /sc daily /tr ""cmd /c powershell.exe -ep bypass -file c:\T1036.004_NonExistingScript.ps1"" /tn win32times /f ",7252,4092,"schtasks.exe 2620 ReadFile C:\Windows\SysWOW64\en-US\schtasks.exe.mui SUCCESS Offset: 8,192, Length: 8,192, I/O Flags: Non-cached, Paging I/O, Synchronous Paging I/O, Priority: Normal 4/14/2022 1:22:33 PM File System C:\Windows\system32\schtasks.exe BLUETEAM\ezk schtasks  /create /ru system /sc daily /tr ""cmd /c powershell.exe -ep bypass -file c:\T1036.004_NonExistingScript.ps1"" /tn win32times /f  7252 4092",benign
schtasks.exe,2620,CreateFile,C:\Windows\System32\xmllite.dll,SUCCESS,"Desired Access: Read Attributes, Disposition: Open, Options: Open Reparse Point, Attributes: n/a, ShareMode: Read, Write, Delete, AllocationSize: n/a, OpenResult: Opened",4/14/2022 1:22:33 PM,File System,C:\Windows\system32\schtasks.exe,BLUETEAM\ezk,"schtasks  /create /ru system /sc daily /tr ""cmd /c powershell.exe -ep bypass -file c:\T1036.004_NonExistingScript.ps1"" /tn win32times /f ",7252,4092,"schtasks.exe 2620 CreateFile C:\Windows\System32\xmllite.dll SUCCESS Desired Access: Read Attributes, Disposition: Open, Options: Open Reparse Point, Attributes: n/a, ShareMode: Read, Write, Delete, AllocationSize: n/a, OpenResult: Opened 4/14/2022 1:22:33 PM File System C:\Windows\system32\schtasks.exe BLUETEAM\ezk schtasks  /create /ru system /sc daily /tr ""cmd /c powershell.exe -ep bypass -file c:\T1036.004_NonExistingScript.ps1"" /tn win32times /f  7252 4092",benign
schtasks.exe,2620,QueryBasicInformationFile,C:\Windows\System32\xmllite.dll,SUCCESS,"CreationTime: 9/22/2021 5:22:10 PM, LastAccessTime: 4/14/2022 1:21:13 PM, LastWriteTime: 9/22/2021 5:22:10 PM, ChangeTime: 10/15/2021 2:25:23 PM, FileAttributes: A",4/14/2022 1:22:33 PM,File System,C:\Windows\system32\schtasks.exe,BLUETEAM\ezk,"schtasks  /create /ru system /sc daily /tr ""cmd /c powershell.exe -ep bypass -file c:\T1036.004_NonExistingScript.ps1"" /tn win32times /f ",7252,4092,"schtasks.exe 2620 QueryBasicInformationFile C:\Windows\System32\xmllite.dll SUCCESS CreationTime: 9/22/2021 5:22:10 PM, LastAccessTime: 4/14/2022 1:21:13 PM, LastWriteTime: 9/22/2021 5:22:10 PM, ChangeTime: 10/15/2021 2:25:23 PM, FileAttributes: A 4/14/2022 1:22:33 PM File System C:\Windows\system32\schtasks.exe BLUETEAM\ezk schtasks  /create /ru system /sc daily /tr ""cmd /c powershell.exe -ep bypass -file c:\T1036.004_NonExistingScript.ps1"" /tn win32times /f  7252 4092",benign
schtasks.exe,2620,CloseFile,C:\Windows\System32\xmllite.dll,SUCCESS,,4/14/2022 1:22:33 PM,File System,C:\Windows\system32\schtasks.exe,BLUETEAM\ezk,"schtasks  /create /ru system /sc daily /tr ""cmd /c powershell.exe -ep bypass -file c:\T1036.004_NonExistingScript.ps1"" /tn win32times /f ",7252,4092,"schtasks.exe 2620 CloseFile C:\Windows\System32\xmllite.dll SUCCESS None 4/14/2022 1:22:33 PM File System C:\Windows\system32\schtasks.exe BLUETEAM\ezk schtasks  /create /ru system /sc daily /tr ""cmd /c powershell.exe -ep bypass -file c:\T1036.004_NonExistingScript.ps1"" /tn win32times /f  7252 4092",benign
schtasks.exe,2620,RegQueryKey,HKCR,SUCCESS,"Query: HandleTags, HandleTags: 0x0",4/14/2022 1:22:33 PM,Registry,C:\Windows\system32\schtasks.exe,BLUETEAM\ezk,"schtasks  /create /ru system /sc daily /tr ""cmd /c powershell.exe -ep bypass -file c:\T1036.004_NonExistingScript.ps1"" /tn win32times /f ",7252,4092,"schtasks.exe 2620 RegQueryKey HKCR SUCCESS Query: HandleTags, HandleTags: 0x0 4/14/2022 1:22:33 PM Registry C:\Windows\system32\schtasks.exe BLUETEAM\ezk schtasks  /create /ru system /sc daily /tr ""cmd /c powershell.exe -ep bypass -file c:\T1036.004_NonExistingScript.ps1"" /tn win32times /f  7252 4092",benign
schtasks.exe,2620,RegCloseKey,HKCR\CLSID\{0f87369f-a4e5-4cfc-bd3e-73e6154572dd},SUCCESS,,4/14/2022 1:22:33 PM,Registry,C:\Windows\system32\schtasks.exe,BLUETEAM\ezk,"schtasks  /create /ru system /sc daily /tr ""cmd /c powershell.exe -ep bypass -file c:\T1036.004_NonExistingScript.ps1"" /tn win32times /f ",7252,4092,"schtasks.exe 2620 RegCloseKey HKCR\CLSID\{0f87369f-a4e5-4cfc-bd3e-73e6154572dd} SUCCESS None 4/14/2022 1:22:33 PM Registry C:\Windows\system32\schtasks.exe BLUETEAM\ezk schtasks  /create /ru system /sc daily /tr ""cmd /c powershell.exe -ep bypass -file c:\T1036.004_NonExistingScript.ps1"" /tn win32times /f  7252 4092",benign
schtasks.exe,2620,RegCloseKey,HKCR\CLSID\{0f87369f-a4e5-4cfc-bd3e-73e6154572dd},SUCCESS,,4/14/2022 1:22:33 PM,Registry,C:\Windows\system32\schtasks.exe,BLUETEAM\ezk,"schtasks  /create /ru system /sc daily /tr ""cmd /c powershell.exe -ep bypass -file c:\T1036.004_NonExistingScript.ps1"" /tn win32times /f ",7252,4092,"schtasks.exe 2620 RegCloseKey HKCR\CLSID\{0f87369f-a4e5-4cfc-bd3e-73e6154572dd} SUCCESS None 4/14/2022 1:22:33 PM Registry C:\Windows\system32\schtasks.exe BLUETEAM\ezk schtasks  /create /ru system /sc daily /tr ""cmd /c powershell.exe -ep bypass -file c:\T1036.004_NonExistingScript.ps1"" /tn win32times /f  7252 4092",benign
schtasks.exe,2620,RegOpenKey,HKCR\CLSID\{0f87369f-a4e5-4cfc-bd3e-73e6154572dd}\Elevation,NAME NOT FOUND,Desired Access: Read,4/14/2022 1:22:33 PM,Registry,C:\Windows\system32\schtasks.exe,BLUETEAM\ezk,"schtasks  /create /ru system /sc daily /tr ""cmd /c powershell.exe -ep bypass -file c:\T1036.004_NonExistingScript.ps1"" /tn win32times /f ",7252,4092,"schtasks.exe 2620 RegOpenKey HKCR\CLSID\{0f87369f-a4e5-4cfc-bd3e-73e6154572dd}\Elevation NAME NOT FOUND Desired Access: Read 4/14/2022 1:22:33 PM Registry C:\Windows\system32\schtasks.exe BLUETEAM\ezk schtasks  /create /ru system /sc daily /tr ""cmd /c powershell.exe -ep bypass -file c:\T1036.004_NonExistingScript.ps1"" /tn win32times /f  7252 4092",benign
schtasks.exe,2620,RegOpenKey,HKCR\CLSID\{0f87369f-a4e5-4cfc-bd3e-73e6154572dd}\TreatAs,NAME NOT FOUND,Desired Access: Query Value,4/14/2022 1:22:33 PM,Registry,C:\Windows\system32\schtasks.exe,BLUETEAM\ezk,"schtasks  /create /ru system /sc daily /tr ""cmd /c powershell.exe -ep bypass -file c:\T1036.004_NonExistingScript.ps1"" /tn win32times /f ",7252,4092,"schtasks.exe 2620 RegOpenKey HKCR\CLSID\{0f87369f-a4e5-4cfc-bd3e-73e6154572dd}\TreatAs NAME NOT FOUND Desired Access: Query Value 4/14/2022 1:22:33 PM Registry C:\Windows\system32\schtasks.exe BLUETEAM\ezk schtasks  /create /ru system /sc daily /tr ""cmd /c powershell.exe -ep bypass -file c:\T1036.004_NonExistingScript.ps1"" /tn win32times /f  7252 4092",benign
schtasks.exe,2620,RegQueryKey,HKCR\CLSID\{0f87369f-a4e5-4cfc-bd3e-73e6154572dd},SUCCESS,Query: Name,4/14/2022 1:22:33 PM,Registry,C:\Windows\system32\schtasks.exe,BLUETEAM\ezk,"schtasks  /create /ru system /sc daily /tr ""cmd /c powershell.exe -ep bypass -file c:\T1036.004_NonExistingScript.ps1"" /tn win32times /f ",7252,4092,"schtasks.exe 2620 RegQueryKey HKCR\CLSID\{0f87369f-a4e5-4cfc-bd3e-73e6154572dd} SUCCESS Query: Name 4/14/2022 1:22:33 PM Registry C:\Windows\system32\schtasks.exe BLUETEAM\ezk schtasks  /create /ru system /sc daily /tr ""cmd /c powershell.exe -ep bypass -file c:\T1036.004_NonExistingScript.ps1"" /tn win32times /f  7252 4092",benign
schtasks.exe,2620,RegQueryValue,HKCR\CLSID\{0f87369f-a4e5-4cfc-bd3e-73e6154572dd}\ActivateOnHostFlags,NAME NOT FOUND,Length: 16,4/14/2022 1:22:33 PM,Registry,C:\Windows\system32\schtasks.exe,BLUETEAM\ezk,"schtasks  /create /ru system /sc daily /tr ""cmd /c powershell.exe -ep bypass -file c:\T1036.004_NonExistingScript.ps1"" /tn win32times /f ",7252,4092,"schtasks.exe 2620 RegQueryValue HKCR\CLSID\{0f87369f-a4e5-4cfc-bd3e-73e6154572dd}\ActivateOnHostFlags NAME NOT FOUND Length: 16 4/14/2022 1:22:33 PM Registry C:\Windows\system32\schtasks.exe BLUETEAM\ezk schtasks  /create /ru system /sc daily /tr ""cmd /c powershell.exe -ep bypass -file c:\T1036.004_NonExistingScript.ps1"" /tn win32times /f  7252 4092",benign
schtasks.exe,2620,RegQueryValue,HKCR\CLSID\{0f87369f-a4e5-4cfc-bd3e-73e6154572dd}\(Default),BUFFER OVERFLOW,Length: 12,4/14/2022 1:22:33 PM,Registry,C:\Windows\system32\schtasks.exe,BLUETEAM\ezk,"schtasks  /create /ru system /sc daily /tr ""cmd /c powershell.exe -ep bypass -file c:\T1036.004_NonExistingScript.ps1"" /tn win32times /f ",7252,4092,"schtasks.exe 2620 RegQueryValue HKCR\CLSID\{0f87369f-a4e5-4cfc-bd3e-73e6154572dd}\(Default) BUFFER OVERFLOW Length: 12 4/14/2022 1:22:33 PM Registry C:\Windows\system32\schtasks.exe BLUETEAM\ezk schtasks  /create /ru system /sc daily /tr ""cmd /c powershell.exe -ep bypass -file c:\T1036.004_NonExistingScript.ps1"" /tn win32times /f  7252 4092",benign
schtasks.exe,2620,RegQueryValue,HKCR\CLSID\{0f87369f-a4e5-4cfc-bd3e-73e6154572dd}\(Default),SUCCESS,"Type: REG_SZ, Length: 40, Data: TaskScheduler class",4/14/2022 1:22:33 PM,Registry,C:\Windows\system32\schtasks.exe,BLUETEAM\ezk,"schtasks  /create /ru system /sc daily /tr ""cmd /c powershell.exe -ep bypass -file c:\T1036.004_NonExistingScript.ps1"" /tn win32times /f ",7252,4092,"schtasks.exe 2620 RegQueryValue HKCR\CLSID\{0f87369f-a4e5-4cfc-bd3e-73e6154572dd}\(Default) SUCCESS Type: REG_SZ, Length: 40, Data: TaskScheduler class 4/14/2022 1:22:33 PM Registry C:\Windows\system32\schtasks.exe BLUETEAM\ezk schtasks  /create /ru system /sc daily /tr ""cmd /c powershell.exe -ep bypass -file c:\T1036.004_NonExistingScript.ps1"" /tn win32times /f  7252 4092",benign
schtasks.exe,2620,RegQueryKey,HKCR\CLSID\{0f87369f-a4e5-4cfc-bd3e-73e6154572dd},SUCCESS,"Query: HandleTags, HandleTags: 0x0",4/14/2022 1:22:33 PM,Registry,C:\Windows\system32\schtasks.exe,BLUETEAM\ezk,"schtasks  /create /ru system /sc daily /tr ""cmd /c powershell.exe -ep bypass -file c:\T1036.004_NonExistingScript.ps1"" /tn win32times /f ",7252,4092,"schtasks.exe 2620 RegQueryKey HKCR\CLSID\{0f87369f-a4e5-4cfc-bd3e-73e6154572dd} SUCCESS Query: HandleTags, HandleTags: 0x0 4/14/2022 1:22:33 PM Registry C:\Windows\system32\schtasks.exe BLUETEAM\ezk schtasks  /create /ru system /sc daily /tr ""cmd /c powershell.exe -ep bypass -file c:\T1036.004_NonExistingScript.ps1"" /tn win32times /f  7252 4092",benign
schtasks.exe,2620,RegOpenKey,HKCR\CLSID\{0f87369f-a4e5-4cfc-bd3e-73e6154572dd}\InprocServer32,SUCCESS,Desired Access: Read,4/14/2022 1:22:33 PM,Registry,C:\Windows\system32\schtasks.exe,BLUETEAM\ezk,"schtasks  /create /ru system /sc daily /tr ""cmd /c powershell.exe -ep bypass -file c:\T1036.004_NonExistingScript.ps1"" /tn win32times /f ",7252,4092,"schtasks.exe 2620 RegOpenKey HKCR\CLSID\{0f87369f-a4e5-4cfc-bd3e-73e6154572dd}\InprocServer32 SUCCESS Desired Access: Read 4/14/2022 1:22:33 PM Registry C:\Windows\system32\schtasks.exe BLUETEAM\ezk schtasks  /create /ru system /sc daily /tr ""cmd /c powershell.exe -ep bypass -file c:\T1036.004_NonExistingScript.ps1"" /tn win32times /f  7252 4092",benign
schtasks.exe,2620,RegQueryValue,HKCR\CLSID\{0f87369f-a4e5-4cfc-bd3e-73e6154572dd}\InprocServer32\InprocServer32,NAME NOT FOUND,Length: 12,4/14/2022 1:22:33 PM,Registry,C:\Windows\system32\schtasks.exe,BLUETEAM\ezk,"schtasks  /create /ru system /sc daily /tr ""cmd /c powershell.exe -ep bypass -file c:\T1036.004_NonExistingScript.ps1"" /tn win32times /f ",7252,4092,"schtasks.exe 2620 RegQueryValue HKCR\CLSID\{0f87369f-a4e5-4cfc-bd3e-73e6154572dd}\InprocServer32\InprocServer32 NAME NOT FOUND Length: 12 4/14/2022 1:22:33 PM Registry C:\Windows\system32\schtasks.exe BLUETEAM\ezk schtasks  /create /ru system /sc daily /tr ""cmd /c powershell.exe -ep bypass -file c:\T1036.004_NonExistingScript.ps1"" /tn win32times /f  7252 4092",benign
schtasks.exe,2620,RegQueryValue,HKCR\CLSID\{0f87369f-a4e5-4cfc-bd3e-73e6154572dd}\InprocServer32\(Default),BUFFER OVERFLOW,Length: 12,4/14/2022 1:22:33 PM,Registry,C:\Windows\system32\schtasks.exe,BLUETEAM\ezk,"schtasks  /create /ru system /sc daily /tr ""cmd /c powershell.exe -ep bypass -file c:\T1036.004_NonExistingScript.ps1"" /tn win32times /f ",7252,4092,"schtasks.exe 2620 RegQueryValue HKCR\CLSID\{0f87369f-a4e5-4cfc-bd3e-73e6154572dd}\InprocServer32\(Default) BUFFER OVERFLOW Length: 12 4/14/2022 1:22:33 PM Registry C:\Windows\system32\schtasks.exe BLUETEAM\ezk schtasks  /create /ru system /sc daily /tr ""cmd /c powershell.exe -ep bypass -file c:\T1036.004_NonExistingScript.ps1"" /tn win32times /f  7252 4092",benign
schtasks.exe,2620,RegQueryValue,HKCR\CLSID\{0f87369f-a4e5-4cfc-bd3e-73e6154572dd}\InprocServer32\(Default),SUCCESS,"Type: REG_SZ, Length: 66, Data: C:\Windows\System32\taskschd.dll",4/14/2022 1:22:33 PM,Registry,C:\Windows\system32\schtasks.exe,BLUETEAM\ezk,"schtasks  /create /ru system /sc daily /tr ""cmd /c powershell.exe -ep bypass -file c:\T1036.004_NonExistingScript.ps1"" /tn win32times /f ",7252,4092,"schtasks.exe 2620 RegQueryValue HKCR\CLSID\{0f87369f-a4e5-4cfc-bd3e-73e6154572dd}\InprocServer32\(Default) SUCCESS Type: REG_SZ, Length: 66, Data: C:\Windows\System32\taskschd.dll 4/14/2022 1:22:33 PM Registry C:\Windows\system32\schtasks.exe BLUETEAM\ezk schtasks  /create /ru system /sc daily /tr ""cmd /c powershell.exe -ep bypass -file c:\T1036.004_NonExistingScript.ps1"" /tn win32times /f  7252 4092",benign
schtasks.exe,2620,RegQueryValue,HKCR\CLSID\{0f87369f-a4e5-4cfc-bd3e-73e6154572dd}\InprocServer32\ThreadingModel,SUCCESS,"Type: REG_SZ, Length: 10, Data: Both",4/14/2022 1:22:33 PM,Registry,C:\Windows\system32\schtasks.exe,BLUETEAM\ezk,"schtasks  /create /ru system /sc daily /tr ""cmd /c powershell.exe -ep bypass -file c:\T1036.004_NonExistingScript.ps1"" /tn win32times /f ",7252,4092,"schtasks.exe 2620 RegQueryValue HKCR\CLSID\{0f87369f-a4e5-4cfc-bd3e-73e6154572dd}\InprocServer32\ThreadingModel SUCCESS Type: REG_SZ, Length: 10, Data: Both 4/14/2022 1:22:33 PM Registry C:\Windows\system32\schtasks.exe BLUETEAM\ezk schtasks  /create /ru system /sc daily /tr ""cmd /c powershell.exe -ep bypass -file c:\T1036.004_NonExistingScript.ps1"" /tn win32times /f  7252 4092",benign
schtasks.exe,2620,RegOpenKey,HKCR\CLSID\{0F87369F-A4E5-4CFC-BD3E-73E6154572DD},SUCCESS,Desired Access: Read,4/14/2022 1:22:33 PM,Registry,C:\Windows\system32\schtasks.exe,BLUETEAM\ezk,"schtasks  /create /ru system /sc daily /tr ""cmd /c powershell.exe -ep bypass -file c:\T1036.004_NonExistingScript.ps1"" /tn win32times /f ",7252,4092,"schtasks.exe 2620 RegOpenKey HKCR\CLSID\{0F87369F-A4E5-4CFC-BD3E-73E6154572DD} SUCCESS Desired Access: Read 4/14/2022 1:22:33 PM Registry C:\Windows\system32\schtasks.exe BLUETEAM\ezk schtasks  /create /ru system /sc daily /tr ""cmd /c powershell.exe -ep bypass -file c:\T1036.004_NonExistingScript.ps1"" /tn win32times /f  7252 4092",benign
schtasks.exe,2620,RegCloseKey,HKCR\CLSID\{0f87369f-a4e5-4cfc-bd3e-73e6154572dd}\InprocServer32,SUCCESS,,4/14/2022 1:22:33 PM,Registry,C:\Windows\system32\schtasks.exe,BLUETEAM\ezk,"schtasks  /create /ru system /sc daily /tr ""cmd /c powershell.exe -ep bypass -file c:\T1036.004_NonExistingScript.ps1"" /tn win32times /f ",7252,4092,"schtasks.exe 2620 RegCloseKey HKCR\CLSID\{0f87369f-a4e5-4cfc-bd3e-73e6154572dd}\InprocServer32 SUCCESS None 4/14/2022 1:22:33 PM Registry C:\Windows\system32\schtasks.exe BLUETEAM\ezk schtasks  /create /ru system /sc daily /tr ""cmd /c powershell.exe -ep bypass -file c:\T1036.004_NonExistingScript.ps1"" /tn win32times /f  7252 4092",benign
schtasks.exe,2620,RegOpenKey,HKCR\CLSID\{0f87369f-a4e5-4cfc-bd3e-73e6154572dd}\InprocHandler32,NAME NOT FOUND,Desired Access: Query Value,4/14/2022 1:22:33 PM,Registry,C:\Windows\system32\schtasks.exe,BLUETEAM\ezk,"schtasks  /create /ru system /sc daily /tr ""cmd /c powershell.exe -ep bypass -file c:\T1036.004_NonExistingScript.ps1"" /tn win32times /f ",7252,4092,"schtasks.exe 2620 RegOpenKey HKCR\CLSID\{0f87369f-a4e5-4cfc-bd3e-73e6154572dd}\InprocHandler32 NAME NOT FOUND Desired Access: Query Value 4/14/2022 1:22:33 PM Registry C:\Windows\system32\schtasks.exe BLUETEAM\ezk schtasks  /create /ru system /sc daily /tr ""cmd /c powershell.exe -ep bypass -file c:\T1036.004_NonExistingScript.ps1"" /tn win32times /f  7252 4092",benign
schtasks.exe,2620,RegQueryKey,HKCR\CLSID\{0f87369f-a4e5-4cfc-bd3e-73e6154572dd},SUCCESS,"Query: HandleTags, HandleTags: 0x0",4/14/2022 1:22:33 PM,Registry,C:\Windows\system32\schtasks.exe,BLUETEAM\ezk,"schtasks  /create /ru system /sc daily /tr ""cmd /c powershell.exe -ep bypass -file c:\T1036.004_NonExistingScript.ps1"" /tn win32times /f ",7252,4092,"schtasks.exe 2620 RegQueryKey HKCR\CLSID\{0f87369f-a4e5-4cfc-bd3e-73e6154572dd} SUCCESS Query: HandleTags, HandleTags: 0x0 4/14/2022 1:22:33 PM Registry C:\Windows\system32\schtasks.exe BLUETEAM\ezk schtasks  /create /ru system /sc daily /tr ""cmd /c powershell.exe -ep bypass -file c:\T1036.004_NonExistingScript.ps1"" /tn win32times /f  7252 4092",benign
schtasks.exe,2620,RegOpenKey,HKCR\CLSID\{0f87369f-a4e5-4cfc-bd3e-73e6154572dd}\InprocHandler,NAME NOT FOUND,Desired Access: Query Value,4/14/2022 1:22:33 PM,Registry,C:\Windows\system32\schtasks.exe,BLUETEAM\ezk,"schtasks  /create /ru system /sc daily /tr ""cmd /c powershell.exe -ep bypass -file c:\T1036.004_NonExistingScript.ps1"" /tn win32times /f ",7252,4092,"schtasks.exe 2620 RegOpenKey HKCR\CLSID\{0f87369f-a4e5-4cfc-bd3e-73e6154572dd}\InprocHandler NAME NOT FOUND Desired Access: Query Value 4/14/2022 1:22:33 PM Registry C:\Windows\system32\schtasks.exe BLUETEAM\ezk schtasks  /create /ru system /sc daily /tr ""cmd /c powershell.exe -ep bypass -file c:\T1036.004_NonExistingScript.ps1"" /tn win32times /f  7252 4092",benign
schtasks.exe,2620,RegQueryKey,HKCR\CLSID\{0f87369f-a4e5-4cfc-bd3e-73e6154572dd},SUCCESS,"Query: HandleTags, HandleTags: 0x0",4/14/2022 1:22:33 PM,Registry,C:\Windows\system32\schtasks.exe,BLUETEAM\ezk,"schtasks  /create /ru system /sc daily /tr ""cmd /c powershell.exe -ep bypass -file c:\T1036.004_NonExistingScript.ps1"" /tn win32times /f ",7252,4092,"schtasks.exe 2620 RegQueryKey HKCR\CLSID\{0f87369f-a4e5-4cfc-bd3e-73e6154572dd} SUCCESS Query: HandleTags, HandleTags: 0x0 4/14/2022 1:22:33 PM Registry C:\Windows\system32\schtasks.exe BLUETEAM\ezk schtasks  /create /ru system /sc daily /tr ""cmd /c powershell.exe -ep bypass -file c:\T1036.004_NonExistingScript.ps1"" /tn win32times /f  7252 4092",benign
schtasks.exe,2620,RegOpenKey,HKCR\CLSID\{0f87369f-a4e5-4cfc-bd3e-73e6154572dd}\LocalServer32,NAME NOT FOUND,Desired Access: Read,4/14/2022 1:22:33 PM,Registry,C:\Windows\system32\schtasks.exe,BLUETEAM\ezk,"schtasks  /create /ru system /sc daily /tr ""cmd /c powershell.exe -ep bypass -file c:\T1036.004_NonExistingScript.ps1"" /tn win32times /f ",7252,4092,"schtasks.exe 2620 RegOpenKey HKCR\CLSID\{0f87369f-a4e5-4cfc-bd3e-73e6154572dd}\LocalServer32 NAME NOT FOUND Desired Access: Read 4/14/2022 1:22:33 PM Registry C:\Windows\system32\schtasks.exe BLUETEAM\ezk schtasks  /create /ru system /sc daily /tr ""cmd /c powershell.exe -ep bypass -file c:\T1036.004_NonExistingScript.ps1"" /tn win32times /f  7252 4092",benign
schtasks.exe,2620,RegQueryValue,HKCR\CLSID\{0f87369f-a4e5-4cfc-bd3e-73e6154572dd}\AppID,NAME NOT FOUND,Length: 112,4/14/2022 1:22:33 PM,Registry,C:\Windows\system32\schtasks.exe,BLUETEAM\ezk,"schtasks  /create /ru system /sc daily /tr ""cmd /c powershell.exe -ep bypass -file c:\T1036.004_NonExistingScript.ps1"" /tn win32times /f ",7252,4092,"schtasks.exe 2620 RegQueryValue HKCR\CLSID\{0f87369f-a4e5-4cfc-bd3e-73e6154572dd}\AppID NAME NOT FOUND Length: 112 4/14/2022 1:22:33 PM Registry C:\Windows\system32\schtasks.exe BLUETEAM\ezk schtasks  /create /ru system /sc daily /tr ""cmd /c powershell.exe -ep bypass -file c:\T1036.004_NonExistingScript.ps1"" /tn win32times /f  7252 4092",benign
schtasks.exe,2620,RegQueryKey,HKCR\CLSID\{0f87369f-a4e5-4cfc-bd3e-73e6154572dd},SUCCESS,"Query: HandleTags, HandleTags: 0x0",4/14/2022 1:22:33 PM,Registry,C:\Windows\system32\schtasks.exe,BLUETEAM\ezk,"schtasks  /create /ru system /sc daily /tr ""cmd /c powershell.exe -ep bypass -file c:\T1036.004_NonExistingScript.ps1"" /tn win32times /f ",7252,4092,"schtasks.exe 2620 RegQueryKey HKCR\CLSID\{0f87369f-a4e5-4cfc-bd3e-73e6154572dd} SUCCESS Query: HandleTags, HandleTags: 0x0 4/14/2022 1:22:33 PM Registry C:\Windows\system32\schtasks.exe BLUETEAM\ezk schtasks  /create /ru system /sc daily /tr ""cmd /c powershell.exe -ep bypass -file c:\T1036.004_NonExistingScript.ps1"" /tn win32times /f  7252 4092",benign
schtasks.exe,2620,RegOpenKey,HKCR\CLSID\{0f87369f-a4e5-4cfc-bd3e-73e6154572dd}\LocalServer,NAME NOT FOUND,Desired Access: Query Value,4/14/2022 1:22:33 PM,Registry,C:\Windows\system32\schtasks.exe,BLUETEAM\ezk,"schtasks  /create /ru system /sc daily /tr ""cmd /c powershell.exe -ep bypass -file c:\T1036.004_NonExistingScript.ps1"" /tn win32times /f ",7252,4092,"schtasks.exe 2620 RegOpenKey HKCR\CLSID\{0f87369f-a4e5-4cfc-bd3e-73e6154572dd}\LocalServer NAME NOT FOUND Desired Access: Query Value 4/14/2022 1:22:33 PM Registry C:\Windows\system32\schtasks.exe BLUETEAM\ezk schtasks  /create /ru system /sc daily /tr ""cmd /c powershell.exe -ep bypass -file c:\T1036.004_NonExistingScript.ps1"" /tn win32times /f  7252 4092",benign
schtasks.exe,2620,RegQueryKey,HKCR,SUCCESS,"Query: HandleTags, HandleTags: 0x0",4/14/2022 1:22:33 PM,Registry,C:\Windows\system32\schtasks.exe,BLUETEAM\ezk,"schtasks  /create /ru system /sc daily /tr ""cmd /c powershell.exe -ep bypass -file c:\T1036.004_NonExistingScript.ps1"" /tn win32times /f ",7252,4092,"schtasks.exe 2620 RegQueryKey HKCR SUCCESS Query: HandleTags, HandleTags: 0x0 4/14/2022 1:22:33 PM Registry C:\Windows\system32\schtasks.exe BLUETEAM\ezk schtasks  /create /ru system /sc daily /tr ""cmd /c powershell.exe -ep bypass -file c:\T1036.004_NonExistingScript.ps1"" /tn win32times /f  7252 4092",benign
schtasks.exe,2620,RegOpenKey,HKCR\CLSID\{0F87369F-A4E5-4CFC-BD3E-73E6154572DD},SUCCESS,Desired Access: Read,4/14/2022 1:22:33 PM,Registry,C:\Windows\system32\schtasks.exe,BLUETEAM\ezk,"schtasks  /create /ru system /sc daily /tr ""cmd /c powershell.exe -ep bypass -file c:\T1036.004_NonExistingScript.ps1"" /tn win32times /f ",7252,4092,"schtasks.exe 2620 RegOpenKey HKCR\CLSID\{0F87369F-A4E5-4CFC-BD3E-73E6154572DD} SUCCESS Desired Access: Read 4/14/2022 1:22:33 PM Registry C:\Windows\system32\schtasks.exe BLUETEAM\ezk schtasks  /create /ru system /sc daily /tr ""cmd /c powershell.exe -ep bypass -file c:\T1036.004_NonExistingScript.ps1"" /tn win32times /f  7252 4092",benign
schtasks.exe,2620,RegQueryKey,HKCR\CLSID\{0f87369f-a4e5-4cfc-bd3e-73e6154572dd},SUCCESS,"Query: HandleTags, HandleTags: 0x0",4/14/2022 1:22:33 PM,Registry,C:\Windows\system32\schtasks.exe,BLUETEAM\ezk,"schtasks  /create /ru system /sc daily /tr ""cmd /c powershell.exe -ep bypass -file c:\T1036.004_NonExistingScript.ps1"" /tn win32times /f ",7252,4092,"schtasks.exe 2620 RegQueryKey HKCR\CLSID\{0f87369f-a4e5-4cfc-bd3e-73e6154572dd} SUCCESS Query: HandleTags, HandleTags: 0x0 4/14/2022 1:22:33 PM Registry C:\Windows\system32\schtasks.exe BLUETEAM\ezk schtasks  /create /ru system /sc daily /tr ""cmd /c powershell.exe -ep bypass -file c:\T1036.004_NonExistingScript.ps1"" /tn win32times /f  7252 4092",benign
schtasks.exe,2620,RegQueryKey,HKCR\CLSID\{0f87369f-a4e5-4cfc-bd3e-73e6154572dd},SUCCESS,"Query: HandleTags, HandleTags: 0x0",4/14/2022 1:22:33 PM,Registry,C:\Windows\system32\schtasks.exe,BLUETEAM\ezk,"schtasks  /create /ru system /sc daily /tr ""cmd /c powershell.exe -ep bypass -file c:\T1036.004_NonExistingScript.ps1"" /tn win32times /f ",7252,4092,"schtasks.exe 2620 RegQueryKey HKCR\CLSID\{0f87369f-a4e5-4cfc-bd3e-73e6154572dd} SUCCESS Query: HandleTags, HandleTags: 0x0 4/14/2022 1:22:33 PM Registry C:\Windows\system32\schtasks.exe BLUETEAM\ezk schtasks  /create /ru system /sc daily /tr ""cmd /c powershell.exe -ep bypass -file c:\T1036.004_NonExistingScript.ps1"" /tn win32times /f  7252 4092",benign
schtasks.exe,2620,RegOpenKey,HKLM\SOFTWARE\Microsoft\Windows\CurrentVersion\AppModelUnlock,SUCCESS,Desired Access: Read,4/14/2022 1:22:33 PM,Registry,C:\Windows\system32\schtasks.exe,BLUETEAM\ezk,"schtasks  /create /ru system /sc daily /tr ""cmd /c powershell.exe -ep bypass -file c:\T1036.004_NonExistingScript.ps1"" /tn win32times /f ",7252,4092,"schtasks.exe 2620 RegOpenKey HKLM\SOFTWARE\Microsoft\Windows\CurrentVersion\AppModelUnlock SUCCESS Desired Access: Read 4/14/2022 1:22:33 PM Registry C:\Windows\system32\schtasks.exe BLUETEAM\ezk schtasks  /create /ru system /sc daily /tr ""cmd /c powershell.exe -ep bypass -file c:\T1036.004_NonExistingScript.ps1"" /tn win32times /f  7252 4092",benign
schtasks.exe,4724,RegCloseKey,HKCU\Control Panel\Desktop,SUCCESS,,4/14/2022 1:22:33 PM,Registry,C:\Windows\system32\schtasks.exe,BLUETEAM\ezk,schtasks  /query /tn win32times,2256,4092,schtasks.exe 4724 RegCloseKey HKCU\Control Panel\Desktop SUCCESS None 4/14/2022 1:22:33 PM Registry C:\Windows\system32\schtasks.exe BLUETEAM\ezk schtasks  /query /tn win32times 2256 4092,benign
schtasks.exe,4724,RegOpenKey,HKLM\Software\Policies\Microsoft\MUI\Settings,NAME NOT FOUND,Desired Access: Read,4/14/2022 1:22:33 PM,Registry,C:\Windows\system32\schtasks.exe,BLUETEAM\ezk,schtasks  /query /tn win32times,2256,4092,schtasks.exe 4724 RegOpenKey HKLM\Software\Policies\Microsoft\MUI\Settings NAME NOT FOUND Desired Access: Read 4/14/2022 1:22:33 PM Registry C:\Windows\system32\schtasks.exe BLUETEAM\ezk schtasks  /query /tn win32times 2256 4092,benign
schtasks.exe,4724,RegQueryKey,HKCR\CLSID\{0f87369f-a4e5-4cfc-bd3e-73e6154572dd},SUCCESS,"Query: HandleTags, HandleTags: 0x0",4/14/2022 1:22:33 PM,Registry,C:\Windows\system32\schtasks.exe,BLUETEAM\ezk,schtasks  /query /tn win32times,2256,4092,"schtasks.exe 4724 RegQueryKey HKCR\CLSID\{0f87369f-a4e5-4cfc-bd3e-73e6154572dd} SUCCESS Query: HandleTags, HandleTags: 0x0 4/14/2022 1:22:33 PM Registry C:\Windows\system32\schtasks.exe BLUETEAM\ezk schtasks  /query /tn win32times 2256 4092",benign
schtasks.exe,4724,RegOpenKey,HKCR\CLSID\{0f87369f-a4e5-4cfc-bd3e-73e6154572dd}\InprocHandler,NAME NOT FOUND,Desired Access: Query Value,4/14/2022 1:22:33 PM,Registry,C:\Windows\system32\schtasks.exe,BLUETEAM\ezk,schtasks  /query /tn win32times,2256,4092,schtasks.exe 4724 RegOpenKey HKCR\CLSID\{0f87369f-a4e5-4cfc-bd3e-73e6154572dd}\InprocHandler NAME NOT FOUND Desired Access: Query Value 4/14/2022 1:22:33 PM Registry C:\Windows\system32\schtasks.exe BLUETEAM\ezk schtasks  /query /tn win32times 2256 4092,benign
schtasks.exe,4724,RegCloseKey,HKCR\CLSID\{0f87369f-a4e5-4cfc-bd3e-73e6154572dd},SUCCESS,,4/14/2022 1:22:33 PM,Registry,C:\Windows\system32\schtasks.exe,BLUETEAM\ezk,schtasks  /query /tn win32times,2256,4092,schtasks.exe 4724 RegCloseKey HKCR\CLSID\{0f87369f-a4e5-4cfc-bd3e-73e6154572dd} SUCCESS None 4/14/2022 1:22:33 PM Registry C:\Windows\system32\schtasks.exe BLUETEAM\ezk schtasks  /query /tn win32times 2256 4092,benign
schtasks.exe,4724,RegQueryKey,HKLM,SUCCESS,"Query: HandleTags, HandleTags: 0x0",4/14/2022 1:22:33 PM,Registry,C:\Windows\system32\schtasks.exe,BLUETEAM\ezk,schtasks  /query /tn win32times,2256,4092,"schtasks.exe 4724 RegQueryKey HKLM SUCCESS Query: HandleTags, HandleTags: 0x0 4/14/2022 1:22:33 PM Registry C:\Windows\system32\schtasks.exe BLUETEAM\ezk schtasks  /query /tn win32times 2256 4092",benign
schtasks.exe,4724,RegOpenKey,HKLM\Software\Microsoft\OLE,SUCCESS,Desired Access: Read,4/14/2022 1:22:33 PM,Registry,C:\Windows\system32\schtasks.exe,BLUETEAM\ezk,schtasks  /query /tn win32times,2256,4092,schtasks.exe 4724 RegOpenKey HKLM\Software\Microsoft\OLE SUCCESS Desired Access: Read 4/14/2022 1:22:33 PM Registry C:\Windows\system32\schtasks.exe BLUETEAM\ezk schtasks  /query /tn win32times 2256 4092,benign
schtasks.exe,4724,RegQueryValue,HKLM\SOFTWARE\Microsoft\Ole\MaxSxSHashCount,NAME NOT FOUND,Length: 16,4/14/2022 1:22:33 PM,Registry,C:\Windows\system32\schtasks.exe,BLUETEAM\ezk,schtasks  /query /tn win32times,2256,4092,schtasks.exe 4724 RegQueryValue HKLM\SOFTWARE\Microsoft\Ole\MaxSxSHashCount NAME NOT FOUND Length: 16 4/14/2022 1:22:33 PM Registry C:\Windows\system32\schtasks.exe BLUETEAM\ezk schtasks  /query /tn win32times 2256 4092,benign
schtasks.exe,4724,RegCloseKey,HKLM\SOFTWARE\Microsoft\Ole,SUCCESS,,4/14/2022 1:22:33 PM,Registry,C:\Windows\system32\schtasks.exe,BLUETEAM\ezk,schtasks  /query /tn win32times,2256,4092,schtasks.exe 4724 RegCloseKey HKLM\SOFTWARE\Microsoft\Ole SUCCESS None 4/14/2022 1:22:33 PM Registry C:\Windows\system32\schtasks.exe BLUETEAM\ezk schtasks  /query /tn win32times 2256 4092,benign
schtasks.exe,4724,RegQueryKey,HKCR,SUCCESS,"Query: HandleTags, HandleTags: 0x0",4/14/2022 1:22:33 PM,Registry,C:\Windows\system32\schtasks.exe,BLUETEAM\ezk,schtasks  /query /tn win32times,2256,4092,"schtasks.exe 4724 RegQueryKey HKCR SUCCESS Query: HandleTags, HandleTags: 0x0 4/14/2022 1:22:33 PM Registry C:\Windows\system32\schtasks.exe BLUETEAM\ezk schtasks  /query /tn win32times 2256 4092",benign
schtasks.exe,4724,RegOpenKey,HKCR\CLSID\{0F87369F-A4E5-4CFC-BD3E-73E6154572DD},SUCCESS,Desired Access: Read,4/14/2022 1:22:33 PM,Registry,C:\Windows\system32\schtasks.exe,BLUETEAM\ezk,schtasks  /query /tn win32times,2256,4092,schtasks.exe 4724 RegOpenKey HKCR\CLSID\{0F87369F-A4E5-4CFC-BD3E-73E6154572DD} SUCCESS Desired Access: Read 4/14/2022 1:22:33 PM Registry C:\Windows\system32\schtasks.exe BLUETEAM\ezk schtasks  /query /tn win32times 2256 4092,benign
schtasks.exe,4724,RegQueryKey,HKCR\CLSID\{0f87369f-a4e5-4cfc-bd3e-73e6154572dd},SUCCESS,"Query: HandleTags, HandleTags: 0x0",4/14/2022 1:22:33 PM,Registry,C:\Windows\system32\schtasks.exe,BLUETEAM\ezk,schtasks  /query /tn win32times,2256,4092,"schtasks.exe 4724 RegQueryKey HKCR\CLSID\{0f87369f-a4e5-4cfc-bd3e-73e6154572dd} SUCCESS Query: HandleTags, HandleTags: 0x0 4/14/2022 1:22:33 PM Registry C:\Windows\system32\schtasks.exe BLUETEAM\ezk schtasks  /query /tn win32times 2256 4092",benign
schtasks.exe,4724,RegOpenKey,HKCR\CLSID\{0f87369f-a4e5-4cfc-bd3e-73e6154572dd}\TreatAs,NAME NOT FOUND,Desired Access: Query Value,4/14/2022 1:22:33 PM,Registry,C:\Windows\system32\schtasks.exe,BLUETEAM\ezk,schtasks  /query /tn win32times,2256,4092,schtasks.exe 4724 RegOpenKey HKCR\CLSID\{0f87369f-a4e5-4cfc-bd3e-73e6154572dd}\TreatAs NAME NOT FOUND Desired Access: Query Value 4/14/2022 1:22:33 PM Registry C:\Windows\system32\schtasks.exe BLUETEAM\ezk schtasks  /query /tn win32times 2256 4092,benign
schtasks.exe,4724,RegQueryKey,HKCR\CLSID\{0f87369f-a4e5-4cfc-bd3e-73e6154572dd},SUCCESS,Query: Name,4/14/2022 1:22:33 PM,Registry,C:\Windows\system32\schtasks.exe,BLUETEAM\ezk,schtasks  /query /tn win32times,2256,4092,schtasks.exe 4724 RegQueryKey HKCR\CLSID\{0f87369f-a4e5-4cfc-bd3e-73e6154572dd} SUCCESS Query: Name 4/14/2022 1:22:33 PM Registry C:\Windows\system32\schtasks.exe BLUETEAM\ezk schtasks  /query /tn win32times 2256 4092,benign
schtasks.exe,4724,RegQueryValue,HKCR\CLSID\{0f87369f-a4e5-4cfc-bd3e-73e6154572dd}\ActivateOnHostFlags,NAME NOT FOUND,Length: 16,4/14/2022 1:22:33 PM,Registry,C:\Windows\system32\schtasks.exe,BLUETEAM\ezk,schtasks  /query /tn win32times,2256,4092,schtasks.exe 4724 RegQueryValue HKCR\CLSID\{0f87369f-a4e5-4cfc-bd3e-73e6154572dd}\ActivateOnHostFlags NAME NOT FOUND Length: 16 4/14/2022 1:22:33 PM Registry C:\Windows\system32\schtasks.exe BLUETEAM\ezk schtasks  /query /tn win32times 2256 4092,benign
schtasks.exe,4724,RegQueryValue,HKCR\CLSID\{0f87369f-a4e5-4cfc-bd3e-73e6154572dd}\(Default),BUFFER OVERFLOW,Length: 12,4/14/2022 1:22:33 PM,Registry,C:\Windows\system32\schtasks.exe,BLUETEAM\ezk,schtasks  /query /tn win32times,2256,4092,schtasks.exe 4724 RegQueryValue HKCR\CLSID\{0f87369f-a4e5-4cfc-bd3e-73e6154572dd}\(Default) BUFFER OVERFLOW Length: 12 4/14/2022 1:22:33 PM Registry C:\Windows\system32\schtasks.exe BLUETEAM\ezk schtasks  /query /tn win32times 2256 4092,benign
schtasks.exe,4724,RegQueryValue,HKCR\CLSID\{0f87369f-a4e5-4cfc-bd3e-73e6154572dd}\(Default),SUCCESS,"Type: REG_SZ, Length: 40, Data: TaskScheduler class",4/14/2022 1:22:33 PM,Registry,C:\Windows\system32\schtasks.exe,BLUETEAM\ezk,schtasks  /query /tn win32times,2256,4092,"schtasks.exe 4724 RegQueryValue HKCR\CLSID\{0f87369f-a4e5-4cfc-bd3e-73e6154572dd}\(Default) SUCCESS Type: REG_SZ, Length: 40, Data: TaskScheduler class 4/14/2022 1:22:33 PM Registry C:\Windows\system32\schtasks.exe BLUETEAM\ezk schtasks  /query /tn win32times 2256 4092",benign
schtasks.exe,4724,RegQueryKey,HKCR\CLSID\{0f87369f-a4e5-4cfc-bd3e-73e6154572dd},SUCCESS,"Query: HandleTags, HandleTags: 0x0",4/14/2022 1:22:33 PM,Registry,C:\Windows\system32\schtasks.exe,BLUETEAM\ezk,schtasks  /query /tn win32times,2256,4092,"schtasks.exe 4724 RegQueryKey HKCR\CLSID\{0f87369f-a4e5-4cfc-bd3e-73e6154572dd} SUCCESS Query: HandleTags, HandleTags: 0x0 4/14/2022 1:22:33 PM Registry C:\Windows\system32\schtasks.exe BLUETEAM\ezk schtasks  /query /tn win32times 2256 4092",benign
schtasks.exe,4724,RegOpenKey,HKCR\CLSID\{0f87369f-a4e5-4cfc-bd3e-73e6154572dd}\InprocServer32,SUCCESS,Desired Access: Read,4/14/2022 1:22:33 PM,Registry,C:\Windows\system32\schtasks.exe,BLUETEAM\ezk,schtasks  /query /tn win32times,2256,4092,schtasks.exe 4724 RegOpenKey HKCR\CLSID\{0f87369f-a4e5-4cfc-bd3e-73e6154572dd}\InprocServer32 SUCCESS Desired Access: Read 4/14/2022 1:22:33 PM Registry C:\Windows\system32\schtasks.exe BLUETEAM\ezk schtasks  /query /tn win32times 2256 4092,benign
schtasks.exe,4724,RegQueryValue,HKCR\CLSID\{0f87369f-a4e5-4cfc-bd3e-73e6154572dd}\InprocServer32\InprocServer32,NAME NOT FOUND,Length: 12,4/14/2022 1:22:33 PM,Registry,C:\Windows\system32\schtasks.exe,BLUETEAM\ezk,schtasks  /query /tn win32times,2256,4092,schtasks.exe 4724 RegQueryValue HKCR\CLSID\{0f87369f-a4e5-4cfc-bd3e-73e6154572dd}\InprocServer32\InprocServer32 NAME NOT FOUND Length: 12 4/14/2022 1:22:33 PM Registry C:\Windows\system32\schtasks.exe BLUETEAM\ezk schtasks  /query /tn win32times 2256 4092,benign
schtasks.exe,4724,RegQueryValue,HKCR\CLSID\{0f87369f-a4e5-4cfc-bd3e-73e6154572dd}\InprocServer32\(Default),BUFFER OVERFLOW,Length: 12,4/14/2022 1:22:33 PM,Registry,C:\Windows\system32\schtasks.exe,BLUETEAM\ezk,schtasks  /query /tn win32times,2256,4092,schtasks.exe 4724 RegQueryValue HKCR\CLSID\{0f87369f-a4e5-4cfc-bd3e-73e6154572dd}\InprocServer32\(Default) BUFFER OVERFLOW Length: 12 4/14/2022 1:22:33 PM Registry C:\Windows\system32\schtasks.exe BLUETEAM\ezk schtasks  /query /tn win32times 2256 4092,benign
schtasks.exe,4724,RegQueryValue,HKCR\CLSID\{0f87369f-a4e5-4cfc-bd3e-73e6154572dd}\InprocServer32\(Default),SUCCESS,"Type: REG_SZ, Length: 66, Data: C:\Windows\System32\taskschd.dll",4/14/2022 1:22:33 PM,Registry,C:\Windows\system32\schtasks.exe,BLUETEAM\ezk,schtasks  /query /tn win32times,2256,4092,"schtasks.exe 4724 RegQueryValue HKCR\CLSID\{0f87369f-a4e5-4cfc-bd3e-73e6154572dd}\InprocServer32\(Default) SUCCESS Type: REG_SZ, Length: 66, Data: C:\Windows\System32\taskschd.dll 4/14/2022 1:22:33 PM Registry C:\Windows\system32\schtasks.exe BLUETEAM\ezk schtasks  /query /tn win32times 2256 4092",benign
schtasks.exe,4724,RegQueryValue,HKCR\CLSID\{0f87369f-a4e5-4cfc-bd3e-73e6154572dd}\InprocServer32\ThreadingModel,SUCCESS,"Type: REG_SZ, Length: 10, Data: Both",4/14/2022 1:22:33 PM,Registry,C:\Windows\system32\schtasks.exe,BLUETEAM\ezk,schtasks  /query /tn win32times,2256,4092,"schtasks.exe 4724 RegQueryValue HKCR\CLSID\{0f87369f-a4e5-4cfc-bd3e-73e6154572dd}\InprocServer32\ThreadingModel SUCCESS Type: REG_SZ, Length: 10, Data: Both 4/14/2022 1:22:33 PM Registry C:\Windows\system32\schtasks.exe BLUETEAM\ezk schtasks  /query /tn win32times 2256 4092",benign
schtasks.exe,4724,RegCloseKey,HKCR\CLSID\{0f87369f-a4e5-4cfc-bd3e-73e6154572dd}\InprocServer32,SUCCESS,,4/14/2022 1:22:33 PM,Registry,C:\Windows\system32\schtasks.exe,BLUETEAM\ezk,schtasks  /query /tn win32times,2256,4092,schtasks.exe 4724 RegCloseKey HKCR\CLSID\{0f87369f-a4e5-4cfc-bd3e-73e6154572dd}\InprocServer32 SUCCESS None 4/14/2022 1:22:33 PM Registry C:\Windows\system32\schtasks.exe BLUETEAM\ezk schtasks  /query /tn win32times 2256 4092,benign
schtasks.exe,4724,RegQueryKey,HKCR\CLSID\{0f87369f-a4e5-4cfc-bd3e-73e6154572dd},SUCCESS,"Query: HandleTags, HandleTags: 0x0",4/14/2022 1:22:33 PM,Registry,C:\Windows\system32\schtasks.exe,BLUETEAM\ezk,schtasks  /query /tn win32times,2256,4092,"schtasks.exe 4724 RegQueryKey HKCR\CLSID\{0f87369f-a4e5-4cfc-bd3e-73e6154572dd} SUCCESS Query: HandleTags, HandleTags: 0x0 4/14/2022 1:22:33 PM Registry C:\Windows\system32\schtasks.exe BLUETEAM\ezk schtasks  /query /tn win32times 2256 4092",benign
schtasks.exe,4724,RegOpenKey,HKCR\CLSID\{0f87369f-a4e5-4cfc-bd3e-73e6154572dd}\InprocHandler32,NAME NOT FOUND,Desired Access: Query Value,4/14/2022 1:22:33 PM,Registry,C:\Windows\system32\schtasks.exe,BLUETEAM\ezk,schtasks  /query /tn win32times,2256,4092,schtasks.exe 4724 RegOpenKey HKCR\CLSID\{0f87369f-a4e5-4cfc-bd3e-73e6154572dd}\InprocHandler32 NAME NOT FOUND Desired Access: Query Value 4/14/2022 1:22:33 PM Registry C:\Windows\system32\schtasks.exe BLUETEAM\ezk schtasks  /query /tn win32times 2256 4092,benign
schtasks.exe,4724,RegQueryKey,HKCR\CLSID\{0f87369f-a4e5-4cfc-bd3e-73e6154572dd},SUCCESS,"Query: HandleTags, HandleTags: 0x0",4/14/2022 1:22:33 PM,Registry,C:\Windows\system32\schtasks.exe,BLUETEAM\ezk,schtasks  /query /tn win32times,2256,4092,"schtasks.exe 4724 RegQueryKey HKCR\CLSID\{0f87369f-a4e5-4cfc-bd3e-73e6154572dd} SUCCESS Query: HandleTags, HandleTags: 0x0 4/14/2022 1:22:33 PM Registry C:\Windows\system32\schtasks.exe BLUETEAM\ezk schtasks  /query /tn win32times 2256 4092",benign
schtasks.exe,4724,RegCloseKey,HKCR\CLSID\{0f87369f-a4e5-4cfc-bd3e-73e6154572dd}\InprocServer32,SUCCESS,,4/14/2022 1:22:33 PM,Registry,C:\Windows\system32\schtasks.exe,BLUETEAM\ezk,schtasks  /query /tn win32times,2256,4092,schtasks.exe 4724 RegCloseKey HKCR\CLSID\{0f87369f-a4e5-4cfc-bd3e-73e6154572dd}\InprocServer32 SUCCESS None 4/14/2022 1:22:33 PM Registry C:\Windows\system32\schtasks.exe BLUETEAM\ezk schtasks  /query /tn win32times 2256 4092,benign
schtasks.exe,4724,RegQueryValue,HKCR\CLSID\{0f87369f-a4e5-4cfc-bd3e-73e6154572dd}\InprocServer32\ThreadingModel,SUCCESS,"Type: REG_SZ, Length: 10, Data: Both",4/14/2022 1:22:33 PM,Registry,C:\Windows\system32\schtasks.exe,BLUETEAM\ezk,schtasks  /query /tn win32times,2256,4092,"schtasks.exe 4724 RegQueryValue HKCR\CLSID\{0f87369f-a4e5-4cfc-bd3e-73e6154572dd}\InprocServer32\ThreadingModel SUCCESS Type: REG_SZ, Length: 10, Data: Both 4/14/2022 1:22:33 PM Registry C:\Windows\system32\schtasks.exe BLUETEAM\ezk schtasks  /query /tn win32times 2256 4092",benign
schtasks.exe,4724,RegOpenKey,HKLM\System\CurrentControlSet\Control\Lsa,REPARSE,Desired Access: Query Value,4/14/2022 1:22:33 PM,Registry,C:\Windows\system32\schtasks.exe,BLUETEAM\ezk,schtasks  /query /tn win32times,2256,4092,schtasks.exe 4724 RegOpenKey HKLM\System\CurrentControlSet\Control\Lsa REPARSE Desired Access: Query Value 4/14/2022 1:22:33 PM Registry C:\Windows\system32\schtasks.exe BLUETEAM\ezk schtasks  /query /tn win32times 2256 4092,benign
schtasks.exe,4724,RegOpenKey,HKLM\System\CurrentControlSet\Control\Lsa,SUCCESS,Desired Access: Query Value,4/14/2022 1:22:33 PM,Registry,C:\Windows\system32\schtasks.exe,BLUETEAM\ezk,schtasks  /query /tn win32times,2256,4092,schtasks.exe 4724 RegOpenKey HKLM\System\CurrentControlSet\Control\Lsa SUCCESS Desired Access: Query Value 4/14/2022 1:22:33 PM Registry C:\Windows\system32\schtasks.exe BLUETEAM\ezk schtasks  /query /tn win32times 2256 4092,benign
schtasks.exe,4724,RegQueryValue,HKLM\System\CurrentControlSet\Control\Lsa\EveryoneIncludesAnonymous,SUCCESS,"Type: REG_DWORD, Length: 4, Data: 0",4/14/2022 1:22:33 PM,Registry,C:\Windows\system32\schtasks.exe,BLUETEAM\ezk,schtasks  /query /tn win32times,2256,4092,"schtasks.exe 4724 RegQueryValue HKLM\System\CurrentControlSet\Control\Lsa\EveryoneIncludesAnonymous SUCCESS Type: REG_DWORD, Length: 4, Data: 0 4/14/2022 1:22:33 PM Registry C:\Windows\system32\schtasks.exe BLUETEAM\ezk schtasks  /query /tn win32times 2256 4092",benign
schtasks.exe,4724,RegCloseKey,HKLM\System\CurrentControlSet\Control\Lsa,SUCCESS,,4/14/2022 1:22:33 PM,Registry,C:\Windows\system32\schtasks.exe,BLUETEAM\ezk,schtasks  /query /tn win32times,2256,4092,schtasks.exe 4724 RegCloseKey HKLM\System\CurrentControlSet\Control\Lsa SUCCESS None 4/14/2022 1:22:33 PM Registry C:\Windows\system32\schtasks.exe BLUETEAM\ezk schtasks  /query /tn win32times 2256 4092,benign
schtasks.exe,4724,RegQueryKey,HKLM,SUCCESS,"Query: HandleTags, HandleTags: 0x0",4/14/2022 1:22:33 PM,Registry,C:\Windows\system32\schtasks.exe,BLUETEAM\ezk,schtasks  /query /tn win32times,2256,4092,"schtasks.exe 4724 RegQueryKey HKLM SUCCESS Query: HandleTags, HandleTags: 0x0 4/14/2022 1:22:33 PM Registry C:\Windows\system32\schtasks.exe BLUETEAM\ezk schtasks  /query /tn win32times 2256 4092",benign
schtasks.exe,4724,RegOpenKey,HKCR,SUCCESS,"Desired Access: Maximum Allowed, Granted Access: All Access",4/14/2022 1:22:33 PM,Registry,C:\Windows\system32\schtasks.exe,BLUETEAM\ezk,schtasks  /query /tn win32times,2256,4092,"schtasks.exe 4724 RegOpenKey HKCR SUCCESS Desired Access: Maximum Allowed, Granted Access: All Access 4/14/2022 1:22:33 PM Registry C:\Windows\system32\schtasks.exe BLUETEAM\ezk schtasks  /query /tn win32times 2256 4092",benign
schtasks.exe,4724,RegQueryKey,HKLM,SUCCESS,"Query: HandleTags, HandleTags: 0x0",4/14/2022 1:22:33 PM,Registry,C:\Windows\system32\schtasks.exe,BLUETEAM\ezk,schtasks  /query /tn win32times,2256,4092,"schtasks.exe 4724 RegQueryKey HKLM SUCCESS Query: HandleTags, HandleTags: 0x0 4/14/2022 1:22:33 PM Registry C:\Windows\system32\schtasks.exe BLUETEAM\ezk schtasks  /query /tn win32times 2256 4092",benign
schtasks.exe,4724,RegOpenKey,HKLM\Software\Microsoft\COM3,SUCCESS,Desired Access: Read,4/14/2022 1:22:33 PM,Registry,C:\Windows\system32\schtasks.exe,BLUETEAM\ezk,schtasks  /query /tn win32times,2256,4092,schtasks.exe 4724 RegOpenKey HKLM\Software\Microsoft\COM3 SUCCESS Desired Access: Read 4/14/2022 1:22:33 PM Registry C:\Windows\system32\schtasks.exe BLUETEAM\ezk schtasks  /query /tn win32times 2256 4092,benign
schtasks.exe,4724,RegQueryValue,HKLM\SOFTWARE\Microsoft\COM3\Com+Enabled,SUCCESS,"Type: REG_DWORD, Length: 4, Data: 1",4/14/2022 1:22:33 PM,Registry,C:\Windows\system32\schtasks.exe,BLUETEAM\ezk,schtasks  /query /tn win32times,2256,4092,"schtasks.exe 4724 RegQueryValue HKLM\SOFTWARE\Microsoft\COM3\Com+Enabled SUCCESS Type: REG_DWORD, Length: 4, Data: 1 4/14/2022 1:22:33 PM Registry C:\Windows\system32\schtasks.exe BLUETEAM\ezk schtasks  /query /tn win32times 2256 4092",benign
schtasks.exe,4724,RegCloseKey,HKLM\SOFTWARE\Microsoft\COM3,SUCCESS,,4/14/2022 1:22:33 PM,Registry,C:\Windows\system32\schtasks.exe,BLUETEAM\ezk,schtasks  /query /tn win32times,2256,4092,schtasks.exe 4724 RegCloseKey HKLM\SOFTWARE\Microsoft\COM3 SUCCESS None 4/14/2022 1:22:33 PM Registry C:\Windows\system32\schtasks.exe BLUETEAM\ezk schtasks  /query /tn win32times 2256 4092,benign
schtasks.exe,4724,CreateFile,C:\Windows\Registration\R000000000006.clb,SUCCESS,"Desired Access: Generic Read, Disposition: Open, Options: Synchronous IO Non-Alert, Non-Directory File, Attributes: n/a, ShareMode: Read, AllocationSize: n/a, OpenResult: Opened",4/14/2022 1:22:33 PM,File System,C:\Windows\system32\schtasks.exe,BLUETEAM\ezk,schtasks  /query /tn win32times,2256,4092,"schtasks.exe 4724 CreateFile C:\Windows\Registration\R000000000006.clb SUCCESS Desired Access: Generic Read, Disposition: Open, Options: Synchronous IO Non-Alert, Non-Directory File, Attributes: n/a, ShareMode: Read, AllocationSize: n/a, OpenResult: Opened 4/14/2022 1:22:33 PM File System C:\Windows\system32\schtasks.exe BLUETEAM\ezk schtasks  /query /tn win32times 2256 4092",benign
schtasks.exe,4724,RegOpenKey,HKCR\CLSID\{0f87369f-a4e5-4cfc-bd3e-73e6154572dd}\InprocHandler32,NAME NOT FOUND,Desired Access: Query Value,4/14/2022 1:22:33 PM,Registry,C:\Windows\system32\schtasks.exe,BLUETEAM\ezk,schtasks  /query /tn win32times,2256,4092,schtasks.exe 4724 RegOpenKey HKCR\CLSID\{0f87369f-a4e5-4cfc-bd3e-73e6154572dd}\InprocHandler32 NAME NOT FOUND Desired Access: Query Value 4/14/2022 1:22:33 PM Registry C:\Windows\system32\schtasks.exe BLUETEAM\ezk schtasks  /query /tn win32times 2256 4092,benign
schtasks.exe,4724,RegQueryKey,HKCR,SUCCESS,"Query: HandleTags, HandleTags: 0x0",4/14/2022 1:22:33 PM,Registry,C:\Windows\system32\schtasks.exe,BLUETEAM\ezk,schtasks  /query /tn win32times,2256,4092,"schtasks.exe 4724 RegQueryKey HKCR SUCCESS Query: HandleTags, HandleTags: 0x0 4/14/2022 1:22:33 PM Registry C:\Windows\system32\schtasks.exe BLUETEAM\ezk schtasks  /query /tn win32times 2256 4092",benign
schtasks.exe,4724,RegQueryKey,HKCR\CLSID\{0f87369f-a4e5-4cfc-bd3e-73e6154572dd},SUCCESS,"Query: HandleTags, HandleTags: 0x0",4/14/2022 1:22:33 PM,Registry,C:\Windows\system32\schtasks.exe,BLUETEAM\ezk,schtasks  /query /tn win32times,2256,4092,"schtasks.exe 4724 RegQueryKey HKCR\CLSID\{0f87369f-a4e5-4cfc-bd3e-73e6154572dd} SUCCESS Query: HandleTags, HandleTags: 0x0 4/14/2022 1:22:33 PM Registry C:\Windows\system32\schtasks.exe BLUETEAM\ezk schtasks  /query /tn win32times 2256 4092",benign
schtasks.exe,4724,RegOpenKey,HKCR\CLSID\{0f87369f-a4e5-4cfc-bd3e-73e6154572dd}\TreatAs,NAME NOT FOUND,Desired Access: Query Value,4/14/2022 1:22:33 PM,Registry,C:\Windows\system32\schtasks.exe,BLUETEAM\ezk,schtasks  /query /tn win32times,2256,4092,schtasks.exe 4724 RegOpenKey HKCR\CLSID\{0f87369f-a4e5-4cfc-bd3e-73e6154572dd}\TreatAs NAME NOT FOUND Desired Access: Query Value 4/14/2022 1:22:33 PM Registry C:\Windows\system32\schtasks.exe BLUETEAM\ezk schtasks  /query /tn win32times 2256 4092,benign
schtasks.exe,4724,RegQueryKey,HKCR\CLSID\{0f87369f-a4e5-4cfc-bd3e-73e6154572dd},SUCCESS,Query: Name,4/14/2022 1:22:33 PM,Registry,C:\Windows\system32\schtasks.exe,BLUETEAM\ezk,schtasks  /query /tn win32times,2256,4092,schtasks.exe 4724 RegQueryKey HKCR\CLSID\{0f87369f-a4e5-4cfc-bd3e-73e6154572dd} SUCCESS Query: Name 4/14/2022 1:22:33 PM Registry C:\Windows\system32\schtasks.exe BLUETEAM\ezk schtasks  /query /tn win32times 2256 4092,benign
schtasks.exe,4724,RegQueryValue,HKCR\CLSID\{0f87369f-a4e5-4cfc-bd3e-73e6154572dd}\ActivateOnHostFlags,NAME NOT FOUND,Length: 16,4/14/2022 1:22:33 PM,Registry,C:\Windows\system32\schtasks.exe,BLUETEAM\ezk,schtasks  /query /tn win32times,2256,4092,schtasks.exe 4724 RegQueryValue HKCR\CLSID\{0f87369f-a4e5-4cfc-bd3e-73e6154572dd}\ActivateOnHostFlags NAME NOT FOUND Length: 16 4/14/2022 1:22:33 PM Registry C:\Windows\system32\schtasks.exe BLUETEAM\ezk schtasks  /query /tn win32times 2256 4092,benign
schtasks.exe,4724,RegQueryValue,HKCR\CLSID\{0f87369f-a4e5-4cfc-bd3e-73e6154572dd}\(Default),BUFFER OVERFLOW,Length: 12,4/14/2022 1:22:33 PM,Registry,C:\Windows\system32\schtasks.exe,BLUETEAM\ezk,schtasks  /query /tn win32times,2256,4092,schtasks.exe 4724 RegQueryValue HKCR\CLSID\{0f87369f-a4e5-4cfc-bd3e-73e6154572dd}\(Default) BUFFER OVERFLOW Length: 12 4/14/2022 1:22:33 PM Registry C:\Windows\system32\schtasks.exe BLUETEAM\ezk schtasks  /query /tn win32times 2256 4092,benign
schtasks.exe,4724,RegQueryValue,HKCR\CLSID\{0f87369f-a4e5-4cfc-bd3e-73e6154572dd}\(Default),SUCCESS,"Type: REG_SZ, Length: 40, Data: TaskScheduler class",4/14/2022 1:22:33 PM,Registry,C:\Windows\system32\schtasks.exe,BLUETEAM\ezk,schtasks  /query /tn win32times,2256,4092,"schtasks.exe 4724 RegQueryValue HKCR\CLSID\{0f87369f-a4e5-4cfc-bd3e-73e6154572dd}\(Default) SUCCESS Type: REG_SZ, Length: 40, Data: TaskScheduler class 4/14/2022 1:22:33 PM Registry C:\Windows\system32\schtasks.exe BLUETEAM\ezk schtasks  /query /tn win32times 2256 4092",benign
schtasks.exe,4724,RegQueryKey,HKCR\CLSID\{0f87369f-a4e5-4cfc-bd3e-73e6154572dd},SUCCESS,"Query: HandleTags, HandleTags: 0x0",4/14/2022 1:22:33 PM,Registry,C:\Windows\system32\schtasks.exe,BLUETEAM\ezk,schtasks  /query /tn win32times,2256,4092,"schtasks.exe 4724 RegQueryKey HKCR\CLSID\{0f87369f-a4e5-4cfc-bd3e-73e6154572dd} SUCCESS Query: HandleTags, HandleTags: 0x0 4/14/2022 1:22:33 PM Registry C:\Windows\system32\schtasks.exe BLUETEAM\ezk schtasks  /query /tn win32times 2256 4092",benign
schtasks.exe,4724,RegOpenKey,HKCR\CLSID\{0f87369f-a4e5-4cfc-bd3e-73e6154572dd}\InprocServer32,SUCCESS,Desired Access: Read,4/14/2022 1:22:33 PM,Registry,C:\Windows\system32\schtasks.exe,BLUETEAM\ezk,schtasks  /query /tn win32times,2256,4092,schtasks.exe 4724 RegOpenKey HKCR\CLSID\{0f87369f-a4e5-4cfc-bd3e-73e6154572dd}\InprocServer32 SUCCESS Desired Access: Read 4/14/2022 1:22:33 PM Registry C:\Windows\system32\schtasks.exe BLUETEAM\ezk schtasks  /query /tn win32times 2256 4092,benign
schtasks.exe,4724,RegQueryValue,HKCR\CLSID\{0f87369f-a4e5-4cfc-bd3e-73e6154572dd}\InprocServer32\InprocServer32,NAME NOT FOUND,Length: 12,4/14/2022 1:22:33 PM,Registry,C:\Windows\system32\schtasks.exe,BLUETEAM\ezk,schtasks  /query /tn win32times,2256,4092,schtasks.exe 4724 RegQueryValue HKCR\CLSID\{0f87369f-a4e5-4cfc-bd3e-73e6154572dd}\InprocServer32\InprocServer32 NAME NOT FOUND Length: 12 4/14/2022 1:22:33 PM Registry C:\Windows\system32\schtasks.exe BLUETEAM\ezk schtasks  /query /tn win32times 2256 4092,benign
schtasks.exe,4724,RegQueryValue,HKCR\CLSID\{0f87369f-a4e5-4cfc-bd3e-73e6154572dd}\InprocServer32\(Default),BUFFER OVERFLOW,Length: 12,4/14/2022 1:22:33 PM,Registry,C:\Windows\system32\schtasks.exe,BLUETEAM\ezk,schtasks  /query /tn win32times,2256,4092,schtasks.exe 4724 RegQueryValue HKCR\CLSID\{0f87369f-a4e5-4cfc-bd3e-73e6154572dd}\InprocServer32\(Default) BUFFER OVERFLOW Length: 12 4/14/2022 1:22:33 PM Registry C:\Windows\system32\schtasks.exe BLUETEAM\ezk schtasks  /query /tn win32times 2256 4092,benign
schtasks.exe,4724,RegQueryValue,HKCR\CLSID\{0f87369f-a4e5-4cfc-bd3e-73e6154572dd}\InprocServer32\(Default),SUCCESS,"Type: REG_SZ, Length: 66, Data: C:\Windows\System32\taskschd.dll",4/14/2022 1:22:33 PM,Registry,C:\Windows\system32\schtasks.exe,BLUETEAM\ezk,schtasks  /query /tn win32times,2256,4092,"schtasks.exe 4724 RegQueryValue HKCR\CLSID\{0f87369f-a4e5-4cfc-bd3e-73e6154572dd}\InprocServer32\(Default) SUCCESS Type: REG_SZ, Length: 66, Data: C:\Windows\System32\taskschd.dll 4/14/2022 1:22:33 PM Registry C:\Windows\system32\schtasks.exe BLUETEAM\ezk schtasks  /query /tn win32times 2256 4092",benign
schtasks.exe,4724,RegOpenKey,HKCR\CLSID\{0F87369F-A4E5-4CFC-BD3E-73E6154572DD},SUCCESS,Desired Access: Read,4/14/2022 1:22:33 PM,Registry,C:\Windows\system32\schtasks.exe,BLUETEAM\ezk,schtasks  /query /tn win32times,2256,4092,schtasks.exe 4724 RegOpenKey HKCR\CLSID\{0F87369F-A4E5-4CFC-BD3E-73E6154572DD} SUCCESS Desired Access: Read 4/14/2022 1:22:33 PM Registry C:\Windows\system32\schtasks.exe BLUETEAM\ezk schtasks  /query /tn win32times 2256 4092,benign
schtasks.exe,4724,RegCloseKey,HKLM\System\CurrentControlSet\Control\Lsa,SUCCESS,,4/14/2022 1:22:33 PM,Registry,C:\Windows\system32\schtasks.exe,BLUETEAM\ezk,schtasks  /query /tn win32times,2256,4092,schtasks.exe 4724 RegCloseKey HKLM\System\CurrentControlSet\Control\Lsa SUCCESS None 4/14/2022 1:22:33 PM Registry C:\Windows\system32\schtasks.exe BLUETEAM\ezk schtasks  /query /tn win32times 2256 4092,benign
schtasks.exe,4724,RegQueryKey,HKCR\CLSID\{0f87369f-a4e5-4cfc-bd3e-73e6154572dd},SUCCESS,"Query: HandleTags, HandleTags: 0x0",4/14/2022 1:22:33 PM,Registry,C:\Windows\system32\schtasks.exe,BLUETEAM\ezk,schtasks  /query /tn win32times,2256,4092,"schtasks.exe 4724 RegQueryKey HKCR\CLSID\{0f87369f-a4e5-4cfc-bd3e-73e6154572dd} SUCCESS Query: HandleTags, HandleTags: 0x0 4/14/2022 1:22:33 PM Registry C:\Windows\system32\schtasks.exe BLUETEAM\ezk schtasks  /query /tn win32times 2256 4092",benign
schtasks.exe,4724,RegQueryKey,HKCR\CLSID\{0f87369f-a4e5-4cfc-bd3e-73e6154572dd},SUCCESS,"Query: HandleTags, HandleTags: 0x0",4/14/2022 1:22:33 PM,Registry,C:\Windows\system32\schtasks.exe,BLUETEAM\ezk,schtasks  /query /tn win32times,2256,4092,"schtasks.exe 4724 RegQueryKey HKCR\CLSID\{0f87369f-a4e5-4cfc-bd3e-73e6154572dd} SUCCESS Query: HandleTags, HandleTags: 0x0 4/14/2022 1:22:33 PM Registry C:\Windows\system32\schtasks.exe BLUETEAM\ezk schtasks  /query /tn win32times 2256 4092",benign
schtasks.exe,4724,RegQueryValue,HKLM\System\CurrentControlSet\Control\Hvsi\IsHvsiContainer,NAME NOT FOUND,Length: 16,4/14/2022 1:22:33 PM,Registry,C:\Windows\system32\schtasks.exe,BLUETEAM\ezk,schtasks  /query /tn win32times,2256,4092,schtasks.exe 4724 RegQueryValue HKLM\System\CurrentControlSet\Control\Hvsi\IsHvsiContainer NAME NOT FOUND Length: 16 4/14/2022 1:22:33 PM Registry C:\Windows\system32\schtasks.exe BLUETEAM\ezk schtasks  /query /tn win32times 2256 4092,benign
schtasks.exe,4724,RegCloseKey,HKLM\System\CurrentControlSet\Control\Hvsi,SUCCESS,,4/14/2022 1:22:33 PM,Registry,C:\Windows\system32\schtasks.exe,BLUETEAM\ezk,schtasks  /query /tn win32times,2256,4092,schtasks.exe 4724 RegCloseKey HKLM\System\CurrentControlSet\Control\Hvsi SUCCESS None 4/14/2022 1:22:33 PM Registry C:\Windows\system32\schtasks.exe BLUETEAM\ezk schtasks  /query /tn win32times 2256 4092,benign
schtasks.exe,4724,RegQueryKey,HKLM,SUCCESS,"Query: HandleTags, HandleTags: 0x0",4/14/2022 1:22:33 PM,Registry,C:\Windows\system32\schtasks.exe,BLUETEAM\ezk,schtasks  /query /tn win32times,2256,4092,"schtasks.exe 4724 RegQueryKey HKLM SUCCESS Query: HandleTags, HandleTags: 0x0 4/14/2022 1:22:33 PM Registry C:\Windows\system32\schtasks.exe BLUETEAM\ezk schtasks  /query /tn win32times 2256 4092",benign
schtasks.exe,4724,RegOpenKey,HKLM\SOFTWARE\Microsoft\OLEAUT\UserEra,NAME NOT FOUND,"Desired Access: Query Value, Enumerate Sub Keys",4/14/2022 1:22:33 PM,Registry,C:\Windows\system32\schtasks.exe,BLUETEAM\ezk,schtasks  /query /tn win32times,2256,4092,"schtasks.exe 4724 RegOpenKey HKLM\SOFTWARE\Microsoft\OLEAUT\UserEra NAME NOT FOUND Desired Access: Query Value, Enumerate Sub Keys 4/14/2022 1:22:33 PM Registry C:\Windows\system32\schtasks.exe BLUETEAM\ezk schtasks  /query /tn win32times 2256 4092",benign
schtasks.exe,4724,RegOpenKey,HKCU,SUCCESS,"Desired Access: Maximum Allowed, Granted Access: All Access",4/14/2022 1:22:33 PM,Registry,C:\Windows\system32\schtasks.exe,BLUETEAM\ezk,schtasks  /query /tn win32times,2256,4092,"schtasks.exe 4724 RegOpenKey HKCU SUCCESS Desired Access: Maximum Allowed, Granted Access: All Access 4/14/2022 1:22:33 PM Registry C:\Windows\system32\schtasks.exe BLUETEAM\ezk schtasks  /query /tn win32times 2256 4092",benign
schtasks.exe,4724,RegOpenKey,HKCU\Software\Policies\Microsoft\Control Panel\International\Calendars\TwoDigitYearMax,NAME NOT FOUND,Desired Access: Read,4/14/2022 1:22:33 PM,Registry,C:\Windows\system32\schtasks.exe,BLUETEAM\ezk,schtasks  /query /tn win32times,2256,4092,schtasks.exe 4724 RegOpenKey HKCU\Software\Policies\Microsoft\Control Panel\International\Calendars\TwoDigitYearMax NAME NOT FOUND Desired Access: Read 4/14/2022 1:22:33 PM Registry C:\Windows\system32\schtasks.exe BLUETEAM\ezk schtasks  /query /tn win32times 2256 4092,benign
schtasks.exe,4724,RegCloseKey,HKCU,SUCCESS,,4/14/2022 1:22:33 PM,Registry,C:\Windows\system32\schtasks.exe,BLUETEAM\ezk,schtasks  /query /tn win32times,2256,4092,schtasks.exe 4724 RegCloseKey HKCU SUCCESS None 4/14/2022 1:22:33 PM Registry C:\Windows\system32\schtasks.exe BLUETEAM\ezk schtasks  /query /tn win32times 2256 4092,benign
schtasks.exe,4724,RegOpenKey,HKCU,SUCCESS,"Desired Access: Maximum Allowed, Granted Access: All Access",4/14/2022 1:22:33 PM,Registry,C:\Windows\system32\schtasks.exe,BLUETEAM\ezk,schtasks  /query /tn win32times,2256,4092,"schtasks.exe 4724 RegOpenKey HKCU SUCCESS Desired Access: Maximum Allowed, Granted Access: All Access 4/14/2022 1:22:33 PM Registry C:\Windows\system32\schtasks.exe BLUETEAM\ezk schtasks  /query /tn win32times 2256 4092",benign
schtasks.exe,4724,RegOpenKey,HKCU\Control Panel\International\Calendars\TwoDigitYearMax,NAME NOT FOUND,Desired Access: Read,4/14/2022 1:22:33 PM,Registry,C:\Windows\system32\schtasks.exe,BLUETEAM\ezk,schtasks  /query /tn win32times,2256,4092,schtasks.exe 4724 RegOpenKey HKCU\Control Panel\International\Calendars\TwoDigitYearMax NAME NOT FOUND Desired Access: Read 4/14/2022 1:22:33 PM Registry C:\Windows\system32\schtasks.exe BLUETEAM\ezk schtasks  /query /tn win32times 2256 4092,benign
schtasks.exe,4724,RegCloseKey,HKCU,SUCCESS,,4/14/2022 1:22:33 PM,Registry,C:\Windows\system32\schtasks.exe,BLUETEAM\ezk,schtasks  /query /tn win32times,2256,4092,schtasks.exe 4724 RegCloseKey HKCU SUCCESS None 4/14/2022 1:22:33 PM Registry C:\Windows\system32\schtasks.exe BLUETEAM\ezk schtasks  /query /tn win32times 2256 4092,benign
schtasks.exe,4724,RegCloseKey,HKLM\SOFTWARE\Microsoft\Ole,SUCCESS,,4/14/2022 1:22:33 PM,Registry,C:\Windows\system32\schtasks.exe,BLUETEAM\ezk,schtasks  /query /tn win32times,2256,4092,schtasks.exe 4724 RegCloseKey HKLM\SOFTWARE\Microsoft\Ole SUCCESS None 4/14/2022 1:22:33 PM Registry C:\Windows\system32\schtasks.exe BLUETEAM\ezk schtasks  /query /tn win32times 2256 4092,benign
schtasks.exe,4724,RegCloseKey,HKLM,SUCCESS,,4/14/2022 1:22:33 PM,Registry,C:\Windows\system32\schtasks.exe,BLUETEAM\ezk,schtasks  /query /tn win32times,2256,4092,schtasks.exe 4724 RegCloseKey HKLM SUCCESS None 4/14/2022 1:22:33 PM Registry C:\Windows\system32\schtasks.exe BLUETEAM\ezk schtasks  /query /tn win32times 2256 4092,benign
schtasks.exe,4724,RegCloseKey,HKCR,SUCCESS,,4/14/2022 1:22:33 PM,Registry,C:\Windows\system32\schtasks.exe,BLUETEAM\ezk,schtasks  /query /tn win32times,2256,4092,schtasks.exe 4724 RegCloseKey HKCR SUCCESS None 4/14/2022 1:22:33 PM Registry C:\Windows\system32\schtasks.exe BLUETEAM\ezk schtasks  /query /tn win32times 2256 4092,benign
schtasks.exe,4724,RegOpenKey,HKLM\System\CurrentControlSet\Services\bam\State\UserSettings\S-1-5-21-4065680934-2604657585-3199708412-1106,SUCCESS,Desired Access: All Access,4/14/2022 1:22:33 PM,Registry,C:\Windows\system32\schtasks.exe,BLUETEAM\ezk,schtasks  /query /tn win32times,2256,4092,schtasks.exe 4724 RegOpenKey HKLM\System\CurrentControlSet\Services\bam\State\UserSettings\S-1-5-21-4065680934-2604657585-3199708412-1106 SUCCESS Desired Access: All Access 4/14/2022 1:22:33 PM Registry C:\Windows\system32\schtasks.exe BLUETEAM\ezk schtasks  /query /tn win32times 2256 4092,benign
schtasks.exe,4724,RegQueryValue,HKLM\System\CurrentControlSet\Services\bam\State\UserSettings\S-1-5-21-4065680934-2604657585-3199708412-1106\\Device\HarddiskVolume3\Windows\System32\schtasks.exe,NAME NOT FOUND,Length: 40,4/14/2022 1:22:33 PM,Registry,C:\Windows\system32\schtasks.exe,BLUETEAM\ezk,schtasks  /query /tn win32times,2256,4092,schtasks.exe 4724 RegQueryValue HKLM\System\CurrentControlSet\Services\bam\State\UserSettings\S-1-5-21-4065680934-2604657585-3199708412-1106\\Device\HarddiskVolume3\Windows\System32\schtasks.exe NAME NOT FOUND Length: 40 4/14/2022 1:22:33 PM Registry C:\Windows\system32\schtasks.exe BLUETEAM\ezk schtasks  /query /tn win32times 2256 4092,benign
schtasks.exe,4724,RegCloseKey,HKLM\System\CurrentControlSet\Services\bam\State\UserSettings\S-1-5-21-4065680934-2604657585-3199708412-1106,SUCCESS,,4/14/2022 1:22:33 PM,Registry,C:\Windows\system32\schtasks.exe,BLUETEAM\ezk,schtasks  /query /tn win32times,2256,4092,schtasks.exe 4724 RegCloseKey HKLM\System\CurrentControlSet\Services\bam\State\UserSettings\S-1-5-21-4065680934-2604657585-3199708412-1106 SUCCESS None 4/14/2022 1:22:33 PM Registry C:\Windows\system32\schtasks.exe BLUETEAM\ezk schtasks  /query /tn win32times 2256 4092,benign
schtasks.exe,4724,CloseFile,C:\Windows\System32,SUCCESS,,4/14/2022 1:22:33 PM,File System,C:\Windows\system32\schtasks.exe,BLUETEAM\ezk,schtasks  /query /tn win32times,2256,4092,schtasks.exe 4724 CloseFile C:\Windows\System32 SUCCESS None 4/14/2022 1:22:33 PM File System C:\Windows\system32\schtasks.exe BLUETEAM\ezk schtasks  /query /tn win32times 2256 4092,benign
schtasks.exe,4724,RegCloseKey,HKLM\System\CurrentControlSet\Control\Nls\Sorting\Versions,SUCCESS,,4/14/2022 1:22:33 PM,Registry,C:\Windows\system32\schtasks.exe,BLUETEAM\ezk,schtasks  /query /tn win32times,2256,4092,schtasks.exe 4724 RegCloseKey HKLM\System\CurrentControlSet\Control\Nls\Sorting\Versions SUCCESS None 4/14/2022 1:22:33 PM Registry C:\Windows\system32\schtasks.exe BLUETEAM\ezk schtasks  /query /tn win32times 2256 4092,benign
schtasks.exe,4724,RegCloseKey,HKLM,SUCCESS,,4/14/2022 1:22:33 PM,Registry,C:\Windows\system32\schtasks.exe,BLUETEAM\ezk,schtasks  /query /tn win32times,2256,4092,schtasks.exe 4724 RegCloseKey HKLM SUCCESS None 4/14/2022 1:22:33 PM Registry C:\Windows\system32\schtasks.exe BLUETEAM\ezk schtasks  /query /tn win32times 2256 4092,benign
schtasks.exe,4724,CloseFile,C:\Windows\System32\en-US\schtasks.exe.mui,SUCCESS,,4/14/2022 1:22:33 PM,File System,C:\Windows\system32\schtasks.exe,BLUETEAM\ezk,schtasks  /query /tn win32times,2256,4092,schtasks.exe 4724 CloseFile C:\Windows\System32\en-US\schtasks.exe.mui SUCCESS None 4/14/2022 1:22:33 PM File System C:\Windows\system32\schtasks.exe BLUETEAM\ezk schtasks  /query /tn win32times 2256 4092,benign
schtasks.exe,4724,RegCloseKey,HKLM\System\CurrentControlSet\Control\Session Manager,SUCCESS,,4/14/2022 1:22:33 PM,Registry,C:\Windows\system32\schtasks.exe,BLUETEAM\ezk,schtasks  /query /tn win32times,2256,4092,schtasks.exe 4724 RegCloseKey HKLM\System\CurrentControlSet\Control\Session Manager SUCCESS None 4/14/2022 1:22:33 PM Registry C:\Windows\system32\schtasks.exe BLUETEAM\ezk schtasks  /query /tn win32times 2256 4092,benign
schtasks.exe,4724,RegCloseKey,HKLM\System\CurrentControlSet\Control\Nls\Sorting\Ids,SUCCESS,,4/14/2022 1:22:33 PM,Registry,C:\Windows\system32\schtasks.exe,BLUETEAM\ezk,schtasks  /query /tn win32times,2256,4092,schtasks.exe 4724 RegCloseKey HKLM\System\CurrentControlSet\Control\Nls\Sorting\Ids SUCCESS None 4/14/2022 1:22:33 PM Registry C:\Windows\system32\schtasks.exe BLUETEAM\ezk schtasks  /query /tn win32times 2256 4092,benign
schtasks.exe,4724,RegCloseKey,HKLM\SOFTWARE\Microsoft\Windows NT\CurrentVersion\Image File Execution Options,SUCCESS,,4/14/2022 1:22:33 PM,Registry,C:\Windows\system32\schtasks.exe,BLUETEAM\ezk,schtasks  /query /tn win32times,2256,4092,schtasks.exe 4724 RegCloseKey HKLM\SOFTWARE\Microsoft\Windows NT\CurrentVersion\Image File Execution Options SUCCESS None 4/14/2022 1:22:33 PM Registry C:\Windows\system32\schtasks.exe BLUETEAM\ezk schtasks  /query /tn win32times 2256 4092,benign
schtasks.exe,4724,RegOpenKey,HKLM\System\CurrentControlSet\Control\Hvsi,SUCCESS,Desired Access: Read,4/14/2022 1:22:33 PM,Registry,C:\Windows\system32\schtasks.exe,BLUETEAM\ezk,schtasks  /query /tn win32times,2256,4092,schtasks.exe 4724 RegOpenKey HKLM\System\CurrentControlSet\Control\Hvsi SUCCESS Desired Access: Read 4/14/2022 1:22:33 PM Registry C:\Windows\system32\schtasks.exe BLUETEAM\ezk schtasks  /query /tn win32times 2256 4092,benign
schtasks.exe,4724,RegOpenKey,HKLM\System\CurrentControlSet\Control\Hvsi,REPARSE,Desired Access: Read,4/14/2022 1:22:33 PM,Registry,C:\Windows\system32\schtasks.exe,BLUETEAM\ezk,schtasks  /query /tn win32times,2256,4092,schtasks.exe 4724 RegOpenKey HKLM\System\CurrentControlSet\Control\Hvsi REPARSE Desired Access: Read 4/14/2022 1:22:33 PM Registry C:\Windows\system32\schtasks.exe BLUETEAM\ezk schtasks  /query /tn win32times 2256 4092,benign
schtasks.exe,4724,RegQueryKey,HKLM,SUCCESS,"Query: HandleTags, HandleTags: 0x0",4/14/2022 1:22:33 PM,Registry,C:\Windows\system32\schtasks.exe,BLUETEAM\ezk,schtasks  /query /tn win32times,2256,4092,"schtasks.exe 4724 RegQueryKey HKLM SUCCESS Query: HandleTags, HandleTags: 0x0 4/14/2022 1:22:33 PM Registry C:\Windows\system32\schtasks.exe BLUETEAM\ezk schtasks  /query /tn win32times 2256 4092",benign
schtasks.exe,4724,CloseFile,C:\Windows\System32\sspicli.dll,SUCCESS,,4/14/2022 1:22:33 PM,File System,C:\Windows\system32\schtasks.exe,BLUETEAM\ezk,schtasks  /query /tn win32times,2256,4092,schtasks.exe 4724 CloseFile C:\Windows\System32\sspicli.dll SUCCESS None 4/14/2022 1:22:33 PM File System C:\Windows\system32\schtasks.exe BLUETEAM\ezk schtasks  /query /tn win32times 2256 4092,benign
schtasks.exe,4724,RegOpenKey,HKCR\CLSID\{0f87369f-a4e5-4cfc-bd3e-73e6154572dd}\LocalServer32,NAME NOT FOUND,Desired Access: Read,4/14/2022 1:22:33 PM,Registry,C:\Windows\system32\schtasks.exe,BLUETEAM\ezk,schtasks  /query /tn win32times,2256,4092,schtasks.exe 4724 RegOpenKey HKCR\CLSID\{0f87369f-a4e5-4cfc-bd3e-73e6154572dd}\LocalServer32 NAME NOT FOUND Desired Access: Read 4/14/2022 1:22:33 PM Registry C:\Windows\system32\schtasks.exe BLUETEAM\ezk schtasks  /query /tn win32times 2256 4092,benign
schtasks.exe,4724,RegQueryValue,HKCR\CLSID\{0f87369f-a4e5-4cfc-bd3e-73e6154572dd}\AppID,NAME NOT FOUND,Length: 112,4/14/2022 1:22:33 PM,Registry,C:\Windows\system32\schtasks.exe,BLUETEAM\ezk,schtasks  /query /tn win32times,2256,4092,schtasks.exe 4724 RegQueryValue HKCR\CLSID\{0f87369f-a4e5-4cfc-bd3e-73e6154572dd}\AppID NAME NOT FOUND Length: 112 4/14/2022 1:22:33 PM Registry C:\Windows\system32\schtasks.exe BLUETEAM\ezk schtasks  /query /tn win32times 2256 4092,benign
schtasks.exe,4724,RegQueryKey,HKCR\CLSID\{0f87369f-a4e5-4cfc-bd3e-73e6154572dd},SUCCESS,"Query: HandleTags, HandleTags: 0x0",4/14/2022 1:22:33 PM,Registry,C:\Windows\system32\schtasks.exe,BLUETEAM\ezk,schtasks  /query /tn win32times,2256,4092,"schtasks.exe 4724 RegQueryKey HKCR\CLSID\{0f87369f-a4e5-4cfc-bd3e-73e6154572dd} SUCCESS Query: HandleTags, HandleTags: 0x0 4/14/2022 1:22:33 PM Registry C:\Windows\system32\schtasks.exe BLUETEAM\ezk schtasks  /query /tn win32times 2256 4092",benign
schtasks.exe,4724,RegOpenKey,HKCR\CLSID\{0f87369f-a4e5-4cfc-bd3e-73e6154572dd}\LocalServer,NAME NOT FOUND,Desired Access: Query Value,4/14/2022 1:22:33 PM,Registry,C:\Windows\system32\schtasks.exe,BLUETEAM\ezk,schtasks  /query /tn win32times,2256,4092,schtasks.exe 4724 RegOpenKey HKCR\CLSID\{0f87369f-a4e5-4cfc-bd3e-73e6154572dd}\LocalServer NAME NOT FOUND Desired Access: Query Value 4/14/2022 1:22:33 PM Registry C:\Windows\system32\schtasks.exe BLUETEAM\ezk schtasks  /query /tn win32times 2256 4092,benign
schtasks.exe,4724,RegQueryKey,HKCR,SUCCESS,"Query: HandleTags, HandleTags: 0x0",4/14/2022 1:22:33 PM,Registry,C:\Windows\system32\schtasks.exe,BLUETEAM\ezk,schtasks  /query /tn win32times,2256,4092,"schtasks.exe 4724 RegQueryKey HKCR SUCCESS Query: HandleTags, HandleTags: 0x0 4/14/2022 1:22:33 PM Registry C:\Windows\system32\schtasks.exe BLUETEAM\ezk schtasks  /query /tn win32times 2256 4092",benign
schtasks.exe,4724,RegOpenKey,HKCR\CLSID\{0F87369F-A4E5-4CFC-BD3E-73E6154572DD},SUCCESS,Desired Access: Read,4/14/2022 1:22:33 PM,Registry,C:\Windows\system32\schtasks.exe,BLUETEAM\ezk,schtasks  /query /tn win32times,2256,4092,schtasks.exe 4724 RegOpenKey HKCR\CLSID\{0F87369F-A4E5-4CFC-BD3E-73E6154572DD} SUCCESS Desired Access: Read 4/14/2022 1:22:33 PM Registry C:\Windows\system32\schtasks.exe BLUETEAM\ezk schtasks  /query /tn win32times 2256 4092,benign
schtasks.exe,4724,RegQueryKey,HKCR\CLSID\{0f87369f-a4e5-4cfc-bd3e-73e6154572dd},SUCCESS,"Query: HandleTags, HandleTags: 0x0",4/14/2022 1:22:33 PM,Registry,C:\Windows\system32\schtasks.exe,BLUETEAM\ezk,schtasks  /query /tn win32times,2256,4092,"schtasks.exe 4724 RegQueryKey HKCR\CLSID\{0f87369f-a4e5-4cfc-bd3e-73e6154572dd} SUCCESS Query: HandleTags, HandleTags: 0x0 4/14/2022 1:22:33 PM Registry C:\Windows\system32\schtasks.exe BLUETEAM\ezk schtasks  /query /tn win32times 2256 4092",benign
schtasks.exe,4724,RegOpenKey,HKCR\CLSID\{0f87369f-a4e5-4cfc-bd3e-73e6154572dd}\Elevation,NAME NOT FOUND,Desired Access: Read,4/14/2022 1:22:33 PM,Registry,C:\Windows\system32\schtasks.exe,BLUETEAM\ezk,schtasks  /query /tn win32times,2256,4092,schtasks.exe 4724 RegOpenKey HKCR\CLSID\{0f87369f-a4e5-4cfc-bd3e-73e6154572dd}\Elevation NAME NOT FOUND Desired Access: Read 4/14/2022 1:22:33 PM Registry C:\Windows\system32\schtasks.exe BLUETEAM\ezk schtasks  /query /tn win32times 2256 4092,benign
schtasks.exe,4724,RegCloseKey,HKCR\CLSID\{0f87369f-a4e5-4cfc-bd3e-73e6154572dd},SUCCESS,,4/14/2022 1:22:33 PM,Registry,C:\Windows\system32\schtasks.exe,BLUETEAM\ezk,schtasks  /query /tn win32times,2256,4092,schtasks.exe 4724 RegCloseKey HKCR\CLSID\{0f87369f-a4e5-4cfc-bd3e-73e6154572dd} SUCCESS None 4/14/2022 1:22:33 PM Registry C:\Windows\system32\schtasks.exe BLUETEAM\ezk schtasks  /query /tn win32times 2256 4092,benign
schtasks.exe,4724,RegCloseKey,HKCR\CLSID\{0f87369f-a4e5-4cfc-bd3e-73e6154572dd},SUCCESS,,4/14/2022 1:22:33 PM,Registry,C:\Windows\system32\schtasks.exe,BLUETEAM\ezk,schtasks  /query /tn win32times,2256,4092,schtasks.exe 4724 RegCloseKey HKCR\CLSID\{0f87369f-a4e5-4cfc-bd3e-73e6154572dd} SUCCESS None 4/14/2022 1:22:33 PM Registry C:\Windows\system32\schtasks.exe BLUETEAM\ezk schtasks  /query /tn win32times 2256 4092,benign
schtasks.exe,4724,RegQueryKey,HKCR,SUCCESS,"Query: HandleTags, HandleTags: 0x0",4/14/2022 1:22:33 PM,Registry,C:\Windows\system32\schtasks.exe,BLUETEAM\ezk,schtasks  /query /tn win32times,2256,4092,"schtasks.exe 4724 RegQueryKey HKCR SUCCESS Query: HandleTags, HandleTags: 0x0 4/14/2022 1:22:33 PM Registry C:\Windows\system32\schtasks.exe BLUETEAM\ezk schtasks  /query /tn win32times 2256 4092",benign
schtasks.exe,4724,RegOpenKey,HKCR\CLSID\{0f87369f-a4e5-4cfc-bd3e-73e6154572dd}\InprocHandler,NAME NOT FOUND,Desired Access: Query Value,4/14/2022 1:22:33 PM,Registry,C:\Windows\system32\schtasks.exe,BLUETEAM\ezk,schtasks  /query /tn win32times,2256,4092,schtasks.exe 4724 RegOpenKey HKCR\CLSID\{0f87369f-a4e5-4cfc-bd3e-73e6154572dd}\InprocHandler NAME NOT FOUND Desired Access: Query Value 4/14/2022 1:22:33 PM Registry C:\Windows\system32\schtasks.exe BLUETEAM\ezk schtasks  /query /tn win32times 2256 4092,benign
schtasks.exe,4724,RegOpenKey,HKCR\CLSID\{0F87369F-A4E5-4CFC-BD3E-73E6154572DD},SUCCESS,Desired Access: Read,4/14/2022 1:22:33 PM,Registry,C:\Windows\system32\schtasks.exe,BLUETEAM\ezk,schtasks  /query /tn win32times,2256,4092,schtasks.exe 4724 RegOpenKey HKCR\CLSID\{0F87369F-A4E5-4CFC-BD3E-73E6154572DD} SUCCESS Desired Access: Read 4/14/2022 1:22:33 PM Registry C:\Windows\system32\schtasks.exe BLUETEAM\ezk schtasks  /query /tn win32times 2256 4092,benign
schtasks.exe,4724,RegOpenKey,HKCR\CLSID\{0f87369f-a4e5-4cfc-bd3e-73e6154572dd}\TreatAs,NAME NOT FOUND,Desired Access: Read,4/14/2022 1:22:33 PM,Registry,C:\Windows\system32\schtasks.exe,BLUETEAM\ezk,schtasks  /query /tn win32times,2256,4092,schtasks.exe 4724 RegOpenKey HKCR\CLSID\{0f87369f-a4e5-4cfc-bd3e-73e6154572dd}\TreatAs NAME NOT FOUND Desired Access: Read 4/14/2022 1:22:33 PM Registry C:\Windows\system32\schtasks.exe BLUETEAM\ezk schtasks  /query /tn win32times 2256 4092,benign
schtasks.exe,4724,RegCloseKey,HKCR\CLSID\{0f87369f-a4e5-4cfc-bd3e-73e6154572dd},SUCCESS,,4/14/2022 1:22:33 PM,Registry,C:\Windows\system32\schtasks.exe,BLUETEAM\ezk,schtasks  /query /tn win32times,2256,4092,schtasks.exe 4724 RegCloseKey HKCR\CLSID\{0f87369f-a4e5-4cfc-bd3e-73e6154572dd} SUCCESS None 4/14/2022 1:22:33 PM Registry C:\Windows\system32\schtasks.exe BLUETEAM\ezk schtasks  /query /tn win32times 2256 4092,benign
schtasks.exe,4724,CreateFile,C:\Windows\System32\taskschd.dll,SUCCESS,"Desired Access: Read Attributes, Disposition: Open, Options: Open Reparse Point, Attributes: n/a, ShareMode: Read, Write, Delete, AllocationSize: n/a, OpenResult: Opened",4/14/2022 1:22:33 PM,File System,C:\Windows\system32\schtasks.exe,BLUETEAM\ezk,schtasks  /query /tn win32times,2256,4092,"schtasks.exe 4724 CreateFile C:\Windows\System32\taskschd.dll SUCCESS Desired Access: Read Attributes, Disposition: Open, Options: Open Reparse Point, Attributes: n/a, ShareMode: Read, Write, Delete, AllocationSize: n/a, OpenResult: Opened 4/14/2022 1:22:33 PM File System C:\Windows\system32\schtasks.exe BLUETEAM\ezk schtasks  /query /tn win32times 2256 4092",benign
schtasks.exe,4724,QueryBasicInformationFile,C:\Windows\System32\taskschd.dll,SUCCESS,"CreationTime: 9/22/2021 5:22:17 PM, LastAccessTime: 4/14/2022 1:22:33 PM, LastWriteTime: 9/22/2021 5:22:17 PM, ChangeTime: 10/15/2021 2:25:08 PM, FileAttributes: A",4/14/2022 1:22:33 PM,File System,C:\Windows\system32\schtasks.exe,BLUETEAM\ezk,schtasks  /query /tn win32times,2256,4092,"schtasks.exe 4724 QueryBasicInformationFile C:\Windows\System32\taskschd.dll SUCCESS CreationTime: 9/22/2021 5:22:17 PM, LastAccessTime: 4/14/2022 1:22:33 PM, LastWriteTime: 9/22/2021 5:22:17 PM, ChangeTime: 10/15/2021 2:25:08 PM, FileAttributes: A 4/14/2022 1:22:33 PM File System C:\Windows\system32\schtasks.exe BLUETEAM\ezk schtasks  /query /tn win32times 2256 4092",benign
schtasks.exe,4724,CloseFile,C:\Windows\System32\taskschd.dll,SUCCESS,,4/14/2022 1:22:33 PM,File System,C:\Windows\system32\schtasks.exe,BLUETEAM\ezk,schtasks  /query /tn win32times,2256,4092,schtasks.exe 4724 CloseFile C:\Windows\System32\taskschd.dll SUCCESS None 4/14/2022 1:22:33 PM File System C:\Windows\system32\schtasks.exe BLUETEAM\ezk schtasks  /query /tn win32times 2256 4092,benign
schtasks.exe,4724,CreateFile,C:\Windows\System32\taskschd.dll,SUCCESS,"Desired Access: Read Data/List Directory, Execute/Traverse, Synchronize, Disposition: Open, Options: Synchronous IO Non-Alert, Non-Directory File, Attributes: n/a, ShareMode: Read, Delete, AllocationSize: n/a, OpenResult: Opened",4/14/2022 1:22:33 PM,File System,C:\Windows\system32\schtasks.exe,BLUETEAM\ezk,schtasks  /query /tn win32times,2256,4092,"schtasks.exe 4724 CreateFile C:\Windows\System32\taskschd.dll SUCCESS Desired Access: Read Data/List Directory, Execute/Traverse, Synchronize, Disposition: Open, Options: Synchronous IO Non-Alert, Non-Directory File, Attributes: n/a, ShareMode: Read, Delete, AllocationSize: n/a, OpenResult: Opened 4/14/2022 1:22:33 PM File System C:\Windows\system32\schtasks.exe BLUETEAM\ezk schtasks  /query /tn win32times 2256 4092",benign
schtasks.exe,4724,CloseFile,C:\Windows\System32\taskschd.dll,SUCCESS,,4/14/2022 1:22:33 PM,File System,C:\Windows\system32\schtasks.exe,BLUETEAM\ezk,schtasks  /query /tn win32times,2256,4092,schtasks.exe 4724 CloseFile C:\Windows\System32\taskschd.dll SUCCESS None 4/14/2022 1:22:33 PM File System C:\Windows\system32\schtasks.exe BLUETEAM\ezk schtasks  /query /tn win32times 2256 4092,benign
schtasks.exe,4724,CreateFile,C:\Windows\System32\sspicli.dll,SUCCESS,"Desired Access: Read Attributes, Disposition: Open, Options: Open Reparse Point, Attributes: n/a, ShareMode: Read, Write, Delete, AllocationSize: n/a, OpenResult: Opened",4/14/2022 1:22:33 PM,File System,C:\Windows\system32\schtasks.exe,BLUETEAM\ezk,schtasks  /query /tn win32times,2256,4092,"schtasks.exe 4724 CreateFile C:\Windows\System32\sspicli.dll SUCCESS Desired Access: Read Attributes, Disposition: Open, Options: Open Reparse Point, Attributes: n/a, ShareMode: Read, Write, Delete, AllocationSize: n/a, OpenResult: Opened 4/14/2022 1:22:33 PM File System C:\Windows\system32\schtasks.exe BLUETEAM\ezk schtasks  /query /tn win32times 2256 4092",benign
schtasks.exe,4724,QueryBasicInformationFile,C:\Windows\System32\sspicli.dll,SUCCESS,"CreationTime: 9/22/2021 5:22:09 PM, LastAccessTime: 4/14/2022 1:22:33 PM, LastWriteTime: 9/22/2021 5:22:09 PM, ChangeTime: 10/15/2021 2:25:07 PM, FileAttributes: A",4/14/2022 1:22:33 PM,File System,C:\Windows\system32\schtasks.exe,BLUETEAM\ezk,schtasks  /query /tn win32times,2256,4092,"schtasks.exe 4724 QueryBasicInformationFile C:\Windows\System32\sspicli.dll SUCCESS CreationTime: 9/22/2021 5:22:09 PM, LastAccessTime: 4/14/2022 1:22:33 PM, LastWriteTime: 9/22/2021 5:22:09 PM, ChangeTime: 10/15/2021 2:25:07 PM, FileAttributes: A 4/14/2022 1:22:33 PM File System C:\Windows\system32\schtasks.exe BLUETEAM\ezk schtasks  /query /tn win32times 2256 4092",benign
schtasks.exe,4724,CloseFile,C:\Windows\System32\sspicli.dll,SUCCESS,,4/14/2022 1:22:33 PM,File System,C:\Windows\system32\schtasks.exe,BLUETEAM\ezk,schtasks  /query /tn win32times,2256,4092,schtasks.exe 4724 CloseFile C:\Windows\System32\sspicli.dll SUCCESS None 4/14/2022 1:22:33 PM File System C:\Windows\system32\schtasks.exe BLUETEAM\ezk schtasks  /query /tn win32times 2256 4092,benign
schtasks.exe,4724,CreateFile,C:\Windows\System32\sspicli.dll,SUCCESS,"Desired Access: Read Data/List Directory, Execute/Traverse, Synchronize, Disposition: Open, Options: Synchronous IO Non-Alert, Non-Directory File, Attributes: n/a, ShareMode: Read, Delete, AllocationSize: n/a, OpenResult: Opened",4/14/2022 1:22:33 PM,File System,C:\Windows\system32\schtasks.exe,BLUETEAM\ezk,schtasks  /query /tn win32times,2256,4092,"schtasks.exe 4724 CreateFile C:\Windows\System32\sspicli.dll SUCCESS Desired Access: Read Data/List Directory, Execute/Traverse, Synchronize, Disposition: Open, Options: Synchronous IO Non-Alert, Non-Directory File, Attributes: n/a, ShareMode: Read, Delete, AllocationSize: n/a, OpenResult: Opened 4/14/2022 1:22:33 PM File System C:\Windows\system32\schtasks.exe BLUETEAM\ezk schtasks  /query /tn win32times 2256 4092",benign
schtasks.exe,4724,RegQueryKey,HKCR\CLSID\{0f87369f-a4e5-4cfc-bd3e-73e6154572dd},SUCCESS,"Query: HandleTags, HandleTags: 0x0",4/14/2022 1:22:33 PM,Registry,C:\Windows\system32\schtasks.exe,BLUETEAM\ezk,schtasks  /query /tn win32times,2256,4092,"schtasks.exe 4724 RegQueryKey HKCR\CLSID\{0f87369f-a4e5-4cfc-bd3e-73e6154572dd} SUCCESS Query: HandleTags, HandleTags: 0x0 4/14/2022 1:22:33 PM Registry C:\Windows\system32\schtasks.exe BLUETEAM\ezk schtasks  /query /tn win32times 2256 4092",benign
schtasks.exe,4724,RegCloseKey,HKCU,SUCCESS,,4/14/2022 1:22:33 PM,Registry,C:\Windows\system32\schtasks.exe,BLUETEAM\ezk,schtasks  /query /tn win32times,2256,4092,schtasks.exe 4724 RegCloseKey HKCU SUCCESS None 4/14/2022 1:22:33 PM Registry C:\Windows\system32\schtasks.exe BLUETEAM\ezk schtasks  /query /tn win32times 2256 4092,benign
schtasks.exe,4724,RegQueryValue,HKLM\System\CurrentControlSet\Control\Lsa\AnonymousAppContainerImpersonationLevelCheck,NAME NOT FOUND,Length: 80,4/14/2022 1:22:33 PM,Registry,C:\Windows\system32\schtasks.exe,BLUETEAM\ezk,schtasks  /query /tn win32times,2256,4092,schtasks.exe 4724 RegQueryValue HKLM\System\CurrentControlSet\Control\Lsa\AnonymousAppContainerImpersonationLevelCheck NAME NOT FOUND Length: 80 4/14/2022 1:22:33 PM Registry C:\Windows\system32\schtasks.exe BLUETEAM\ezk schtasks  /query /tn win32times 2256 4092,benign
schtasks.exe,4724,RegOpenKey,HKLM\System\CurrentControlSet\Control\Lsa,REPARSE,Desired Access: Query Value,4/14/2022 1:22:33 PM,Registry,C:\Windows\system32\schtasks.exe,BLUETEAM\ezk,schtasks  /query /tn win32times,2256,4092,schtasks.exe 4724 RegOpenKey HKLM\System\CurrentControlSet\Control\Lsa REPARSE Desired Access: Query Value 4/14/2022 1:22:33 PM Registry C:\Windows\system32\schtasks.exe BLUETEAM\ezk schtasks  /query /tn win32times 2256 4092,benign
schtasks.exe,4724,RegQueryValue,HKLM\System\CurrentControlSet\Control\Nls\ExtendedLocale\en-US,NAME NOT FOUND,Length: 532,4/14/2022 1:22:33 PM,Registry,C:\Windows\system32\schtasks.exe,BLUETEAM\ezk,schtasks  /query /tn win32times,2256,4092,schtasks.exe 4724 RegQueryValue HKLM\System\CurrentControlSet\Control\Nls\ExtendedLocale\en-US NAME NOT FOUND Length: 532 4/14/2022 1:22:33 PM Registry C:\Windows\system32\schtasks.exe BLUETEAM\ezk schtasks  /query /tn win32times 2256 4092,benign
schtasks.exe,4724,RegCloseKey,HKLM\System\CurrentControlSet\Control\Nls\ExtendedLocale,SUCCESS,,4/14/2022 1:22:33 PM,Registry,C:\Windows\system32\schtasks.exe,BLUETEAM\ezk,schtasks  /query /tn win32times,2256,4092,schtasks.exe 4724 RegCloseKey HKLM\System\CurrentControlSet\Control\Nls\ExtendedLocale SUCCESS None 4/14/2022 1:22:33 PM Registry C:\Windows\system32\schtasks.exe BLUETEAM\ezk schtasks  /query /tn win32times 2256 4092,benign
schtasks.exe,4724,RegQueryValue,HKLM\System\CurrentControlSet\Control\Nls\Sorting\Ids\en-US,NAME NOT FOUND,Length: 90,4/14/2022 1:22:33 PM,Registry,C:\Windows\system32\schtasks.exe,BLUETEAM\ezk,schtasks  /query /tn win32times,2256,4092,schtasks.exe 4724 RegQueryValue HKLM\System\CurrentControlSet\Control\Nls\Sorting\Ids\en-US NAME NOT FOUND Length: 90 4/14/2022 1:22:33 PM Registry C:\Windows\system32\schtasks.exe BLUETEAM\ezk schtasks  /query /tn win32times 2256 4092,benign
schtasks.exe,4724,RegQueryValue,HKLM\System\CurrentControlSet\Control\Nls\Sorting\Ids\en,NAME NOT FOUND,Length: 90,4/14/2022 1:22:33 PM,Registry,C:\Windows\system32\schtasks.exe,BLUETEAM\ezk,schtasks  /query /tn win32times,2256,4092,schtasks.exe 4724 RegQueryValue HKLM\System\CurrentControlSet\Control\Nls\Sorting\Ids\en NAME NOT FOUND Length: 90 4/14/2022 1:22:33 PM Registry C:\Windows\system32\schtasks.exe BLUETEAM\ezk schtasks  /query /tn win32times 2256 4092,benign
schtasks.exe,4724,CreateFile,C:\Windows\System32\schtasks.exe,SUCCESS,"Desired Access: Read Attributes, Disposition: Open, Options: Open Reparse Point, Attributes: n/a, ShareMode: Read, Write, Delete, AllocationSize: n/a, OpenResult: Opened",4/14/2022 1:22:33 PM,File System,C:\Windows\system32\schtasks.exe,BLUETEAM\ezk,schtasks  /query /tn win32times,2256,4092,"schtasks.exe 4724 CreateFile C:\Windows\System32\schtasks.exe SUCCESS Desired Access: Read Attributes, Disposition: Open, Options: Open Reparse Point, Attributes: n/a, ShareMode: Read, Write, Delete, AllocationSize: n/a, OpenResult: Opened 4/14/2022 1:22:33 PM File System C:\Windows\system32\schtasks.exe BLUETEAM\ezk schtasks  /query /tn win32times 2256 4092",benign
schtasks.exe,4724,QueryBasicInformationFile,C:\Windows\System32\schtasks.exe,SUCCESS,"CreationTime: 9/22/2021 5:22:17 PM, LastAccessTime: 4/14/2022 1:22:33 PM, LastWriteTime: 9/22/2021 5:22:17 PM, ChangeTime: 10/15/2021 2:25:23 PM, FileAttributes: A",4/14/2022 1:22:33 PM,File System,C:\Windows\system32\schtasks.exe,BLUETEAM\ezk,schtasks  /query /tn win32times,2256,4092,"schtasks.exe 4724 QueryBasicInformationFile C:\Windows\System32\schtasks.exe SUCCESS CreationTime: 9/22/2021 5:22:17 PM, LastAccessTime: 4/14/2022 1:22:33 PM, LastWriteTime: 9/22/2021 5:22:17 PM, ChangeTime: 10/15/2021 2:25:23 PM, FileAttributes: A 4/14/2022 1:22:33 PM File System C:\Windows\system32\schtasks.exe BLUETEAM\ezk schtasks  /query /tn win32times 2256 4092",benign
schtasks.exe,4724,CloseFile,C:\Windows\System32\schtasks.exe,SUCCESS,,4/14/2022 1:22:33 PM,File System,C:\Windows\system32\schtasks.exe,BLUETEAM\ezk,schtasks  /query /tn win32times,2256,4092,schtasks.exe 4724 CloseFile C:\Windows\System32\schtasks.exe SUCCESS None 4/14/2022 1:22:33 PM File System C:\Windows\system32\schtasks.exe BLUETEAM\ezk schtasks  /query /tn win32times 2256 4092,benign
schtasks.exe,4724,CreateFile,C:\Windows\System32\schtasks.exe,SUCCESS,"Desired Access: Read Attributes, Disposition: Open, Options: Open Reparse Point, Attributes: n/a, ShareMode: Read, Write, Delete, AllocationSize: n/a, OpenResult: Opened",4/14/2022 1:22:33 PM,File System,C:\Windows\system32\schtasks.exe,BLUETEAM\ezk,schtasks  /query /tn win32times,2256,4092,"schtasks.exe 4724 CreateFile C:\Windows\System32\schtasks.exe SUCCESS Desired Access: Read Attributes, Disposition: Open, Options: Open Reparse Point, Attributes: n/a, ShareMode: Read, Write, Delete, AllocationSize: n/a, OpenResult: Opened 4/14/2022 1:22:33 PM File System C:\Windows\system32\schtasks.exe BLUETEAM\ezk schtasks  /query /tn win32times 2256 4092",benign
schtasks.exe,4724,QueryBasicInformationFile,C:\Windows\System32\schtasks.exe,SUCCESS,"CreationTime: 9/22/2021 5:22:17 PM, LastAccessTime: 4/14/2022 1:22:33 PM, LastWriteTime: 9/22/2021 5:22:17 PM, ChangeTime: 10/15/2021 2:25:23 PM, FileAttributes: A",4/14/2022 1:22:33 PM,File System,C:\Windows\system32\schtasks.exe,BLUETEAM\ezk,schtasks  /query /tn win32times,2256,4092,"schtasks.exe 4724 QueryBasicInformationFile C:\Windows\System32\schtasks.exe SUCCESS CreationTime: 9/22/2021 5:22:17 PM, LastAccessTime: 4/14/2022 1:22:33 PM, LastWriteTime: 9/22/2021 5:22:17 PM, ChangeTime: 10/15/2021 2:25:23 PM, FileAttributes: A 4/14/2022 1:22:33 PM File System C:\Windows\system32\schtasks.exe BLUETEAM\ezk schtasks  /query /tn win32times 2256 4092",benign
schtasks.exe,4724,CloseFile,C:\Windows\System32\schtasks.exe,SUCCESS,,4/14/2022 1:22:33 PM,File System,C:\Windows\system32\schtasks.exe,BLUETEAM\ezk,schtasks  /query /tn win32times,2256,4092,schtasks.exe 4724 CloseFile C:\Windows\System32\schtasks.exe SUCCESS None 4/14/2022 1:22:33 PM File System C:\Windows\system32\schtasks.exe BLUETEAM\ezk schtasks  /query /tn win32times 2256 4092,benign
schtasks.exe,4724,CreateFile,C:\Windows\System32\rpcss.dll,SUCCESS,"Desired Access: Read Attributes, Disposition: Open, Options: Open Reparse Point, Attributes: n/a, ShareMode: Read, Write, Delete, AllocationSize: n/a, OpenResult: Opened",4/14/2022 1:22:33 PM,File System,C:\Windows\system32\schtasks.exe,BLUETEAM\ezk,schtasks  /query /tn win32times,2256,4092,"schtasks.exe 4724 CreateFile C:\Windows\System32\rpcss.dll SUCCESS Desired Access: Read Attributes, Disposition: Open, Options: Open Reparse Point, Attributes: n/a, ShareMode: Read, Write, Delete, AllocationSize: n/a, OpenResult: Opened 4/14/2022 1:22:33 PM File System C:\Windows\system32\schtasks.exe BLUETEAM\ezk schtasks  /query /tn win32times 2256 4092",benign
schtasks.exe,4724,QueryBasicInformationFile,C:\Windows\System32\rpcss.dll,SUCCESS,"CreationTime: 9/22/2021 5:22:05 PM, LastAccessTime: 4/14/2022 1:22:33 PM, LastWriteTime: 9/22/2021 5:22:05 PM, ChangeTime: 10/15/2021 2:25:23 PM, FileAttributes: A",4/14/2022 1:22:33 PM,File System,C:\Windows\system32\schtasks.exe,BLUETEAM\ezk,schtasks  /query /tn win32times,2256,4092,"schtasks.exe 4724 QueryBasicInformationFile C:\Windows\System32\rpcss.dll SUCCESS CreationTime: 9/22/2021 5:22:05 PM, LastAccessTime: 4/14/2022 1:22:33 PM, LastWriteTime: 9/22/2021 5:22:05 PM, ChangeTime: 10/15/2021 2:25:23 PM, FileAttributes: A 4/14/2022 1:22:33 PM File System C:\Windows\system32\schtasks.exe BLUETEAM\ezk schtasks  /query /tn win32times 2256 4092",benign
schtasks.exe,4724,CloseFile,C:\Windows\System32\rpcss.dll,SUCCESS,,4/14/2022 1:22:33 PM,File System,C:\Windows\system32\schtasks.exe,BLUETEAM\ezk,schtasks  /query /tn win32times,2256,4092,schtasks.exe 4724 CloseFile C:\Windows\System32\rpcss.dll SUCCESS None 4/14/2022 1:22:33 PM File System C:\Windows\system32\schtasks.exe BLUETEAM\ezk schtasks  /query /tn win32times 2256 4092,benign
schtasks.exe,4724,CreateFile,C:\Windows\System32\rpcss.dll,SUCCESS,"Desired Access: Read Data/List Directory, Synchronize, Disposition: Open, Options: Synchronous IO Non-Alert, Non-Directory File, Attributes: n/a, ShareMode: Read, Delete, AllocationSize: n/a, OpenResult: Opened",4/14/2022 1:22:33 PM,File System,C:\Windows\system32\schtasks.exe,BLUETEAM\ezk,schtasks  /query /tn win32times,2256,4092,"schtasks.exe 4724 CreateFile C:\Windows\System32\rpcss.dll SUCCESS Desired Access: Read Data/List Directory, Synchronize, Disposition: Open, Options: Synchronous IO Non-Alert, Non-Directory File, Attributes: n/a, ShareMode: Read, Delete, AllocationSize: n/a, OpenResult: Opened 4/14/2022 1:22:33 PM File System C:\Windows\system32\schtasks.exe BLUETEAM\ezk schtasks  /query /tn win32times 2256 4092",benign
schtasks.exe,4724,CloseFile,C:\Windows\System32\rpcss.dll,SUCCESS,,4/14/2022 1:22:33 PM,File System,C:\Windows\system32\schtasks.exe,BLUETEAM\ezk,schtasks  /query /tn win32times,2256,4092,schtasks.exe 4724 CloseFile C:\Windows\System32\rpcss.dll SUCCESS None 4/14/2022 1:22:33 PM File System C:\Windows\system32\schtasks.exe BLUETEAM\ezk schtasks  /query /tn win32times 2256 4092,benign
schtasks.exe,4724,CreateFile,C:\Windows\System32\kernel.appcore.dll,SUCCESS,"Desired Access: Read Attributes, Disposition: Open, Options: Open Reparse Point, Attributes: n/a, ShareMode: Read, Write, Delete, AllocationSize: n/a, OpenResult: Opened",4/14/2022 1:22:33 PM,File System,C:\Windows\system32\schtasks.exe,BLUETEAM\ezk,schtasks  /query /tn win32times,2256,4092,"schtasks.exe 4724 CreateFile C:\Windows\System32\kernel.appcore.dll SUCCESS Desired Access: Read Attributes, Disposition: Open, Options: Open Reparse Point, Attributes: n/a, ShareMode: Read, Write, Delete, AllocationSize: n/a, OpenResult: Opened 4/14/2022 1:22:33 PM File System C:\Windows\system32\schtasks.exe BLUETEAM\ezk schtasks  /query /tn win32times 2256 4092",benign
schtasks.exe,4724,QueryBasicInformationFile,C:\Windows\System32\kernel.appcore.dll,SUCCESS,"CreationTime: 9/22/2021 5:21:47 PM, LastAccessTime: 4/14/2022 1:22:33 PM, LastWriteTime: 9/22/2021 5:21:47 PM, ChangeTime: 10/15/2021 2:25:23 PM, FileAttributes: A",4/14/2022 1:22:33 PM,File System,C:\Windows\system32\schtasks.exe,BLUETEAM\ezk,schtasks  /query /tn win32times,2256,4092,"schtasks.exe 4724 QueryBasicInformationFile C:\Windows\System32\kernel.appcore.dll SUCCESS CreationTime: 9/22/2021 5:21:47 PM, LastAccessTime: 4/14/2022 1:22:33 PM, LastWriteTime: 9/22/2021 5:21:47 PM, ChangeTime: 10/15/2021 2:25:23 PM, FileAttributes: A 4/14/2022 1:22:33 PM File System C:\Windows\system32\schtasks.exe BLUETEAM\ezk schtasks  /query /tn win32times 2256 4092",benign
schtasks.exe,4724,CloseFile,C:\Windows\System32\kernel.appcore.dll,SUCCESS,,4/14/2022 1:22:33 PM,File System,C:\Windows\system32\schtasks.exe,BLUETEAM\ezk,schtasks  /query /tn win32times,2256,4092,schtasks.exe 4724 CloseFile C:\Windows\System32\kernel.appcore.dll SUCCESS None 4/14/2022 1:22:33 PM File System C:\Windows\system32\schtasks.exe BLUETEAM\ezk schtasks  /query /tn win32times 2256 4092,benign
schtasks.exe,4724,CreateFile,C:\Windows\System32\kernel.appcore.dll,SUCCESS,"Desired Access: Read Data/List Directory, Execute/Traverse, Synchronize, Disposition: Open, Options: Synchronous IO Non-Alert, Non-Directory File, Attributes: n/a, ShareMode: Read, Delete, AllocationSize: n/a, OpenResult: Opened",4/14/2022 1:22:33 PM,File System,C:\Windows\system32\schtasks.exe,BLUETEAM\ezk,schtasks  /query /tn win32times,2256,4092,"schtasks.exe 4724 CreateFile C:\Windows\System32\kernel.appcore.dll SUCCESS Desired Access: Read Data/List Directory, Execute/Traverse, Synchronize, Disposition: Open, Options: Synchronous IO Non-Alert, Non-Directory File, Attributes: n/a, ShareMode: Read, Delete, AllocationSize: n/a, OpenResult: Opened 4/14/2022 1:22:33 PM File System C:\Windows\system32\schtasks.exe BLUETEAM\ezk schtasks  /query /tn win32times 2256 4092",benign
schtasks.exe,4724,CloseFile,C:\Windows\System32\kernel.appcore.dll,SUCCESS,,4/14/2022 1:22:33 PM,File System,C:\Windows\system32\schtasks.exe,BLUETEAM\ezk,schtasks  /query /tn win32times,2256,4092,schtasks.exe 4724 CloseFile C:\Windows\System32\kernel.appcore.dll SUCCESS None 4/14/2022 1:22:33 PM File System C:\Windows\system32\schtasks.exe BLUETEAM\ezk schtasks  /query /tn win32times 2256 4092,benign
schtasks.exe,4724,RegOpenKey,HKLM\System\CurrentControlSet\Control\Lsa\FipsAlgorithmPolicy,REPARSE,Desired Access: Query Value,4/14/2022 1:22:33 PM,Registry,C:\Windows\system32\schtasks.exe,BLUETEAM\ezk,schtasks  /query /tn win32times,2256,4092,schtasks.exe 4724 RegOpenKey HKLM\System\CurrentControlSet\Control\Lsa\FipsAlgorithmPolicy REPARSE Desired Access: Query Value 4/14/2022 1:22:33 PM Registry C:\Windows\system32\schtasks.exe BLUETEAM\ezk schtasks  /query /tn win32times 2256 4092,benign
schtasks.exe,4724,RegOpenKey,HKLM\System\CurrentControlSet\Control\Lsa\FipsAlgorithmPolicy,SUCCESS,Desired Access: Query Value,4/14/2022 1:22:33 PM,Registry,C:\Windows\system32\schtasks.exe,BLUETEAM\ezk,schtasks  /query /tn win32times,2256,4092,schtasks.exe 4724 RegOpenKey HKLM\System\CurrentControlSet\Control\Lsa\FipsAlgorithmPolicy SUCCESS Desired Access: Query Value 4/14/2022 1:22:33 PM Registry C:\Windows\system32\schtasks.exe BLUETEAM\ezk schtasks  /query /tn win32times 2256 4092,benign
schtasks.exe,4724,RegQueryValue,HKLM\System\CurrentControlSet\Control\Lsa\FipsAlgorithmPolicy\STE,NAME NOT FOUND,Length: 20,4/14/2022 1:22:33 PM,Registry,C:\Windows\system32\schtasks.exe,BLUETEAM\ezk,schtasks  /query /tn win32times,2256,4092,schtasks.exe 4724 RegQueryValue HKLM\System\CurrentControlSet\Control\Lsa\FipsAlgorithmPolicy\STE NAME NOT FOUND Length: 20 4/14/2022 1:22:33 PM Registry C:\Windows\system32\schtasks.exe BLUETEAM\ezk schtasks  /query /tn win32times 2256 4092,benign
schtasks.exe,4724,RegOpenKey,HKLM\System\CurrentControlSet\Control\Nls\ExtendedLocale,SUCCESS,Desired Access: Read,4/14/2022 1:22:33 PM,Registry,C:\Windows\system32\schtasks.exe,BLUETEAM\ezk,schtasks  /query /tn win32times,2256,4092,schtasks.exe 4724 RegOpenKey HKLM\System\CurrentControlSet\Control\Nls\ExtendedLocale SUCCESS Desired Access: Read 4/14/2022 1:22:33 PM Registry C:\Windows\system32\schtasks.exe BLUETEAM\ezk schtasks  /query /tn win32times 2256 4092,benign
schtasks.exe,4724,RegOpenKey,HKLM\System\CurrentControlSet\Control\Nls\ExtendedLocale,REPARSE,Desired Access: Read,4/14/2022 1:22:33 PM,Registry,C:\Windows\system32\schtasks.exe,BLUETEAM\ezk,schtasks  /query /tn win32times,2256,4092,schtasks.exe 4724 RegOpenKey HKLM\System\CurrentControlSet\Control\Nls\ExtendedLocale REPARSE Desired Access: Read 4/14/2022 1:22:33 PM Registry C:\Windows\system32\schtasks.exe BLUETEAM\ezk schtasks  /query /tn win32times 2256 4092,benign
schtasks.exe,4724,RegCloseKey,HKLM\System\CurrentControlSet\Control\Nls\CustomLocale,SUCCESS,,4/14/2022 1:22:33 PM,Registry,C:\Windows\system32\schtasks.exe,BLUETEAM\ezk,schtasks  /query /tn win32times,2256,4092,schtasks.exe 4724 RegCloseKey HKLM\System\CurrentControlSet\Control\Nls\CustomLocale SUCCESS None 4/14/2022 1:22:33 PM Registry C:\Windows\system32\schtasks.exe BLUETEAM\ezk schtasks  /query /tn win32times 2256 4092,benign
schtasks.exe,4724,RegQueryValue,HKLM\System\CurrentControlSet\Control\Nls\CustomLocale\en-US,NAME NOT FOUND,Length: 532,4/14/2022 1:22:33 PM,Registry,C:\Windows\system32\schtasks.exe,BLUETEAM\ezk,schtasks  /query /tn win32times,2256,4092,schtasks.exe 4724 RegQueryValue HKLM\System\CurrentControlSet\Control\Nls\CustomLocale\en-US NAME NOT FOUND Length: 532 4/14/2022 1:22:33 PM Registry C:\Windows\system32\schtasks.exe BLUETEAM\ezk schtasks  /query /tn win32times 2256 4092,benign
schtasks.exe,4724,RegOpenKey,HKCU,SUCCESS,"Desired Access: Maximum Allowed, Granted Access: All Access",4/14/2022 1:22:33 PM,Registry,C:\Windows\system32\schtasks.exe,BLUETEAM\ezk,schtasks  /query /tn win32times,2256,4092,"schtasks.exe 4724 RegOpenKey HKCU SUCCESS Desired Access: Maximum Allowed, Granted Access: All Access 4/14/2022 1:22:33 PM Registry C:\Windows\system32\schtasks.exe BLUETEAM\ezk schtasks  /query /tn win32times 2256 4092",benign
schtasks.exe,4724,RegOpenKey,HKCU\Software\Policies\Microsoft\Control Panel\Desktop,NAME NOT FOUND,Desired Access: Read,4/14/2022 1:22:33 PM,Registry,C:\Windows\system32\schtasks.exe,BLUETEAM\ezk,schtasks  /query /tn win32times,2256,4092,schtasks.exe 4724 RegOpenKey HKCU\Software\Policies\Microsoft\Control Panel\Desktop NAME NOT FOUND Desired Access: Read 4/14/2022 1:22:33 PM Registry C:\Windows\system32\schtasks.exe BLUETEAM\ezk schtasks  /query /tn win32times 2256 4092,benign
schtasks.exe,4724,RegOpenKey,HKCU\Control Panel\Desktop\LanguageConfiguration,NAME NOT FOUND,Desired Access: Read,4/14/2022 1:22:33 PM,Registry,C:\Windows\system32\schtasks.exe,BLUETEAM\ezk,schtasks  /query /tn win32times,2256,4092,schtasks.exe 4724 RegOpenKey HKCU\Control Panel\Desktop\LanguageConfiguration NAME NOT FOUND Desired Access: Read 4/14/2022 1:22:33 PM Registry C:\Windows\system32\schtasks.exe BLUETEAM\ezk schtasks  /query /tn win32times 2256 4092,benign
schtasks.exe,4724,RegCloseKey,HKCU,SUCCESS,,4/14/2022 1:22:33 PM,Registry,C:\Windows\system32\schtasks.exe,BLUETEAM\ezk,schtasks  /query /tn win32times,2256,4092,schtasks.exe 4724 RegCloseKey HKCU SUCCESS None 4/14/2022 1:22:33 PM Registry C:\Windows\system32\schtasks.exe BLUETEAM\ezk schtasks  /query /tn win32times 2256 4092,benign
schtasks.exe,4724,RegOpenKey,HKLM\System\CurrentControlSet\Control\Session Manager,REPARSE,Desired Access: Query Value,4/14/2022 1:22:33 PM,Registry,C:\Windows\system32\schtasks.exe,BLUETEAM\ezk,schtasks  /query /tn win32times,2256,4092,schtasks.exe 4724 RegOpenKey HKLM\System\CurrentControlSet\Control\Session Manager REPARSE Desired Access: Query Value 4/14/2022 1:22:33 PM Registry C:\Windows\system32\schtasks.exe BLUETEAM\ezk schtasks  /query /tn win32times 2256 4092,benign
schtasks.exe,4724,RegOpenKey,HKLM\System\CurrentControlSet\Control\Session Manager,SUCCESS,Desired Access: Query Value,4/14/2022 1:22:33 PM,Registry,C:\Windows\system32\schtasks.exe,BLUETEAM\ezk,schtasks  /query /tn win32times,2256,4092,schtasks.exe 4724 RegOpenKey HKLM\System\CurrentControlSet\Control\Session Manager SUCCESS Desired Access: Query Value 4/14/2022 1:22:33 PM Registry C:\Windows\system32\schtasks.exe BLUETEAM\ezk schtasks  /query /tn win32times 2256 4092,benign
schtasks.exe,4724,RegQueryValue,HKLM\System\CurrentControlSet\Control\Session Manager\SafeDllSearchMode,NAME NOT FOUND,Length: 16,4/14/2022 1:22:33 PM,Registry,C:\Windows\system32\schtasks.exe,BLUETEAM\ezk,schtasks  /query /tn win32times,2256,4092,schtasks.exe 4724 RegQueryValue HKLM\System\CurrentControlSet\Control\Session Manager\SafeDllSearchMode NAME NOT FOUND Length: 16 4/14/2022 1:22:33 PM Registry C:\Windows\system32\schtasks.exe BLUETEAM\ezk schtasks  /query /tn win32times 2256 4092,benign
schtasks.exe,4724,CreateFile,C:\Windows\System32\schtasks.exe,SUCCESS,"Desired Access: Read Attributes, Disposition: Open, Options: Open Reparse Point, Attributes: n/a, ShareMode: Read, Write, Delete, AllocationSize: n/a, OpenResult: Opened",4/14/2022 1:22:33 PM,File System,C:\Windows\system32\schtasks.exe,BLUETEAM\ezk,schtasks  /query /tn win32times,2256,4092,"schtasks.exe 4724 CreateFile C:\Windows\System32\schtasks.exe SUCCESS Desired Access: Read Attributes, Disposition: Open, Options: Open Reparse Point, Attributes: n/a, ShareMode: Read, Write, Delete, AllocationSize: n/a, OpenResult: Opened 4/14/2022 1:22:33 PM File System C:\Windows\system32\schtasks.exe BLUETEAM\ezk schtasks  /query /tn win32times 2256 4092",benign
schtasks.exe,4724,QueryBasicInformationFile,C:\Windows\System32\schtasks.exe,SUCCESS,"CreationTime: 9/22/2021 5:22:17 PM, LastAccessTime: 4/14/2022 1:22:33 PM, LastWriteTime: 9/22/2021 5:22:17 PM, ChangeTime: 10/15/2021 2:25:23 PM, FileAttributes: A",4/14/2022 1:22:33 PM,File System,C:\Windows\system32\schtasks.exe,BLUETEAM\ezk,schtasks  /query /tn win32times,2256,4092,"schtasks.exe 4724 QueryBasicInformationFile C:\Windows\System32\schtasks.exe SUCCESS CreationTime: 9/22/2021 5:22:17 PM, LastAccessTime: 4/14/2022 1:22:33 PM, LastWriteTime: 9/22/2021 5:22:17 PM, ChangeTime: 10/15/2021 2:25:23 PM, FileAttributes: A 4/14/2022 1:22:33 PM File System C:\Windows\system32\schtasks.exe BLUETEAM\ezk schtasks  /query /tn win32times 2256 4092",benign
schtasks.exe,4724,CloseFile,C:\Windows\System32\schtasks.exe,SUCCESS,,4/14/2022 1:22:33 PM,File System,C:\Windows\system32\schtasks.exe,BLUETEAM\ezk,schtasks  /query /tn win32times,2256,4092,schtasks.exe 4724 CloseFile C:\Windows\System32\schtasks.exe SUCCESS None 4/14/2022 1:22:33 PM File System C:\Windows\system32\schtasks.exe BLUETEAM\ezk schtasks  /query /tn win32times 2256 4092,benign
schtasks.exe,4724,RegOpenKey,HKLM\System\CurrentControlSet\Control\StateSeparation\RedirectionMap\Keys,REPARSE,Desired Access: Read,4/14/2022 1:22:33 PM,Registry,C:\Windows\system32\schtasks.exe,BLUETEAM\ezk,schtasks  /query /tn win32times,2256,4092,schtasks.exe 4724 RegOpenKey HKLM\System\CurrentControlSet\Control\StateSeparation\RedirectionMap\Keys REPARSE Desired Access: Read 4/14/2022 1:22:33 PM Registry C:\Windows\system32\schtasks.exe BLUETEAM\ezk schtasks  /query /tn win32times 2256 4092,benign
schtasks.exe,4724,RegCloseKey,HKLM\System\CurrentControlSet\Control\Lsa\FipsAlgorithmPolicy,SUCCESS,,4/14/2022 1:22:33 PM,Registry,C:\Windows\system32\schtasks.exe,BLUETEAM\ezk,schtasks  /query /tn win32times,2256,4092,schtasks.exe 4724 RegCloseKey HKLM\System\CurrentControlSet\Control\Lsa\FipsAlgorithmPolicy SUCCESS None 4/14/2022 1:22:33 PM Registry C:\Windows\system32\schtasks.exe BLUETEAM\ezk schtasks  /query /tn win32times 2256 4092,benign
schtasks.exe,4724,RegOpenKey,HKLM\System\CurrentControlSet\Control\StateSeparation\RedirectionMap\Keys,NAME NOT FOUND,Desired Access: Read,4/14/2022 1:22:33 PM,Registry,C:\Windows\system32\schtasks.exe,BLUETEAM\ezk,schtasks  /query /tn win32times,2256,4092,schtasks.exe 4724 RegOpenKey HKLM\System\CurrentControlSet\Control\StateSeparation\RedirectionMap\Keys NAME NOT FOUND Desired Access: Read 4/14/2022 1:22:33 PM Registry C:\Windows\system32\schtasks.exe BLUETEAM\ezk schtasks  /query /tn win32times 2256 4092,benign
schtasks.exe,4724,CreateFile,C:\Windows\System32\en-US\schtasks.exe.mui,SUCCESS,"Desired Access: Read Data/List Directory, Synchronize, Disposition: Open, Options: Synchronous IO Non-Alert, Non-Directory File, Attributes: n/a, ShareMode: Read, Delete, AllocationSize: n/a, OpenResult: Opened",4/14/2022 1:22:33 PM,File System,C:\Windows\system32\schtasks.exe,BLUETEAM\ezk,schtasks  /query /tn win32times,2256,4092,"schtasks.exe 4724 CreateFile C:\Windows\System32\en-US\schtasks.exe.mui SUCCESS Desired Access: Read Data/List Directory, Synchronize, Disposition: Open, Options: Synchronous IO Non-Alert, Non-Directory File, Attributes: n/a, ShareMode: Read, Delete, AllocationSize: n/a, OpenResult: Opened 4/14/2022 1:22:33 PM File System C:\Windows\system32\schtasks.exe BLUETEAM\ezk schtasks  /query /tn win32times 2256 4092",benign
schtasks.exe,4724,CreateFile,C:\Windows\System32\schtasks.exe,SUCCESS,"Desired Access: Read Attributes, Disposition: Open, Options: Open Reparse Point, Attributes: n/a, ShareMode: Read, Write, Delete, AllocationSize: n/a, OpenResult: Opened",4/14/2022 1:22:33 PM,File System,C:\Windows\system32\schtasks.exe,BLUETEAM\ezk,schtasks  /query /tn win32times,2256,4092,"schtasks.exe 4724 CreateFile C:\Windows\System32\schtasks.exe SUCCESS Desired Access: Read Attributes, Disposition: Open, Options: Open Reparse Point, Attributes: n/a, ShareMode: Read, Write, Delete, AllocationSize: n/a, OpenResult: Opened 4/14/2022 1:22:33 PM File System C:\Windows\system32\schtasks.exe BLUETEAM\ezk schtasks  /query /tn win32times 2256 4092",benign
schtasks.exe,4724,QueryBasicInformationFile,C:\Windows\System32\schtasks.exe,SUCCESS,"CreationTime: 9/22/2021 5:22:17 PM, LastAccessTime: 4/14/2022 1:22:33 PM, LastWriteTime: 9/22/2021 5:22:17 PM, ChangeTime: 10/15/2021 2:25:23 PM, FileAttributes: A",4/14/2022 1:22:33 PM,File System,C:\Windows\system32\schtasks.exe,BLUETEAM\ezk,schtasks  /query /tn win32times,2256,4092,"schtasks.exe 4724 QueryBasicInformationFile C:\Windows\System32\schtasks.exe SUCCESS CreationTime: 9/22/2021 5:22:17 PM, LastAccessTime: 4/14/2022 1:22:33 PM, LastWriteTime: 9/22/2021 5:22:17 PM, ChangeTime: 10/15/2021 2:25:23 PM, FileAttributes: A 4/14/2022 1:22:33 PM File System C:\Windows\system32\schtasks.exe BLUETEAM\ezk schtasks  /query /tn win32times 2256 4092",benign
schtasks.exe,4724,CloseFile,C:\Windows\System32\schtasks.exe,SUCCESS,,4/14/2022 1:22:33 PM,File System,C:\Windows\system32\schtasks.exe,BLUETEAM\ezk,schtasks  /query /tn win32times,2256,4092,schtasks.exe 4724 CloseFile C:\Windows\System32\schtasks.exe SUCCESS None 4/14/2022 1:22:33 PM File System C:\Windows\system32\schtasks.exe BLUETEAM\ezk schtasks  /query /tn win32times 2256 4092,benign
schtasks.exe,4724,RegQueryValue,HKLM\System\CurrentControlSet\Control\Nls\Sorting\Versions\000603xx,SUCCESS,"Type: REG_SZ, Length: 26, Data: kernel32.dll",4/14/2022 1:22:33 PM,Registry,C:\Windows\system32\schtasks.exe,BLUETEAM\ezk,schtasks  /query /tn win32times,2256,4092,"schtasks.exe 4724 RegQueryValue HKLM\System\CurrentControlSet\Control\Nls\Sorting\Versions\000603xx SUCCESS Type: REG_SZ, Length: 26, Data: kernel32.dll 4/14/2022 1:22:33 PM Registry C:\Windows\system32\schtasks.exe BLUETEAM\ezk schtasks  /query /tn win32times 2256 4092",benign
schtasks.exe,4724,CreateFile,C:\Windows\Globalization\Sorting\SortDefault.nls,SUCCESS,"Desired Access: Generic Read, Disposition: Open, Options: Synchronous IO Non-Alert, Non-Directory File, Attributes: N, ShareMode: Read, AllocationSize: n/a, OpenResult: Opened",4/14/2022 1:22:33 PM,File System,C:\Windows\system32\schtasks.exe,BLUETEAM\ezk,schtasks  /query /tn win32times,2256,4092,"schtasks.exe 4724 CreateFile C:\Windows\Globalization\Sorting\SortDefault.nls SUCCESS Desired Access: Generic Read, Disposition: Open, Options: Synchronous IO Non-Alert, Non-Directory File, Attributes: N, ShareMode: Read, AllocationSize: n/a, OpenResult: Opened 4/14/2022 1:22:33 PM File System C:\Windows\system32\schtasks.exe BLUETEAM\ezk schtasks  /query /tn win32times 2256 4092",benign
schtasks.exe,4724,CloseFile,C:\Windows\Globalization\Sorting\SortDefault.nls,SUCCESS,,4/14/2022 1:22:33 PM,File System,C:\Windows\system32\schtasks.exe,BLUETEAM\ezk,schtasks  /query /tn win32times,2256,4092,schtasks.exe 4724 CloseFile C:\Windows\Globalization\Sorting\SortDefault.nls SUCCESS None 4/14/2022 1:22:33 PM File System C:\Windows\system32\schtasks.exe BLUETEAM\ezk schtasks  /query /tn win32times 2256 4092,benign
schtasks.exe,4724,RegOpenKey,HKLM\System\CurrentControlSet\Control\Nls\Sorting\Ids,REPARSE,Desired Access: Read,4/14/2022 1:22:33 PM,Registry,C:\Windows\system32\schtasks.exe,BLUETEAM\ezk,schtasks  /query /tn win32times,2256,4092,schtasks.exe 4724 RegOpenKey HKLM\System\CurrentControlSet\Control\Nls\Sorting\Ids REPARSE Desired Access: Read 4/14/2022 1:22:33 PM Registry C:\Windows\system32\schtasks.exe BLUETEAM\ezk schtasks  /query /tn win32times 2256 4092,benign
schtasks.exe,4724,RegOpenKey,HKLM\System\CurrentControlSet\Control\Nls\Sorting\Ids,SUCCESS,Desired Access: Read,4/14/2022 1:22:33 PM,Registry,C:\Windows\system32\schtasks.exe,BLUETEAM\ezk,schtasks  /query /tn win32times,2256,4092,schtasks.exe 4724 RegOpenKey HKLM\System\CurrentControlSet\Control\Nls\Sorting\Ids SUCCESS Desired Access: Read 4/14/2022 1:22:33 PM Registry C:\Windows\system32\schtasks.exe BLUETEAM\ezk schtasks  /query /tn win32times 2256 4092,benign
schtasks.exe,4724,RegOpenKey,HKLM\System\CurrentControlSet\Control\Nls\CustomLocale,REPARSE,Desired Access: Read,4/14/2022 1:22:33 PM,Registry,C:\Windows\system32\schtasks.exe,BLUETEAM\ezk,schtasks  /query /tn win32times,2256,4092,schtasks.exe 4724 RegOpenKey HKLM\System\CurrentControlSet\Control\Nls\CustomLocale REPARSE Desired Access: Read 4/14/2022 1:22:33 PM Registry C:\Windows\system32\schtasks.exe BLUETEAM\ezk schtasks  /query /tn win32times 2256 4092,benign
schtasks.exe,4724,RegOpenKey,HKLM\System\CurrentControlSet\Control\Nls\CustomLocale,SUCCESS,Desired Access: Read,4/14/2022 1:22:33 PM,Registry,C:\Windows\system32\schtasks.exe,BLUETEAM\ezk,schtasks  /query /tn win32times,2256,4092,schtasks.exe 4724 RegOpenKey HKLM\System\CurrentControlSet\Control\Nls\CustomLocale SUCCESS Desired Access: Read 4/14/2022 1:22:33 PM Registry C:\Windows\system32\schtasks.exe BLUETEAM\ezk schtasks  /query /tn win32times 2256 4092,benign
schtasks.exe,4724,RegOpenKey,HKLM\Software\Microsoft\LanguageOverlay\OverlayPackages\en-US,NAME NOT FOUND,Desired Access: Read,4/14/2022 1:22:33 PM,Registry,C:\Windows\system32\schtasks.exe,BLUETEAM\ezk,schtasks  /query /tn win32times,2256,4092,schtasks.exe 4724 RegOpenKey HKLM\Software\Microsoft\LanguageOverlay\OverlayPackages\en-US NAME NOT FOUND Desired Access: Read 4/14/2022 1:22:33 PM Registry C:\Windows\system32\schtasks.exe BLUETEAM\ezk schtasks  /query /tn win32times 2256 4092,benign
schtasks.exe,4724,RegOpenKey,HKLM\System\CurrentControlSet\Control\Lsa,SUCCESS,Desired Access: Query Value,4/14/2022 1:22:33 PM,Registry,C:\Windows\system32\schtasks.exe,BLUETEAM\ezk,schtasks  /query /tn win32times,2256,4092,schtasks.exe 4724 RegOpenKey HKLM\System\CurrentControlSet\Control\Lsa SUCCESS Desired Access: Query Value 4/14/2022 1:22:33 PM Registry C:\Windows\system32\schtasks.exe BLUETEAM\ezk schtasks  /query /tn win32times 2256 4092,benign
schtasks.exe,4724,RegOpenKey,HKLM\System\CurrentControlSet\Control\Lsa\FipsAlgorithmPolicy,REPARSE,Desired Access: Query Value,4/14/2022 1:22:33 PM,Registry,C:\Windows\system32\schtasks.exe,BLUETEAM\ezk,schtasks  /query /tn win32times,2256,4092,schtasks.exe 4724 RegOpenKey HKLM\System\CurrentControlSet\Control\Lsa\FipsAlgorithmPolicy REPARSE Desired Access: Query Value 4/14/2022 1:22:33 PM Registry C:\Windows\system32\schtasks.exe BLUETEAM\ezk schtasks  /query /tn win32times 2256 4092,benign
schtasks.exe,4724,RegQueryValue,HKLM\System\CurrentControlSet\Control\Lsa\FipsAlgorithmPolicy\Enabled,SUCCESS,"Type: REG_DWORD, Length: 4, Data: 0",4/14/2022 1:22:33 PM,Registry,C:\Windows\system32\schtasks.exe,BLUETEAM\ezk,schtasks  /query /tn win32times,2256,4092,"schtasks.exe 4724 RegQueryValue HKLM\System\CurrentControlSet\Control\Lsa\FipsAlgorithmPolicy\Enabled SUCCESS Type: REG_DWORD, Length: 4, Data: 0 4/14/2022 1:22:33 PM Registry C:\Windows\system32\schtasks.exe BLUETEAM\ezk schtasks  /query /tn win32times 2256 4092",benign
schtasks.exe,4724,RegQueryKey,HKLM,SUCCESS,"Query: HandleTags, HandleTags: 0x0",4/14/2022 1:22:33 PM,Registry,C:\Windows\system32\schtasks.exe,BLUETEAM\ezk,schtasks  /query /tn win32times,2256,4092,"schtasks.exe 4724 RegQueryKey HKLM SUCCESS Query: HandleTags, HandleTags: 0x0 4/14/2022 1:22:33 PM Registry C:\Windows\system32\schtasks.exe BLUETEAM\ezk schtasks  /query /tn win32times 2256 4092",benign
schtasks.exe,4724,RegOpenKey,HKLM\Software\Policies\Microsoft\Windows NT\Rpc,NAME NOT FOUND,Desired Access: Read,4/14/2022 1:22:33 PM,Registry,C:\Windows\system32\schtasks.exe,BLUETEAM\ezk,schtasks  /query /tn win32times,2256,4092,schtasks.exe 4724 RegOpenKey HKLM\Software\Policies\Microsoft\Windows NT\Rpc NAME NOT FOUND Desired Access: Read 4/14/2022 1:22:33 PM Registry C:\Windows\system32\schtasks.exe BLUETEAM\ezk schtasks  /query /tn win32times 2256 4092,benign
schtasks.exe,4724,RegQueryKey,HKLM,SUCCESS,"Query: HandleTags, HandleTags: 0x0",4/14/2022 1:22:33 PM,Registry,C:\Windows\system32\schtasks.exe,BLUETEAM\ezk,schtasks  /query /tn win32times,2256,4092,"schtasks.exe 4724 RegQueryKey HKLM SUCCESS Query: HandleTags, HandleTags: 0x0 4/14/2022 1:22:33 PM Registry C:\Windows\system32\schtasks.exe BLUETEAM\ezk schtasks  /query /tn win32times 2256 4092",benign
schtasks.exe,4724,RegOpenKey,HKLM\Software\Microsoft\Rpc,SUCCESS,Desired Access: Query Value,4/14/2022 1:22:33 PM,Registry,C:\Windows\system32\schtasks.exe,BLUETEAM\ezk,schtasks  /query /tn win32times,2256,4092,schtasks.exe 4724 RegOpenKey HKLM\Software\Microsoft\Rpc SUCCESS Desired Access: Query Value 4/14/2022 1:22:33 PM Registry C:\Windows\system32\schtasks.exe BLUETEAM\ezk schtasks  /query /tn win32times 2256 4092,benign
schtasks.exe,4724,RegQueryValue,HKLM\SOFTWARE\Microsoft\Rpc\IdleTimerWindow,NAME NOT FOUND,Length: 16,4/14/2022 1:22:33 PM,Registry,C:\Windows\system32\schtasks.exe,BLUETEAM\ezk,schtasks  /query /tn win32times,2256,4092,schtasks.exe 4724 RegQueryValue HKLM\SOFTWARE\Microsoft\Rpc\IdleTimerWindow NAME NOT FOUND Length: 16 4/14/2022 1:22:33 PM Registry C:\Windows\system32\schtasks.exe BLUETEAM\ezk schtasks  /query /tn win32times 2256 4092,benign
schtasks.exe,4724,RegCloseKey,HKLM\SOFTWARE\Microsoft\Rpc,SUCCESS,,4/14/2022 1:22:33 PM,Registry,C:\Windows\system32\schtasks.exe,BLUETEAM\ezk,schtasks  /query /tn win32times,2256,4092,schtasks.exe 4724 RegCloseKey HKLM\SOFTWARE\Microsoft\Rpc SUCCESS None 4/14/2022 1:22:33 PM Registry C:\Windows\system32\schtasks.exe BLUETEAM\ezk schtasks  /query /tn win32times 2256 4092,benign
schtasks.exe,4724,RegOpenKey,HKLM\SOFTWARE\Policies\Microsoft\Windows\Appx,SUCCESS,Desired Access: Read,4/14/2022 1:22:33 PM,Registry,C:\Windows\system32\schtasks.exe,BLUETEAM\ezk,schtasks  /query /tn win32times,2256,4092,schtasks.exe 4724 RegOpenKey HKLM\SOFTWARE\Policies\Microsoft\Windows\Appx SUCCESS Desired Access: Read 4/14/2022 1:22:33 PM Registry C:\Windows\system32\schtasks.exe BLUETEAM\ezk schtasks  /query /tn win32times 2256 4092,benign
schtasks.exe,4724,RegQueryValue,HKLM\SOFTWARE\Policies\Microsoft\Windows\Appx\AllowDevelopmentWithoutDevLicense,NAME NOT FOUND,Length: 24,4/14/2022 1:22:33 PM,Registry,C:\Windows\system32\schtasks.exe,BLUETEAM\ezk,schtasks  /query /tn win32times,2256,4092,schtasks.exe 4724 RegQueryValue HKLM\SOFTWARE\Policies\Microsoft\Windows\Appx\AllowDevelopmentWithoutDevLicense NAME NOT FOUND Length: 24 4/14/2022 1:22:33 PM Registry C:\Windows\system32\schtasks.exe BLUETEAM\ezk schtasks  /query /tn win32times 2256 4092,benign
schtasks.exe,4724,RegCloseKey,HKLM\SOFTWARE\Policies\Microsoft\Windows\Appx,SUCCESS,,4/14/2022 1:22:33 PM,Registry,C:\Windows\system32\schtasks.exe,BLUETEAM\ezk,schtasks  /query /tn win32times,2256,4092,schtasks.exe 4724 RegCloseKey HKLM\SOFTWARE\Policies\Microsoft\Windows\Appx SUCCESS None 4/14/2022 1:22:33 PM Registry C:\Windows\system32\schtasks.exe BLUETEAM\ezk schtasks  /query /tn win32times 2256 4092,benign
schtasks.exe,4724,RegOpenKey,HKLM\SOFTWARE\Microsoft\Windows\CurrentVersion\AppModelUnlock,SUCCESS,Desired Access: Read,4/14/2022 1:22:33 PM,Registry,C:\Windows\system32\schtasks.exe,BLUETEAM\ezk,schtasks  /query /tn win32times,2256,4092,schtasks.exe 4724 RegOpenKey HKLM\SOFTWARE\Microsoft\Windows\CurrentVersion\AppModelUnlock SUCCESS Desired Access: Read 4/14/2022 1:22:33 PM Registry C:\Windows\system32\schtasks.exe BLUETEAM\ezk schtasks  /query /tn win32times 2256 4092,benign
schtasks.exe,4724,RegQueryValue,HKLM\SOFTWARE\Microsoft\Windows\CurrentVersion\AppModelUnlock\AllowDevelopmentWithoutDevLicense,NAME NOT FOUND,Length: 24,4/14/2022 1:22:33 PM,Registry,C:\Windows\system32\schtasks.exe,BLUETEAM\ezk,schtasks  /query /tn win32times,2256,4092,schtasks.exe 4724 RegQueryValue HKLM\SOFTWARE\Microsoft\Windows\CurrentVersion\AppModelUnlock\AllowDevelopmentWithoutDevLicense NAME NOT FOUND Length: 24 4/14/2022 1:22:33 PM Registry C:\Windows\system32\schtasks.exe BLUETEAM\ezk schtasks  /query /tn win32times 2256 4092,benign
schtasks.exe,4724,RegCloseKey,HKLM\SOFTWARE\Microsoft\Windows\CurrentVersion\AppModelUnlock,SUCCESS,,4/14/2022 1:22:33 PM,Registry,C:\Windows\system32\schtasks.exe,BLUETEAM\ezk,schtasks  /query /tn win32times,2256,4092,schtasks.exe 4724 RegCloseKey HKLM\SOFTWARE\Microsoft\Windows\CurrentVersion\AppModelUnlock SUCCESS None 4/14/2022 1:22:33 PM Registry C:\Windows\system32\schtasks.exe BLUETEAM\ezk schtasks  /query /tn win32times 2256 4092,benign
schtasks.exe,4724,RegQueryKey,HKLM,SUCCESS,"Query: HandleTags, HandleTags: 0x0",4/14/2022 1:22:33 PM,Registry,C:\Windows\system32\schtasks.exe,BLUETEAM\ezk,schtasks  /query /tn win32times,2256,4092,"schtasks.exe 4724 RegQueryKey HKLM SUCCESS Query: HandleTags, HandleTags: 0x0 4/14/2022 1:22:33 PM Registry C:\Windows\system32\schtasks.exe BLUETEAM\ezk schtasks  /query /tn win32times 2256 4092",benign
schtasks.exe,4724,RegOpenKey,HKLM\Software\Microsoft\OLE\AppCompat,SUCCESS,Desired Access: Read,4/14/2022 1:22:33 PM,Registry,C:\Windows\system32\schtasks.exe,BLUETEAM\ezk,schtasks  /query /tn win32times,2256,4092,schtasks.exe 4724 RegOpenKey HKLM\Software\Microsoft\OLE\AppCompat SUCCESS Desired Access: Read 4/14/2022 1:22:33 PM Registry C:\Windows\system32\schtasks.exe BLUETEAM\ezk schtasks  /query /tn win32times 2256 4092,benign
schtasks.exe,4724,RegQueryValue,HKLM\SOFTWARE\Microsoft\Ole\AppCompat\RaiseActivationAuthenticationLevel,NAME NOT FOUND,Length: 16,4/14/2022 1:22:33 PM,Registry,C:\Windows\system32\schtasks.exe,BLUETEAM\ezk,schtasks  /query /tn win32times,2256,4092,schtasks.exe 4724 RegQueryValue HKLM\SOFTWARE\Microsoft\Ole\AppCompat\RaiseActivationAuthenticationLevel NAME NOT FOUND Length: 16 4/14/2022 1:22:33 PM Registry C:\Windows\system32\schtasks.exe BLUETEAM\ezk schtasks  /query /tn win32times 2256 4092,benign
schtasks.exe,4724,RegCloseKey,HKLM\SOFTWARE\Microsoft\Ole\AppCompat,SUCCESS,,4/14/2022 1:22:33 PM,Registry,C:\Windows\system32\schtasks.exe,BLUETEAM\ezk,schtasks  /query /tn win32times,2256,4092,schtasks.exe 4724 RegCloseKey HKLM\SOFTWARE\Microsoft\Ole\AppCompat SUCCESS None 4/14/2022 1:22:33 PM Registry C:\Windows\system32\schtasks.exe BLUETEAM\ezk schtasks  /query /tn win32times 2256 4092,benign
schtasks.exe,4724,RegQueryKey,HKLM,SUCCESS,"Query: HandleTags, HandleTags: 0x0",4/14/2022 1:22:33 PM,Registry,C:\Windows\system32\schtasks.exe,BLUETEAM\ezk,schtasks  /query /tn win32times,2256,4092,"schtasks.exe 4724 RegQueryKey HKLM SUCCESS Query: HandleTags, HandleTags: 0x0 4/14/2022 1:22:33 PM Registry C:\Windows\system32\schtasks.exe BLUETEAM\ezk schtasks  /query /tn win32times 2256 4092",benign
schtasks.exe,4724,RegOpenKey,HKCR,SUCCESS,"Desired Access: Maximum Allowed, Granted Access: All Access",4/14/2022 1:22:33 PM,Registry,C:\Windows\system32\schtasks.exe,BLUETEAM\ezk,schtasks  /query /tn win32times,2256,4092,"schtasks.exe 4724 RegOpenKey HKCR SUCCESS Desired Access: Maximum Allowed, Granted Access: All Access 4/14/2022 1:22:33 PM Registry C:\Windows\system32\schtasks.exe BLUETEAM\ezk schtasks  /query /tn win32times 2256 4092",benign
schtasks.exe,4724,RegQueryKey,HKCR,SUCCESS,"Query: HandleTags, HandleTags: 0x0",4/14/2022 1:22:33 PM,Registry,C:\Windows\system32\schtasks.exe,BLUETEAM\ezk,schtasks  /query /tn win32times,2256,4092,"schtasks.exe 4724 RegQueryKey HKCR SUCCESS Query: HandleTags, HandleTags: 0x0 4/14/2022 1:22:33 PM Registry C:\Windows\system32\schtasks.exe BLUETEAM\ezk schtasks  /query /tn win32times 2256 4092",benign
schtasks.exe,4724,RegOpenKey,HKCR\AppID\schtasks.exe,NAME NOT FOUND,Desired Access: Read,4/14/2022 1:22:33 PM,Registry,C:\Windows\system32\schtasks.exe,BLUETEAM\ezk,schtasks  /query /tn win32times,2256,4092,schtasks.exe 4724 RegOpenKey HKCR\AppID\schtasks.exe NAME NOT FOUND Desired Access: Read 4/14/2022 1:22:33 PM Registry C:\Windows\system32\schtasks.exe BLUETEAM\ezk schtasks  /query /tn win32times 2256 4092,benign
schtasks.exe,4724,RegQueryKey,HKCR,SUCCESS,"Query: HandleTags, HandleTags: 0x0",4/14/2022 1:22:33 PM,Registry,C:\Windows\system32\schtasks.exe,BLUETEAM\ezk,schtasks  /query /tn win32times,2256,4092,"schtasks.exe 4724 RegQueryKey HKCR SUCCESS Query: HandleTags, HandleTags: 0x0 4/14/2022 1:22:33 PM Registry C:\Windows\system32\schtasks.exe BLUETEAM\ezk schtasks  /query /tn win32times 2256 4092",benign
schtasks.exe,4724,RegQueryKey,HKCR,SUCCESS,Query: Name,4/14/2022 1:22:33 PM,Registry,C:\Windows\system32\schtasks.exe,BLUETEAM\ezk,schtasks  /query /tn win32times,2256,4092,schtasks.exe 4724 RegQueryKey HKCR SUCCESS Query: Name 4/14/2022 1:22:33 PM Registry C:\Windows\system32\schtasks.exe BLUETEAM\ezk schtasks  /query /tn win32times 2256 4092,benign
schtasks.exe,4724,RegOpenKey,HKCR\AppID\schtasks.exe,NAME NOT FOUND,Desired Access: Read,4/14/2022 1:22:33 PM,Registry,C:\Windows\system32\schtasks.exe,BLUETEAM\ezk,schtasks  /query /tn win32times,2256,4092,schtasks.exe 4724 RegOpenKey HKCR\AppID\schtasks.exe NAME NOT FOUND Desired Access: Read 4/14/2022 1:22:33 PM Registry C:\Windows\system32\schtasks.exe BLUETEAM\ezk schtasks  /query /tn win32times 2256 4092,benign
schtasks.exe,4724,RegOpenKey,HKLM\SOFTWARE\Microsoft\Windows NT\CurrentVersion\Image File Execution Options\schtasks.exe,NAME NOT FOUND,"Desired Access: Query Value, Enumerate Sub Keys",4/14/2022 1:22:33 PM,Registry,C:\Windows\system32\schtasks.exe,BLUETEAM\ezk,schtasks  /query /tn win32times,2256,4092,"schtasks.exe 4724 RegOpenKey HKLM\SOFTWARE\Microsoft\Windows NT\CurrentVersion\Image File Execution Options\schtasks.exe NAME NOT FOUND Desired Access: Query Value, Enumerate Sub Keys 4/14/2022 1:22:33 PM Registry C:\Windows\system32\schtasks.exe BLUETEAM\ezk schtasks  /query /tn win32times 2256 4092",benign
schtasks.exe,4724,RegOpenKey,HKLM\Software\Microsoft\Windows NT\CurrentVersion\Image File Execution Options,SUCCESS,"Desired Access: Query Value, Enumerate Sub Keys",4/14/2022 1:22:33 PM,Registry,C:\Windows\system32\schtasks.exe,BLUETEAM\ezk,schtasks  /query /tn win32times,2256,4092,"schtasks.exe 4724 RegOpenKey HKLM\Software\Microsoft\Windows NT\CurrentVersion\Image File Execution Options SUCCESS Desired Access: Query Value, Enumerate Sub Keys 4/14/2022 1:22:33 PM Registry C:\Windows\system32\schtasks.exe BLUETEAM\ezk schtasks  /query /tn win32times 2256 4092",benign
schtasks.exe,4724,RegCloseKey,HKLM\SYSTEM\Setup,SUCCESS,,4/14/2022 1:22:33 PM,Registry,C:\Windows\system32\schtasks.exe,BLUETEAM\ezk,schtasks  /query /tn win32times,2256,4092,schtasks.exe 4724 RegCloseKey HKLM\SYSTEM\Setup SUCCESS None 4/14/2022 1:22:33 PM Registry C:\Windows\system32\schtasks.exe BLUETEAM\ezk schtasks  /query /tn win32times 2256 4092,benign
schtasks.exe,4724,RegQueryValue,HKLM\SYSTEM\Setup\SystemSetupInProgress,SUCCESS,"Type: REG_DWORD, Length: 4, Data: 0",4/14/2022 1:22:33 PM,Registry,C:\Windows\system32\schtasks.exe,BLUETEAM\ezk,schtasks  /query /tn win32times,2256,4092,"schtasks.exe 4724 RegQueryValue HKLM\SYSTEM\Setup\SystemSetupInProgress SUCCESS Type: REG_DWORD, Length: 4, Data: 0 4/14/2022 1:22:33 PM Registry C:\Windows\system32\schtasks.exe BLUETEAM\ezk schtasks  /query /tn win32times 2256 4092",benign
schtasks.exe,4724,RegOpenKey,HKLM\System\CurrentControlSet\Control\Lsa,REPARSE,Desired Access: Query Value,4/14/2022 1:22:33 PM,Registry,C:\Windows\system32\schtasks.exe,BLUETEAM\ezk,schtasks  /query /tn win32times,2256,4092,schtasks.exe 4724 RegOpenKey HKLM\System\CurrentControlSet\Control\Lsa REPARSE Desired Access: Query Value 4/14/2022 1:22:33 PM Registry C:\Windows\system32\schtasks.exe BLUETEAM\ezk schtasks  /query /tn win32times 2256 4092,benign
schtasks.exe,4724,RegOpenKey,HKLM\System\CurrentControlSet\Control\Lsa,SUCCESS,Desired Access: Query Value,4/14/2022 1:22:33 PM,Registry,C:\Windows\system32\schtasks.exe,BLUETEAM\ezk,schtasks  /query /tn win32times,2256,4092,schtasks.exe 4724 RegOpenKey HKLM\System\CurrentControlSet\Control\Lsa SUCCESS Desired Access: Query Value 4/14/2022 1:22:33 PM Registry C:\Windows\system32\schtasks.exe BLUETEAM\ezk schtasks  /query /tn win32times 2256 4092,benign
schtasks.exe,4724,RegQueryValue,HKLM\System\CurrentControlSet\Control\Lsa\FipsAlgorithmPolicy,NAME NOT FOUND,Length: 20,4/14/2022 1:22:33 PM,Registry,C:\Windows\system32\schtasks.exe,BLUETEAM\ezk,schtasks  /query /tn win32times,2256,4092,schtasks.exe 4724 RegQueryValue HKLM\System\CurrentControlSet\Control\Lsa\FipsAlgorithmPolicy NAME NOT FOUND Length: 20 4/14/2022 1:22:33 PM Registry C:\Windows\system32\schtasks.exe BLUETEAM\ezk schtasks  /query /tn win32times 2256 4092,benign
schtasks.exe,4724,RegQueryValue,HKLM\System\CurrentControlSet\Control\Lsa\FipsAlgorithmPolicy\MDMEnabled,NAME NOT FOUND,Length: 20,4/14/2022 1:22:33 PM,Registry,C:\Windows\system32\schtasks.exe,BLUETEAM\ezk,schtasks  /query /tn win32times,2256,4092,schtasks.exe 4724 RegQueryValue HKLM\System\CurrentControlSet\Control\Lsa\FipsAlgorithmPolicy\MDMEnabled NAME NOT FOUND Length: 20 4/14/2022 1:22:33 PM Registry C:\Windows\system32\schtasks.exe BLUETEAM\ezk schtasks  /query /tn win32times 2256 4092,benign
schtasks.exe,4724,RegCloseKey,HKLM\System\CurrentControlSet\Control\Lsa\FipsAlgorithmPolicy,SUCCESS,,4/14/2022 1:22:33 PM,Registry,C:\Windows\system32\schtasks.exe,BLUETEAM\ezk,schtasks  /query /tn win32times,2256,4092,schtasks.exe 4724 RegCloseKey HKLM\System\CurrentControlSet\Control\Lsa\FipsAlgorithmPolicy SUCCESS None 4/14/2022 1:22:33 PM Registry C:\Windows\system32\schtasks.exe BLUETEAM\ezk schtasks  /query /tn win32times 2256 4092,benign
schtasks.exe,4724,RegCloseKey,HKLM\System\CurrentControlSet\Control\Lsa,SUCCESS,,4/14/2022 1:22:33 PM,Registry,C:\Windows\system32\schtasks.exe,BLUETEAM\ezk,schtasks  /query /tn win32times,2256,4092,schtasks.exe 4724 RegCloseKey HKLM\System\CurrentControlSet\Control\Lsa SUCCESS None 4/14/2022 1:22:33 PM Registry C:\Windows\system32\schtasks.exe BLUETEAM\ezk schtasks  /query /tn win32times 2256 4092,benign
schtasks.exe,4724,RegOpenKey,HKLM\SYSTEM\CurrentControlSet\Policies\Microsoft\Cryptography\Configuration,REPARSE,Desired Access: Query Value,4/14/2022 1:22:33 PM,Registry,C:\Windows\system32\schtasks.exe,BLUETEAM\ezk,schtasks  /query /tn win32times,2256,4092,schtasks.exe 4724 RegOpenKey HKLM\SYSTEM\CurrentControlSet\Policies\Microsoft\Cryptography\Configuration REPARSE Desired Access: Query Value 4/14/2022 1:22:33 PM Registry C:\Windows\system32\schtasks.exe BLUETEAM\ezk schtasks  /query /tn win32times 2256 4092,benign
schtasks.exe,4724,RegOpenKey,HKLM\System\CurrentControlSet\Policies\Microsoft\Cryptography\Configuration,NAME NOT FOUND,Desired Access: Query Value,4/14/2022 1:22:33 PM,Registry,C:\Windows\system32\schtasks.exe,BLUETEAM\ezk,schtasks  /query /tn win32times,2256,4092,schtasks.exe 4724 RegOpenKey HKLM\System\CurrentControlSet\Policies\Microsoft\Cryptography\Configuration NAME NOT FOUND Desired Access: Query Value 4/14/2022 1:22:33 PM Registry C:\Windows\system32\schtasks.exe BLUETEAM\ezk schtasks  /query /tn win32times 2256 4092,benign
schtasks.exe,4724,RegQueryKey,HKLM,SUCCESS,"Query: HandleTags, HandleTags: 0x0",4/14/2022 1:22:33 PM,Registry,C:\Windows\system32\schtasks.exe,BLUETEAM\ezk,schtasks  /query /tn win32times,2256,4092,"schtasks.exe 4724 RegQueryKey HKLM SUCCESS Query: HandleTags, HandleTags: 0x0 4/14/2022 1:22:33 PM Registry C:\Windows\system32\schtasks.exe BLUETEAM\ezk schtasks  /query /tn win32times 2256 4092",benign
schtasks.exe,4724,RegOpenKey,HKLM\Software\Microsoft\Rpc,SUCCESS,Desired Access: Read,4/14/2022 1:22:33 PM,Registry,C:\Windows\system32\schtasks.exe,BLUETEAM\ezk,schtasks  /query /tn win32times,2256,4092,schtasks.exe 4724 RegOpenKey HKLM\Software\Microsoft\Rpc SUCCESS Desired Access: Read 4/14/2022 1:22:33 PM Registry C:\Windows\system32\schtasks.exe BLUETEAM\ezk schtasks  /query /tn win32times 2256 4092,benign
schtasks.exe,4724,RegQueryValue,HKLM\SOFTWARE\Microsoft\Rpc\MaxRpcSize,NAME NOT FOUND,Length: 16,4/14/2022 1:22:33 PM,Registry,C:\Windows\system32\schtasks.exe,BLUETEAM\ezk,schtasks  /query /tn win32times,2256,4092,schtasks.exe 4724 RegQueryValue HKLM\SOFTWARE\Microsoft\Rpc\MaxRpcSize NAME NOT FOUND Length: 16 4/14/2022 1:22:33 PM Registry C:\Windows\system32\schtasks.exe BLUETEAM\ezk schtasks  /query /tn win32times 2256 4092,benign
schtasks.exe,4724,RegOpenKey,HKLM\System\CurrentControlSet\Control\Lsa\FipsAlgorithmPolicy,SUCCESS,Desired Access: Query Value,4/14/2022 1:22:33 PM,Registry,C:\Windows\system32\schtasks.exe,BLUETEAM\ezk,schtasks  /query /tn win32times,2256,4092,schtasks.exe 4724 RegOpenKey HKLM\System\CurrentControlSet\Control\Lsa\FipsAlgorithmPolicy SUCCESS Desired Access: Query Value 4/14/2022 1:22:33 PM Registry C:\Windows\system32\schtasks.exe BLUETEAM\ezk schtasks  /query /tn win32times 2256 4092,benign
schtasks.exe,4724,RegCloseKey,HKLM\SOFTWARE\Microsoft\Rpc,SUCCESS,,4/14/2022 1:22:33 PM,Registry,C:\Windows\system32\schtasks.exe,BLUETEAM\ezk,schtasks  /query /tn win32times,2256,4092,schtasks.exe 4724 RegCloseKey HKLM\SOFTWARE\Microsoft\Rpc SUCCESS None 4/14/2022 1:22:33 PM Registry C:\Windows\system32\schtasks.exe BLUETEAM\ezk schtasks  /query /tn win32times 2256 4092,benign
schtasks.exe,4724,RegOpenKey,HKLM\System\CurrentControlSet\Services\CCG,NAME NOT FOUND,Desired Access: Read,4/14/2022 1:22:33 PM,Registry,C:\Windows\system32\schtasks.exe,BLUETEAM\ezk,schtasks  /query /tn win32times,2256,4092,schtasks.exe 4724 RegOpenKey HKLM\System\CurrentControlSet\Services\CCG NAME NOT FOUND Desired Access: Read 4/14/2022 1:22:33 PM Registry C:\Windows\system32\schtasks.exe BLUETEAM\ezk schtasks  /query /tn win32times 2256 4092,benign
schtasks.exe,4724,RegOpenKey,HKLM\System\CurrentControlSet\Services\CCG,REPARSE,Desired Access: Read,4/14/2022 1:22:33 PM,Registry,C:\Windows\system32\schtasks.exe,BLUETEAM\ezk,schtasks  /query /tn win32times,2256,4092,schtasks.exe 4724 RegOpenKey HKLM\System\CurrentControlSet\Services\CCG REPARSE Desired Access: Read 4/14/2022 1:22:33 PM Registry C:\Windows\system32\schtasks.exe BLUETEAM\ezk schtasks  /query /tn win32times 2256 4092,benign
schtasks.exe,4724,RegOpenKey,HKLM\System\CurrentControlSet\Services\CCG,NAME NOT FOUND,Desired Access: Read,4/14/2022 1:22:33 PM,Registry,C:\Windows\system32\schtasks.exe,BLUETEAM\ezk,schtasks  /query /tn win32times,2256,4092,schtasks.exe 4724 RegOpenKey HKLM\System\CurrentControlSet\Services\CCG NAME NOT FOUND Desired Access: Read 4/14/2022 1:22:33 PM Registry C:\Windows\system32\schtasks.exe BLUETEAM\ezk schtasks  /query /tn win32times 2256 4092,benign
schtasks.exe,4724,RegOpenKey,HKLM\System\CurrentControlSet\Control\ComputerName\ActiveComputerName,REPARSE,Desired Access: Read,4/14/2022 1:22:33 PM,Registry,C:\Windows\system32\schtasks.exe,BLUETEAM\ezk,schtasks  /query /tn win32times,2256,4092,schtasks.exe 4724 RegOpenKey HKLM\System\CurrentControlSet\Control\ComputerName\ActiveComputerName REPARSE Desired Access: Read 4/14/2022 1:22:33 PM Registry C:\Windows\system32\schtasks.exe BLUETEAM\ezk schtasks  /query /tn win32times 2256 4092,benign
schtasks.exe,4724,RegOpenKey,HKLM\System\CurrentControlSet\Control\ComputerName\ActiveComputerName,SUCCESS,Desired Access: Read,4/14/2022 1:22:33 PM,Registry,C:\Windows\system32\schtasks.exe,BLUETEAM\ezk,schtasks  /query /tn win32times,2256,4092,schtasks.exe 4724 RegOpenKey HKLM\System\CurrentControlSet\Control\ComputerName\ActiveComputerName SUCCESS Desired Access: Read 4/14/2022 1:22:33 PM Registry C:\Windows\system32\schtasks.exe BLUETEAM\ezk schtasks  /query /tn win32times 2256 4092,benign
schtasks.exe,4724,RegQueryValue,HKLM\System\CurrentControlSet\Control\ComputerName\ActiveComputerName\ComputerName,SUCCESS,"Type: REG_SZ, Length: 32, Data: DESKTOP-BA1RQFC",4/14/2022 1:22:33 PM,Registry,C:\Windows\system32\schtasks.exe,BLUETEAM\ezk,schtasks  /query /tn win32times,2256,4092,"schtasks.exe 4724 RegQueryValue HKLM\System\CurrentControlSet\Control\ComputerName\ActiveComputerName\ComputerName SUCCESS Type: REG_SZ, Length: 32, Data: DESKTOP-BA1RQFC 4/14/2022 1:22:33 PM Registry C:\Windows\system32\schtasks.exe BLUETEAM\ezk schtasks  /query /tn win32times 2256 4092",benign
schtasks.exe,4724,RegCloseKey,HKLM\System\CurrentControlSet\Control\ComputerName\ActiveComputerName,SUCCESS,,4/14/2022 1:22:33 PM,Registry,C:\Windows\system32\schtasks.exe,BLUETEAM\ezk,schtasks  /query /tn win32times,2256,4092,schtasks.exe 4724 RegCloseKey HKLM\System\CurrentControlSet\Control\ComputerName\ActiveComputerName SUCCESS None 4/14/2022 1:22:33 PM Registry C:\Windows\system32\schtasks.exe BLUETEAM\ezk schtasks  /query /tn win32times 2256 4092,benign
schtasks.exe,4724,RegOpenKey,HKLM\System\Setup,SUCCESS,Desired Access: Read,4/14/2022 1:22:33 PM,Registry,C:\Windows\system32\schtasks.exe,BLUETEAM\ezk,schtasks  /query /tn win32times,2256,4092,schtasks.exe 4724 RegOpenKey HKLM\System\Setup SUCCESS Desired Access: Read 4/14/2022 1:22:33 PM Registry C:\Windows\system32\schtasks.exe BLUETEAM\ezk schtasks  /query /tn win32times 2256 4092,benign
schtasks.exe,4724,RegQueryValue,HKLM\SYSTEM\Setup\OOBEInProgress,SUCCESS,"Type: REG_DWORD, Length: 4, Data: 0",4/14/2022 1:22:33 PM,Registry,C:\Windows\system32\schtasks.exe,BLUETEAM\ezk,schtasks  /query /tn win32times,2256,4092,"schtasks.exe 4724 RegQueryValue HKLM\SYSTEM\Setup\OOBEInProgress SUCCESS Type: REG_DWORD, Length: 4, Data: 0 4/14/2022 1:22:33 PM Registry C:\Windows\system32\schtasks.exe BLUETEAM\ezk schtasks  /query /tn win32times 2256 4092",benign
schtasks.exe,4724,RegCloseKey,HKLM\SYSTEM\Setup,SUCCESS,,4/14/2022 1:22:33 PM,Registry,C:\Windows\system32\schtasks.exe,BLUETEAM\ezk,schtasks  /query /tn win32times,2256,4092,schtasks.exe 4724 RegCloseKey HKLM\SYSTEM\Setup SUCCESS None 4/14/2022 1:22:33 PM Registry C:\Windows\system32\schtasks.exe BLUETEAM\ezk schtasks  /query /tn win32times 2256 4092,benign
schtasks.exe,4724,RegOpenKey,HKLM\System\Setup,SUCCESS,Desired Access: Read,4/14/2022 1:22:33 PM,Registry,C:\Windows\system32\schtasks.exe,BLUETEAM\ezk,schtasks  /query /tn win32times,2256,4092,schtasks.exe 4724 RegOpenKey HKLM\System\Setup SUCCESS Desired Access: Read 4/14/2022 1:22:33 PM Registry C:\Windows\system32\schtasks.exe BLUETEAM\ezk schtasks  /query /tn win32times 2256 4092,benign
schtasks.exe,4724,RegOpenKey,HKLM\System\CurrentControlSet\Services\CCG,REPARSE,Desired Access: Read,4/14/2022 1:22:33 PM,Registry,C:\Windows\system32\schtasks.exe,BLUETEAM\ezk,schtasks  /query /tn win32times,2256,4092,schtasks.exe 4724 RegOpenKey HKLM\System\CurrentControlSet\Services\CCG REPARSE Desired Access: Read 4/14/2022 1:22:33 PM Registry C:\Windows\system32\schtasks.exe BLUETEAM\ezk schtasks  /query /tn win32times 2256 4092,benign
schtasks.exe,4724,RegCloseKey,HKCR,SUCCESS,,4/14/2022 1:22:33 PM,Registry,C:\Windows\system32\schtasks.exe,BLUETEAM\ezk,schtasks  /query /tn win32times,2256,4092,schtasks.exe 4724 RegCloseKey HKCR SUCCESS None 4/14/2022 1:22:33 PM Registry C:\Windows\system32\schtasks.exe BLUETEAM\ezk schtasks  /query /tn win32times 2256 4092,benign
schtasks.exe,2620,RegCloseKey,HKLM\SOFTWARE\Policies\Microsoft\Windows\Appx,SUCCESS,,4/14/2022 1:22:33 PM,Registry,C:\Windows\system32\schtasks.exe,BLUETEAM\ezk,"schtasks  /create /ru system /sc daily /tr ""cmd /c powershell.exe -ep bypass -file c:\T1036.004_NonExistingScript.ps1"" /tn win32times /f ",7252,4092,"schtasks.exe 2620 RegCloseKey HKLM\SOFTWARE\Policies\Microsoft\Windows\Appx SUCCESS None 4/14/2022 1:22:33 PM Registry C:\Windows\system32\schtasks.exe BLUETEAM\ezk schtasks  /create /ru system /sc daily /tr ""cmd /c powershell.exe -ep bypass -file c:\T1036.004_NonExistingScript.ps1"" /tn win32times /f  7252 4092",benign
schtasks.exe,2620,RegOpenKey,HKLM\SOFTWARE\Policies\Microsoft\Windows\Appx,SUCCESS,Desired Access: Read,4/14/2022 1:22:33 PM,Registry,C:\Windows\system32\schtasks.exe,BLUETEAM\ezk,"schtasks  /create /ru system /sc daily /tr ""cmd /c powershell.exe -ep bypass -file c:\T1036.004_NonExistingScript.ps1"" /tn win32times /f ",7252,4092,"schtasks.exe 2620 RegOpenKey HKLM\SOFTWARE\Policies\Microsoft\Windows\Appx SUCCESS Desired Access: Read 4/14/2022 1:22:33 PM Registry C:\Windows\system32\schtasks.exe BLUETEAM\ezk schtasks  /create /ru system /sc daily /tr ""cmd /c powershell.exe -ep bypass -file c:\T1036.004_NonExistingScript.ps1"" /tn win32times /f  7252 4092",benign
cmd.exe,4092,CreateFile,C:\Windows\Globalization\Sorting\SortDefault.nls,SUCCESS,"Desired Access: Generic Read, Disposition: Open, Options: Synchronous IO Non-Alert, Non-Directory File, Attributes: N, ShareMode: Read, AllocationSize: n/a, OpenResult: Opened",4/14/2022 1:22:33 PM,File System,C:\Windows\system32\cmd.exe,BLUETEAM\ezk,"cmd.exe /C schtasks /create /ru system /sc daily /tr ""cmd /c powershell.exe -ep bypass -file c:\T1036.004_NonExistingScript.ps1"" /tn win32times /f && schtasks /query /tn win32times",2384,2524,"cmd.exe 4092 CreateFile C:\Windows\Globalization\Sorting\SortDefault.nls SUCCESS Desired Access: Generic Read, Disposition: Open, Options: Synchronous IO Non-Alert, Non-Directory File, Attributes: N, ShareMode: Read, AllocationSize: n/a, OpenResult: Opened 4/14/2022 1:22:33 PM File System C:\Windows\system32\cmd.exe BLUETEAM\ezk cmd.exe /C schtasks /create /ru system /sc daily /tr ""cmd /c powershell.exe -ep bypass -file c:\T1036.004_NonExistingScript.ps1"" /tn win32times /f && schtasks /query /tn win32times 2384 2524",benign
cmd.exe,4092,CloseFile,C:\Windows\Globalization\Sorting\SortDefault.nls,SUCCESS,,4/14/2022 1:22:33 PM,File System,C:\Windows\system32\cmd.exe,BLUETEAM\ezk,"cmd.exe /C schtasks /create /ru system /sc daily /tr ""cmd /c powershell.exe -ep bypass -file c:\T1036.004_NonExistingScript.ps1"" /tn win32times /f && schtasks /query /tn win32times",2384,2524,"cmd.exe 4092 CloseFile C:\Windows\Globalization\Sorting\SortDefault.nls SUCCESS None 4/14/2022 1:22:33 PM File System C:\Windows\system32\cmd.exe BLUETEAM\ezk cmd.exe /C schtasks /create /ru system /sc daily /tr ""cmd /c powershell.exe -ep bypass -file c:\T1036.004_NonExistingScript.ps1"" /tn win32times /f && schtasks /query /tn win32times 2384 2524",benign
cmd.exe,4092,RegOpenKey,HKLM\System\CurrentControlSet\Control\Nls\Sorting\Ids,REPARSE,Desired Access: Read,4/14/2022 1:22:33 PM,Registry,C:\Windows\system32\cmd.exe,BLUETEAM\ezk,"cmd.exe /C schtasks /create /ru system /sc daily /tr ""cmd /c powershell.exe -ep bypass -file c:\T1036.004_NonExistingScript.ps1"" /tn win32times /f && schtasks /query /tn win32times",2384,2524,"cmd.exe 4092 RegOpenKey HKLM\System\CurrentControlSet\Control\Nls\Sorting\Ids REPARSE Desired Access: Read 4/14/2022 1:22:33 PM Registry C:\Windows\system32\cmd.exe BLUETEAM\ezk cmd.exe /C schtasks /create /ru system /sc daily /tr ""cmd /c powershell.exe -ep bypass -file c:\T1036.004_NonExistingScript.ps1"" /tn win32times /f && schtasks /query /tn win32times 2384 2524",benign
cmd.exe,4092,RegOpenKey,HKLM\System\CurrentControlSet\Control\Nls\Sorting\Ids,SUCCESS,Desired Access: Read,4/14/2022 1:22:33 PM,Registry,C:\Windows\system32\cmd.exe,BLUETEAM\ezk,"cmd.exe /C schtasks /create /ru system /sc daily /tr ""cmd /c powershell.exe -ep bypass -file c:\T1036.004_NonExistingScript.ps1"" /tn win32times /f && schtasks /query /tn win32times",2384,2524,"cmd.exe 4092 RegOpenKey HKLM\System\CurrentControlSet\Control\Nls\Sorting\Ids SUCCESS Desired Access: Read 4/14/2022 1:22:33 PM Registry C:\Windows\system32\cmd.exe BLUETEAM\ezk cmd.exe /C schtasks /create /ru system /sc daily /tr ""cmd /c powershell.exe -ep bypass -file c:\T1036.004_NonExistingScript.ps1"" /tn win32times /f && schtasks /query /tn win32times 2384 2524",benign
cmd.exe,4092,RegQueryValue,HKLM\System\CurrentControlSet\Control\Nls\Sorting\Ids\en-US,NAME NOT FOUND,Length: 90,4/14/2022 1:22:33 PM,Registry,C:\Windows\system32\cmd.exe,BLUETEAM\ezk,"cmd.exe /C schtasks /create /ru system /sc daily /tr ""cmd /c powershell.exe -ep bypass -file c:\T1036.004_NonExistingScript.ps1"" /tn win32times /f && schtasks /query /tn win32times",2384,2524,"cmd.exe 4092 RegQueryValue HKLM\System\CurrentControlSet\Control\Nls\Sorting\Ids\en-US NAME NOT FOUND Length: 90 4/14/2022 1:22:33 PM Registry C:\Windows\system32\cmd.exe BLUETEAM\ezk cmd.exe /C schtasks /create /ru system /sc daily /tr ""cmd /c powershell.exe -ep bypass -file c:\T1036.004_NonExistingScript.ps1"" /tn win32times /f && schtasks /query /tn win32times 2384 2524",benign
cmd.exe,4092,RegQueryValue,HKLM\System\CurrentControlSet\Control\Nls\Sorting\Ids\en,NAME NOT FOUND,Length: 90,4/14/2022 1:22:33 PM,Registry,C:\Windows\system32\cmd.exe,BLUETEAM\ezk,"cmd.exe /C schtasks /create /ru system /sc daily /tr ""cmd /c powershell.exe -ep bypass -file c:\T1036.004_NonExistingScript.ps1"" /tn win32times /f && schtasks /query /tn win32times",2384,2524,"cmd.exe 4092 RegQueryValue HKLM\System\CurrentControlSet\Control\Nls\Sorting\Ids\en NAME NOT FOUND Length: 90 4/14/2022 1:22:33 PM Registry C:\Windows\system32\cmd.exe BLUETEAM\ezk cmd.exe /C schtasks /create /ru system /sc daily /tr ""cmd /c powershell.exe -ep bypass -file c:\T1036.004_NonExistingScript.ps1"" /tn win32times /f && schtasks /query /tn win32times 2384 2524",benign
cmd.exe,4092,CreateFile,C:\Windows\System32,SUCCESS,"Desired Access: Read Attributes, Disposition: Open, Options: Open Reparse Point, Attributes: n/a, ShareMode: Read, Write, Delete, AllocationSize: n/a, OpenResult: Opened",4/14/2022 1:22:33 PM,File System,C:\Windows\system32\cmd.exe,BLUETEAM\ezk,"cmd.exe /C schtasks /create /ru system /sc daily /tr ""cmd /c powershell.exe -ep bypass -file c:\T1036.004_NonExistingScript.ps1"" /tn win32times /f && schtasks /query /tn win32times",2384,2524,"cmd.exe 4092 CreateFile C:\Windows\System32 SUCCESS Desired Access: Read Attributes, Disposition: Open, Options: Open Reparse Point, Attributes: n/a, ShareMode: Read, Write, Delete, AllocationSize: n/a, OpenResult: Opened 4/14/2022 1:22:33 PM File System C:\Windows\system32\cmd.exe BLUETEAM\ezk cmd.exe /C schtasks /create /ru system /sc daily /tr ""cmd /c powershell.exe -ep bypass -file c:\T1036.004_NonExistingScript.ps1"" /tn win32times /f && schtasks /query /tn win32times 2384 2524",benign
cmd.exe,4092,QueryBasicInformationFile,C:\Windows\System32,SUCCESS,"CreationTime: 12/7/2019 5:03:44 PM, LastAccessTime: 4/14/2022 1:22:33 PM, LastWriteTime: 4/14/2022 1:20:26 PM, ChangeTime: 4/14/2022 1:20:26 PM, FileAttributes: D",4/14/2022 1:22:33 PM,File System,C:\Windows\system32\cmd.exe,BLUETEAM\ezk,"cmd.exe /C schtasks /create /ru system /sc daily /tr ""cmd /c powershell.exe -ep bypass -file c:\T1036.004_NonExistingScript.ps1"" /tn win32times /f && schtasks /query /tn win32times",2384,2524,"cmd.exe 4092 QueryBasicInformationFile C:\Windows\System32 SUCCESS CreationTime: 12/7/2019 5:03:44 PM, LastAccessTime: 4/14/2022 1:22:33 PM, LastWriteTime: 4/14/2022 1:20:26 PM, ChangeTime: 4/14/2022 1:20:26 PM, FileAttributes: D 4/14/2022 1:22:33 PM File System C:\Windows\system32\cmd.exe BLUETEAM\ezk cmd.exe /C schtasks /create /ru system /sc daily /tr ""cmd /c powershell.exe -ep bypass -file c:\T1036.004_NonExistingScript.ps1"" /tn win32times /f && schtasks /query /tn win32times 2384 2524",benign
cmd.exe,4092,CloseFile,C:\Windows\System32,SUCCESS,,4/14/2022 1:22:33 PM,File System,C:\Windows\system32\cmd.exe,BLUETEAM\ezk,"cmd.exe /C schtasks /create /ru system /sc daily /tr ""cmd /c powershell.exe -ep bypass -file c:\T1036.004_NonExistingScript.ps1"" /tn win32times /f && schtasks /query /tn win32times",2384,2524,"cmd.exe 4092 CloseFile C:\Windows\System32 SUCCESS None 4/14/2022 1:22:33 PM File System C:\Windows\system32\cmd.exe BLUETEAM\ezk cmd.exe /C schtasks /create /ru system /sc daily /tr ""cmd /c powershell.exe -ep bypass -file c:\T1036.004_NonExistingScript.ps1"" /tn win32times /f && schtasks /query /tn win32times 2384 2524",benign
cmd.exe,4092,RegOpenKey,HKLM\Software\Microsoft\Windows NT\CurrentVersion\Image File Execution Options,SUCCESS,"Desired Access: Query Value, Enumerate Sub Keys",4/14/2022 1:22:33 PM,Registry,C:\Windows\system32\cmd.exe,BLUETEAM\ezk,"cmd.exe /C schtasks /create /ru system /sc daily /tr ""cmd /c powershell.exe -ep bypass -file c:\T1036.004_NonExistingScript.ps1"" /tn win32times /f && schtasks /query /tn win32times",2384,2524,"cmd.exe 4092 RegOpenKey HKLM\Software\Microsoft\Windows NT\CurrentVersion\Image File Execution Options SUCCESS Desired Access: Query Value, Enumerate Sub Keys 4/14/2022 1:22:33 PM Registry C:\Windows\system32\cmd.exe BLUETEAM\ezk cmd.exe /C schtasks /create /ru system /sc daily /tr ""cmd /c powershell.exe -ep bypass -file c:\T1036.004_NonExistingScript.ps1"" /tn win32times /f && schtasks /query /tn win32times 2384 2524",benign
cmd.exe,4092,RegOpenKey,HKLM\SOFTWARE\Microsoft\Windows NT\CurrentVersion\Image File Execution Options\schtasks.exe,NAME NOT FOUND,"Desired Access: Query Value, Enumerate Sub Keys",4/14/2022 1:22:33 PM,Registry,C:\Windows\system32\cmd.exe,BLUETEAM\ezk,"cmd.exe /C schtasks /create /ru system /sc daily /tr ""cmd /c powershell.exe -ep bypass -file c:\T1036.004_NonExistingScript.ps1"" /tn win32times /f && schtasks /query /tn win32times",2384,2524,"cmd.exe 4092 RegOpenKey HKLM\SOFTWARE\Microsoft\Windows NT\CurrentVersion\Image File Execution Options\schtasks.exe NAME NOT FOUND Desired Access: Query Value, Enumerate Sub Keys 4/14/2022 1:22:33 PM Registry C:\Windows\system32\cmd.exe BLUETEAM\ezk cmd.exe /C schtasks /create /ru system /sc daily /tr ""cmd /c powershell.exe -ep bypass -file c:\T1036.004_NonExistingScript.ps1"" /tn win32times /f && schtasks /query /tn win32times 2384 2524",benign
cmd.exe,4092,RegOpenKey,HKLM\Software\Microsoft\Wow64\x86\xtajit,NAME NOT FOUND,Desired Access: Query Value,4/14/2022 1:22:33 PM,Registry,C:\Windows\system32\cmd.exe,BLUETEAM\ezk,"cmd.exe /C schtasks /create /ru system /sc daily /tr ""cmd /c powershell.exe -ep bypass -file c:\T1036.004_NonExistingScript.ps1"" /tn win32times /f && schtasks /query /tn win32times",2384,2524,"cmd.exe 4092 RegOpenKey HKLM\Software\Microsoft\Wow64\x86\xtajit NAME NOT FOUND Desired Access: Query Value 4/14/2022 1:22:33 PM Registry C:\Windows\system32\cmd.exe BLUETEAM\ezk cmd.exe /C schtasks /create /ru system /sc daily /tr ""cmd /c powershell.exe -ep bypass -file c:\T1036.004_NonExistingScript.ps1"" /tn win32times /f && schtasks /query /tn win32times 2384 2524",benign
cmd.exe,4092,CreateFile,C:\Windows\System32\schtasks.exe,SUCCESS,"Desired Access: Read Data/List Directory, Execute/Traverse, Read Attributes, Synchronize, Disposition: Open, Options: Synchronous IO Non-Alert, Non-Directory File, Attributes: N, ShareMode: Read, Delete, AllocationSize: n/a, OpenResult: Opened",4/14/2022 1:22:33 PM,File System,C:\Windows\system32\cmd.exe,BLUETEAM\ezk,"cmd.exe /C schtasks /create /ru system /sc daily /tr ""cmd /c powershell.exe -ep bypass -file c:\T1036.004_NonExistingScript.ps1"" /tn win32times /f && schtasks /query /tn win32times",2384,2524,"cmd.exe 4092 CreateFile C:\Windows\System32\schtasks.exe SUCCESS Desired Access: Read Data/List Directory, Execute/Traverse, Read Attributes, Synchronize, Disposition: Open, Options: Synchronous IO Non-Alert, Non-Directory File, Attributes: N, ShareMode: Read, Delete, AllocationSize: n/a, OpenResult: Opened 4/14/2022 1:22:33 PM File System C:\Windows\system32\cmd.exe BLUETEAM\ezk cmd.exe /C schtasks /create /ru system /sc daily /tr ""cmd /c powershell.exe -ep bypass -file c:\T1036.004_NonExistingScript.ps1"" /tn win32times /f && schtasks /query /tn win32times 2384 2524",benign
cmd.exe,4092,ReadFile,C:\Windows\System32\schtasks.exe,SUCCESS,"Offset: 0, Length: 4,096, I/O Flags: Non-cached, Paging I/O, Synchronous Paging I/O, Priority: Normal",4/14/2022 1:22:33 PM,File System,C:\Windows\system32\cmd.exe,BLUETEAM\ezk,"cmd.exe /C schtasks /create /ru system /sc daily /tr ""cmd /c powershell.exe -ep bypass -file c:\T1036.004_NonExistingScript.ps1"" /tn win32times /f && schtasks /query /tn win32times",2384,2524,"cmd.exe 4092 ReadFile C:\Windows\System32\schtasks.exe SUCCESS Offset: 0, Length: 4,096, I/O Flags: Non-cached, Paging I/O, Synchronous Paging I/O, Priority: Normal 4/14/2022 1:22:33 PM File System C:\Windows\system32\cmd.exe BLUETEAM\ezk cmd.exe /C schtasks /create /ru system /sc daily /tr ""cmd /c powershell.exe -ep bypass -file c:\T1036.004_NonExistingScript.ps1"" /tn win32times /f && schtasks /query /tn win32times 2384 2524",benign
cmd.exe,4092,ReadFile,C:\Windows\System32\schtasks.exe,SUCCESS,"Offset: 168,448, Length: 16,384, I/O Flags: Non-cached, Paging I/O, Synchronous Paging I/O, Priority: Normal",4/14/2022 1:22:33 PM,File System,C:\Windows\system32\cmd.exe,BLUETEAM\ezk,"cmd.exe /C schtasks /create /ru system /sc daily /tr ""cmd /c powershell.exe -ep bypass -file c:\T1036.004_NonExistingScript.ps1"" /tn win32times /f && schtasks /query /tn win32times",2384,2524,"cmd.exe 4092 ReadFile C:\Windows\System32\schtasks.exe SUCCESS Offset: 168,448, Length: 16,384, I/O Flags: Non-cached, Paging I/O, Synchronous Paging I/O, Priority: Normal 4/14/2022 1:22:33 PM File System C:\Windows\system32\cmd.exe BLUETEAM\ezk cmd.exe /C schtasks /create /ru system /sc daily /tr ""cmd /c powershell.exe -ep bypass -file c:\T1036.004_NonExistingScript.ps1"" /tn win32times /f && schtasks /query /tn win32times 2384 2524",benign
cmd.exe,4092,ReadFile,C:\Windows\System32\schtasks.exe,SUCCESS,"Offset: 156,160, Length: 12,288, I/O Flags: Non-cached, Paging I/O, Synchronous Paging I/O, Priority: Normal",4/14/2022 1:22:33 PM,File System,C:\Windows\system32\cmd.exe,BLUETEAM\ezk,"cmd.exe /C schtasks /create /ru system /sc daily /tr ""cmd /c powershell.exe -ep bypass -file c:\T1036.004_NonExistingScript.ps1"" /tn win32times /f && schtasks /query /tn win32times",2384,2524,"cmd.exe 4092 ReadFile C:\Windows\System32\schtasks.exe SUCCESS Offset: 156,160, Length: 12,288, I/O Flags: Non-cached, Paging I/O, Synchronous Paging I/O, Priority: Normal 4/14/2022 1:22:33 PM File System C:\Windows\system32\cmd.exe BLUETEAM\ezk cmd.exe /C schtasks /create /ru system /sc daily /tr ""cmd /c powershell.exe -ep bypass -file c:\T1036.004_NonExistingScript.ps1"" /tn win32times /f && schtasks /query /tn win32times 2384 2524",benign
cmd.exe,4092,ReadFile,C:\Windows\System32\schtasks.exe,SUCCESS,"Offset: 234,496, Length: 512, I/O Flags: Non-cached, Paging I/O, Synchronous Paging I/O, Priority: Normal",4/14/2022 1:22:33 PM,File System,C:\Windows\system32\cmd.exe,BLUETEAM\ezk,"cmd.exe /C schtasks /create /ru system /sc daily /tr ""cmd /c powershell.exe -ep bypass -file c:\T1036.004_NonExistingScript.ps1"" /tn win32times /f && schtasks /query /tn win32times",2384,2524,"cmd.exe 4092 ReadFile C:\Windows\System32\schtasks.exe SUCCESS Offset: 234,496, Length: 512, I/O Flags: Non-cached, Paging I/O, Synchronous Paging I/O, Priority: Normal 4/14/2022 1:22:33 PM File System C:\Windows\system32\cmd.exe BLUETEAM\ezk cmd.exe /C schtasks /create /ru system /sc daily /tr ""cmd /c powershell.exe -ep bypass -file c:\T1036.004_NonExistingScript.ps1"" /tn win32times /f && schtasks /query /tn win32times 2384 2524",benign
cmd.exe,4092,RegOpenKey,HKLM\SOFTWARE\Microsoft\Windows NT\CurrentVersion\Image File Execution Options\schtasks.exe,NAME NOT FOUND,"Desired Access: Query Value, Enumerate Sub Keys",4/14/2022 1:22:33 PM,Registry,C:\Windows\system32\cmd.exe,BLUETEAM\ezk,"cmd.exe /C schtasks /create /ru system /sc daily /tr ""cmd /c powershell.exe -ep bypass -file c:\T1036.004_NonExistingScript.ps1"" /tn win32times /f && schtasks /query /tn win32times",2384,2524,"cmd.exe 4092 RegOpenKey HKLM\SOFTWARE\Microsoft\Windows NT\CurrentVersion\Image File Execution Options\schtasks.exe NAME NOT FOUND Desired Access: Query Value, Enumerate Sub Keys 4/14/2022 1:22:33 PM Registry C:\Windows\system32\cmd.exe BLUETEAM\ezk cmd.exe /C schtasks /create /ru system /sc daily /tr ""cmd /c powershell.exe -ep bypass -file c:\T1036.004_NonExistingScript.ps1"" /tn win32times /f && schtasks /query /tn win32times 2384 2524",benign
cmd.exe,4092,ReadFile,C:\Windows\System32\schtasks.exe,SUCCESS,"Offset: 231,936, Length: 2,560, I/O Flags: Non-cached, Paging I/O, Synchronous Paging I/O, Priority: Normal",4/14/2022 1:22:33 PM,File System,C:\Windows\system32\cmd.exe,BLUETEAM\ezk,"cmd.exe /C schtasks /create /ru system /sc daily /tr ""cmd /c powershell.exe -ep bypass -file c:\T1036.004_NonExistingScript.ps1"" /tn win32times /f && schtasks /query /tn win32times",2384,2524,"cmd.exe 4092 ReadFile C:\Windows\System32\schtasks.exe SUCCESS Offset: 231,936, Length: 2,560, I/O Flags: Non-cached, Paging I/O, Synchronous Paging I/O, Priority: Normal 4/14/2022 1:22:33 PM File System C:\Windows\system32\cmd.exe BLUETEAM\ezk cmd.exe /C schtasks /create /ru system /sc daily /tr ""cmd /c powershell.exe -ep bypass -file c:\T1036.004_NonExistingScript.ps1"" /tn win32times /f && schtasks /query /tn win32times 2384 2524",benign
cmd.exe,4092,RegOpenKey,HKLM\System\CurrentControlSet\Services\bam\State\UserSettings\S-1-5-21-4065680934-2604657585-3199708412-1106,SUCCESS,Desired Access: All Access,4/14/2022 1:22:33 PM,Registry,C:\Windows\system32\cmd.exe,BLUETEAM\ezk,"cmd.exe /C schtasks /create /ru system /sc daily /tr ""cmd /c powershell.exe -ep bypass -file c:\T1036.004_NonExistingScript.ps1"" /tn win32times /f && schtasks /query /tn win32times",2384,2524,"cmd.exe 4092 RegOpenKey HKLM\System\CurrentControlSet\Services\bam\State\UserSettings\S-1-5-21-4065680934-2604657585-3199708412-1106 SUCCESS Desired Access: All Access 4/14/2022 1:22:33 PM Registry C:\Windows\system32\cmd.exe BLUETEAM\ezk cmd.exe /C schtasks /create /ru system /sc daily /tr ""cmd /c powershell.exe -ep bypass -file c:\T1036.004_NonExistingScript.ps1"" /tn win32times /f && schtasks /query /tn win32times 2384 2524",benign
cmd.exe,4092,RegQueryValue,HKLM\System\CurrentControlSet\Services\bam\State\UserSettings\S-1-5-21-4065680934-2604657585-3199708412-1106\\Device\HarddiskVolume3\Windows\System32\schtasks.exe,NAME NOT FOUND,Length: 40,4/14/2022 1:22:33 PM,Registry,C:\Windows\system32\cmd.exe,BLUETEAM\ezk,"cmd.exe /C schtasks /create /ru system /sc daily /tr ""cmd /c powershell.exe -ep bypass -file c:\T1036.004_NonExistingScript.ps1"" /tn win32times /f && schtasks /query /tn win32times",2384,2524,"cmd.exe 4092 RegQueryValue HKLM\System\CurrentControlSet\Services\bam\State\UserSettings\S-1-5-21-4065680934-2604657585-3199708412-1106\\Device\HarddiskVolume3\Windows\System32\schtasks.exe NAME NOT FOUND Length: 40 4/14/2022 1:22:33 PM Registry C:\Windows\system32\cmd.exe BLUETEAM\ezk cmd.exe /C schtasks /create /ru system /sc daily /tr ""cmd /c powershell.exe -ep bypass -file c:\T1036.004_NonExistingScript.ps1"" /tn win32times /f && schtasks /query /tn win32times 2384 2524",benign
cmd.exe,4092,RegCloseKey,HKLM\System\CurrentControlSet\Services\bam\State\UserSettings\S-1-5-21-4065680934-2604657585-3199708412-1106,SUCCESS,,4/14/2022 1:22:33 PM,Registry,C:\Windows\system32\cmd.exe,BLUETEAM\ezk,"cmd.exe /C schtasks /create /ru system /sc daily /tr ""cmd /c powershell.exe -ep bypass -file c:\T1036.004_NonExistingScript.ps1"" /tn win32times /f && schtasks /query /tn win32times",2384,2524,"cmd.exe 4092 RegCloseKey HKLM\System\CurrentControlSet\Services\bam\State\UserSettings\S-1-5-21-4065680934-2604657585-3199708412-1106 SUCCESS None 4/14/2022 1:22:33 PM Registry C:\Windows\system32\cmd.exe BLUETEAM\ezk cmd.exe /C schtasks /create /ru system /sc daily /tr ""cmd /c powershell.exe -ep bypass -file c:\T1036.004_NonExistingScript.ps1"" /tn win32times /f && schtasks /query /tn win32times 2384 2524",benign
cmd.exe,4092,RegOpenKey,HKLM\SYSTEM\CurrentControlSet\Control\Session Manager\BAM,REPARSE,Desired Access: Query Value,4/14/2022 1:22:33 PM,Registry,C:\Windows\system32\cmd.exe,BLUETEAM\ezk,"cmd.exe /C schtasks /create /ru system /sc daily /tr ""cmd /c powershell.exe -ep bypass -file c:\T1036.004_NonExistingScript.ps1"" /tn win32times /f && schtasks /query /tn win32times",2384,2524,"cmd.exe 4092 RegOpenKey HKLM\SYSTEM\CurrentControlSet\Control\Session Manager\BAM REPARSE Desired Access: Query Value 4/14/2022 1:22:33 PM Registry C:\Windows\system32\cmd.exe BLUETEAM\ezk cmd.exe /C schtasks /create /ru system /sc daily /tr ""cmd /c powershell.exe -ep bypass -file c:\T1036.004_NonExistingScript.ps1"" /tn win32times /f && schtasks /query /tn win32times 2384 2524",benign
cmd.exe,4092,RegQueryValue,HKLM\System\CurrentControlSet\Control\Nls\Sorting\Versions\000603xx,SUCCESS,"Type: REG_SZ, Length: 26, Data: kernel32.dll",4/14/2022 1:22:33 PM,Registry,C:\Windows\system32\cmd.exe,BLUETEAM\ezk,"cmd.exe /C schtasks /create /ru system /sc daily /tr ""cmd /c powershell.exe -ep bypass -file c:\T1036.004_NonExistingScript.ps1"" /tn win32times /f && schtasks /query /tn win32times",2384,2524,"cmd.exe 4092 RegQueryValue HKLM\System\CurrentControlSet\Control\Nls\Sorting\Versions\000603xx SUCCESS Type: REG_SZ, Length: 26, Data: kernel32.dll 4/14/2022 1:22:33 PM Registry C:\Windows\system32\cmd.exe BLUETEAM\ezk cmd.exe /C schtasks /create /ru system /sc daily /tr ""cmd /c powershell.exe -ep bypass -file c:\T1036.004_NonExistingScript.ps1"" /tn win32times /f && schtasks /query /tn win32times 2384 2524",benign
cmd.exe,4092,CloseFile,C:\Windows\System32,SUCCESS,,4/14/2022 1:22:33 PM,File System,C:\Windows\system32\cmd.exe,BLUETEAM\ezk,"cmd.exe /C schtasks /create /ru system /sc daily /tr ""cmd /c powershell.exe -ep bypass -file c:\T1036.004_NonExistingScript.ps1"" /tn win32times /f && schtasks /query /tn win32times",2384,2524,"cmd.exe 4092 CloseFile C:\Windows\System32 SUCCESS None 4/14/2022 1:22:33 PM File System C:\Windows\system32\cmd.exe BLUETEAM\ezk cmd.exe /C schtasks /create /ru system /sc daily /tr ""cmd /c powershell.exe -ep bypass -file c:\T1036.004_NonExistingScript.ps1"" /tn win32times /f && schtasks /query /tn win32times 2384 2524",benign
cmd.exe,4092,QueryDirectory,C:\Windows\System32\schtasks.EXE,SUCCESS,"FileInformationClass: FileFullDirectoryInformation, Filter: schtasks.EXE, 2: schtasks.exe",4/14/2022 1:22:33 PM,File System,C:\Windows\system32\cmd.exe,BLUETEAM\ezk,"cmd.exe /C schtasks /create /ru system /sc daily /tr ""cmd /c powershell.exe -ep bypass -file c:\T1036.004_NonExistingScript.ps1"" /tn win32times /f && schtasks /query /tn win32times",2384,2524,"cmd.exe 4092 QueryDirectory C:\Windows\System32\schtasks.EXE SUCCESS FileInformationClass: FileFullDirectoryInformation, Filter: schtasks.EXE, 2: schtasks.exe 4/14/2022 1:22:33 PM File System C:\Windows\system32\cmd.exe BLUETEAM\ezk cmd.exe /C schtasks /create /ru system /sc daily /tr ""cmd /c powershell.exe -ep bypass -file c:\T1036.004_NonExistingScript.ps1"" /tn win32times /f && schtasks /query /tn win32times 2384 2524",benign
cmd.exe,4092,CreateFile,C:\Windows\System32,SUCCESS,"Desired Access: Read Data/List Directory, Synchronize, Disposition: Open, Options: Directory, Synchronous IO Non-Alert, Attributes: n/a, ShareMode: Read, Write, Delete, AllocationSize: n/a, OpenResult: Opened",4/14/2022 1:22:33 PM,File System,C:\Windows\system32\cmd.exe,BLUETEAM\ezk,"cmd.exe /C schtasks /create /ru system /sc daily /tr ""cmd /c powershell.exe -ep bypass -file c:\T1036.004_NonExistingScript.ps1"" /tn win32times /f && schtasks /query /tn win32times",2384,2524,"cmd.exe 4092 CreateFile C:\Windows\System32 SUCCESS Desired Access: Read Data/List Directory, Synchronize, Disposition: Open, Options: Directory, Synchronous IO Non-Alert, Attributes: n/a, ShareMode: Read, Write, Delete, AllocationSize: n/a, OpenResult: Opened 4/14/2022 1:22:33 PM File System C:\Windows\system32\cmd.exe BLUETEAM\ezk cmd.exe /C schtasks /create /ru system /sc daily /tr ""cmd /c powershell.exe -ep bypass -file c:\T1036.004_NonExistingScript.ps1"" /tn win32times /f && schtasks /query /tn win32times 2384 2524",benign
cmd.exe,4092,CloseFile,C:\Windows\System32,SUCCESS,,4/14/2022 1:22:33 PM,File System,C:\Windows\system32\cmd.exe,BLUETEAM\ezk,"cmd.exe /C schtasks /create /ru system /sc daily /tr ""cmd /c powershell.exe -ep bypass -file c:\T1036.004_NonExistingScript.ps1"" /tn win32times /f && schtasks /query /tn win32times",2384,2524,"cmd.exe 4092 CloseFile C:\Windows\System32 SUCCESS None 4/14/2022 1:22:33 PM File System C:\Windows\system32\cmd.exe BLUETEAM\ezk cmd.exe /C schtasks /create /ru system /sc daily /tr ""cmd /c powershell.exe -ep bypass -file c:\T1036.004_NonExistingScript.ps1"" /tn win32times /f && schtasks /query /tn win32times 2384 2524",benign
cmd.exe,4092,CreateFile,C:\,SUCCESS,"Desired Access: Read Data/List Directory, Synchronize, Disposition: Open, Options: Directory, Synchronous IO Non-Alert, Attributes: n/a, ShareMode: Read, Write, Delete, AllocationSize: n/a, OpenResult: Opened",4/14/2022 1:22:33 PM,File System,C:\Windows\system32\cmd.exe,BLUETEAM\ezk,"cmd.exe /C schtasks /create /ru system /sc daily /tr ""cmd /c powershell.exe -ep bypass -file c:\T1036.004_NonExistingScript.ps1"" /tn win32times /f && schtasks /query /tn win32times",2384,2524,"cmd.exe 4092 CreateFile C:\ SUCCESS Desired Access: Read Data/List Directory, Synchronize, Disposition: Open, Options: Directory, Synchronous IO Non-Alert, Attributes: n/a, ShareMode: Read, Write, Delete, AllocationSize: n/a, OpenResult: Opened 4/14/2022 1:22:33 PM File System C:\Windows\system32\cmd.exe BLUETEAM\ezk cmd.exe /C schtasks /create /ru system /sc daily /tr ""cmd /c powershell.exe -ep bypass -file c:\T1036.004_NonExistingScript.ps1"" /tn win32times /f && schtasks /query /tn win32times 2384 2524",benign
cmd.exe,4092,QueryDirectory,C:\Windows,SUCCESS,"FileInformationClass: FileBothDirectoryInformation, Filter: Windows, 2: Windows",4/14/2022 1:22:33 PM,File System,C:\Windows\system32\cmd.exe,BLUETEAM\ezk,"cmd.exe /C schtasks /create /ru system /sc daily /tr ""cmd /c powershell.exe -ep bypass -file c:\T1036.004_NonExistingScript.ps1"" /tn win32times /f && schtasks /query /tn win32times",2384,2524,"cmd.exe 4092 QueryDirectory C:\Windows SUCCESS FileInformationClass: FileBothDirectoryInformation, Filter: Windows, 2: Windows 4/14/2022 1:22:33 PM File System C:\Windows\system32\cmd.exe BLUETEAM\ezk cmd.exe /C schtasks /create /ru system /sc daily /tr ""cmd /c powershell.exe -ep bypass -file c:\T1036.004_NonExistingScript.ps1"" /tn win32times /f && schtasks /query /tn win32times 2384 2524",benign
cmd.exe,4092,CloseFile,C:\,SUCCESS,,4/14/2022 1:22:33 PM,File System,C:\Windows\system32\cmd.exe,BLUETEAM\ezk,"cmd.exe /C schtasks /create /ru system /sc daily /tr ""cmd /c powershell.exe -ep bypass -file c:\T1036.004_NonExistingScript.ps1"" /tn win32times /f && schtasks /query /tn win32times",2384,2524,"cmd.exe 4092 CloseFile C:\ SUCCESS None 4/14/2022 1:22:33 PM File System C:\Windows\system32\cmd.exe BLUETEAM\ezk cmd.exe /C schtasks /create /ru system /sc daily /tr ""cmd /c powershell.exe -ep bypass -file c:\T1036.004_NonExistingScript.ps1"" /tn win32times /f && schtasks /query /tn win32times 2384 2524",benign
cmd.exe,4092,CreateFile,C:\Windows,SUCCESS,"Desired Access: Read Data/List Directory, Synchronize, Disposition: Open, Options: Directory, Synchronous IO Non-Alert, Attributes: n/a, ShareMode: Read, Write, Delete, AllocationSize: n/a, OpenResult: Opened",4/14/2022 1:22:33 PM,File System,C:\Windows\system32\cmd.exe,BLUETEAM\ezk,"cmd.exe /C schtasks /create /ru system /sc daily /tr ""cmd /c powershell.exe -ep bypass -file c:\T1036.004_NonExistingScript.ps1"" /tn win32times /f && schtasks /query /tn win32times",2384,2524,"cmd.exe 4092 CreateFile C:\Windows SUCCESS Desired Access: Read Data/List Directory, Synchronize, Disposition: Open, Options: Directory, Synchronous IO Non-Alert, Attributes: n/a, ShareMode: Read, Write, Delete, AllocationSize: n/a, OpenResult: Opened 4/14/2022 1:22:33 PM File System C:\Windows\system32\cmd.exe BLUETEAM\ezk cmd.exe /C schtasks /create /ru system /sc daily /tr ""cmd /c powershell.exe -ep bypass -file c:\T1036.004_NonExistingScript.ps1"" /tn win32times /f && schtasks /query /tn win32times 2384 2524",benign
cmd.exe,4092,QueryDirectory,C:\Windows\system32,SUCCESS,"FileInformationClass: FileBothDirectoryInformation, Filter: system32, 2: System32",4/14/2022 1:22:33 PM,File System,C:\Windows\system32\cmd.exe,BLUETEAM\ezk,"cmd.exe /C schtasks /create /ru system /sc daily /tr ""cmd /c powershell.exe -ep bypass -file c:\T1036.004_NonExistingScript.ps1"" /tn win32times /f && schtasks /query /tn win32times",2384,2524,"cmd.exe 4092 QueryDirectory C:\Windows\system32 SUCCESS FileInformationClass: FileBothDirectoryInformation, Filter: system32, 2: System32 4/14/2022 1:22:33 PM File System C:\Windows\system32\cmd.exe BLUETEAM\ezk cmd.exe /C schtasks /create /ru system /sc daily /tr ""cmd /c powershell.exe -ep bypass -file c:\T1036.004_NonExistingScript.ps1"" /tn win32times /f && schtasks /query /tn win32times 2384 2524",benign
cmd.exe,4092,CloseFile,C:\Windows,SUCCESS,,4/14/2022 1:22:33 PM,File System,C:\Windows\system32\cmd.exe,BLUETEAM\ezk,"cmd.exe /C schtasks /create /ru system /sc daily /tr ""cmd /c powershell.exe -ep bypass -file c:\T1036.004_NonExistingScript.ps1"" /tn win32times /f && schtasks /query /tn win32times",2384,2524,"cmd.exe 4092 CloseFile C:\Windows SUCCESS None 4/14/2022 1:22:33 PM File System C:\Windows\system32\cmd.exe BLUETEAM\ezk cmd.exe /C schtasks /create /ru system /sc daily /tr ""cmd /c powershell.exe -ep bypass -file c:\T1036.004_NonExistingScript.ps1"" /tn win32times /f && schtasks /query /tn win32times 2384 2524",benign
cmd.exe,4092,CreateFile,C:\Windows\System32,SUCCESS,"Desired Access: Read Attributes, Disposition: Open, Options: Open Reparse Point, Attributes: n/a, ShareMode: Read, Write, Delete, AllocationSize: n/a, OpenResult: Opened",4/14/2022 1:22:33 PM,File System,C:\Windows\system32\cmd.exe,BLUETEAM\ezk,"cmd.exe /C schtasks /create /ru system /sc daily /tr ""cmd /c powershell.exe -ep bypass -file c:\T1036.004_NonExistingScript.ps1"" /tn win32times /f && schtasks /query /tn win32times",2384,2524,"cmd.exe 4092 CreateFile C:\Windows\System32 SUCCESS Desired Access: Read Attributes, Disposition: Open, Options: Open Reparse Point, Attributes: n/a, ShareMode: Read, Write, Delete, AllocationSize: n/a, OpenResult: Opened 4/14/2022 1:22:33 PM File System C:\Windows\system32\cmd.exe BLUETEAM\ezk cmd.exe /C schtasks /create /ru system /sc daily /tr ""cmd /c powershell.exe -ep bypass -file c:\T1036.004_NonExistingScript.ps1"" /tn win32times /f && schtasks /query /tn win32times 2384 2524",benign
cmd.exe,4092,QueryBasicInformationFile,C:\Windows\System32,SUCCESS,"CreationTime: 12/7/2019 5:03:44 PM, LastAccessTime: 4/14/2022 1:22:33 PM, LastWriteTime: 4/14/2022 1:20:26 PM, ChangeTime: 4/14/2022 1:20:26 PM, FileAttributes: D",4/14/2022 1:22:33 PM,File System,C:\Windows\system32\cmd.exe,BLUETEAM\ezk,"cmd.exe /C schtasks /create /ru system /sc daily /tr ""cmd /c powershell.exe -ep bypass -file c:\T1036.004_NonExistingScript.ps1"" /tn win32times /f && schtasks /query /tn win32times",2384,2524,"cmd.exe 4092 QueryBasicInformationFile C:\Windows\System32 SUCCESS CreationTime: 12/7/2019 5:03:44 PM, LastAccessTime: 4/14/2022 1:22:33 PM, LastWriteTime: 4/14/2022 1:20:26 PM, ChangeTime: 4/14/2022 1:20:26 PM, FileAttributes: D 4/14/2022 1:22:33 PM File System C:\Windows\system32\cmd.exe BLUETEAM\ezk cmd.exe /C schtasks /create /ru system /sc daily /tr ""cmd /c powershell.exe -ep bypass -file c:\T1036.004_NonExistingScript.ps1"" /tn win32times /f && schtasks /query /tn win32times 2384 2524",benign
cmd.exe,4092,CloseFile,C:\Windows\System32,SUCCESS,,4/14/2022 1:22:33 PM,File System,C:\Windows\system32\cmd.exe,BLUETEAM\ezk,"cmd.exe /C schtasks /create /ru system /sc daily /tr ""cmd /c powershell.exe -ep bypass -file c:\T1036.004_NonExistingScript.ps1"" /tn win32times /f && schtasks /query /tn win32times",2384,2524,"cmd.exe 4092 CloseFile C:\Windows\System32 SUCCESS None 4/14/2022 1:22:33 PM File System C:\Windows\system32\cmd.exe BLUETEAM\ezk cmd.exe /C schtasks /create /ru system /sc daily /tr ""cmd /c powershell.exe -ep bypass -file c:\T1036.004_NonExistingScript.ps1"" /tn win32times /f && schtasks /query /tn win32times 2384 2524",benign
cmd.exe,4092,RegOpenKey,HKLM\System\CurrentControlSet\Control\Nls\CustomLocale,REPARSE,Desired Access: Read,4/14/2022 1:22:33 PM,Registry,C:\Windows\system32\cmd.exe,BLUETEAM\ezk,"cmd.exe /C schtasks /create /ru system /sc daily /tr ""cmd /c powershell.exe -ep bypass -file c:\T1036.004_NonExistingScript.ps1"" /tn win32times /f && schtasks /query /tn win32times",2384,2524,"cmd.exe 4092 RegOpenKey HKLM\System\CurrentControlSet\Control\Nls\CustomLocale REPARSE Desired Access: Read 4/14/2022 1:22:33 PM Registry C:\Windows\system32\cmd.exe BLUETEAM\ezk cmd.exe /C schtasks /create /ru system /sc daily /tr ""cmd /c powershell.exe -ep bypass -file c:\T1036.004_NonExistingScript.ps1"" /tn win32times /f && schtasks /query /tn win32times 2384 2524",benign
cmd.exe,4092,RegOpenKey,HKLM\System\CurrentControlSet\Control\Session Manager\BAM,NAME NOT FOUND,Desired Access: Query Value,4/14/2022 1:22:33 PM,Registry,C:\Windows\system32\cmd.exe,BLUETEAM\ezk,"cmd.exe /C schtasks /create /ru system /sc daily /tr ""cmd /c powershell.exe -ep bypass -file c:\T1036.004_NonExistingScript.ps1"" /tn win32times /f && schtasks /query /tn win32times",2384,2524,"cmd.exe 4092 RegOpenKey HKLM\System\CurrentControlSet\Control\Session Manager\BAM NAME NOT FOUND Desired Access: Query Value 4/14/2022 1:22:33 PM Registry C:\Windows\system32\cmd.exe BLUETEAM\ezk cmd.exe /C schtasks /create /ru system /sc daily /tr ""cmd /c powershell.exe -ep bypass -file c:\T1036.004_NonExistingScript.ps1"" /tn win32times /f && schtasks /query /tn win32times 2384 2524",benign
cmd.exe,4092,RegOpenKey,HKLM\System\CurrentControlSet\Control\Nls\CustomLocale,SUCCESS,Desired Access: Read,4/14/2022 1:22:33 PM,Registry,C:\Windows\system32\cmd.exe,BLUETEAM\ezk,"cmd.exe /C schtasks /create /ru system /sc daily /tr ""cmd /c powershell.exe -ep bypass -file c:\T1036.004_NonExistingScript.ps1"" /tn win32times /f && schtasks /query /tn win32times",2384,2524,"cmd.exe 4092 RegOpenKey HKLM\System\CurrentControlSet\Control\Nls\CustomLocale SUCCESS Desired Access: Read 4/14/2022 1:22:33 PM Registry C:\Windows\system32\cmd.exe BLUETEAM\ezk cmd.exe /C schtasks /create /ru system /sc daily /tr ""cmd /c powershell.exe -ep bypass -file c:\T1036.004_NonExistingScript.ps1"" /tn win32times /f && schtasks /query /tn win32times 2384 2524",benign
cmd.exe,4092,RegCloseKey,HKLM\System\CurrentControlSet\Control\Nls\CustomLocale,SUCCESS,,4/14/2022 1:22:33 PM,Registry,C:\Windows\system32\cmd.exe,BLUETEAM\ezk,"cmd.exe /C schtasks /create /ru system /sc daily /tr ""cmd /c powershell.exe -ep bypass -file c:\T1036.004_NonExistingScript.ps1"" /tn win32times /f && schtasks /query /tn win32times",2384,2524,"cmd.exe 4092 RegCloseKey HKLM\System\CurrentControlSet\Control\Nls\CustomLocale SUCCESS None 4/14/2022 1:22:33 PM Registry C:\Windows\system32\cmd.exe BLUETEAM\ezk cmd.exe /C schtasks /create /ru system /sc daily /tr ""cmd /c powershell.exe -ep bypass -file c:\T1036.004_NonExistingScript.ps1"" /tn win32times /f && schtasks /query /tn win32times 2384 2524",benign
cmd.exe,4092,RegOpenKey,HKLM\System\CurrentControlSet\Control\Nls\ExtendedLocale,REPARSE,Desired Access: Read,4/14/2022 1:22:33 PM,Registry,C:\Windows\system32\cmd.exe,BLUETEAM\ezk,"cmd.exe /C schtasks /create /ru system /sc daily /tr ""cmd /c powershell.exe -ep bypass -file c:\T1036.004_NonExistingScript.ps1"" /tn win32times /f && schtasks /query /tn win32times",2384,2524,"cmd.exe 4092 RegOpenKey HKLM\System\CurrentControlSet\Control\Nls\ExtendedLocale REPARSE Desired Access: Read 4/14/2022 1:22:33 PM Registry C:\Windows\system32\cmd.exe BLUETEAM\ezk cmd.exe /C schtasks /create /ru system /sc daily /tr ""cmd /c powershell.exe -ep bypass -file c:\T1036.004_NonExistingScript.ps1"" /tn win32times /f && schtasks /query /tn win32times 2384 2524",benign
cmd.exe,4092,RegOpenKey,HKLM\System\CurrentControlSet\Control\Nls\ExtendedLocale,SUCCESS,Desired Access: Read,4/14/2022 1:22:33 PM,Registry,C:\Windows\system32\cmd.exe,BLUETEAM\ezk,"cmd.exe /C schtasks /create /ru system /sc daily /tr ""cmd /c powershell.exe -ep bypass -file c:\T1036.004_NonExistingScript.ps1"" /tn win32times /f && schtasks /query /tn win32times",2384,2524,"cmd.exe 4092 RegOpenKey HKLM\System\CurrentControlSet\Control\Nls\ExtendedLocale SUCCESS Desired Access: Read 4/14/2022 1:22:33 PM Registry C:\Windows\system32\cmd.exe BLUETEAM\ezk cmd.exe /C schtasks /create /ru system /sc daily /tr ""cmd /c powershell.exe -ep bypass -file c:\T1036.004_NonExistingScript.ps1"" /tn win32times /f && schtasks /query /tn win32times 2384 2524",benign
cmd.exe,4092,RegQueryValue,HKLM\System\CurrentControlSet\Control\Nls\ExtendedLocale\en-US,NAME NOT FOUND,Length: 532,4/14/2022 1:22:33 PM,Registry,C:\Windows\system32\cmd.exe,BLUETEAM\ezk,"cmd.exe /C schtasks /create /ru system /sc daily /tr ""cmd /c powershell.exe -ep bypass -file c:\T1036.004_NonExistingScript.ps1"" /tn win32times /f && schtasks /query /tn win32times",2384,2524,"cmd.exe 4092 RegQueryValue HKLM\System\CurrentControlSet\Control\Nls\ExtendedLocale\en-US NAME NOT FOUND Length: 532 4/14/2022 1:22:33 PM Registry C:\Windows\system32\cmd.exe BLUETEAM\ezk cmd.exe /C schtasks /create /ru system /sc daily /tr ""cmd /c powershell.exe -ep bypass -file c:\T1036.004_NonExistingScript.ps1"" /tn win32times /f && schtasks /query /tn win32times 2384 2524",benign
cmd.exe,4092,RegCloseKey,HKLM\System\CurrentControlSet\Control\Nls\ExtendedLocale,SUCCESS,,4/14/2022 1:22:33 PM,Registry,C:\Windows\system32\cmd.exe,BLUETEAM\ezk,"cmd.exe /C schtasks /create /ru system /sc daily /tr ""cmd /c powershell.exe -ep bypass -file c:\T1036.004_NonExistingScript.ps1"" /tn win32times /f && schtasks /query /tn win32times",2384,2524,"cmd.exe 4092 RegCloseKey HKLM\System\CurrentControlSet\Control\Nls\ExtendedLocale SUCCESS None 4/14/2022 1:22:33 PM Registry C:\Windows\system32\cmd.exe BLUETEAM\ezk cmd.exe /C schtasks /create /ru system /sc daily /tr ""cmd /c powershell.exe -ep bypass -file c:\T1036.004_NonExistingScript.ps1"" /tn win32times /f && schtasks /query /tn win32times 2384 2524",benign
cmd.exe,4092,CreateFile,C:\Windows\System32,SUCCESS,"Desired Access: Read Data/List Directory, Synchronize, Disposition: Open, Options: Directory, Synchronous IO Non-Alert, Attributes: n/a, ShareMode: Read, Write, Delete, AllocationSize: n/a, OpenResult: Opened",4/14/2022 1:22:33 PM,File System,C:\Windows\system32\cmd.exe,BLUETEAM\ezk,"cmd.exe /C schtasks /create /ru system /sc daily /tr ""cmd /c powershell.exe -ep bypass -file c:\T1036.004_NonExistingScript.ps1"" /tn win32times /f && schtasks /query /tn win32times",2384,2524,"cmd.exe 4092 CreateFile C:\Windows\System32 SUCCESS Desired Access: Read Data/List Directory, Synchronize, Disposition: Open, Options: Directory, Synchronous IO Non-Alert, Attributes: n/a, ShareMode: Read, Write, Delete, AllocationSize: n/a, OpenResult: Opened 4/14/2022 1:22:33 PM File System C:\Windows\system32\cmd.exe BLUETEAM\ezk cmd.exe /C schtasks /create /ru system /sc daily /tr ""cmd /c powershell.exe -ep bypass -file c:\T1036.004_NonExistingScript.ps1"" /tn win32times /f && schtasks /query /tn win32times 2384 2524",benign
cmd.exe,4092,QueryDirectory,C:\Windows\System32\schtasks.*,SUCCESS,"FileInformationClass: FileFullDirectoryInformation, Filter: schtasks.*, 2: schtasks.exe",4/14/2022 1:22:33 PM,File System,C:\Windows\system32\cmd.exe,BLUETEAM\ezk,"cmd.exe /C schtasks /create /ru system /sc daily /tr ""cmd /c powershell.exe -ep bypass -file c:\T1036.004_NonExistingScript.ps1"" /tn win32times /f && schtasks /query /tn win32times",2384,2524,"cmd.exe 4092 QueryDirectory C:\Windows\System32\schtasks.* SUCCESS FileInformationClass: FileFullDirectoryInformation, Filter: schtasks.*, 2: schtasks.exe 4/14/2022 1:22:33 PM File System C:\Windows\system32\cmd.exe BLUETEAM\ezk cmd.exe /C schtasks /create /ru system /sc daily /tr ""cmd /c powershell.exe -ep bypass -file c:\T1036.004_NonExistingScript.ps1"" /tn win32times /f && schtasks /query /tn win32times 2384 2524",benign
cmd.exe,4092,CloseFile,C:\Windows\System32,SUCCESS,,4/14/2022 1:22:33 PM,File System,C:\Windows\system32\cmd.exe,BLUETEAM\ezk,"cmd.exe /C schtasks /create /ru system /sc daily /tr ""cmd /c powershell.exe -ep bypass -file c:\T1036.004_NonExistingScript.ps1"" /tn win32times /f && schtasks /query /tn win32times",2384,2524,"cmd.exe 4092 CloseFile C:\Windows\System32 SUCCESS None 4/14/2022 1:22:33 PM File System C:\Windows\system32\cmd.exe BLUETEAM\ezk cmd.exe /C schtasks /create /ru system /sc daily /tr ""cmd /c powershell.exe -ep bypass -file c:\T1036.004_NonExistingScript.ps1"" /tn win32times /f && schtasks /query /tn win32times 2384 2524",benign
cmd.exe,4092,CreateFile,C:\Windows\System32,SUCCESS,"Desired Access: Read Data/List Directory, Synchronize, Disposition: Open, Options: Directory, Synchronous IO Non-Alert, Attributes: n/a, ShareMode: Read, Write, Delete, AllocationSize: n/a, OpenResult: Opened",4/14/2022 1:22:33 PM,File System,C:\Windows\system32\cmd.exe,BLUETEAM\ezk,"cmd.exe /C schtasks /create /ru system /sc daily /tr ""cmd /c powershell.exe -ep bypass -file c:\T1036.004_NonExistingScript.ps1"" /tn win32times /f && schtasks /query /tn win32times",2384,2524,"cmd.exe 4092 CreateFile C:\Windows\System32 SUCCESS Desired Access: Read Data/List Directory, Synchronize, Disposition: Open, Options: Directory, Synchronous IO Non-Alert, Attributes: n/a, ShareMode: Read, Write, Delete, AllocationSize: n/a, OpenResult: Opened 4/14/2022 1:22:33 PM File System C:\Windows\system32\cmd.exe BLUETEAM\ezk cmd.exe /C schtasks /create /ru system /sc daily /tr ""cmd /c powershell.exe -ep bypass -file c:\T1036.004_NonExistingScript.ps1"" /tn win32times /f && schtasks /query /tn win32times 2384 2524",benign
cmd.exe,4092,QueryDirectory,C:\Windows\System32\schtasks.COM,NO SUCH FILE,"FileInformationClass: FileFullDirectoryInformation, Filter: schtasks.COM",4/14/2022 1:22:33 PM,File System,C:\Windows\system32\cmd.exe,BLUETEAM\ezk,"cmd.exe /C schtasks /create /ru system /sc daily /tr ""cmd /c powershell.exe -ep bypass -file c:\T1036.004_NonExistingScript.ps1"" /tn win32times /f && schtasks /query /tn win32times",2384,2524,"cmd.exe 4092 QueryDirectory C:\Windows\System32\schtasks.COM NO SUCH FILE FileInformationClass: FileFullDirectoryInformation, Filter: schtasks.COM 4/14/2022 1:22:33 PM File System C:\Windows\system32\cmd.exe BLUETEAM\ezk cmd.exe /C schtasks /create /ru system /sc daily /tr ""cmd /c powershell.exe -ep bypass -file c:\T1036.004_NonExistingScript.ps1"" /tn win32times /f && schtasks /query /tn win32times 2384 2524",benign
cmd.exe,4092,CloseFile,C:\Windows\System32,SUCCESS,,4/14/2022 1:22:33 PM,File System,C:\Windows\system32\cmd.exe,BLUETEAM\ezk,"cmd.exe /C schtasks /create /ru system /sc daily /tr ""cmd /c powershell.exe -ep bypass -file c:\T1036.004_NonExistingScript.ps1"" /tn win32times /f && schtasks /query /tn win32times",2384,2524,"cmd.exe 4092 CloseFile C:\Windows\System32 SUCCESS None 4/14/2022 1:22:33 PM File System C:\Windows\system32\cmd.exe BLUETEAM\ezk cmd.exe /C schtasks /create /ru system /sc daily /tr ""cmd /c powershell.exe -ep bypass -file c:\T1036.004_NonExistingScript.ps1"" /tn win32times /f && schtasks /query /tn win32times 2384 2524",benign
cmd.exe,4092,RegQueryValue,HKLM\System\CurrentControlSet\Control\Nls\CustomLocale\en-US,NAME NOT FOUND,Length: 532,4/14/2022 1:22:33 PM,Registry,C:\Windows\system32\cmd.exe,BLUETEAM\ezk,"cmd.exe /C schtasks /create /ru system /sc daily /tr ""cmd /c powershell.exe -ep bypass -file c:\T1036.004_NonExistingScript.ps1"" /tn win32times /f && schtasks /query /tn win32times",2384,2524,"cmd.exe 4092 RegQueryValue HKLM\System\CurrentControlSet\Control\Nls\CustomLocale\en-US NAME NOT FOUND Length: 532 4/14/2022 1:22:33 PM Registry C:\Windows\system32\cmd.exe BLUETEAM\ezk cmd.exe /C schtasks /create /ru system /sc daily /tr ""cmd /c powershell.exe -ep bypass -file c:\T1036.004_NonExistingScript.ps1"" /tn win32times /f && schtasks /query /tn win32times 2384 2524",benign
cmd.exe,4092,QueryBasicInformationFile,C:\Windows\System32,SUCCESS,"CreationTime: 12/7/2019 5:03:44 PM, LastAccessTime: 4/14/2022 1:22:33 PM, LastWriteTime: 4/14/2022 1:20:26 PM, ChangeTime: 4/14/2022 1:20:26 PM, FileAttributes: D",4/14/2022 1:22:33 PM,File System,C:\Windows\system32\cmd.exe,BLUETEAM\ezk,"cmd.exe /C schtasks /create /ru system /sc daily /tr ""cmd /c powershell.exe -ep bypass -file c:\T1036.004_NonExistingScript.ps1"" /tn win32times /f && schtasks /query /tn win32times",2384,2524,"cmd.exe 4092 QueryBasicInformationFile C:\Windows\System32 SUCCESS CreationTime: 12/7/2019 5:03:44 PM, LastAccessTime: 4/14/2022 1:22:33 PM, LastWriteTime: 4/14/2022 1:20:26 PM, ChangeTime: 4/14/2022 1:20:26 PM, FileAttributes: D 4/14/2022 1:22:33 PM File System C:\Windows\system32\cmd.exe BLUETEAM\ezk cmd.exe /C schtasks /create /ru system /sc daily /tr ""cmd /c powershell.exe -ep bypass -file c:\T1036.004_NonExistingScript.ps1"" /tn win32times /f && schtasks /query /tn win32times 2384 2524",benign
cmd.exe,4092,CreateFile,C:\Windows\System32\schtasks.exe,SUCCESS,"Desired Access: Read Attributes, Disposition: Open, Options: Non-Directory File, Attributes: n/a, ShareMode: Read, Write, AllocationSize: n/a, OpenResult: Opened",4/14/2022 1:22:33 PM,File System,C:\Windows\system32\cmd.exe,BLUETEAM\ezk,"cmd.exe /C schtasks /create /ru system /sc daily /tr ""cmd /c powershell.exe -ep bypass -file c:\T1036.004_NonExistingScript.ps1"" /tn win32times /f && schtasks /query /tn win32times",2384,2524,"cmd.exe 4092 CreateFile C:\Windows\System32\schtasks.exe SUCCESS Desired Access: Read Attributes, Disposition: Open, Options: Non-Directory File, Attributes: n/a, ShareMode: Read, Write, AllocationSize: n/a, OpenResult: Opened 4/14/2022 1:22:33 PM File System C:\Windows\system32\cmd.exe BLUETEAM\ezk cmd.exe /C schtasks /create /ru system /sc daily /tr ""cmd /c powershell.exe -ep bypass -file c:\T1036.004_NonExistingScript.ps1"" /tn win32times /f && schtasks /query /tn win32times 2384 2524",benign
cmd.exe,4092,CreateFile,C:\Windows\System32\schtasks.exe,SUCCESS,"Desired Access: Read Data/List Directory, Read Attributes, Synchronize, Disposition: Open, Options: Sequential Access, Synchronous IO Alert, Non-Directory File, Attributes: N, ShareMode: Read, Delete, AllocationSize: n/a, OpenResult: Opened",4/14/2022 1:22:33 PM,File System,C:\Windows\system32\cmd.exe,BLUETEAM\ezk,"cmd.exe /C schtasks /create /ru system /sc daily /tr ""cmd /c powershell.exe -ep bypass -file c:\T1036.004_NonExistingScript.ps1"" /tn win32times /f && schtasks /query /tn win32times",2384,2524,"cmd.exe 4092 CreateFile C:\Windows\System32\schtasks.exe SUCCESS Desired Access: Read Data/List Directory, Read Attributes, Synchronize, Disposition: Open, Options: Sequential Access, Synchronous IO Alert, Non-Directory File, Attributes: N, ShareMode: Read, Delete, AllocationSize: n/a, OpenResult: Opened 4/14/2022 1:22:33 PM File System C:\Windows\system32\cmd.exe BLUETEAM\ezk cmd.exe /C schtasks /create /ru system /sc daily /tr ""cmd /c powershell.exe -ep bypass -file c:\T1036.004_NonExistingScript.ps1"" /tn win32times /f && schtasks /query /tn win32times 2384 2524",benign
cmd.exe,4092,RegQueryValue,HKLM\SOFTWARE\Microsoft\Windows\CurrentVersion\SideBySide\PreferExternalManifest,NAME NOT FOUND,Length: 20,4/14/2022 1:22:33 PM,Registry,C:\Windows\system32\cmd.exe,BLUETEAM\ezk,"cmd.exe /C schtasks /create /ru system /sc daily /tr ""cmd /c powershell.exe -ep bypass -file c:\T1036.004_NonExistingScript.ps1"" /tn win32times /f && schtasks /query /tn win32times",2384,2524,"cmd.exe 4092 RegQueryValue HKLM\SOFTWARE\Microsoft\Windows\CurrentVersion\SideBySide\PreferExternalManifest NAME NOT FOUND Length: 20 4/14/2022 1:22:33 PM Registry C:\Windows\system32\cmd.exe BLUETEAM\ezk cmd.exe /C schtasks /create /ru system /sc daily /tr ""cmd /c powershell.exe -ep bypass -file c:\T1036.004_NonExistingScript.ps1"" /tn win32times /f && schtasks /query /tn win32times 2384 2524",benign
cmd.exe,4092,RegCloseKey,HKLM\SOFTWARE\Microsoft\Windows\CurrentVersion\SideBySide,SUCCESS,,4/14/2022 1:22:33 PM,Registry,C:\Windows\system32\cmd.exe,BLUETEAM\ezk,"cmd.exe /C schtasks /create /ru system /sc daily /tr ""cmd /c powershell.exe -ep bypass -file c:\T1036.004_NonExistingScript.ps1"" /tn win32times /f && schtasks /query /tn win32times",2384,2524,"cmd.exe 4092 RegCloseKey HKLM\SOFTWARE\Microsoft\Windows\CurrentVersion\SideBySide SUCCESS None 4/14/2022 1:22:33 PM Registry C:\Windows\system32\cmd.exe BLUETEAM\ezk cmd.exe /C schtasks /create /ru system /sc daily /tr ""cmd /c powershell.exe -ep bypass -file c:\T1036.004_NonExistingScript.ps1"" /tn win32times /f && schtasks /query /tn win32times 2384 2524",benign
cmd.exe,4092,CloseFile,C:\Windows\System32\schtasks.exe,SUCCESS,,4/14/2022 1:22:33 PM,File System,C:\Windows\system32\cmd.exe,BLUETEAM\ezk,"cmd.exe /C schtasks /create /ru system /sc daily /tr ""cmd /c powershell.exe -ep bypass -file c:\T1036.004_NonExistingScript.ps1"" /tn win32times /f && schtasks /query /tn win32times",2384,2524,"cmd.exe 4092 CloseFile C:\Windows\System32\schtasks.exe SUCCESS None 4/14/2022 1:22:33 PM File System C:\Windows\system32\cmd.exe BLUETEAM\ezk cmd.exe /C schtasks /create /ru system /sc daily /tr ""cmd /c powershell.exe -ep bypass -file c:\T1036.004_NonExistingScript.ps1"" /tn win32times /f && schtasks /query /tn win32times 2384 2524",benign
cmd.exe,4092,CreateFile,C:\Windows\System32,SUCCESS,"Desired Access: Read Data/List Directory, Synchronize, Disposition: Open, Options: Directory, Synchronous IO Non-Alert, Attributes: n/a, ShareMode: Read, Write, Delete, AllocationSize: n/a, OpenResult: Opened",4/14/2022 1:22:33 PM,File System,C:\Windows\system32\cmd.exe,BLUETEAM\ezk,"cmd.exe /C schtasks /create /ru system /sc daily /tr ""cmd /c powershell.exe -ep bypass -file c:\T1036.004_NonExistingScript.ps1"" /tn win32times /f && schtasks /query /tn win32times",2384,2524,"cmd.exe 4092 CreateFile C:\Windows\System32 SUCCESS Desired Access: Read Data/List Directory, Synchronize, Disposition: Open, Options: Directory, Synchronous IO Non-Alert, Attributes: n/a, ShareMode: Read, Write, Delete, AllocationSize: n/a, OpenResult: Opened 4/14/2022 1:22:33 PM File System C:\Windows\system32\cmd.exe BLUETEAM\ezk cmd.exe /C schtasks /create /ru system /sc daily /tr ""cmd /c powershell.exe -ep bypass -file c:\T1036.004_NonExistingScript.ps1"" /tn win32times /f && schtasks /query /tn win32times 2384 2524",benign
cmd.exe,4092,QueryDirectory,C:\Windows\System32\schtasks.*,SUCCESS,"FileInformationClass: FileFullDirectoryInformation, Filter: schtasks.*, 2: schtasks.exe",4/14/2022 1:22:33 PM,File System,C:\Windows\system32\cmd.exe,BLUETEAM\ezk,"cmd.exe /C schtasks /create /ru system /sc daily /tr ""cmd /c powershell.exe -ep bypass -file c:\T1036.004_NonExistingScript.ps1"" /tn win32times /f && schtasks /query /tn win32times",2384,2524,"cmd.exe 4092 QueryDirectory C:\Windows\System32\schtasks.* SUCCESS FileInformationClass: FileFullDirectoryInformation, Filter: schtasks.*, 2: schtasks.exe 4/14/2022 1:22:33 PM File System C:\Windows\system32\cmd.exe BLUETEAM\ezk cmd.exe /C schtasks /create /ru system /sc daily /tr ""cmd /c powershell.exe -ep bypass -file c:\T1036.004_NonExistingScript.ps1"" /tn win32times /f && schtasks /query /tn win32times 2384 2524",benign
cmd.exe,4092,CloseFile,C:\Windows\System32,SUCCESS,,4/14/2022 1:22:33 PM,File System,C:\Windows\system32\cmd.exe,BLUETEAM\ezk,"cmd.exe /C schtasks /create /ru system /sc daily /tr ""cmd /c powershell.exe -ep bypass -file c:\T1036.004_NonExistingScript.ps1"" /tn win32times /f && schtasks /query /tn win32times",2384,2524,"cmd.exe 4092 CloseFile C:\Windows\System32 SUCCESS None 4/14/2022 1:22:33 PM File System C:\Windows\system32\cmd.exe BLUETEAM\ezk cmd.exe /C schtasks /create /ru system /sc daily /tr ""cmd /c powershell.exe -ep bypass -file c:\T1036.004_NonExistingScript.ps1"" /tn win32times /f && schtasks /query /tn win32times 2384 2524",benign
cmd.exe,4092,CreateFile,C:\Windows\System32,SUCCESS,"Desired Access: Read Data/List Directory, Synchronize, Disposition: Open, Options: Directory, Synchronous IO Non-Alert, Attributes: n/a, ShareMode: Read, Write, Delete, AllocationSize: n/a, OpenResult: Opened",4/14/2022 1:22:33 PM,File System,C:\Windows\system32\cmd.exe,BLUETEAM\ezk,"cmd.exe /C schtasks /create /ru system /sc daily /tr ""cmd /c powershell.exe -ep bypass -file c:\T1036.004_NonExistingScript.ps1"" /tn win32times /f && schtasks /query /tn win32times",2384,2524,"cmd.exe 4092 CreateFile C:\Windows\System32 SUCCESS Desired Access: Read Data/List Directory, Synchronize, Disposition: Open, Options: Directory, Synchronous IO Non-Alert, Attributes: n/a, ShareMode: Read, Write, Delete, AllocationSize: n/a, OpenResult: Opened 4/14/2022 1:22:33 PM File System C:\Windows\system32\cmd.exe BLUETEAM\ezk cmd.exe /C schtasks /create /ru system /sc daily /tr ""cmd /c powershell.exe -ep bypass -file c:\T1036.004_NonExistingScript.ps1"" /tn win32times /f && schtasks /query /tn win32times 2384 2524",benign
cmd.exe,4092,QueryDirectory,C:\Windows\System32\schtasks.COM,NO SUCH FILE,"FileInformationClass: FileFullDirectoryInformation, Filter: schtasks.COM",4/14/2022 1:22:33 PM,File System,C:\Windows\system32\cmd.exe,BLUETEAM\ezk,"cmd.exe /C schtasks /create /ru system /sc daily /tr ""cmd /c powershell.exe -ep bypass -file c:\T1036.004_NonExistingScript.ps1"" /tn win32times /f && schtasks /query /tn win32times",2384,2524,"cmd.exe 4092 QueryDirectory C:\Windows\System32\schtasks.COM NO SUCH FILE FileInformationClass: FileFullDirectoryInformation, Filter: schtasks.COM 4/14/2022 1:22:33 PM File System C:\Windows\system32\cmd.exe BLUETEAM\ezk cmd.exe /C schtasks /create /ru system /sc daily /tr ""cmd /c powershell.exe -ep bypass -file c:\T1036.004_NonExistingScript.ps1"" /tn win32times /f && schtasks /query /tn win32times 2384 2524",benign
cmd.exe,4092,CloseFile,C:\Windows\System32,SUCCESS,,4/14/2022 1:22:33 PM,File System,C:\Windows\system32\cmd.exe,BLUETEAM\ezk,"cmd.exe /C schtasks /create /ru system /sc daily /tr ""cmd /c powershell.exe -ep bypass -file c:\T1036.004_NonExistingScript.ps1"" /tn win32times /f && schtasks /query /tn win32times",2384,2524,"cmd.exe 4092 CloseFile C:\Windows\System32 SUCCESS None 4/14/2022 1:22:33 PM File System C:\Windows\system32\cmd.exe BLUETEAM\ezk cmd.exe /C schtasks /create /ru system /sc daily /tr ""cmd /c powershell.exe -ep bypass -file c:\T1036.004_NonExistingScript.ps1"" /tn win32times /f && schtasks /query /tn win32times 2384 2524",benign
cmd.exe,4092,CreateFile,C:\Windows\System32,SUCCESS,"Desired Access: Read Data/List Directory, Synchronize, Disposition: Open, Options: Directory, Synchronous IO Non-Alert, Attributes: n/a, ShareMode: Read, Write, Delete, AllocationSize: n/a, OpenResult: Opened",4/14/2022 1:22:33 PM,File System,C:\Windows\system32\cmd.exe,BLUETEAM\ezk,"cmd.exe /C schtasks /create /ru system /sc daily /tr ""cmd /c powershell.exe -ep bypass -file c:\T1036.004_NonExistingScript.ps1"" /tn win32times /f && schtasks /query /tn win32times",2384,2524,"cmd.exe 4092 CreateFile C:\Windows\System32 SUCCESS Desired Access: Read Data/List Directory, Synchronize, Disposition: Open, Options: Directory, Synchronous IO Non-Alert, Attributes: n/a, ShareMode: Read, Write, Delete, AllocationSize: n/a, OpenResult: Opened 4/14/2022 1:22:33 PM File System C:\Windows\system32\cmd.exe BLUETEAM\ezk cmd.exe /C schtasks /create /ru system /sc daily /tr ""cmd /c powershell.exe -ep bypass -file c:\T1036.004_NonExistingScript.ps1"" /tn win32times /f && schtasks /query /tn win32times 2384 2524",benign
cmd.exe,4092,QueryDirectory,C:\Windows\System32\schtasks.EXE,SUCCESS,"FileInformationClass: FileFullDirectoryInformation, Filter: schtasks.EXE, 2: schtasks.exe",4/14/2022 1:22:33 PM,File System,C:\Windows\system32\cmd.exe,BLUETEAM\ezk,"cmd.exe /C schtasks /create /ru system /sc daily /tr ""cmd /c powershell.exe -ep bypass -file c:\T1036.004_NonExistingScript.ps1"" /tn win32times /f && schtasks /query /tn win32times",2384,2524,"cmd.exe 4092 QueryDirectory C:\Windows\System32\schtasks.EXE SUCCESS FileInformationClass: FileFullDirectoryInformation, Filter: schtasks.EXE, 2: schtasks.exe 4/14/2022 1:22:33 PM File System C:\Windows\system32\cmd.exe BLUETEAM\ezk cmd.exe /C schtasks /create /ru system /sc daily /tr ""cmd /c powershell.exe -ep bypass -file c:\T1036.004_NonExistingScript.ps1"" /tn win32times /f && schtasks /query /tn win32times 2384 2524",benign
cmd.exe,4092,CloseFile,C:\Windows\System32,SUCCESS,,4/14/2022 1:22:33 PM,File System,C:\Windows\system32\cmd.exe,BLUETEAM\ezk,"cmd.exe /C schtasks /create /ru system /sc daily /tr ""cmd /c powershell.exe -ep bypass -file c:\T1036.004_NonExistingScript.ps1"" /tn win32times /f && schtasks /query /tn win32times",2384,2524,"cmd.exe 4092 CloseFile C:\Windows\System32 SUCCESS None 4/14/2022 1:22:33 PM File System C:\Windows\system32\cmd.exe BLUETEAM\ezk cmd.exe /C schtasks /create /ru system /sc daily /tr ""cmd /c powershell.exe -ep bypass -file c:\T1036.004_NonExistingScript.ps1"" /tn win32times /f && schtasks /query /tn win32times 2384 2524",benign
cmd.exe,4092,CreateFile,C:\Windows\System32,SUCCESS,"Desired Access: Read Attributes, Disposition: Open, Options: Open Reparse Point, Attributes: n/a, ShareMode: Read, Write, Delete, AllocationSize: n/a, OpenResult: Opened",4/14/2022 1:22:33 PM,File System,C:\Windows\system32\cmd.exe,BLUETEAM\ezk,"cmd.exe /C schtasks /create /ru system /sc daily /tr ""cmd /c powershell.exe -ep bypass -file c:\T1036.004_NonExistingScript.ps1"" /tn win32times /f && schtasks /query /tn win32times",2384,2524,"cmd.exe 4092 CreateFile C:\Windows\System32 SUCCESS Desired Access: Read Attributes, Disposition: Open, Options: Open Reparse Point, Attributes: n/a, ShareMode: Read, Write, Delete, AllocationSize: n/a, OpenResult: Opened 4/14/2022 1:22:33 PM File System C:\Windows\system32\cmd.exe BLUETEAM\ezk cmd.exe /C schtasks /create /ru system /sc daily /tr ""cmd /c powershell.exe -ep bypass -file c:\T1036.004_NonExistingScript.ps1"" /tn win32times /f && schtasks /query /tn win32times 2384 2524",benign
cmd.exe,4092,QueryBasicInformationFile,C:\Windows\System32,SUCCESS,"CreationTime: 12/7/2019 5:03:44 PM, LastAccessTime: 4/14/2022 1:22:33 PM, LastWriteTime: 4/14/2022 1:20:26 PM, ChangeTime: 4/14/2022 1:20:26 PM, FileAttributes: D",4/14/2022 1:22:33 PM,File System,C:\Windows\system32\cmd.exe,BLUETEAM\ezk,"cmd.exe /C schtasks /create /ru system /sc daily /tr ""cmd /c powershell.exe -ep bypass -file c:\T1036.004_NonExistingScript.ps1"" /tn win32times /f && schtasks /query /tn win32times",2384,2524,"cmd.exe 4092 QueryBasicInformationFile C:\Windows\System32 SUCCESS CreationTime: 12/7/2019 5:03:44 PM, LastAccessTime: 4/14/2022 1:22:33 PM, LastWriteTime: 4/14/2022 1:20:26 PM, ChangeTime: 4/14/2022 1:20:26 PM, FileAttributes: D 4/14/2022 1:22:33 PM File System C:\Windows\system32\cmd.exe BLUETEAM\ezk cmd.exe /C schtasks /create /ru system /sc daily /tr ""cmd /c powershell.exe -ep bypass -file c:\T1036.004_NonExistingScript.ps1"" /tn win32times /f && schtasks /query /tn win32times 2384 2524",benign
cmd.exe,4092,CloseFile,C:\Windows\System32,SUCCESS,,4/14/2022 1:22:33 PM,File System,C:\Windows\system32\cmd.exe,BLUETEAM\ezk,"cmd.exe /C schtasks /create /ru system /sc daily /tr ""cmd /c powershell.exe -ep bypass -file c:\T1036.004_NonExistingScript.ps1"" /tn win32times /f && schtasks /query /tn win32times",2384,2524,"cmd.exe 4092 CloseFile C:\Windows\System32 SUCCESS None 4/14/2022 1:22:33 PM File System C:\Windows\system32\cmd.exe BLUETEAM\ezk cmd.exe /C schtasks /create /ru system /sc daily /tr ""cmd /c powershell.exe -ep bypass -file c:\T1036.004_NonExistingScript.ps1"" /tn win32times /f && schtasks /query /tn win32times 2384 2524",benign
cmd.exe,4092,RegOpenKey,HKLM\SOFTWARE\Microsoft\Windows NT\CurrentVersion\Image File Execution Options\schtasks.exe,NAME NOT FOUND,"Desired Access: Query Value, Enumerate Sub Keys",4/14/2022 1:22:33 PM,Registry,C:\Windows\system32\cmd.exe,BLUETEAM\ezk,"cmd.exe /C schtasks /create /ru system /sc daily /tr ""cmd /c powershell.exe -ep bypass -file c:\T1036.004_NonExistingScript.ps1"" /tn win32times /f && schtasks /query /tn win32times",2384,2524,"cmd.exe 4092 RegOpenKey HKLM\SOFTWARE\Microsoft\Windows NT\CurrentVersion\Image File Execution Options\schtasks.exe NAME NOT FOUND Desired Access: Query Value, Enumerate Sub Keys 4/14/2022 1:22:33 PM Registry C:\Windows\system32\cmd.exe BLUETEAM\ezk cmd.exe /C schtasks /create /ru system /sc daily /tr ""cmd /c powershell.exe -ep bypass -file c:\T1036.004_NonExistingScript.ps1"" /tn win32times /f && schtasks /query /tn win32times 2384 2524",benign
cmd.exe,4092,RegOpenKey,HKLM\Software\Microsoft\Wow64\x86\xtajit,NAME NOT FOUND,Desired Access: Query Value,4/14/2022 1:22:33 PM,Registry,C:\Windows\system32\cmd.exe,BLUETEAM\ezk,"cmd.exe /C schtasks /create /ru system /sc daily /tr ""cmd /c powershell.exe -ep bypass -file c:\T1036.004_NonExistingScript.ps1"" /tn win32times /f && schtasks /query /tn win32times",2384,2524,"cmd.exe 4092 RegOpenKey HKLM\Software\Microsoft\Wow64\x86\xtajit NAME NOT FOUND Desired Access: Query Value 4/14/2022 1:22:33 PM Registry C:\Windows\system32\cmd.exe BLUETEAM\ezk cmd.exe /C schtasks /create /ru system /sc daily /tr ""cmd /c powershell.exe -ep bypass -file c:\T1036.004_NonExistingScript.ps1"" /tn win32times /f && schtasks /query /tn win32times 2384 2524",benign
cmd.exe,4092,CreateFile,C:\Windows\System32\schtasks.exe,SUCCESS,"Desired Access: Read Data/List Directory, Execute/Traverse, Read Attributes, Synchronize, Disposition: Open, Options: Synchronous IO Non-Alert, Non-Directory File, Attributes: N, ShareMode: Read, Delete, AllocationSize: n/a, OpenResult: Opened",4/14/2022 1:22:33 PM,File System,C:\Windows\system32\cmd.exe,BLUETEAM\ezk,"cmd.exe /C schtasks /create /ru system /sc daily /tr ""cmd /c powershell.exe -ep bypass -file c:\T1036.004_NonExistingScript.ps1"" /tn win32times /f && schtasks /query /tn win32times",2384,2524,"cmd.exe 4092 CreateFile C:\Windows\System32\schtasks.exe SUCCESS Desired Access: Read Data/List Directory, Execute/Traverse, Read Attributes, Synchronize, Disposition: Open, Options: Synchronous IO Non-Alert, Non-Directory File, Attributes: N, ShareMode: Read, Delete, AllocationSize: n/a, OpenResult: Opened 4/14/2022 1:22:33 PM File System C:\Windows\system32\cmd.exe BLUETEAM\ezk cmd.exe /C schtasks /create /ru system /sc daily /tr ""cmd /c powershell.exe -ep bypass -file c:\T1036.004_NonExistingScript.ps1"" /tn win32times /f && schtasks /query /tn win32times 2384 2524",benign
cmd.exe,4092,RegOpenKey,HKLM\SOFTWARE\Microsoft\Windows NT\CurrentVersion\Image File Execution Options\schtasks.exe,NAME NOT FOUND,"Desired Access: Query Value, Enumerate Sub Keys",4/14/2022 1:22:33 PM,Registry,C:\Windows\system32\cmd.exe,BLUETEAM\ezk,"cmd.exe /C schtasks /create /ru system /sc daily /tr ""cmd /c powershell.exe -ep bypass -file c:\T1036.004_NonExistingScript.ps1"" /tn win32times /f && schtasks /query /tn win32times",2384,2524,"cmd.exe 4092 RegOpenKey HKLM\SOFTWARE\Microsoft\Windows NT\CurrentVersion\Image File Execution Options\schtasks.exe NAME NOT FOUND Desired Access: Query Value, Enumerate Sub Keys 4/14/2022 1:22:33 PM Registry C:\Windows\system32\cmd.exe BLUETEAM\ezk cmd.exe /C schtasks /create /ru system /sc daily /tr ""cmd /c powershell.exe -ep bypass -file c:\T1036.004_NonExistingScript.ps1"" /tn win32times /f && schtasks /query /tn win32times 2384 2524",benign
cmd.exe,4092,RegOpenKey,HKLM\System\CurrentControlSet\Services\bam\State\UserSettings\S-1-5-21-4065680934-2604657585-3199708412-1106,SUCCESS,Desired Access: All Access,4/14/2022 1:22:33 PM,Registry,C:\Windows\system32\cmd.exe,BLUETEAM\ezk,"cmd.exe /C schtasks /create /ru system /sc daily /tr ""cmd /c powershell.exe -ep bypass -file c:\T1036.004_NonExistingScript.ps1"" /tn win32times /f && schtasks /query /tn win32times",2384,2524,"cmd.exe 4092 RegOpenKey HKLM\System\CurrentControlSet\Services\bam\State\UserSettings\S-1-5-21-4065680934-2604657585-3199708412-1106 SUCCESS Desired Access: All Access 4/14/2022 1:22:33 PM Registry C:\Windows\system32\cmd.exe BLUETEAM\ezk cmd.exe /C schtasks /create /ru system /sc daily /tr ""cmd /c powershell.exe -ep bypass -file c:\T1036.004_NonExistingScript.ps1"" /tn win32times /f && schtasks /query /tn win32times 2384 2524",benign
cmd.exe,4092,RegQueryValue,HKLM\System\CurrentControlSet\Services\bam\State\UserSettings\S-1-5-21-4065680934-2604657585-3199708412-1106\\Device\HarddiskVolume3\Windows\System32\schtasks.exe,NAME NOT FOUND,Length: 40,4/14/2022 1:22:33 PM,Registry,C:\Windows\system32\cmd.exe,BLUETEAM\ezk,"cmd.exe /C schtasks /create /ru system /sc daily /tr ""cmd /c powershell.exe -ep bypass -file c:\T1036.004_NonExistingScript.ps1"" /tn win32times /f && schtasks /query /tn win32times",2384,2524,"cmd.exe 4092 RegQueryValue HKLM\System\CurrentControlSet\Services\bam\State\UserSettings\S-1-5-21-4065680934-2604657585-3199708412-1106\\Device\HarddiskVolume3\Windows\System32\schtasks.exe NAME NOT FOUND Length: 40 4/14/2022 1:22:33 PM Registry C:\Windows\system32\cmd.exe BLUETEAM\ezk cmd.exe /C schtasks /create /ru system /sc daily /tr ""cmd /c powershell.exe -ep bypass -file c:\T1036.004_NonExistingScript.ps1"" /tn win32times /f && schtasks /query /tn win32times 2384 2524",benign
cmd.exe,4092,RegCloseKey,HKLM\System\CurrentControlSet\Services\bam\State\UserSettings\S-1-5-21-4065680934-2604657585-3199708412-1106,SUCCESS,,4/14/2022 1:22:33 PM,Registry,C:\Windows\system32\cmd.exe,BLUETEAM\ezk,"cmd.exe /C schtasks /create /ru system /sc daily /tr ""cmd /c powershell.exe -ep bypass -file c:\T1036.004_NonExistingScript.ps1"" /tn win32times /f && schtasks /query /tn win32times",2384,2524,"cmd.exe 4092 RegCloseKey HKLM\System\CurrentControlSet\Services\bam\State\UserSettings\S-1-5-21-4065680934-2604657585-3199708412-1106 SUCCESS None 4/14/2022 1:22:33 PM Registry C:\Windows\system32\cmd.exe BLUETEAM\ezk cmd.exe /C schtasks /create /ru system /sc daily /tr ""cmd /c powershell.exe -ep bypass -file c:\T1036.004_NonExistingScript.ps1"" /tn win32times /f && schtasks /query /tn win32times 2384 2524",benign
cmd.exe,4092,RegOpenKey,HKLM\SYSTEM\CurrentControlSet\Control\Session Manager\BAM,REPARSE,Desired Access: Query Value,4/14/2022 1:22:33 PM,Registry,C:\Windows\system32\cmd.exe,BLUETEAM\ezk,"cmd.exe /C schtasks /create /ru system /sc daily /tr ""cmd /c powershell.exe -ep bypass -file c:\T1036.004_NonExistingScript.ps1"" /tn win32times /f && schtasks /query /tn win32times",2384,2524,"cmd.exe 4092 RegOpenKey HKLM\SYSTEM\CurrentControlSet\Control\Session Manager\BAM REPARSE Desired Access: Query Value 4/14/2022 1:22:33 PM Registry C:\Windows\system32\cmd.exe BLUETEAM\ezk cmd.exe /C schtasks /create /ru system /sc daily /tr ""cmd /c powershell.exe -ep bypass -file c:\T1036.004_NonExistingScript.ps1"" /tn win32times /f && schtasks /query /tn win32times 2384 2524",benign
cmd.exe,4092,RegOpenKey,HKLM\Software\Microsoft\Windows\CurrentVersion\SideBySide,SUCCESS,Desired Access: Read,4/14/2022 1:22:33 PM,Registry,C:\Windows\system32\cmd.exe,BLUETEAM\ezk,"cmd.exe /C schtasks /create /ru system /sc daily /tr ""cmd /c powershell.exe -ep bypass -file c:\T1036.004_NonExistingScript.ps1"" /tn win32times /f && schtasks /query /tn win32times",2384,2524,"cmd.exe 4092 RegOpenKey HKLM\Software\Microsoft\Windows\CurrentVersion\SideBySide SUCCESS Desired Access: Read 4/14/2022 1:22:33 PM Registry C:\Windows\system32\cmd.exe BLUETEAM\ezk cmd.exe /C schtasks /create /ru system /sc daily /tr ""cmd /c powershell.exe -ep bypass -file c:\T1036.004_NonExistingScript.ps1"" /tn win32times /f && schtasks /query /tn win32times 2384 2524",benign
cmd.exe,4092,QueryBasicInformationFile,C:\Windows\System32\schtasks.exe,SUCCESS,"CreationTime: 9/22/2021 5:22:17 PM, LastAccessTime: 4/14/2022 1:22:33 PM, LastWriteTime: 9/22/2021 5:22:17 PM, ChangeTime: 10/15/2021 2:25:23 PM, FileAttributes: A",4/14/2022 1:22:33 PM,File System,C:\Windows\system32\cmd.exe,BLUETEAM\ezk,"cmd.exe /C schtasks /create /ru system /sc daily /tr ""cmd /c powershell.exe -ep bypass -file c:\T1036.004_NonExistingScript.ps1"" /tn win32times /f && schtasks /query /tn win32times",2384,2524,"cmd.exe 4092 QueryBasicInformationFile C:\Windows\System32\schtasks.exe SUCCESS CreationTime: 9/22/2021 5:22:17 PM, LastAccessTime: 4/14/2022 1:22:33 PM, LastWriteTime: 9/22/2021 5:22:17 PM, ChangeTime: 10/15/2021 2:25:23 PM, FileAttributes: A 4/14/2022 1:22:33 PM File System C:\Windows\system32\cmd.exe BLUETEAM\ezk cmd.exe /C schtasks /create /ru system /sc daily /tr ""cmd /c powershell.exe -ep bypass -file c:\T1036.004_NonExistingScript.ps1"" /tn win32times /f && schtasks /query /tn win32times 2384 2524",benign
cmd.exe,4092,QueryBasicInformationFile,C:\Windows\System32\schtasks.exe,SUCCESS,"CreationTime: 9/22/2021 5:22:17 PM, LastAccessTime: 4/14/2022 1:22:33 PM, LastWriteTime: 9/22/2021 5:22:17 PM, ChangeTime: 10/15/2021 2:25:23 PM, FileAttributes: A",4/14/2022 1:22:33 PM,File System,C:\Windows\system32\cmd.exe,BLUETEAM\ezk,"cmd.exe /C schtasks /create /ru system /sc daily /tr ""cmd /c powershell.exe -ep bypass -file c:\T1036.004_NonExistingScript.ps1"" /tn win32times /f && schtasks /query /tn win32times",2384,2524,"cmd.exe 4092 QueryBasicInformationFile C:\Windows\System32\schtasks.exe SUCCESS CreationTime: 9/22/2021 5:22:17 PM, LastAccessTime: 4/14/2022 1:22:33 PM, LastWriteTime: 9/22/2021 5:22:17 PM, ChangeTime: 10/15/2021 2:25:23 PM, FileAttributes: A 4/14/2022 1:22:33 PM File System C:\Windows\system32\cmd.exe BLUETEAM\ezk cmd.exe /C schtasks /create /ru system /sc daily /tr ""cmd /c powershell.exe -ep bypass -file c:\T1036.004_NonExistingScript.ps1"" /tn win32times /f && schtasks /query /tn win32times 2384 2524",benign
cmd.exe,4092,QueryBasicInformationFile,C:\Windows\System32\schtasks.exe,SUCCESS,"CreationTime: 9/22/2021 5:22:17 PM, LastAccessTime: 4/14/2022 1:22:33 PM, LastWriteTime: 9/22/2021 5:22:17 PM, ChangeTime: 10/15/2021 2:25:23 PM, FileAttributes: A",4/14/2022 1:22:33 PM,File System,C:\Windows\system32\cmd.exe,BLUETEAM\ezk,"cmd.exe /C schtasks /create /ru system /sc daily /tr ""cmd /c powershell.exe -ep bypass -file c:\T1036.004_NonExistingScript.ps1"" /tn win32times /f && schtasks /query /tn win32times",2384,2524,"cmd.exe 4092 QueryBasicInformationFile C:\Windows\System32\schtasks.exe SUCCESS CreationTime: 9/22/2021 5:22:17 PM, LastAccessTime: 4/14/2022 1:22:33 PM, LastWriteTime: 9/22/2021 5:22:17 PM, ChangeTime: 10/15/2021 2:25:23 PM, FileAttributes: A 4/14/2022 1:22:33 PM File System C:\Windows\system32\cmd.exe BLUETEAM\ezk cmd.exe /C schtasks /create /ru system /sc daily /tr ""cmd /c powershell.exe -ep bypass -file c:\T1036.004_NonExistingScript.ps1"" /tn win32times /f && schtasks /query /tn win32times 2384 2524",benign
cmd.exe,4092,QueryAllInformationFile,C:\Windows\System32\schtasks.exe,SUCCESS,"CreationTime: 9/22/2021 5:22:17 PM, LastAccessTime: 9/23/2021 3:19:34 PM, LastWriteTime: 9/22/2021 5:22:17 PM, ChangeTime: 10/15/2021 2:25:23 PM, FileAttributes: A, AllocationSize: 237,568, EndOfFile: 235,008, NumberOfLinks: 2, DeletePending: False, Directory: False, IndexNumber: 0x100000003710f, EaSize: 256, Access: Read Data/List Directory, Read Attributes, Synchronize, Position: 0, Mode: Sequential Access, Synchronous IO Alert, AlignmentRequirement: Long",4/14/2022 1:22:33 PM,File System,C:\Windows\system32\cmd.exe,BLUETEAM\ezk,"cmd.exe /C schtasks /create /ru system /sc daily /tr ""cmd /c powershell.exe -ep bypass -file c:\T1036.004_NonExistingScript.ps1"" /tn win32times /f && schtasks /query /tn win32times",2384,2524,"cmd.exe 4092 QueryAllInformationFile C:\Windows\System32\schtasks.exe SUCCESS CreationTime: 9/22/2021 5:22:17 PM, LastAccessTime: 9/23/2021 3:19:34 PM, LastWriteTime: 9/22/2021 5:22:17 PM, ChangeTime: 10/15/2021 2:25:23 PM, FileAttributes: A, AllocationSize: 237,568, EndOfFile: 235,008, NumberOfLinks: 2, DeletePending: False, Directory: False, IndexNumber: 0x100000003710f, EaSize: 256, Access: Read Data/List Directory, Read Attributes, Synchronize, Position: 0, Mode: Sequential Access, Synchronous IO Alert, AlignmentRequirement: Long 4/14/2022 1:22:33 PM File System C:\Windows\system32\cmd.exe BLUETEAM\ezk cmd.exe /C schtasks /create /ru system /sc daily /tr ""cmd /c powershell.exe -ep bypass -file c:\T1036.004_NonExistingScript.ps1"" /tn win32times /f && schtasks /query /tn win32times 2384 2524",benign
cmd.exe,4092,ReadFile,C:\Windows\System32\schtasks.exe,SUCCESS,"Offset: 0, Length: 32,768, I/O Flags: Non-cached, Paging I/O, Synchronous Paging I/O, Priority: Normal",4/14/2022 1:22:33 PM,File System,C:\Windows\system32\cmd.exe,BLUETEAM\ezk,"cmd.exe /C schtasks /create /ru system /sc daily /tr ""cmd /c powershell.exe -ep bypass -file c:\T1036.004_NonExistingScript.ps1"" /tn win32times /f && schtasks /query /tn win32times",2384,2524,"cmd.exe 4092 ReadFile C:\Windows\System32\schtasks.exe SUCCESS Offset: 0, Length: 32,768, I/O Flags: Non-cached, Paging I/O, Synchronous Paging I/O, Priority: Normal 4/14/2022 1:22:33 PM File System C:\Windows\system32\cmd.exe BLUETEAM\ezk cmd.exe /C schtasks /create /ru system /sc daily /tr ""cmd /c powershell.exe -ep bypass -file c:\T1036.004_NonExistingScript.ps1"" /tn win32times /f && schtasks /query /tn win32times 2384 2524",benign
cmd.exe,4092,ReadFile,C:\Windows\System32\schtasks.exe,SUCCESS,"Offset: 32,768, Length: 32,768, I/O Flags: Non-cached, Paging I/O, Synchronous Paging I/O, Priority: Normal",4/14/2022 1:22:33 PM,File System,C:\Windows\system32\cmd.exe,BLUETEAM\ezk,"cmd.exe /C schtasks /create /ru system /sc daily /tr ""cmd /c powershell.exe -ep bypass -file c:\T1036.004_NonExistingScript.ps1"" /tn win32times /f && schtasks /query /tn win32times",2384,2524,"cmd.exe 4092 ReadFile C:\Windows\System32\schtasks.exe SUCCESS Offset: 32,768, Length: 32,768, I/O Flags: Non-cached, Paging I/O, Synchronous Paging I/O, Priority: Normal 4/14/2022 1:22:33 PM File System C:\Windows\system32\cmd.exe BLUETEAM\ezk cmd.exe /C schtasks /create /ru system /sc daily /tr ""cmd /c powershell.exe -ep bypass -file c:\T1036.004_NonExistingScript.ps1"" /tn win32times /f && schtasks /query /tn win32times 2384 2524",benign
cmd.exe,4092,ReadFile,C:\Windows\System32\schtasks.exe,SUCCESS,"Offset: 65,536, Length: 65,536, I/O Flags: Non-cached, Paging I/O, Synchronous Paging I/O, Priority: Normal",4/14/2022 1:22:33 PM,File System,C:\Windows\system32\cmd.exe,BLUETEAM\ezk,"cmd.exe /C schtasks /create /ru system /sc daily /tr ""cmd /c powershell.exe -ep bypass -file c:\T1036.004_NonExistingScript.ps1"" /tn win32times /f && schtasks /query /tn win32times",2384,2524,"cmd.exe 4092 ReadFile C:\Windows\System32\schtasks.exe SUCCESS Offset: 65,536, Length: 65,536, I/O Flags: Non-cached, Paging I/O, Synchronous Paging I/O, Priority: Normal 4/14/2022 1:22:33 PM File System C:\Windows\system32\cmd.exe BLUETEAM\ezk cmd.exe /C schtasks /create /ru system /sc daily /tr ""cmd /c powershell.exe -ep bypass -file c:\T1036.004_NonExistingScript.ps1"" /tn win32times /f && schtasks /query /tn win32times 2384 2524",benign
cmd.exe,4092,ReadFile,C:\Windows\System32\schtasks.exe,SUCCESS,"Offset: 131,072, Length: 103,936, I/O Flags: Non-cached, Paging I/O, Synchronous Paging I/O, Priority: Normal",4/14/2022 1:22:33 PM,File System,C:\Windows\system32\cmd.exe,BLUETEAM\ezk,"cmd.exe /C schtasks /create /ru system /sc daily /tr ""cmd /c powershell.exe -ep bypass -file c:\T1036.004_NonExistingScript.ps1"" /tn win32times /f && schtasks /query /tn win32times",2384,2524,"cmd.exe 4092 ReadFile C:\Windows\System32\schtasks.exe SUCCESS Offset: 131,072, Length: 103,936, I/O Flags: Non-cached, Paging I/O, Synchronous Paging I/O, Priority: Normal 4/14/2022 1:22:33 PM File System C:\Windows\system32\cmd.exe BLUETEAM\ezk cmd.exe /C schtasks /create /ru system /sc daily /tr ""cmd /c powershell.exe -ep bypass -file c:\T1036.004_NonExistingScript.ps1"" /tn win32times /f && schtasks /query /tn win32times 2384 2524",benign
cmd.exe,4092,CloseFile,C:\Windows\System32\schtasks.exe,SUCCESS,,4/14/2022 1:22:33 PM,File System,C:\Windows\system32\cmd.exe,BLUETEAM\ezk,"cmd.exe /C schtasks /create /ru system /sc daily /tr ""cmd /c powershell.exe -ep bypass -file c:\T1036.004_NonExistingScript.ps1"" /tn win32times /f && schtasks /query /tn win32times",2384,2524,"cmd.exe 4092 CloseFile C:\Windows\System32\schtasks.exe SUCCESS None 4/14/2022 1:22:33 PM File System C:\Windows\system32\cmd.exe BLUETEAM\ezk cmd.exe /C schtasks /create /ru system /sc daily /tr ""cmd /c powershell.exe -ep bypass -file c:\T1036.004_NonExistingScript.ps1"" /tn win32times /f && schtasks /query /tn win32times 2384 2524",benign
cmd.exe,4092,Process Create,C:\Windows\system32\schtasks.exe,SUCCESS,"PID: 2620, Command line: schtasks  /create /ru system /sc daily /tr ""cmd /c powershell.exe -ep bypass -file c:\T1036.004_NonExistingScript.ps1"" /tn win32times /f ",4/14/2022 1:22:33 PM,Process,C:\Windows\system32\cmd.exe,BLUETEAM\ezk,"cmd.exe /C schtasks /create /ru system /sc daily /tr ""cmd /c powershell.exe -ep bypass -file c:\T1036.004_NonExistingScript.ps1"" /tn win32times /f && schtasks /query /tn win32times",2384,2524,"cmd.exe 4092 Process Create C:\Windows\system32\schtasks.exe SUCCESS PID: 2620, Command line: schtasks  /create /ru system /sc daily /tr ""cmd /c powershell.exe -ep bypass -file c:\T1036.004_NonExistingScript.ps1"" /tn win32times /f  4/14/2022 1:22:33 PM Process C:\Windows\system32\cmd.exe BLUETEAM\ezk cmd.exe /C schtasks /create /ru system /sc daily /tr ""cmd /c powershell.exe -ep bypass -file c:\T1036.004_NonExistingScript.ps1"" /tn win32times /f && schtasks /query /tn win32times 2384 2524",benign
cmd.exe,4092,RegOpenKey,HKLM\System\CurrentControlSet\Control\Session Manager\AppCertDlls,REPARSE,Desired Access: Query Value,4/14/2022 1:22:33 PM,Registry,C:\Windows\system32\cmd.exe,BLUETEAM\ezk,"cmd.exe /C schtasks /create /ru system /sc daily /tr ""cmd /c powershell.exe -ep bypass -file c:\T1036.004_NonExistingScript.ps1"" /tn win32times /f && schtasks /query /tn win32times",2384,2524,"cmd.exe 4092 RegOpenKey HKLM\System\CurrentControlSet\Control\Session Manager\AppCertDlls REPARSE Desired Access: Query Value 4/14/2022 1:22:33 PM Registry C:\Windows\system32\cmd.exe BLUETEAM\ezk cmd.exe /C schtasks /create /ru system /sc daily /tr ""cmd /c powershell.exe -ep bypass -file c:\T1036.004_NonExistingScript.ps1"" /tn win32times /f && schtasks /query /tn win32times 2384 2524",benign
cmd.exe,4092,RegOpenKey,HKLM\System\CurrentControlSet\Control\Session Manager\AppCertDlls,NAME NOT FOUND,Desired Access: Query Value,4/14/2022 1:22:33 PM,Registry,C:\Windows\system32\cmd.exe,BLUETEAM\ezk,"cmd.exe /C schtasks /create /ru system /sc daily /tr ""cmd /c powershell.exe -ep bypass -file c:\T1036.004_NonExistingScript.ps1"" /tn win32times /f && schtasks /query /tn win32times",2384,2524,"cmd.exe 4092 RegOpenKey HKLM\System\CurrentControlSet\Control\Session Manager\AppCertDlls NAME NOT FOUND Desired Access: Query Value 4/14/2022 1:22:33 PM Registry C:\Windows\system32\cmd.exe BLUETEAM\ezk cmd.exe /C schtasks /create /ru system /sc daily /tr ""cmd /c powershell.exe -ep bypass -file c:\T1036.004_NonExistingScript.ps1"" /tn win32times /f && schtasks /query /tn win32times 2384 2524",benign
cmd.exe,4092,RegOpenKey,HKLM\System\CurrentControlSet\Control\SafeBoot\Option,REPARSE,"Desired Access: Query Value, Set Value",4/14/2022 1:22:33 PM,Registry,C:\Windows\system32\cmd.exe,BLUETEAM\ezk,"cmd.exe /C schtasks /create /ru system /sc daily /tr ""cmd /c powershell.exe -ep bypass -file c:\T1036.004_NonExistingScript.ps1"" /tn win32times /f && schtasks /query /tn win32times",2384,2524,"cmd.exe 4092 RegOpenKey HKLM\System\CurrentControlSet\Control\SafeBoot\Option REPARSE Desired Access: Query Value, Set Value 4/14/2022 1:22:33 PM Registry C:\Windows\system32\cmd.exe BLUETEAM\ezk cmd.exe /C schtasks /create /ru system /sc daily /tr ""cmd /c powershell.exe -ep bypass -file c:\T1036.004_NonExistingScript.ps1"" /tn win32times /f && schtasks /query /tn win32times 2384 2524",benign
cmd.exe,4092,RegOpenKey,HKLM\System\CurrentControlSet\Control\SafeBoot\Option,NAME NOT FOUND,"Desired Access: Query Value, Set Value",4/14/2022 1:22:33 PM,Registry,C:\Windows\system32\cmd.exe,BLUETEAM\ezk,"cmd.exe /C schtasks /create /ru system /sc daily /tr ""cmd /c powershell.exe -ep bypass -file c:\T1036.004_NonExistingScript.ps1"" /tn win32times /f && schtasks /query /tn win32times",2384,2524,"cmd.exe 4092 RegOpenKey HKLM\System\CurrentControlSet\Control\SafeBoot\Option NAME NOT FOUND Desired Access: Query Value, Set Value 4/14/2022 1:22:33 PM Registry C:\Windows\system32\cmd.exe BLUETEAM\ezk cmd.exe /C schtasks /create /ru system /sc daily /tr ""cmd /c powershell.exe -ep bypass -file c:\T1036.004_NonExistingScript.ps1"" /tn win32times /f && schtasks /query /tn win32times 2384 2524",benign
cmd.exe,4092,CloseFile,C:\Windows\System32\schtasks.exe,SUCCESS,,4/14/2022 1:22:33 PM,File System,C:\Windows\system32\cmd.exe,BLUETEAM\ezk,"cmd.exe /C schtasks /create /ru system /sc daily /tr ""cmd /c powershell.exe -ep bypass -file c:\T1036.004_NonExistingScript.ps1"" /tn win32times /f && schtasks /query /tn win32times",2384,2524,"cmd.exe 4092 CloseFile C:\Windows\System32\schtasks.exe SUCCESS None 4/14/2022 1:22:33 PM File System C:\Windows\system32\cmd.exe BLUETEAM\ezk cmd.exe /C schtasks /create /ru system /sc daily /tr ""cmd /c powershell.exe -ep bypass -file c:\T1036.004_NonExistingScript.ps1"" /tn win32times /f && schtasks /query /tn win32times 2384 2524",benign
cmd.exe,4092,RegOpenKey,HKLM\Software\Policies\Microsoft\Windows\Safer\CodeIdentifiers,SUCCESS,Desired Access: Query Value,4/14/2022 1:22:33 PM,Registry,C:\Windows\system32\cmd.exe,BLUETEAM\ezk,"cmd.exe /C schtasks /create /ru system /sc daily /tr ""cmd /c powershell.exe -ep bypass -file c:\T1036.004_NonExistingScript.ps1"" /tn win32times /f && schtasks /query /tn win32times",2384,2524,"cmd.exe 4092 RegOpenKey HKLM\Software\Policies\Microsoft\Windows\Safer\CodeIdentifiers SUCCESS Desired Access: Query Value 4/14/2022 1:22:33 PM Registry C:\Windows\system32\cmd.exe BLUETEAM\ezk cmd.exe /C schtasks /create /ru system /sc daily /tr ""cmd /c powershell.exe -ep bypass -file c:\T1036.004_NonExistingScript.ps1"" /tn win32times /f && schtasks /query /tn win32times 2384 2524",benign
cmd.exe,4092,RegQueryValue,HKLM\SOFTWARE\Policies\Microsoft\Windows\safer\codeidentifiers\AuthenticodeEnabled,SUCCESS,"Type: REG_DWORD, Length: 4, Data: 0",4/14/2022 1:22:33 PM,Registry,C:\Windows\system32\cmd.exe,BLUETEAM\ezk,"cmd.exe /C schtasks /create /ru system /sc daily /tr ""cmd /c powershell.exe -ep bypass -file c:\T1036.004_NonExistingScript.ps1"" /tn win32times /f && schtasks /query /tn win32times",2384,2524,"cmd.exe 4092 RegQueryValue HKLM\SOFTWARE\Policies\Microsoft\Windows\safer\codeidentifiers\AuthenticodeEnabled SUCCESS Type: REG_DWORD, Length: 4, Data: 0 4/14/2022 1:22:33 PM Registry C:\Windows\system32\cmd.exe BLUETEAM\ezk cmd.exe /C schtasks /create /ru system /sc daily /tr ""cmd /c powershell.exe -ep bypass -file c:\T1036.004_NonExistingScript.ps1"" /tn win32times /f && schtasks /query /tn win32times 2384 2524",benign
cmd.exe,4092,RegCloseKey,HKLM\SOFTWARE\Policies\Microsoft\Windows\safer\codeidentifiers,SUCCESS,,4/14/2022 1:22:33 PM,Registry,C:\Windows\system32\cmd.exe,BLUETEAM\ezk,"cmd.exe /C schtasks /create /ru system /sc daily /tr ""cmd /c powershell.exe -ep bypass -file c:\T1036.004_NonExistingScript.ps1"" /tn win32times /f && schtasks /query /tn win32times",2384,2524,"cmd.exe 4092 RegCloseKey HKLM\SOFTWARE\Policies\Microsoft\Windows\safer\codeidentifiers SUCCESS None 4/14/2022 1:22:33 PM Registry C:\Windows\system32\cmd.exe BLUETEAM\ezk cmd.exe /C schtasks /create /ru system /sc daily /tr ""cmd /c powershell.exe -ep bypass -file c:\T1036.004_NonExistingScript.ps1"" /tn win32times /f && schtasks /query /tn win32times 2384 2524",benign
cmd.exe,4092,RegOpenKey,HKCU\Software\Policies\Microsoft\Windows\Safer\CodeIdentifiers,NAME NOT FOUND,Desired Access: Query Value,4/14/2022 1:22:33 PM,Registry,C:\Windows\system32\cmd.exe,BLUETEAM\ezk,"cmd.exe /C schtasks /create /ru system /sc daily /tr ""cmd /c powershell.exe -ep bypass -file c:\T1036.004_NonExistingScript.ps1"" /tn win32times /f && schtasks /query /tn win32times",2384,2524,"cmd.exe 4092 RegOpenKey HKCU\Software\Policies\Microsoft\Windows\Safer\CodeIdentifiers NAME NOT FOUND Desired Access: Query Value 4/14/2022 1:22:33 PM Registry C:\Windows\system32\cmd.exe BLUETEAM\ezk cmd.exe /C schtasks /create /ru system /sc daily /tr ""cmd /c powershell.exe -ep bypass -file c:\T1036.004_NonExistingScript.ps1"" /tn win32times /f && schtasks /query /tn win32times 2384 2524",benign
cmd.exe,4092,RegOpenKey,HKCU\Software\Microsoft\Windows\CurrentVersion\Explorer\Shell Folders,SUCCESS,Desired Access: Query Value,4/14/2022 1:22:33 PM,Registry,C:\Windows\system32\cmd.exe,BLUETEAM\ezk,"cmd.exe /C schtasks /create /ru system /sc daily /tr ""cmd /c powershell.exe -ep bypass -file c:\T1036.004_NonExistingScript.ps1"" /tn win32times /f && schtasks /query /tn win32times",2384,2524,"cmd.exe 4092 RegOpenKey HKCU\Software\Microsoft\Windows\CurrentVersion\Explorer\Shell Folders SUCCESS Desired Access: Query Value 4/14/2022 1:22:33 PM Registry C:\Windows\system32\cmd.exe BLUETEAM\ezk cmd.exe /C schtasks /create /ru system /sc daily /tr ""cmd /c powershell.exe -ep bypass -file c:\T1036.004_NonExistingScript.ps1"" /tn win32times /f && schtasks /query /tn win32times 2384 2524",benign
cmd.exe,4092,RegQueryValue,HKCU\SOFTWARE\Microsoft\Windows\CurrentVersion\Explorer\Shell Folders\Cache,SUCCESS,"Type: REG_SZ, Length: 110, Data: C:\Users\ezk\AppData\Local\Microsoft\Windows\INetCache",4/14/2022 1:22:33 PM,Registry,C:\Windows\system32\cmd.exe,BLUETEAM\ezk,"cmd.exe /C schtasks /create /ru system /sc daily /tr ""cmd /c powershell.exe -ep bypass -file c:\T1036.004_NonExistingScript.ps1"" /tn win32times /f && schtasks /query /tn win32times",2384,2524,"cmd.exe 4092 RegQueryValue HKCU\SOFTWARE\Microsoft\Windows\CurrentVersion\Explorer\Shell Folders\Cache SUCCESS Type: REG_SZ, Length: 110, Data: C:\Users\ezk\AppData\Local\Microsoft\Windows\INetCache 4/14/2022 1:22:33 PM Registry C:\Windows\system32\cmd.exe BLUETEAM\ezk cmd.exe /C schtasks /create /ru system /sc daily /tr ""cmd /c powershell.exe -ep bypass -file c:\T1036.004_NonExistingScript.ps1"" /tn win32times /f && schtasks /query /tn win32times 2384 2524",benign
cmd.exe,4092,RegCloseKey,HKCU\SOFTWARE\Microsoft\Windows\CurrentVersion\Explorer\Shell Folders,SUCCESS,,4/14/2022 1:22:33 PM,Registry,C:\Windows\system32\cmd.exe,BLUETEAM\ezk,"cmd.exe /C schtasks /create /ru system /sc daily /tr ""cmd /c powershell.exe -ep bypass -file c:\T1036.004_NonExistingScript.ps1"" /tn win32times /f && schtasks /query /tn win32times",2384,2524,"cmd.exe 4092 RegCloseKey HKCU\SOFTWARE\Microsoft\Windows\CurrentVersion\Explorer\Shell Folders SUCCESS None 4/14/2022 1:22:33 PM Registry C:\Windows\system32\cmd.exe BLUETEAM\ezk cmd.exe /C schtasks /create /ru system /sc daily /tr ""cmd /c powershell.exe -ep bypass -file c:\T1036.004_NonExistingScript.ps1"" /tn win32times /f && schtasks /query /tn win32times 2384 2524",benign
cmd.exe,4092,RegOpenKey,HKCU\Software\Microsoft\Windows NT\CurrentVersion,SUCCESS,Desired Access: Enumerate Sub Keys,4/14/2022 1:22:33 PM,Registry,C:\Windows\system32\cmd.exe,BLUETEAM\ezk,"cmd.exe /C schtasks /create /ru system /sc daily /tr ""cmd /c powershell.exe -ep bypass -file c:\T1036.004_NonExistingScript.ps1"" /tn win32times /f && schtasks /query /tn win32times",2384,2524,"cmd.exe 4092 RegOpenKey HKCU\Software\Microsoft\Windows NT\CurrentVersion SUCCESS Desired Access: Enumerate Sub Keys 4/14/2022 1:22:33 PM Registry C:\Windows\system32\cmd.exe BLUETEAM\ezk cmd.exe /C schtasks /create /ru system /sc daily /tr ""cmd /c powershell.exe -ep bypass -file c:\T1036.004_NonExistingScript.ps1"" /tn win32times /f && schtasks /query /tn win32times 2384 2524",benign
cmd.exe,4092,RegOpenKey,HKCU\SOFTWARE\Microsoft\Windows NT\CurrentVersion\AppCompatFlags\Layers,NAME NOT FOUND,Desired Access: Query Value,4/14/2022 1:22:33 PM,Registry,C:\Windows\system32\cmd.exe,BLUETEAM\ezk,"cmd.exe /C schtasks /create /ru system /sc daily /tr ""cmd /c powershell.exe -ep bypass -file c:\T1036.004_NonExistingScript.ps1"" /tn win32times /f && schtasks /query /tn win32times",2384,2524,"cmd.exe 4092 RegOpenKey HKCU\SOFTWARE\Microsoft\Windows NT\CurrentVersion\AppCompatFlags\Layers NAME NOT FOUND Desired Access: Query Value 4/14/2022 1:22:33 PM Registry C:\Windows\system32\cmd.exe BLUETEAM\ezk cmd.exe /C schtasks /create /ru system /sc daily /tr ""cmd /c powershell.exe -ep bypass -file c:\T1036.004_NonExistingScript.ps1"" /tn win32times /f && schtasks /query /tn win32times 2384 2524",benign
cmd.exe,4092,CreateFile,C:\Windows\apppatch\sysmain.sdb,SUCCESS,"Desired Access: Generic Read, Disposition: Open, Options: Synchronous IO Non-Alert, Non-Directory File, Attributes: N, ShareMode: Read, AllocationSize: n/a, OpenResult: Opened",4/14/2022 1:22:33 PM,File System,C:\Windows\system32\cmd.exe,BLUETEAM\ezk,"cmd.exe /C schtasks /create /ru system /sc daily /tr ""cmd /c powershell.exe -ep bypass -file c:\T1036.004_NonExistingScript.ps1"" /tn win32times /f && schtasks /query /tn win32times",2384,2524,"cmd.exe 4092 CreateFile C:\Windows\apppatch\sysmain.sdb SUCCESS Desired Access: Generic Read, Disposition: Open, Options: Synchronous IO Non-Alert, Non-Directory File, Attributes: N, ShareMode: Read, AllocationSize: n/a, OpenResult: Opened 4/14/2022 1:22:33 PM File System C:\Windows\system32\cmd.exe BLUETEAM\ezk cmd.exe /C schtasks /create /ru system /sc daily /tr ""cmd /c powershell.exe -ep bypass -file c:\T1036.004_NonExistingScript.ps1"" /tn win32times /f && schtasks /query /tn win32times 2384 2524",benign
cmd.exe,4092,QueryBasicInformationFile,C:\Windows\apppatch\sysmain.sdb,SUCCESS,"CreationTime: 9/22/2021 5:21:28 PM, LastAccessTime: 4/14/2022 1:21:13 PM, LastWriteTime: 9/22/2021 5:21:28 PM, ChangeTime: 10/15/2021 2:23:18 PM, FileAttributes: A",4/14/2022 1:22:33 PM,File System,C:\Windows\system32\cmd.exe,BLUETEAM\ezk,"cmd.exe /C schtasks /create /ru system /sc daily /tr ""cmd /c powershell.exe -ep bypass -file c:\T1036.004_NonExistingScript.ps1"" /tn win32times /f && schtasks /query /tn win32times",2384,2524,"cmd.exe 4092 QueryBasicInformationFile C:\Windows\apppatch\sysmain.sdb SUCCESS CreationTime: 9/22/2021 5:21:28 PM, LastAccessTime: 4/14/2022 1:21:13 PM, LastWriteTime: 9/22/2021 5:21:28 PM, ChangeTime: 10/15/2021 2:23:18 PM, FileAttributes: A 4/14/2022 1:22:33 PM File System C:\Windows\system32\cmd.exe BLUETEAM\ezk cmd.exe /C schtasks /create /ru system /sc daily /tr ""cmd /c powershell.exe -ep bypass -file c:\T1036.004_NonExistingScript.ps1"" /tn win32times /f && schtasks /query /tn win32times 2384 2524",benign
cmd.exe,4092,CloseFile,C:\Windows\apppatch\sysmain.sdb,SUCCESS,,4/14/2022 1:22:33 PM,File System,C:\Windows\system32\cmd.exe,BLUETEAM\ezk,"cmd.exe /C schtasks /create /ru system /sc daily /tr ""cmd /c powershell.exe -ep bypass -file c:\T1036.004_NonExistingScript.ps1"" /tn win32times /f && schtasks /query /tn win32times",2384,2524,"cmd.exe 4092 CloseFile C:\Windows\apppatch\sysmain.sdb SUCCESS None 4/14/2022 1:22:33 PM File System C:\Windows\system32\cmd.exe BLUETEAM\ezk cmd.exe /C schtasks /create /ru system /sc daily /tr ""cmd /c powershell.exe -ep bypass -file c:\T1036.004_NonExistingScript.ps1"" /tn win32times /f && schtasks /query /tn win32times 2384 2524",benign
cmd.exe,4092,RegQueryValue,HKLM\SOFTWARE\Policies\Microsoft\Windows\safer\codeidentifiers\TransparentEnabled,NAME NOT FOUND,Length: 80,4/14/2022 1:22:33 PM,Registry,C:\Windows\system32\cmd.exe,BLUETEAM\ezk,"cmd.exe /C schtasks /create /ru system /sc daily /tr ""cmd /c powershell.exe -ep bypass -file c:\T1036.004_NonExistingScript.ps1"" /tn win32times /f && schtasks /query /tn win32times",2384,2524,"cmd.exe 4092 RegQueryValue HKLM\SOFTWARE\Policies\Microsoft\Windows\safer\codeidentifiers\TransparentEnabled NAME NOT FOUND Length: 80 4/14/2022 1:22:33 PM Registry C:\Windows\system32\cmd.exe BLUETEAM\ezk cmd.exe /C schtasks /create /ru system /sc daily /tr ""cmd /c powershell.exe -ep bypass -file c:\T1036.004_NonExistingScript.ps1"" /tn win32times /f && schtasks /query /tn win32times 2384 2524",benign
cmd.exe,4092,RegOpenKey,HKLM\System\CurrentControlSet\Control\Session Manager\BAM,NAME NOT FOUND,Desired Access: Query Value,4/14/2022 1:22:33 PM,Registry,C:\Windows\system32\cmd.exe,BLUETEAM\ezk,"cmd.exe /C schtasks /create /ru system /sc daily /tr ""cmd /c powershell.exe -ep bypass -file c:\T1036.004_NonExistingScript.ps1"" /tn win32times /f && schtasks /query /tn win32times",2384,2524,"cmd.exe 4092 RegOpenKey HKLM\System\CurrentControlSet\Control\Session Manager\BAM NAME NOT FOUND Desired Access: Query Value 4/14/2022 1:22:33 PM Registry C:\Windows\system32\cmd.exe BLUETEAM\ezk cmd.exe /C schtasks /create /ru system /sc daily /tr ""cmd /c powershell.exe -ep bypass -file c:\T1036.004_NonExistingScript.ps1"" /tn win32times /f && schtasks /query /tn win32times 2384 2524",benign
cmd.exe,4092,CreateFile,C:\Windows\System32,SUCCESS,"Desired Access: Read Attributes, Disposition: Open, Options: Open Reparse Point, Attributes: n/a, ShareMode: Read, Write, Delete, AllocationSize: n/a, OpenResult: Opened",4/14/2022 1:22:33 PM,File System,C:\Windows\system32\cmd.exe,BLUETEAM\ezk,"cmd.exe /C schtasks /create /ru system /sc daily /tr ""cmd /c powershell.exe -ep bypass -file c:\T1036.004_NonExistingScript.ps1"" /tn win32times /f && schtasks /query /tn win32times",2384,2524,"cmd.exe 4092 CreateFile C:\Windows\System32 SUCCESS Desired Access: Read Attributes, Disposition: Open, Options: Open Reparse Point, Attributes: n/a, ShareMode: Read, Write, Delete, AllocationSize: n/a, OpenResult: Opened 4/14/2022 1:22:33 PM File System C:\Windows\system32\cmd.exe BLUETEAM\ezk cmd.exe /C schtasks /create /ru system /sc daily /tr ""cmd /c powershell.exe -ep bypass -file c:\T1036.004_NonExistingScript.ps1"" /tn win32times /f && schtasks /query /tn win32times 2384 2524",benign
cmd.exe,4092,RegQueryKey,HKCU,SUCCESS,"Query: HandleTags, HandleTags: 0x0",4/14/2022 1:22:33 PM,Registry,C:\Windows\system32\cmd.exe,BLUETEAM\ezk,"cmd.exe /C schtasks /create /ru system /sc daily /tr ""cmd /c powershell.exe -ep bypass -file c:\T1036.004_NonExistingScript.ps1"" /tn win32times /f && schtasks /query /tn win32times",2384,2524,"cmd.exe 4092 RegQueryKey HKCU SUCCESS Query: HandleTags, HandleTags: 0x0 4/14/2022 1:22:33 PM Registry C:\Windows\system32\cmd.exe BLUETEAM\ezk cmd.exe /C schtasks /create /ru system /sc daily /tr ""cmd /c powershell.exe -ep bypass -file c:\T1036.004_NonExistingScript.ps1"" /tn win32times /f && schtasks /query /tn win32times 2384 2524",benign
cmd.exe,4092,RegOpenKey,HKLM\System\CurrentControlSet\Control\Session Manager,SUCCESS,"Desired Access: Query Value, Enumerate Sub Keys",4/14/2022 1:22:33 PM,Registry,C:\Windows\system32\cmd.exe,BLUETEAM\ezk,"cmd.exe /C schtasks /create /ru system /sc daily /tr ""cmd /c powershell.exe -ep bypass -file c:\T1036.004_NonExistingScript.ps1"" /tn win32times /f && schtasks /query /tn win32times",2384,2524,"cmd.exe 4092 RegOpenKey HKLM\System\CurrentControlSet\Control\Session Manager SUCCESS Desired Access: Query Value, Enumerate Sub Keys 4/14/2022 1:22:33 PM Registry C:\Windows\system32\cmd.exe BLUETEAM\ezk cmd.exe /C schtasks /create /ru system /sc daily /tr ""cmd /c powershell.exe -ep bypass -file c:\T1036.004_NonExistingScript.ps1"" /tn win32times /f && schtasks /query /tn win32times 2384 2524",benign
cmd.exe,4092,RegQueryValue,HKLM\System\CurrentControlSet\Control\Session Manager\ResourcePolicies,NAME NOT FOUND,Length: 24,4/14/2022 1:22:33 PM,Registry,C:\Windows\system32\cmd.exe,BLUETEAM\ezk,"cmd.exe /C schtasks /create /ru system /sc daily /tr ""cmd /c powershell.exe -ep bypass -file c:\T1036.004_NonExistingScript.ps1"" /tn win32times /f && schtasks /query /tn win32times",2384,2524,"cmd.exe 4092 RegQueryValue HKLM\System\CurrentControlSet\Control\Session Manager\ResourcePolicies NAME NOT FOUND Length: 24 4/14/2022 1:22:33 PM Registry C:\Windows\system32\cmd.exe BLUETEAM\ezk cmd.exe /C schtasks /create /ru system /sc daily /tr ""cmd /c powershell.exe -ep bypass -file c:\T1036.004_NonExistingScript.ps1"" /tn win32times /f && schtasks /query /tn win32times 2384 2524",benign
cmd.exe,4092,RegCloseKey,HKLM\System\CurrentControlSet\Control\Session Manager,SUCCESS,,4/14/2022 1:22:33 PM,Registry,C:\Windows\system32\cmd.exe,BLUETEAM\ezk,"cmd.exe /C schtasks /create /ru system /sc daily /tr ""cmd /c powershell.exe -ep bypass -file c:\T1036.004_NonExistingScript.ps1"" /tn win32times /f && schtasks /query /tn win32times",2384,2524,"cmd.exe 4092 RegCloseKey HKLM\System\CurrentControlSet\Control\Session Manager SUCCESS None 4/14/2022 1:22:33 PM Registry C:\Windows\system32\cmd.exe BLUETEAM\ezk cmd.exe /C schtasks /create /ru system /sc daily /tr ""cmd /c powershell.exe -ep bypass -file c:\T1036.004_NonExistingScript.ps1"" /tn win32times /f && schtasks /query /tn win32times 2384 2524",benign
cmd.exe,4092,RegOpenKey,HKLM\SYSTEM\CurrentControlSet\Control\Session Manager,REPARSE,"Desired Access: Query Value, Enumerate Sub Keys",4/14/2022 1:22:33 PM,Registry,C:\Windows\system32\cmd.exe,BLUETEAM\ezk,"cmd.exe /C schtasks /create /ru system /sc daily /tr ""cmd /c powershell.exe -ep bypass -file c:\T1036.004_NonExistingScript.ps1"" /tn win32times /f && schtasks /query /tn win32times",2384,2524,"cmd.exe 4092 RegOpenKey HKLM\SYSTEM\CurrentControlSet\Control\Session Manager REPARSE Desired Access: Query Value, Enumerate Sub Keys 4/14/2022 1:22:33 PM Registry C:\Windows\system32\cmd.exe BLUETEAM\ezk cmd.exe /C schtasks /create /ru system /sc daily /tr ""cmd /c powershell.exe -ep bypass -file c:\T1036.004_NonExistingScript.ps1"" /tn win32times /f && schtasks /query /tn win32times 2384 2524",benign
cmd.exe,4092,RegOpenKey,HKLM\System\CurrentControlSet\Control\Session Manager,SUCCESS,"Desired Access: Query Value, Enumerate Sub Keys",4/14/2022 1:22:33 PM,Registry,C:\Windows\system32\cmd.exe,BLUETEAM\ezk,"cmd.exe /C schtasks /create /ru system /sc daily /tr ""cmd /c powershell.exe -ep bypass -file c:\T1036.004_NonExistingScript.ps1"" /tn win32times /f && schtasks /query /tn win32times",2384,2524,"cmd.exe 4092 RegOpenKey HKLM\System\CurrentControlSet\Control\Session Manager SUCCESS Desired Access: Query Value, Enumerate Sub Keys 4/14/2022 1:22:33 PM Registry C:\Windows\system32\cmd.exe BLUETEAM\ezk cmd.exe /C schtasks /create /ru system /sc daily /tr ""cmd /c powershell.exe -ep bypass -file c:\T1036.004_NonExistingScript.ps1"" /tn win32times /f && schtasks /query /tn win32times 2384 2524",benign
cmd.exe,4092,RegQueryValue,HKLM\System\CurrentControlSet\Control\Session Manager\ResourcePolicies,NAME NOT FOUND,Length: 24,4/14/2022 1:22:33 PM,Registry,C:\Windows\system32\cmd.exe,BLUETEAM\ezk,"cmd.exe /C schtasks /create /ru system /sc daily /tr ""cmd /c powershell.exe -ep bypass -file c:\T1036.004_NonExistingScript.ps1"" /tn win32times /f && schtasks /query /tn win32times",2384,2524,"cmd.exe 4092 RegQueryValue HKLM\System\CurrentControlSet\Control\Session Manager\ResourcePolicies NAME NOT FOUND Length: 24 4/14/2022 1:22:33 PM Registry C:\Windows\system32\cmd.exe BLUETEAM\ezk cmd.exe /C schtasks /create /ru system /sc daily /tr ""cmd /c powershell.exe -ep bypass -file c:\T1036.004_NonExistingScript.ps1"" /tn win32times /f && schtasks /query /tn win32times 2384 2524",benign
cmd.exe,4092,RegCloseKey,HKLM\System\CurrentControlSet\Control\Session Manager,SUCCESS,,4/14/2022 1:22:33 PM,Registry,C:\Windows\system32\cmd.exe,BLUETEAM\ezk,"cmd.exe /C schtasks /create /ru system /sc daily /tr ""cmd /c powershell.exe -ep bypass -file c:\T1036.004_NonExistingScript.ps1"" /tn win32times /f && schtasks /query /tn win32times",2384,2524,"cmd.exe 4092 RegCloseKey HKLM\System\CurrentControlSet\Control\Session Manager SUCCESS None 4/14/2022 1:22:33 PM Registry C:\Windows\system32\cmd.exe BLUETEAM\ezk cmd.exe /C schtasks /create /ru system /sc daily /tr ""cmd /c powershell.exe -ep bypass -file c:\T1036.004_NonExistingScript.ps1"" /tn win32times /f && schtasks /query /tn win32times 2384 2524",benign
cmd.exe,4092,RegOpenKey,HKLM,SUCCESS,"Desired Access: Maximum Allowed, Granted Access: All Access",4/14/2022 1:22:33 PM,Registry,C:\Windows\system32\cmd.exe,BLUETEAM\ezk,"cmd.exe /C schtasks /create /ru system /sc daily /tr ""cmd /c powershell.exe -ep bypass -file c:\T1036.004_NonExistingScript.ps1"" /tn win32times /f && schtasks /query /tn win32times",2384,2524,"cmd.exe 4092 RegOpenKey HKLM SUCCESS Desired Access: Maximum Allowed, Granted Access: All Access 4/14/2022 1:22:33 PM Registry C:\Windows\system32\cmd.exe BLUETEAM\ezk cmd.exe /C schtasks /create /ru system /sc daily /tr ""cmd /c powershell.exe -ep bypass -file c:\T1036.004_NonExistingScript.ps1"" /tn win32times /f && schtasks /query /tn win32times 2384 2524",benign
cmd.exe,4092,RegQueryKey,HKLM,SUCCESS,"Query: HandleTags, HandleTags: 0x0",4/14/2022 1:22:33 PM,Registry,C:\Windows\system32\cmd.exe,BLUETEAM\ezk,"cmd.exe /C schtasks /create /ru system /sc daily /tr ""cmd /c powershell.exe -ep bypass -file c:\T1036.004_NonExistingScript.ps1"" /tn win32times /f && schtasks /query /tn win32times",2384,2524,"cmd.exe 4092 RegQueryKey HKLM SUCCESS Query: HandleTags, HandleTags: 0x0 4/14/2022 1:22:33 PM Registry C:\Windows\system32\cmd.exe BLUETEAM\ezk cmd.exe /C schtasks /create /ru system /sc daily /tr ""cmd /c powershell.exe -ep bypass -file c:\T1036.004_NonExistingScript.ps1"" /tn win32times /f && schtasks /query /tn win32times 2384 2524",benign
cmd.exe,4092,RegOpenKey,HKLM\SOFTWARE\Microsoft\OLE,SUCCESS,Desired Access: Read,4/14/2022 1:22:33 PM,Registry,C:\Windows\system32\cmd.exe,BLUETEAM\ezk,"cmd.exe /C schtasks /create /ru system /sc daily /tr ""cmd /c powershell.exe -ep bypass -file c:\T1036.004_NonExistingScript.ps1"" /tn win32times /f && schtasks /query /tn win32times",2384,2524,"cmd.exe 4092 RegOpenKey HKLM\SOFTWARE\Microsoft\OLE SUCCESS Desired Access: Read 4/14/2022 1:22:33 PM Registry C:\Windows\system32\cmd.exe BLUETEAM\ezk cmd.exe /C schtasks /create /ru system /sc daily /tr ""cmd /c powershell.exe -ep bypass -file c:\T1036.004_NonExistingScript.ps1"" /tn win32times /f && schtasks /query /tn win32times 2384 2524",benign
cmd.exe,4092,RegQueryValue,HKLM\SOFTWARE\Microsoft\Ole\PageAllocatorUseSystemHeap,NAME NOT FOUND,Length: 20,4/14/2022 1:22:33 PM,Registry,C:\Windows\system32\cmd.exe,BLUETEAM\ezk,"cmd.exe /C schtasks /create /ru system /sc daily /tr ""cmd /c powershell.exe -ep bypass -file c:\T1036.004_NonExistingScript.ps1"" /tn win32times /f && schtasks /query /tn win32times",2384,2524,"cmd.exe 4092 RegQueryValue HKLM\SOFTWARE\Microsoft\Ole\PageAllocatorUseSystemHeap NAME NOT FOUND Length: 20 4/14/2022 1:22:33 PM Registry C:\Windows\system32\cmd.exe BLUETEAM\ezk cmd.exe /C schtasks /create /ru system /sc daily /tr ""cmd /c powershell.exe -ep bypass -file c:\T1036.004_NonExistingScript.ps1"" /tn win32times /f && schtasks /query /tn win32times 2384 2524",benign
cmd.exe,4092,RegCloseKey,HKLM\SOFTWARE\Microsoft\Ole,SUCCESS,,4/14/2022 1:22:33 PM,Registry,C:\Windows\system32\cmd.exe,BLUETEAM\ezk,"cmd.exe /C schtasks /create /ru system /sc daily /tr ""cmd /c powershell.exe -ep bypass -file c:\T1036.004_NonExistingScript.ps1"" /tn win32times /f && schtasks /query /tn win32times",2384,2524,"cmd.exe 4092 RegCloseKey HKLM\SOFTWARE\Microsoft\Ole SUCCESS None 4/14/2022 1:22:33 PM Registry C:\Windows\system32\cmd.exe BLUETEAM\ezk cmd.exe /C schtasks /create /ru system /sc daily /tr ""cmd /c powershell.exe -ep bypass -file c:\T1036.004_NonExistingScript.ps1"" /tn win32times /f && schtasks /query /tn win32times 2384 2524",benign
cmd.exe,4092,RegQueryKey,HKLM,SUCCESS,"Query: HandleTags, HandleTags: 0x0",4/14/2022 1:22:33 PM,Registry,C:\Windows\system32\cmd.exe,BLUETEAM\ezk,"cmd.exe /C schtasks /create /ru system /sc daily /tr ""cmd /c powershell.exe -ep bypass -file c:\T1036.004_NonExistingScript.ps1"" /tn win32times /f && schtasks /query /tn win32times",2384,2524,"cmd.exe 4092 RegQueryKey HKLM SUCCESS Query: HandleTags, HandleTags: 0x0 4/14/2022 1:22:33 PM Registry C:\Windows\system32\cmd.exe BLUETEAM\ezk cmd.exe /C schtasks /create /ru system /sc daily /tr ""cmd /c powershell.exe -ep bypass -file c:\T1036.004_NonExistingScript.ps1"" /tn win32times /f && schtasks /query /tn win32times 2384 2524",benign
cmd.exe,4092,RegOpenKey,HKLM\SOFTWARE\Microsoft\OLE,SUCCESS,Desired Access: Read,4/14/2022 1:22:33 PM,Registry,C:\Windows\system32\cmd.exe,BLUETEAM\ezk,"cmd.exe /C schtasks /create /ru system /sc daily /tr ""cmd /c powershell.exe -ep bypass -file c:\T1036.004_NonExistingScript.ps1"" /tn win32times /f && schtasks /query /tn win32times",2384,2524,"cmd.exe 4092 RegOpenKey HKLM\SOFTWARE\Microsoft\OLE SUCCESS Desired Access: Read 4/14/2022 1:22:33 PM Registry C:\Windows\system32\cmd.exe BLUETEAM\ezk cmd.exe /C schtasks /create /ru system /sc daily /tr ""cmd /c powershell.exe -ep bypass -file c:\T1036.004_NonExistingScript.ps1"" /tn win32times /f && schtasks /query /tn win32times 2384 2524",benign
cmd.exe,4092,RegQueryValue,HKLM\SOFTWARE\Microsoft\Ole\PageAllocatorSystemHeapIsPrivate,NAME NOT FOUND,Length: 20,4/14/2022 1:22:33 PM,Registry,C:\Windows\system32\cmd.exe,BLUETEAM\ezk,"cmd.exe /C schtasks /create /ru system /sc daily /tr ""cmd /c powershell.exe -ep bypass -file c:\T1036.004_NonExistingScript.ps1"" /tn win32times /f && schtasks /query /tn win32times",2384,2524,"cmd.exe 4092 RegQueryValue HKLM\SOFTWARE\Microsoft\Ole\PageAllocatorSystemHeapIsPrivate NAME NOT FOUND Length: 20 4/14/2022 1:22:33 PM Registry C:\Windows\system32\cmd.exe BLUETEAM\ezk cmd.exe /C schtasks /create /ru system /sc daily /tr ""cmd /c powershell.exe -ep bypass -file c:\T1036.004_NonExistingScript.ps1"" /tn win32times /f && schtasks /query /tn win32times 2384 2524",benign
cmd.exe,4092,RegCloseKey,HKLM\SOFTWARE\Microsoft\Ole,SUCCESS,,4/14/2022 1:22:33 PM,Registry,C:\Windows\system32\cmd.exe,BLUETEAM\ezk,"cmd.exe /C schtasks /create /ru system /sc daily /tr ""cmd /c powershell.exe -ep bypass -file c:\T1036.004_NonExistingScript.ps1"" /tn win32times /f && schtasks /query /tn win32times",2384,2524,"cmd.exe 4092 RegCloseKey HKLM\SOFTWARE\Microsoft\Ole SUCCESS None 4/14/2022 1:22:33 PM Registry C:\Windows\system32\cmd.exe BLUETEAM\ezk cmd.exe /C schtasks /create /ru system /sc daily /tr ""cmd /c powershell.exe -ep bypass -file c:\T1036.004_NonExistingScript.ps1"" /tn win32times /f && schtasks /query /tn win32times 2384 2524",benign
cmd.exe,4092,RegQueryKey,HKLM,SUCCESS,"Query: HandleTags, HandleTags: 0x0",4/14/2022 1:22:33 PM,Registry,C:\Windows\system32\cmd.exe,BLUETEAM\ezk,"cmd.exe /C schtasks /create /ru system /sc daily /tr ""cmd /c powershell.exe -ep bypass -file c:\T1036.004_NonExistingScript.ps1"" /tn win32times /f && schtasks /query /tn win32times",2384,2524,"cmd.exe 4092 RegQueryKey HKLM SUCCESS Query: HandleTags, HandleTags: 0x0 4/14/2022 1:22:33 PM Registry C:\Windows\system32\cmd.exe BLUETEAM\ezk cmd.exe /C schtasks /create /ru system /sc daily /tr ""cmd /c powershell.exe -ep bypass -file c:\T1036.004_NonExistingScript.ps1"" /tn win32times /f && schtasks /query /tn win32times 2384 2524",benign
cmd.exe,4092,RegOpenKey,HKLM\SOFTWARE\Microsoft\OLE,SUCCESS,Desired Access: Read,4/14/2022 1:22:33 PM,Registry,C:\Windows\system32\cmd.exe,BLUETEAM\ezk,"cmd.exe /C schtasks /create /ru system /sc daily /tr ""cmd /c powershell.exe -ep bypass -file c:\T1036.004_NonExistingScript.ps1"" /tn win32times /f && schtasks /query /tn win32times",2384,2524,"cmd.exe 4092 RegOpenKey HKLM\SOFTWARE\Microsoft\OLE SUCCESS Desired Access: Read 4/14/2022 1:22:33 PM Registry C:\Windows\system32\cmd.exe BLUETEAM\ezk cmd.exe /C schtasks /create /ru system /sc daily /tr ""cmd /c powershell.exe -ep bypass -file c:\T1036.004_NonExistingScript.ps1"" /tn win32times /f && schtasks /query /tn win32times 2384 2524",benign
cmd.exe,4092,RegQueryValue,HKLM\SOFTWARE\Microsoft\Ole\AggressiveMTATesting,NAME NOT FOUND,Length: 16,4/14/2022 1:22:33 PM,Registry,C:\Windows\system32\cmd.exe,BLUETEAM\ezk,"cmd.exe /C schtasks /create /ru system /sc daily /tr ""cmd /c powershell.exe -ep bypass -file c:\T1036.004_NonExistingScript.ps1"" /tn win32times /f && schtasks /query /tn win32times",2384,2524,"cmd.exe 4092 RegQueryValue HKLM\SOFTWARE\Microsoft\Ole\AggressiveMTATesting NAME NOT FOUND Length: 16 4/14/2022 1:22:33 PM Registry C:\Windows\system32\cmd.exe BLUETEAM\ezk cmd.exe /C schtasks /create /ru system /sc daily /tr ""cmd /c powershell.exe -ep bypass -file c:\T1036.004_NonExistingScript.ps1"" /tn win32times /f && schtasks /query /tn win32times 2384 2524",benign
cmd.exe,4092,RegCloseKey,HKLM\SOFTWARE\Microsoft\Ole,SUCCESS,,4/14/2022 1:22:33 PM,Registry,C:\Windows\system32\cmd.exe,BLUETEAM\ezk,"cmd.exe /C schtasks /create /ru system /sc daily /tr ""cmd /c powershell.exe -ep bypass -file c:\T1036.004_NonExistingScript.ps1"" /tn win32times /f && schtasks /query /tn win32times",2384,2524,"cmd.exe 4092 RegCloseKey HKLM\SOFTWARE\Microsoft\Ole SUCCESS None 4/14/2022 1:22:33 PM Registry C:\Windows\system32\cmd.exe BLUETEAM\ezk cmd.exe /C schtasks /create /ru system /sc daily /tr ""cmd /c powershell.exe -ep bypass -file c:\T1036.004_NonExistingScript.ps1"" /tn win32times /f && schtasks /query /tn win32times 2384 2524",benign
cmd.exe,4092,RegQueryKey,HKLM,SUCCESS,"Query: HandleTags, HandleTags: 0x0",4/14/2022 1:22:33 PM,Registry,C:\Windows\system32\cmd.exe,BLUETEAM\ezk,"cmd.exe /C schtasks /create /ru system /sc daily /tr ""cmd /c powershell.exe -ep bypass -file c:\T1036.004_NonExistingScript.ps1"" /tn win32times /f && schtasks /query /tn win32times",2384,2524,"cmd.exe 4092 RegQueryKey HKLM SUCCESS Query: HandleTags, HandleTags: 0x0 4/14/2022 1:22:33 PM Registry C:\Windows\system32\cmd.exe BLUETEAM\ezk cmd.exe /C schtasks /create /ru system /sc daily /tr ""cmd /c powershell.exe -ep bypass -file c:\T1036.004_NonExistingScript.ps1"" /tn win32times /f && schtasks /query /tn win32times 2384 2524",benign
cmd.exe,4092,RegOpenKey,HKLM,SUCCESS,Desired Access: Read,4/14/2022 1:22:33 PM,Registry,C:\Windows\system32\cmd.exe,BLUETEAM\ezk,"cmd.exe /C schtasks /create /ru system /sc daily /tr ""cmd /c powershell.exe -ep bypass -file c:\T1036.004_NonExistingScript.ps1"" /tn win32times /f && schtasks /query /tn win32times",2384,2524,"cmd.exe 4092 RegOpenKey HKLM SUCCESS Desired Access: Read 4/14/2022 1:22:33 PM Registry C:\Windows\system32\cmd.exe BLUETEAM\ezk cmd.exe /C schtasks /create /ru system /sc daily /tr ""cmd /c powershell.exe -ep bypass -file c:\T1036.004_NonExistingScript.ps1"" /tn win32times /f && schtasks /query /tn win32times 2384 2524",benign
cmd.exe,4092,RegQueryKey,HKLM,SUCCESS,"Query: HandleTags, HandleTags: 0x100",4/14/2022 1:22:33 PM,Registry,C:\Windows\system32\cmd.exe,BLUETEAM\ezk,"cmd.exe /C schtasks /create /ru system /sc daily /tr ""cmd /c powershell.exe -ep bypass -file c:\T1036.004_NonExistingScript.ps1"" /tn win32times /f && schtasks /query /tn win32times",2384,2524,"cmd.exe 4092 RegQueryKey HKLM SUCCESS Query: HandleTags, HandleTags: 0x100 4/14/2022 1:22:33 PM Registry C:\Windows\system32\cmd.exe BLUETEAM\ezk cmd.exe /C schtasks /create /ru system /sc daily /tr ""cmd /c powershell.exe -ep bypass -file c:\T1036.004_NonExistingScript.ps1"" /tn win32times /f && schtasks /query /tn win32times 2384 2524",benign
cmd.exe,4092,RegOpenKey,HKLM\SYSTEM\CurrentControlSet\Control\Session Manager,REPARSE,"Desired Access: Query Value, Enumerate Sub Keys",4/14/2022 1:22:33 PM,Registry,C:\Windows\system32\cmd.exe,BLUETEAM\ezk,"cmd.exe /C schtasks /create /ru system /sc daily /tr ""cmd /c powershell.exe -ep bypass -file c:\T1036.004_NonExistingScript.ps1"" /tn win32times /f && schtasks /query /tn win32times",2384,2524,"cmd.exe 4092 RegOpenKey HKLM\SYSTEM\CurrentControlSet\Control\Session Manager REPARSE Desired Access: Query Value, Enumerate Sub Keys 4/14/2022 1:22:33 PM Registry C:\Windows\system32\cmd.exe BLUETEAM\ezk cmd.exe /C schtasks /create /ru system /sc daily /tr ""cmd /c powershell.exe -ep bypass -file c:\T1036.004_NonExistingScript.ps1"" /tn win32times /f && schtasks /query /tn win32times 2384 2524",benign
cmd.exe,4092,RegQueryValue,HKLM\System\CurrentControlSet\Control\Nls\Sorting\Versions\000603xx,SUCCESS,"Type: REG_SZ, Length: 26, Data: kernel32.dll",4/14/2022 1:22:33 PM,Registry,C:\Windows\system32\cmd.exe,BLUETEAM\ezk,"cmd.exe /C schtasks /create /ru system /sc daily /tr ""cmd /c powershell.exe -ep bypass -file c:\T1036.004_NonExistingScript.ps1"" /tn win32times /f && schtasks /query /tn win32times",2384,2524,"cmd.exe 4092 RegQueryValue HKLM\System\CurrentControlSet\Control\Nls\Sorting\Versions\000603xx SUCCESS Type: REG_SZ, Length: 26, Data: kernel32.dll 4/14/2022 1:22:33 PM Registry C:\Windows\system32\cmd.exe BLUETEAM\ezk cmd.exe /C schtasks /create /ru system /sc daily /tr ""cmd /c powershell.exe -ep bypass -file c:\T1036.004_NonExistingScript.ps1"" /tn win32times /f && schtasks /query /tn win32times 2384 2524",benign
cmd.exe,4092,RegQueryValue,HKLM\System\CurrentControlSet\Control\Nls\Sorting\Versions\(Default),SUCCESS,"Type: REG_SZ, Length: 18, Data: 00060305",4/14/2022 1:22:33 PM,Registry,C:\Windows\system32\cmd.exe,BLUETEAM\ezk,"cmd.exe /C schtasks /create /ru system /sc daily /tr ""cmd /c powershell.exe -ep bypass -file c:\T1036.004_NonExistingScript.ps1"" /tn win32times /f && schtasks /query /tn win32times",2384,2524,"cmd.exe 4092 RegQueryValue HKLM\System\CurrentControlSet\Control\Nls\Sorting\Versions\(Default) SUCCESS Type: REG_SZ, Length: 18, Data: 00060305 4/14/2022 1:22:33 PM Registry C:\Windows\system32\cmd.exe BLUETEAM\ezk cmd.exe /C schtasks /create /ru system /sc daily /tr ""cmd /c powershell.exe -ep bypass -file c:\T1036.004_NonExistingScript.ps1"" /tn win32times /f && schtasks /query /tn win32times 2384 2524",benign
cmd.exe,4092,RegOpenKey,HKLM\System\CurrentControlSet\Control\Nls\Sorting\Versions,SUCCESS,Desired Access: Read,4/14/2022 1:22:33 PM,Registry,C:\Windows\system32\cmd.exe,BLUETEAM\ezk,"cmd.exe /C schtasks /create /ru system /sc daily /tr ""cmd /c powershell.exe -ep bypass -file c:\T1036.004_NonExistingScript.ps1"" /tn win32times /f && schtasks /query /tn win32times",2384,2524,"cmd.exe 4092 RegOpenKey HKLM\System\CurrentControlSet\Control\Nls\Sorting\Versions SUCCESS Desired Access: Read 4/14/2022 1:22:33 PM Registry C:\Windows\system32\cmd.exe BLUETEAM\ezk cmd.exe /C schtasks /create /ru system /sc daily /tr ""cmd /c powershell.exe -ep bypass -file c:\T1036.004_NonExistingScript.ps1"" /tn win32times /f && schtasks /query /tn win32times 2384 2524",benign
cmd.exe,4092,RegOpenKey,HKLM\System\CurrentControlSet\Control\Session Manager,REPARSE,Desired Access: Query Value,4/14/2022 1:22:33 PM,Registry,C:\Windows\system32\cmd.exe,BLUETEAM\ezk,"cmd.exe /C schtasks /create /ru system /sc daily /tr ""cmd /c powershell.exe -ep bypass -file c:\T1036.004_NonExistingScript.ps1"" /tn win32times /f && schtasks /query /tn win32times",2384,2524,"cmd.exe 4092 RegOpenKey HKLM\System\CurrentControlSet\Control\Session Manager REPARSE Desired Access: Query Value 4/14/2022 1:22:33 PM Registry C:\Windows\system32\cmd.exe BLUETEAM\ezk cmd.exe /C schtasks /create /ru system /sc daily /tr ""cmd /c powershell.exe -ep bypass -file c:\T1036.004_NonExistingScript.ps1"" /tn win32times /f && schtasks /query /tn win32times 2384 2524",benign
cmd.exe,4092,RegOpenKey,HKLM\System\CurrentControlSet\Control\Session Manager,SUCCESS,Desired Access: Query Value,4/14/2022 1:22:33 PM,Registry,C:\Windows\system32\cmd.exe,BLUETEAM\ezk,"cmd.exe /C schtasks /create /ru system /sc daily /tr ""cmd /c powershell.exe -ep bypass -file c:\T1036.004_NonExistingScript.ps1"" /tn win32times /f && schtasks /query /tn win32times",2384,2524,"cmd.exe 4092 RegOpenKey HKLM\System\CurrentControlSet\Control\Session Manager SUCCESS Desired Access: Query Value 4/14/2022 1:22:33 PM Registry C:\Windows\system32\cmd.exe BLUETEAM\ezk cmd.exe /C schtasks /create /ru system /sc daily /tr ""cmd /c powershell.exe -ep bypass -file c:\T1036.004_NonExistingScript.ps1"" /tn win32times /f && schtasks /query /tn win32times 2384 2524",benign
cmd.exe,4092,RegQueryValue,HKLM\System\CurrentControlSet\Control\Session Manager\RaiseExceptionOnPossibleDeadlock,NAME NOT FOUND,Length: 80,4/14/2022 1:22:33 PM,Registry,C:\Windows\system32\cmd.exe,BLUETEAM\ezk,"cmd.exe /C schtasks /create /ru system /sc daily /tr ""cmd /c powershell.exe -ep bypass -file c:\T1036.004_NonExistingScript.ps1"" /tn win32times /f && schtasks /query /tn win32times",2384,2524,"cmd.exe 4092 RegQueryValue HKLM\System\CurrentControlSet\Control\Session Manager\RaiseExceptionOnPossibleDeadlock NAME NOT FOUND Length: 80 4/14/2022 1:22:33 PM Registry C:\Windows\system32\cmd.exe BLUETEAM\ezk cmd.exe /C schtasks /create /ru system /sc daily /tr ""cmd /c powershell.exe -ep bypass -file c:\T1036.004_NonExistingScript.ps1"" /tn win32times /f && schtasks /query /tn win32times 2384 2524",benign
cmd.exe,4092,RegCloseKey,HKLM\System\CurrentControlSet\Control\Session Manager,SUCCESS,,4/14/2022 1:22:33 PM,Registry,C:\Windows\system32\cmd.exe,BLUETEAM\ezk,"cmd.exe /C schtasks /create /ru system /sc daily /tr ""cmd /c powershell.exe -ep bypass -file c:\T1036.004_NonExistingScript.ps1"" /tn win32times /f && schtasks /query /tn win32times",2384,2524,"cmd.exe 4092 RegCloseKey HKLM\System\CurrentControlSet\Control\Session Manager SUCCESS None 4/14/2022 1:22:33 PM Registry C:\Windows\system32\cmd.exe BLUETEAM\ezk cmd.exe /C schtasks /create /ru system /sc daily /tr ""cmd /c powershell.exe -ep bypass -file c:\T1036.004_NonExistingScript.ps1"" /tn win32times /f && schtasks /query /tn win32times 2384 2524",benign
cmd.exe,4092,RegOpenKey,HKLM\SYSTEM\CurrentControlSet\Control\Session Manager\Segment Heap,REPARSE,Desired Access: Query Value,4/14/2022 1:22:33 PM,Registry,C:\Windows\system32\cmd.exe,BLUETEAM\ezk,"cmd.exe /C schtasks /create /ru system /sc daily /tr ""cmd /c powershell.exe -ep bypass -file c:\T1036.004_NonExistingScript.ps1"" /tn win32times /f && schtasks /query /tn win32times",2384,2524,"cmd.exe 4092 RegOpenKey HKLM\SYSTEM\CurrentControlSet\Control\Session Manager\Segment Heap REPARSE Desired Access: Query Value 4/14/2022 1:22:33 PM Registry C:\Windows\system32\cmd.exe BLUETEAM\ezk cmd.exe /C schtasks /create /ru system /sc daily /tr ""cmd /c powershell.exe -ep bypass -file c:\T1036.004_NonExistingScript.ps1"" /tn win32times /f && schtasks /query /tn win32times 2384 2524",benign
cmd.exe,4092,RegOpenKey,HKLM\System\CurrentControlSet\Control\Session Manager\Segment Heap,NAME NOT FOUND,Desired Access: Query Value,4/14/2022 1:22:33 PM,Registry,C:\Windows\system32\cmd.exe,BLUETEAM\ezk,"cmd.exe /C schtasks /create /ru system /sc daily /tr ""cmd /c powershell.exe -ep bypass -file c:\T1036.004_NonExistingScript.ps1"" /tn win32times /f && schtasks /query /tn win32times",2384,2524,"cmd.exe 4092 RegOpenKey HKLM\System\CurrentControlSet\Control\Session Manager\Segment Heap NAME NOT FOUND Desired Access: Query Value 4/14/2022 1:22:33 PM Registry C:\Windows\system32\cmd.exe BLUETEAM\ezk cmd.exe /C schtasks /create /ru system /sc daily /tr ""cmd /c powershell.exe -ep bypass -file c:\T1036.004_NonExistingScript.ps1"" /tn win32times /f && schtasks /query /tn win32times 2384 2524",benign
cmd.exe,4092,RegOpenKey,HKLM\SYSTEM\CurrentControlSet\Control\Session Manager,REPARSE,"Desired Access: Query Value, Enumerate Sub Keys",4/14/2022 1:22:33 PM,Registry,C:\Windows\system32\cmd.exe,BLUETEAM\ezk,"cmd.exe /C schtasks /create /ru system /sc daily /tr ""cmd /c powershell.exe -ep bypass -file c:\T1036.004_NonExistingScript.ps1"" /tn win32times /f && schtasks /query /tn win32times",2384,2524,"cmd.exe 4092 RegOpenKey HKLM\SYSTEM\CurrentControlSet\Control\Session Manager REPARSE Desired Access: Query Value, Enumerate Sub Keys 4/14/2022 1:22:33 PM Registry C:\Windows\system32\cmd.exe BLUETEAM\ezk cmd.exe /C schtasks /create /ru system /sc daily /tr ""cmd /c powershell.exe -ep bypass -file c:\T1036.004_NonExistingScript.ps1"" /tn win32times /f && schtasks /query /tn win32times 2384 2524",benign
cmd.exe,4092,RegOpenKey,HKLM\System\CurrentControlSet\Control\Session Manager,SUCCESS,"Desired Access: Query Value, Enumerate Sub Keys",4/14/2022 1:22:33 PM,Registry,C:\Windows\system32\cmd.exe,BLUETEAM\ezk,"cmd.exe /C schtasks /create /ru system /sc daily /tr ""cmd /c powershell.exe -ep bypass -file c:\T1036.004_NonExistingScript.ps1"" /tn win32times /f && schtasks /query /tn win32times",2384,2524,"cmd.exe 4092 RegOpenKey HKLM\System\CurrentControlSet\Control\Session Manager SUCCESS Desired Access: Query Value, Enumerate Sub Keys 4/14/2022 1:22:33 PM Registry C:\Windows\system32\cmd.exe BLUETEAM\ezk cmd.exe /C schtasks /create /ru system /sc daily /tr ""cmd /c powershell.exe -ep bypass -file c:\T1036.004_NonExistingScript.ps1"" /tn win32times /f && schtasks /query /tn win32times 2384 2524",benign
cmd.exe,4092,RegQueryValue,HKLM\System\CurrentControlSet\Control\Session Manager\ResourcePolicies,NAME NOT FOUND,Length: 24,4/14/2022 1:22:33 PM,Registry,C:\Windows\system32\cmd.exe,BLUETEAM\ezk,"cmd.exe /C schtasks /create /ru system /sc daily /tr ""cmd /c powershell.exe -ep bypass -file c:\T1036.004_NonExistingScript.ps1"" /tn win32times /f && schtasks /query /tn win32times",2384,2524,"cmd.exe 4092 RegQueryValue HKLM\System\CurrentControlSet\Control\Session Manager\ResourcePolicies NAME NOT FOUND Length: 24 4/14/2022 1:22:33 PM Registry C:\Windows\system32\cmd.exe BLUETEAM\ezk cmd.exe /C schtasks /create /ru system /sc daily /tr ""cmd /c powershell.exe -ep bypass -file c:\T1036.004_NonExistingScript.ps1"" /tn win32times /f && schtasks /query /tn win32times 2384 2524",benign
cmd.exe,4092,RegCloseKey,HKLM\System\CurrentControlSet\Control\Session Manager,SUCCESS,,4/14/2022 1:22:33 PM,Registry,C:\Windows\system32\cmd.exe,BLUETEAM\ezk,"cmd.exe /C schtasks /create /ru system /sc daily /tr ""cmd /c powershell.exe -ep bypass -file c:\T1036.004_NonExistingScript.ps1"" /tn win32times /f && schtasks /query /tn win32times",2384,2524,"cmd.exe 4092 RegCloseKey HKLM\System\CurrentControlSet\Control\Session Manager SUCCESS None 4/14/2022 1:22:33 PM Registry C:\Windows\system32\cmd.exe BLUETEAM\ezk cmd.exe /C schtasks /create /ru system /sc daily /tr ""cmd /c powershell.exe -ep bypass -file c:\T1036.004_NonExistingScript.ps1"" /tn win32times /f && schtasks /query /tn win32times 2384 2524",benign
cmd.exe,4092,CreateFile,C:\Windows\System32,SUCCESS,"Desired Access: Execute/Traverse, Synchronize, Disposition: Open, Options: Directory, Synchronous IO Non-Alert, Attributes: n/a, ShareMode: Read, Write, AllocationSize: n/a, OpenResult: Opened",4/14/2022 1:22:33 PM,File System,C:\Windows\system32\cmd.exe,BLUETEAM\ezk,"cmd.exe /C schtasks /create /ru system /sc daily /tr ""cmd /c powershell.exe -ep bypass -file c:\T1036.004_NonExistingScript.ps1"" /tn win32times /f && schtasks /query /tn win32times",2384,2524,"cmd.exe 4092 CreateFile C:\Windows\System32 SUCCESS Desired Access: Execute/Traverse, Synchronize, Disposition: Open, Options: Directory, Synchronous IO Non-Alert, Attributes: n/a, ShareMode: Read, Write, AllocationSize: n/a, OpenResult: Opened 4/14/2022 1:22:33 PM File System C:\Windows\system32\cmd.exe BLUETEAM\ezk cmd.exe /C schtasks /create /ru system /sc daily /tr ""cmd /c powershell.exe -ep bypass -file c:\T1036.004_NonExistingScript.ps1"" /tn win32times /f && schtasks /query /tn win32times 2384 2524",benign
cmd.exe,4092,RegOpenKey,HKLM\Software\Microsoft\Ole\FeatureDevelopmentProperties,NAME NOT FOUND,Desired Access: Read,4/14/2022 1:22:33 PM,Registry,C:\Windows\system32\cmd.exe,BLUETEAM\ezk,"cmd.exe /C schtasks /create /ru system /sc daily /tr ""cmd /c powershell.exe -ep bypass -file c:\T1036.004_NonExistingScript.ps1"" /tn win32times /f && schtasks /query /tn win32times",2384,2524,"cmd.exe 4092 RegOpenKey HKLM\Software\Microsoft\Ole\FeatureDevelopmentProperties NAME NOT FOUND Desired Access: Read 4/14/2022 1:22:33 PM Registry C:\Windows\system32\cmd.exe BLUETEAM\ezk cmd.exe /C schtasks /create /ru system /sc daily /tr ""cmd /c powershell.exe -ep bypass -file c:\T1036.004_NonExistingScript.ps1"" /tn win32times /f && schtasks /query /tn win32times 2384 2524",benign
cmd.exe,4092,RegOpenKey,HKLM\System\CurrentControlSet\Control\SafeBoot\Option,REPARSE,"Desired Access: Query Value, Set Value",4/14/2022 1:22:33 PM,Registry,C:\Windows\system32\cmd.exe,BLUETEAM\ezk,"cmd.exe /C schtasks /create /ru system /sc daily /tr ""cmd /c powershell.exe -ep bypass -file c:\T1036.004_NonExistingScript.ps1"" /tn win32times /f && schtasks /query /tn win32times",2384,2524,"cmd.exe 4092 RegOpenKey HKLM\System\CurrentControlSet\Control\SafeBoot\Option REPARSE Desired Access: Query Value, Set Value 4/14/2022 1:22:33 PM Registry C:\Windows\system32\cmd.exe BLUETEAM\ezk cmd.exe /C schtasks /create /ru system /sc daily /tr ""cmd /c powershell.exe -ep bypass -file c:\T1036.004_NonExistingScript.ps1"" /tn win32times /f && schtasks /query /tn win32times 2384 2524",benign
cmd.exe,4092,RegOpenKey,HKLM\System\CurrentControlSet\Control\Srp\GP\DLL,REPARSE,Desired Access: Read,4/14/2022 1:22:33 PM,Registry,C:\Windows\system32\cmd.exe,BLUETEAM\ezk,"cmd.exe /C schtasks /create /ru system /sc daily /tr ""cmd /c powershell.exe -ep bypass -file c:\T1036.004_NonExistingScript.ps1"" /tn win32times /f && schtasks /query /tn win32times",2384,2524,"cmd.exe 4092 RegOpenKey HKLM\System\CurrentControlSet\Control\Srp\GP\DLL REPARSE Desired Access: Read 4/14/2022 1:22:33 PM Registry C:\Windows\system32\cmd.exe BLUETEAM\ezk cmd.exe /C schtasks /create /ru system /sc daily /tr ""cmd /c powershell.exe -ep bypass -file c:\T1036.004_NonExistingScript.ps1"" /tn win32times /f && schtasks /query /tn win32times 2384 2524",benign
cmd.exe,4092,RegOpenKey,HKLM\System\CurrentControlSet\Control\Srp\GP\DLL,NAME NOT FOUND,Desired Access: Read,4/14/2022 1:22:33 PM,Registry,C:\Windows\system32\cmd.exe,BLUETEAM\ezk,"cmd.exe /C schtasks /create /ru system /sc daily /tr ""cmd /c powershell.exe -ep bypass -file c:\T1036.004_NonExistingScript.ps1"" /tn win32times /f && schtasks /query /tn win32times",2384,2524,"cmd.exe 4092 RegOpenKey HKLM\System\CurrentControlSet\Control\Srp\GP\DLL NAME NOT FOUND Desired Access: Read 4/14/2022 1:22:33 PM Registry C:\Windows\system32\cmd.exe BLUETEAM\ezk cmd.exe /C schtasks /create /ru system /sc daily /tr ""cmd /c powershell.exe -ep bypass -file c:\T1036.004_NonExistingScript.ps1"" /tn win32times /f && schtasks /query /tn win32times 2384 2524",benign
cmd.exe,4092,RegOpenKey,HKLM\Software\Policies\Microsoft\Windows\Safer\CodeIdentifiers,SUCCESS,Desired Access: Query Value,4/14/2022 1:22:33 PM,Registry,C:\Windows\system32\cmd.exe,BLUETEAM\ezk,"cmd.exe /C schtasks /create /ru system /sc daily /tr ""cmd /c powershell.exe -ep bypass -file c:\T1036.004_NonExistingScript.ps1"" /tn win32times /f && schtasks /query /tn win32times",2384,2524,"cmd.exe 4092 RegOpenKey HKLM\Software\Policies\Microsoft\Windows\Safer\CodeIdentifiers SUCCESS Desired Access: Query Value 4/14/2022 1:22:33 PM Registry C:\Windows\system32\cmd.exe BLUETEAM\ezk cmd.exe /C schtasks /create /ru system /sc daily /tr ""cmd /c powershell.exe -ep bypass -file c:\T1036.004_NonExistingScript.ps1"" /tn win32times /f && schtasks /query /tn win32times 2384 2524",benign
cmd.exe,4092,RegQueryValue,HKLM\SOFTWARE\Policies\Microsoft\Windows\safer\codeidentifiers\TransparentEnabled,NAME NOT FOUND,Length: 80,4/14/2022 1:22:33 PM,Registry,C:\Windows\system32\cmd.exe,BLUETEAM\ezk,"cmd.exe /C schtasks /create /ru system /sc daily /tr ""cmd /c powershell.exe -ep bypass -file c:\T1036.004_NonExistingScript.ps1"" /tn win32times /f && schtasks /query /tn win32times",2384,2524,"cmd.exe 4092 RegQueryValue HKLM\SOFTWARE\Policies\Microsoft\Windows\safer\codeidentifiers\TransparentEnabled NAME NOT FOUND Length: 80 4/14/2022 1:22:33 PM Registry C:\Windows\system32\cmd.exe BLUETEAM\ezk cmd.exe /C schtasks /create /ru system /sc daily /tr ""cmd /c powershell.exe -ep bypass -file c:\T1036.004_NonExistingScript.ps1"" /tn win32times /f && schtasks /query /tn win32times 2384 2524",benign
cmd.exe,4092,RegCloseKey,HKLM\SOFTWARE\Policies\Microsoft\Windows\safer\codeidentifiers,SUCCESS,,4/14/2022 1:22:33 PM,Registry,C:\Windows\system32\cmd.exe,BLUETEAM\ezk,"cmd.exe /C schtasks /create /ru system /sc daily /tr ""cmd /c powershell.exe -ep bypass -file c:\T1036.004_NonExistingScript.ps1"" /tn win32times /f && schtasks /query /tn win32times",2384,2524,"cmd.exe 4092 RegCloseKey HKLM\SOFTWARE\Policies\Microsoft\Windows\safer\codeidentifiers SUCCESS None 4/14/2022 1:22:33 PM Registry C:\Windows\system32\cmd.exe BLUETEAM\ezk cmd.exe /C schtasks /create /ru system /sc daily /tr ""cmd /c powershell.exe -ep bypass -file c:\T1036.004_NonExistingScript.ps1"" /tn win32times /f && schtasks /query /tn win32times 2384 2524",benign
cmd.exe,4092,RegOpenKey,HKCU\Software\Policies\Microsoft\Windows\Safer\CodeIdentifiers,NAME NOT FOUND,Desired Access: Query Value,4/14/2022 1:22:33 PM,Registry,C:\Windows\system32\cmd.exe,BLUETEAM\ezk,"cmd.exe /C schtasks /create /ru system /sc daily /tr ""cmd /c powershell.exe -ep bypass -file c:\T1036.004_NonExistingScript.ps1"" /tn win32times /f && schtasks /query /tn win32times",2384,2524,"cmd.exe 4092 RegOpenKey HKCU\Software\Policies\Microsoft\Windows\Safer\CodeIdentifiers NAME NOT FOUND Desired Access: Query Value 4/14/2022 1:22:33 PM Registry C:\Windows\system32\cmd.exe BLUETEAM\ezk cmd.exe /C schtasks /create /ru system /sc daily /tr ""cmd /c powershell.exe -ep bypass -file c:\T1036.004_NonExistingScript.ps1"" /tn win32times /f && schtasks /query /tn win32times 2384 2524",benign
cmd.exe,4092,RegOpenKey,HKLM\System\CurrentControlSet\Control\FileSystem\,REPARSE,Desired Access: Read,4/14/2022 1:22:33 PM,Registry,C:\Windows\system32\cmd.exe,BLUETEAM\ezk,"cmd.exe /C schtasks /create /ru system /sc daily /tr ""cmd /c powershell.exe -ep bypass -file c:\T1036.004_NonExistingScript.ps1"" /tn win32times /f && schtasks /query /tn win32times",2384,2524,"cmd.exe 4092 RegOpenKey HKLM\System\CurrentControlSet\Control\FileSystem\ REPARSE Desired Access: Read 4/14/2022 1:22:33 PM Registry C:\Windows\system32\cmd.exe BLUETEAM\ezk cmd.exe /C schtasks /create /ru system /sc daily /tr ""cmd /c powershell.exe -ep bypass -file c:\T1036.004_NonExistingScript.ps1"" /tn win32times /f && schtasks /query /tn win32times 2384 2524",benign
cmd.exe,4092,RegOpenKey,HKLM\System\CurrentControlSet\Control\FileSystem,SUCCESS,Desired Access: Read,4/14/2022 1:22:33 PM,Registry,C:\Windows\system32\cmd.exe,BLUETEAM\ezk,"cmd.exe /C schtasks /create /ru system /sc daily /tr ""cmd /c powershell.exe -ep bypass -file c:\T1036.004_NonExistingScript.ps1"" /tn win32times /f && schtasks /query /tn win32times",2384,2524,"cmd.exe 4092 RegOpenKey HKLM\System\CurrentControlSet\Control\FileSystem SUCCESS Desired Access: Read 4/14/2022 1:22:33 PM Registry C:\Windows\system32\cmd.exe BLUETEAM\ezk cmd.exe /C schtasks /create /ru system /sc daily /tr ""cmd /c powershell.exe -ep bypass -file c:\T1036.004_NonExistingScript.ps1"" /tn win32times /f && schtasks /query /tn win32times 2384 2524",benign
cmd.exe,4092,RegQueryValue,HKLM\System\CurrentControlSet\Control\FileSystem\LongPathsEnabled,SUCCESS,"Type: REG_DWORD, Length: 4, Data: 0",4/14/2022 1:22:33 PM,Registry,C:\Windows\system32\cmd.exe,BLUETEAM\ezk,"cmd.exe /C schtasks /create /ru system /sc daily /tr ""cmd /c powershell.exe -ep bypass -file c:\T1036.004_NonExistingScript.ps1"" /tn win32times /f && schtasks /query /tn win32times",2384,2524,"cmd.exe 4092 RegQueryValue HKLM\System\CurrentControlSet\Control\FileSystem\LongPathsEnabled SUCCESS Type: REG_DWORD, Length: 4, Data: 0 4/14/2022 1:22:33 PM Registry C:\Windows\system32\cmd.exe BLUETEAM\ezk cmd.exe /C schtasks /create /ru system /sc daily /tr ""cmd /c powershell.exe -ep bypass -file c:\T1036.004_NonExistingScript.ps1"" /tn win32times /f && schtasks /query /tn win32times 2384 2524",benign
cmd.exe,4092,RegCloseKey,HKLM\System\CurrentControlSet\Control\FileSystem,SUCCESS,,4/14/2022 1:22:33 PM,Registry,C:\Windows\system32\cmd.exe,BLUETEAM\ezk,"cmd.exe /C schtasks /create /ru system /sc daily /tr ""cmd /c powershell.exe -ep bypass -file c:\T1036.004_NonExistingScript.ps1"" /tn win32times /f && schtasks /query /tn win32times",2384,2524,"cmd.exe 4092 RegCloseKey HKLM\System\CurrentControlSet\Control\FileSystem SUCCESS None 4/14/2022 1:22:33 PM Registry C:\Windows\system32\cmd.exe BLUETEAM\ezk cmd.exe /C schtasks /create /ru system /sc daily /tr ""cmd /c powershell.exe -ep bypass -file c:\T1036.004_NonExistingScript.ps1"" /tn win32times /f && schtasks /query /tn win32times 2384 2524",benign
cmd.exe,4092,RegOpenKey,HKLM\System\CurrentControlSet\Control\Nls\Sorting\Versions,REPARSE,Desired Access: Read,4/14/2022 1:22:33 PM,Registry,C:\Windows\system32\cmd.exe,BLUETEAM\ezk,"cmd.exe /C schtasks /create /ru system /sc daily /tr ""cmd /c powershell.exe -ep bypass -file c:\T1036.004_NonExistingScript.ps1"" /tn win32times /f && schtasks /query /tn win32times",2384,2524,"cmd.exe 4092 RegOpenKey HKLM\System\CurrentControlSet\Control\Nls\Sorting\Versions REPARSE Desired Access: Read 4/14/2022 1:22:33 PM Registry C:\Windows\system32\cmd.exe BLUETEAM\ezk cmd.exe /C schtasks /create /ru system /sc daily /tr ""cmd /c powershell.exe -ep bypass -file c:\T1036.004_NonExistingScript.ps1"" /tn win32times /f && schtasks /query /tn win32times 2384 2524",benign
cmd.exe,4092,RegOpenKey,HKLM\System\CurrentControlSet\Control\SafeBoot\Option,NAME NOT FOUND,"Desired Access: Query Value, Set Value",4/14/2022 1:22:33 PM,Registry,C:\Windows\system32\cmd.exe,BLUETEAM\ezk,"cmd.exe /C schtasks /create /ru system /sc daily /tr ""cmd /c powershell.exe -ep bypass -file c:\T1036.004_NonExistingScript.ps1"" /tn win32times /f && schtasks /query /tn win32times",2384,2524,"cmd.exe 4092 RegOpenKey HKLM\System\CurrentControlSet\Control\SafeBoot\Option NAME NOT FOUND Desired Access: Query Value, Set Value 4/14/2022 1:22:33 PM Registry C:\Windows\system32\cmd.exe BLUETEAM\ezk cmd.exe /C schtasks /create /ru system /sc daily /tr ""cmd /c powershell.exe -ep bypass -file c:\T1036.004_NonExistingScript.ps1"" /tn win32times /f && schtasks /query /tn win32times 2384 2524",benign
cmd.exe,4092,RegOpenKey,HKCU\Software\Microsoft\Command Processor,NAME NOT FOUND,Desired Access: Maximum Allowed,4/14/2022 1:22:33 PM,Registry,C:\Windows\system32\cmd.exe,BLUETEAM\ezk,"cmd.exe /C schtasks /create /ru system /sc daily /tr ""cmd /c powershell.exe -ep bypass -file c:\T1036.004_NonExistingScript.ps1"" /tn win32times /f && schtasks /query /tn win32times",2384,2524,"cmd.exe 4092 RegOpenKey HKCU\Software\Microsoft\Command Processor NAME NOT FOUND Desired Access: Maximum Allowed 4/14/2022 1:22:33 PM Registry C:\Windows\system32\cmd.exe BLUETEAM\ezk cmd.exe /C schtasks /create /ru system /sc daily /tr ""cmd /c powershell.exe -ep bypass -file c:\T1036.004_NonExistingScript.ps1"" /tn win32times /f && schtasks /query /tn win32times 2384 2524",benign
cmd.exe,4092,RegOpenKey,HKLM\SOFTWARE\Microsoft\AppModel\Lookaside\Packages,NAME NOT FOUND,Desired Access: Read,4/14/2022 1:22:33 PM,Registry,C:\Windows\system32\cmd.exe,BLUETEAM\ezk,"cmd.exe /C schtasks /create /ru system /sc daily /tr ""cmd /c powershell.exe -ep bypass -file c:\T1036.004_NonExistingScript.ps1"" /tn win32times /f && schtasks /query /tn win32times",2384,2524,"cmd.exe 4092 RegOpenKey HKLM\SOFTWARE\Microsoft\AppModel\Lookaside\Packages NAME NOT FOUND Desired Access: Read 4/14/2022 1:22:33 PM Registry C:\Windows\system32\cmd.exe BLUETEAM\ezk cmd.exe /C schtasks /create /ru system /sc daily /tr ""cmd /c powershell.exe -ep bypass -file c:\T1036.004_NonExistingScript.ps1"" /tn win32times /f && schtasks /query /tn win32times 2384 2524",benign
cmd.exe,4092,RegOpenKey,HKLM\Software\Microsoft\Ole\FeatureDevelopmentProperties,NAME NOT FOUND,Desired Access: Read,4/14/2022 1:22:33 PM,Registry,C:\Windows\system32\cmd.exe,BLUETEAM\ezk,"cmd.exe /C schtasks /create /ru system /sc daily /tr ""cmd /c powershell.exe -ep bypass -file c:\T1036.004_NonExistingScript.ps1"" /tn win32times /f && schtasks /query /tn win32times",2384,2524,"cmd.exe 4092 RegOpenKey HKLM\Software\Microsoft\Ole\FeatureDevelopmentProperties NAME NOT FOUND Desired Access: Read 4/14/2022 1:22:33 PM Registry C:\Windows\system32\cmd.exe BLUETEAM\ezk cmd.exe /C schtasks /create /ru system /sc daily /tr ""cmd /c powershell.exe -ep bypass -file c:\T1036.004_NonExistingScript.ps1"" /tn win32times /f && schtasks /query /tn win32times 2384 2524",benign
cmd.exe,4092,RegOpenKey,HKCU\Software\Policies\Microsoft\Control Panel\Desktop,NAME NOT FOUND,Desired Access: Read,4/14/2022 1:22:33 PM,Registry,C:\Windows\system32\cmd.exe,BLUETEAM\ezk,"cmd.exe /C schtasks /create /ru system /sc daily /tr ""cmd /c powershell.exe -ep bypass -file c:\T1036.004_NonExistingScript.ps1"" /tn win32times /f && schtasks /query /tn win32times",2384,2524,"cmd.exe 4092 RegOpenKey HKCU\Software\Policies\Microsoft\Control Panel\Desktop NAME NOT FOUND Desired Access: Read 4/14/2022 1:22:33 PM Registry C:\Windows\system32\cmd.exe BLUETEAM\ezk cmd.exe /C schtasks /create /ru system /sc daily /tr ""cmd /c powershell.exe -ep bypass -file c:\T1036.004_NonExistingScript.ps1"" /tn win32times /f && schtasks /query /tn win32times 2384 2524",benign
cmd.exe,4092,RegOpenKey,HKCU\Control Panel\Desktop,SUCCESS,Desired Access: Read,4/14/2022 1:22:33 PM,Registry,C:\Windows\system32\cmd.exe,BLUETEAM\ezk,"cmd.exe /C schtasks /create /ru system /sc daily /tr ""cmd /c powershell.exe -ep bypass -file c:\T1036.004_NonExistingScript.ps1"" /tn win32times /f && schtasks /query /tn win32times",2384,2524,"cmd.exe 4092 RegOpenKey HKCU\Control Panel\Desktop SUCCESS Desired Access: Read 4/14/2022 1:22:33 PM Registry C:\Windows\system32\cmd.exe BLUETEAM\ezk cmd.exe /C schtasks /create /ru system /sc daily /tr ""cmd /c powershell.exe -ep bypass -file c:\T1036.004_NonExistingScript.ps1"" /tn win32times /f && schtasks /query /tn win32times 2384 2524",benign
cmd.exe,4092,RegQueryValue,HKCU\Control Panel\Desktop\PreferredUILanguages,NAME NOT FOUND,Length: 12,4/14/2022 1:22:33 PM,Registry,C:\Windows\system32\cmd.exe,BLUETEAM\ezk,"cmd.exe /C schtasks /create /ru system /sc daily /tr ""cmd /c powershell.exe -ep bypass -file c:\T1036.004_NonExistingScript.ps1"" /tn win32times /f && schtasks /query /tn win32times",2384,2524,"cmd.exe 4092 RegQueryValue HKCU\Control Panel\Desktop\PreferredUILanguages NAME NOT FOUND Length: 12 4/14/2022 1:22:33 PM Registry C:\Windows\system32\cmd.exe BLUETEAM\ezk cmd.exe /C schtasks /create /ru system /sc daily /tr ""cmd /c powershell.exe -ep bypass -file c:\T1036.004_NonExistingScript.ps1"" /tn win32times /f && schtasks /query /tn win32times 2384 2524",benign
cmd.exe,4092,RegCloseKey,HKCU\Control Panel\Desktop,SUCCESS,,4/14/2022 1:22:33 PM,Registry,C:\Windows\system32\cmd.exe,BLUETEAM\ezk,"cmd.exe /C schtasks /create /ru system /sc daily /tr ""cmd /c powershell.exe -ep bypass -file c:\T1036.004_NonExistingScript.ps1"" /tn win32times /f && schtasks /query /tn win32times",2384,2524,"cmd.exe 4092 RegCloseKey HKCU\Control Panel\Desktop SUCCESS None 4/14/2022 1:22:33 PM Registry C:\Windows\system32\cmd.exe BLUETEAM\ezk cmd.exe /C schtasks /create /ru system /sc daily /tr ""cmd /c powershell.exe -ep bypass -file c:\T1036.004_NonExistingScript.ps1"" /tn win32times /f && schtasks /query /tn win32times 2384 2524",benign
cmd.exe,4092,RegCloseKey,HKCU,SUCCESS,,4/14/2022 1:22:33 PM,Registry,C:\Windows\system32\cmd.exe,BLUETEAM\ezk,"cmd.exe /C schtasks /create /ru system /sc daily /tr ""cmd /c powershell.exe -ep bypass -file c:\T1036.004_NonExistingScript.ps1"" /tn win32times /f && schtasks /query /tn win32times",2384,2524,"cmd.exe 4092 RegCloseKey HKCU SUCCESS None 4/14/2022 1:22:33 PM Registry C:\Windows\system32\cmd.exe BLUETEAM\ezk cmd.exe /C schtasks /create /ru system /sc daily /tr ""cmd /c powershell.exe -ep bypass -file c:\T1036.004_NonExistingScript.ps1"" /tn win32times /f && schtasks /query /tn win32times 2384 2524",benign
cmd.exe,4092,RegOpenKey,HKLM\Software\Policies\Microsoft\MUI\Settings,NAME NOT FOUND,Desired Access: Read,4/14/2022 1:22:33 PM,Registry,C:\Windows\system32\cmd.exe,BLUETEAM\ezk,"cmd.exe /C schtasks /create /ru system /sc daily /tr ""cmd /c powershell.exe -ep bypass -file c:\T1036.004_NonExistingScript.ps1"" /tn win32times /f && schtasks /query /tn win32times",2384,2524,"cmd.exe 4092 RegOpenKey HKLM\Software\Policies\Microsoft\MUI\Settings NAME NOT FOUND Desired Access: Read 4/14/2022 1:22:33 PM Registry C:\Windows\system32\cmd.exe BLUETEAM\ezk cmd.exe /C schtasks /create /ru system /sc daily /tr ""cmd /c powershell.exe -ep bypass -file c:\T1036.004_NonExistingScript.ps1"" /tn win32times /f && schtasks /query /tn win32times 2384 2524",benign
cmd.exe,4092,RegOpenKey,HKCU,SUCCESS,"Desired Access: Maximum Allowed, Granted Access: All Access",4/14/2022 1:22:33 PM,Registry,C:\Windows\system32\cmd.exe,BLUETEAM\ezk,"cmd.exe /C schtasks /create /ru system /sc daily /tr ""cmd /c powershell.exe -ep bypass -file c:\T1036.004_NonExistingScript.ps1"" /tn win32times /f && schtasks /query /tn win32times",2384,2524,"cmd.exe 4092 RegOpenKey HKCU SUCCESS Desired Access: Maximum Allowed, Granted Access: All Access 4/14/2022 1:22:33 PM Registry C:\Windows\system32\cmd.exe BLUETEAM\ezk cmd.exe /C schtasks /create /ru system /sc daily /tr ""cmd /c powershell.exe -ep bypass -file c:\T1036.004_NonExistingScript.ps1"" /tn win32times /f && schtasks /query /tn win32times 2384 2524",benign
cmd.exe,4092,RegOpenKey,HKCU\Software\Policies\Microsoft\Control Panel\Desktop,NAME NOT FOUND,Desired Access: Read,4/14/2022 1:22:33 PM,Registry,C:\Windows\system32\cmd.exe,BLUETEAM\ezk,"cmd.exe /C schtasks /create /ru system /sc daily /tr ""cmd /c powershell.exe -ep bypass -file c:\T1036.004_NonExistingScript.ps1"" /tn win32times /f && schtasks /query /tn win32times",2384,2524,"cmd.exe 4092 RegOpenKey HKCU\Software\Policies\Microsoft\Control Panel\Desktop NAME NOT FOUND Desired Access: Read 4/14/2022 1:22:33 PM Registry C:\Windows\system32\cmd.exe BLUETEAM\ezk cmd.exe /C schtasks /create /ru system /sc daily /tr ""cmd /c powershell.exe -ep bypass -file c:\T1036.004_NonExistingScript.ps1"" /tn win32times /f && schtasks /query /tn win32times 2384 2524",benign
cmd.exe,4092,RegOpenKey,HKCU\Control Panel\Desktop\LanguageConfiguration,NAME NOT FOUND,Desired Access: Read,4/14/2022 1:22:33 PM,Registry,C:\Windows\system32\cmd.exe,BLUETEAM\ezk,"cmd.exe /C schtasks /create /ru system /sc daily /tr ""cmd /c powershell.exe -ep bypass -file c:\T1036.004_NonExistingScript.ps1"" /tn win32times /f && schtasks /query /tn win32times",2384,2524,"cmd.exe 4092 RegOpenKey HKCU\Control Panel\Desktop\LanguageConfiguration NAME NOT FOUND Desired Access: Read 4/14/2022 1:22:33 PM Registry C:\Windows\system32\cmd.exe BLUETEAM\ezk cmd.exe /C schtasks /create /ru system /sc daily /tr ""cmd /c powershell.exe -ep bypass -file c:\T1036.004_NonExistingScript.ps1"" /tn win32times /f && schtasks /query /tn win32times 2384 2524",benign
cmd.exe,4092,RegCloseKey,HKCU,SUCCESS,,4/14/2022 1:22:33 PM,Registry,C:\Windows\system32\cmd.exe,BLUETEAM\ezk,"cmd.exe /C schtasks /create /ru system /sc daily /tr ""cmd /c powershell.exe -ep bypass -file c:\T1036.004_NonExistingScript.ps1"" /tn win32times /f && schtasks /query /tn win32times",2384,2524,"cmd.exe 4092 RegCloseKey HKCU SUCCESS None 4/14/2022 1:22:33 PM Registry C:\Windows\system32\cmd.exe BLUETEAM\ezk cmd.exe /C schtasks /create /ru system /sc daily /tr ""cmd /c powershell.exe -ep bypass -file c:\T1036.004_NonExistingScript.ps1"" /tn win32times /f && schtasks /query /tn win32times 2384 2524",benign
cmd.exe,4092,RegOpenKey,HKCU,SUCCESS,"Desired Access: Maximum Allowed, Granted Access: All Access",4/14/2022 1:22:33 PM,Registry,C:\Windows\system32\cmd.exe,BLUETEAM\ezk,"cmd.exe /C schtasks /create /ru system /sc daily /tr ""cmd /c powershell.exe -ep bypass -file c:\T1036.004_NonExistingScript.ps1"" /tn win32times /f && schtasks /query /tn win32times",2384,2524,"cmd.exe 4092 RegOpenKey HKCU SUCCESS Desired Access: Maximum Allowed, Granted Access: All Access 4/14/2022 1:22:33 PM Registry C:\Windows\system32\cmd.exe BLUETEAM\ezk cmd.exe /C schtasks /create /ru system /sc daily /tr ""cmd /c powershell.exe -ep bypass -file c:\T1036.004_NonExistingScript.ps1"" /tn win32times /f && schtasks /query /tn win32times 2384 2524",benign
cmd.exe,4092,RegQueryKey,HKCU,SUCCESS,"Query: HandleTags, HandleTags: 0x0",4/14/2022 1:22:33 PM,Registry,C:\Windows\system32\cmd.exe,BLUETEAM\ezk,"cmd.exe /C schtasks /create /ru system /sc daily /tr ""cmd /c powershell.exe -ep bypass -file c:\T1036.004_NonExistingScript.ps1"" /tn win32times /f && schtasks /query /tn win32times",2384,2524,"cmd.exe 4092 RegQueryKey HKCU SUCCESS Query: HandleTags, HandleTags: 0x0 4/14/2022 1:22:33 PM Registry C:\Windows\system32\cmd.exe BLUETEAM\ezk cmd.exe /C schtasks /create /ru system /sc daily /tr ""cmd /c powershell.exe -ep bypass -file c:\T1036.004_NonExistingScript.ps1"" /tn win32times /f && schtasks /query /tn win32times 2384 2524",benign
cmd.exe,4092,RegOpenKey,HKCU\Software\Policies\Microsoft\Windows\System,NAME NOT FOUND,Desired Access: Read,4/14/2022 1:22:33 PM,Registry,C:\Windows\system32\cmd.exe,BLUETEAM\ezk,"cmd.exe /C schtasks /create /ru system /sc daily /tr ""cmd /c powershell.exe -ep bypass -file c:\T1036.004_NonExistingScript.ps1"" /tn win32times /f && schtasks /query /tn win32times",2384,2524,"cmd.exe 4092 RegOpenKey HKCU\Software\Policies\Microsoft\Windows\System NAME NOT FOUND Desired Access: Read 4/14/2022 1:22:33 PM Registry C:\Windows\system32\cmd.exe BLUETEAM\ezk cmd.exe /C schtasks /create /ru system /sc daily /tr ""cmd /c powershell.exe -ep bypass -file c:\T1036.004_NonExistingScript.ps1"" /tn win32times /f && schtasks /query /tn win32times 2384 2524",benign
cmd.exe,4092,RegQueryKey,HKLM,SUCCESS,"Query: HandleTags, HandleTags: 0x0",4/14/2022 1:22:33 PM,Registry,C:\Windows\system32\cmd.exe,BLUETEAM\ezk,"cmd.exe /C schtasks /create /ru system /sc daily /tr ""cmd /c powershell.exe -ep bypass -file c:\T1036.004_NonExistingScript.ps1"" /tn win32times /f && schtasks /query /tn win32times",2384,2524,"cmd.exe 4092 RegQueryKey HKLM SUCCESS Query: HandleTags, HandleTags: 0x0 4/14/2022 1:22:33 PM Registry C:\Windows\system32\cmd.exe BLUETEAM\ezk cmd.exe /C schtasks /create /ru system /sc daily /tr ""cmd /c powershell.exe -ep bypass -file c:\T1036.004_NonExistingScript.ps1"" /tn win32times /f && schtasks /query /tn win32times 2384 2524",benign
cmd.exe,4092,RegOpenKey,HKLM\Software\Microsoft\Command Processor,SUCCESS,"Desired Access: Maximum Allowed, Granted Access: All Access",4/14/2022 1:22:33 PM,Registry,C:\Windows\system32\cmd.exe,BLUETEAM\ezk,"cmd.exe /C schtasks /create /ru system /sc daily /tr ""cmd /c powershell.exe -ep bypass -file c:\T1036.004_NonExistingScript.ps1"" /tn win32times /f && schtasks /query /tn win32times",2384,2524,"cmd.exe 4092 RegOpenKey HKLM\Software\Microsoft\Command Processor SUCCESS Desired Access: Maximum Allowed, Granted Access: All Access 4/14/2022 1:22:33 PM Registry C:\Windows\system32\cmd.exe BLUETEAM\ezk cmd.exe /C schtasks /create /ru system /sc daily /tr ""cmd /c powershell.exe -ep bypass -file c:\T1036.004_NonExistingScript.ps1"" /tn win32times /f && schtasks /query /tn win32times 2384 2524",benign
cmd.exe,4092,RegQueryValue,HKLM\SOFTWARE\Microsoft\Command Processor\DisableUNCCheck,NAME NOT FOUND,Length: 144,4/14/2022 1:22:33 PM,Registry,C:\Windows\system32\cmd.exe,BLUETEAM\ezk,"cmd.exe /C schtasks /create /ru system /sc daily /tr ""cmd /c powershell.exe -ep bypass -file c:\T1036.004_NonExistingScript.ps1"" /tn win32times /f && schtasks /query /tn win32times",2384,2524,"cmd.exe 4092 RegQueryValue HKLM\SOFTWARE\Microsoft\Command Processor\DisableUNCCheck NAME NOT FOUND Length: 144 4/14/2022 1:22:33 PM Registry C:\Windows\system32\cmd.exe BLUETEAM\ezk cmd.exe /C schtasks /create /ru system /sc daily /tr ""cmd /c powershell.exe -ep bypass -file c:\T1036.004_NonExistingScript.ps1"" /tn win32times /f && schtasks /query /tn win32times 2384 2524",benign
cmd.exe,4092,RegQueryValue,HKLM\SOFTWARE\Microsoft\Command Processor\EnableExtensions,SUCCESS,"Type: REG_DWORD, Length: 4, Data: 1",4/14/2022 1:22:33 PM,Registry,C:\Windows\system32\cmd.exe,BLUETEAM\ezk,"cmd.exe /C schtasks /create /ru system /sc daily /tr ""cmd /c powershell.exe -ep bypass -file c:\T1036.004_NonExistingScript.ps1"" /tn win32times /f && schtasks /query /tn win32times",2384,2524,"cmd.exe 4092 RegQueryValue HKLM\SOFTWARE\Microsoft\Command Processor\EnableExtensions SUCCESS Type: REG_DWORD, Length: 4, Data: 1 4/14/2022 1:22:33 PM Registry C:\Windows\system32\cmd.exe BLUETEAM\ezk cmd.exe /C schtasks /create /ru system /sc daily /tr ""cmd /c powershell.exe -ep bypass -file c:\T1036.004_NonExistingScript.ps1"" /tn win32times /f && schtasks /query /tn win32times 2384 2524",benign
cmd.exe,4092,RegQueryValue,HKLM\SOFTWARE\Microsoft\Command Processor\DelayedExpansion,NAME NOT FOUND,Length: 144,4/14/2022 1:22:33 PM,Registry,C:\Windows\system32\cmd.exe,BLUETEAM\ezk,"cmd.exe /C schtasks /create /ru system /sc daily /tr ""cmd /c powershell.exe -ep bypass -file c:\T1036.004_NonExistingScript.ps1"" /tn win32times /f && schtasks /query /tn win32times",2384,2524,"cmd.exe 4092 RegQueryValue HKLM\SOFTWARE\Microsoft\Command Processor\DelayedExpansion NAME NOT FOUND Length: 144 4/14/2022 1:22:33 PM Registry C:\Windows\system32\cmd.exe BLUETEAM\ezk cmd.exe /C schtasks /create /ru system /sc daily /tr ""cmd /c powershell.exe -ep bypass -file c:\T1036.004_NonExistingScript.ps1"" /tn win32times /f && schtasks /query /tn win32times 2384 2524",benign
cmd.exe,4092,RegQueryValue,HKLM\SOFTWARE\Microsoft\Command Processor\DefaultColor,SUCCESS,"Type: REG_DWORD, Length: 4, Data: 0",4/14/2022 1:22:33 PM,Registry,C:\Windows\system32\cmd.exe,BLUETEAM\ezk,"cmd.exe /C schtasks /create /ru system /sc daily /tr ""cmd /c powershell.exe -ep bypass -file c:\T1036.004_NonExistingScript.ps1"" /tn win32times /f && schtasks /query /tn win32times",2384,2524,"cmd.exe 4092 RegQueryValue HKLM\SOFTWARE\Microsoft\Command Processor\DefaultColor SUCCESS Type: REG_DWORD, Length: 4, Data: 0 4/14/2022 1:22:33 PM Registry C:\Windows\system32\cmd.exe BLUETEAM\ezk cmd.exe /C schtasks /create /ru system /sc daily /tr ""cmd /c powershell.exe -ep bypass -file c:\T1036.004_NonExistingScript.ps1"" /tn win32times /f && schtasks /query /tn win32times 2384 2524",benign
cmd.exe,4092,RegQueryValue,HKLM\SOFTWARE\Microsoft\Command Processor\CompletionChar,SUCCESS,"Type: REG_DWORD, Length: 4, Data: 9",4/14/2022 1:22:33 PM,Registry,C:\Windows\system32\cmd.exe,BLUETEAM\ezk,"cmd.exe /C schtasks /create /ru system /sc daily /tr ""cmd /c powershell.exe -ep bypass -file c:\T1036.004_NonExistingScript.ps1"" /tn win32times /f && schtasks /query /tn win32times",2384,2524,"cmd.exe 4092 RegQueryValue HKLM\SOFTWARE\Microsoft\Command Processor\CompletionChar SUCCESS Type: REG_DWORD, Length: 4, Data: 9 4/14/2022 1:22:33 PM Registry C:\Windows\system32\cmd.exe BLUETEAM\ezk cmd.exe /C schtasks /create /ru system /sc daily /tr ""cmd /c powershell.exe -ep bypass -file c:\T1036.004_NonExistingScript.ps1"" /tn win32times /f && schtasks /query /tn win32times 2384 2524",benign
cmd.exe,4092,RegQueryValue,HKLM\SOFTWARE\Microsoft\Command Processor\PathCompletionChar,SUCCESS,"Type: REG_DWORD, Length: 4, Data: 9",4/14/2022 1:22:33 PM,Registry,C:\Windows\system32\cmd.exe,BLUETEAM\ezk,"cmd.exe /C schtasks /create /ru system /sc daily /tr ""cmd /c powershell.exe -ep bypass -file c:\T1036.004_NonExistingScript.ps1"" /tn win32times /f && schtasks /query /tn win32times",2384,2524,"cmd.exe 4092 RegQueryValue HKLM\SOFTWARE\Microsoft\Command Processor\PathCompletionChar SUCCESS Type: REG_DWORD, Length: 4, Data: 9 4/14/2022 1:22:33 PM Registry C:\Windows\system32\cmd.exe BLUETEAM\ezk cmd.exe /C schtasks /create /ru system /sc daily /tr ""cmd /c powershell.exe -ep bypass -file c:\T1036.004_NonExistingScript.ps1"" /tn win32times /f && schtasks /query /tn win32times 2384 2524",benign
cmd.exe,4092,RegQueryValue,HKLM\SOFTWARE\Microsoft\Command Processor\AutoRun,NAME NOT FOUND,Length: 144,4/14/2022 1:22:33 PM,Registry,C:\Windows\system32\cmd.exe,BLUETEAM\ezk,"cmd.exe /C schtasks /create /ru system /sc daily /tr ""cmd /c powershell.exe -ep bypass -file c:\T1036.004_NonExistingScript.ps1"" /tn win32times /f && schtasks /query /tn win32times",2384,2524,"cmd.exe 4092 RegQueryValue HKLM\SOFTWARE\Microsoft\Command Processor\AutoRun NAME NOT FOUND Length: 144 4/14/2022 1:22:33 PM Registry C:\Windows\system32\cmd.exe BLUETEAM\ezk cmd.exe /C schtasks /create /ru system /sc daily /tr ""cmd /c powershell.exe -ep bypass -file c:\T1036.004_NonExistingScript.ps1"" /tn win32times /f && schtasks /query /tn win32times 2384 2524",benign
cmd.exe,4092,RegCloseKey,HKLM\SOFTWARE\Microsoft\Command Processor,SUCCESS,,4/14/2022 1:22:33 PM,Registry,C:\Windows\system32\cmd.exe,BLUETEAM\ezk,"cmd.exe /C schtasks /create /ru system /sc daily /tr ""cmd /c powershell.exe -ep bypass -file c:\T1036.004_NonExistingScript.ps1"" /tn win32times /f && schtasks /query /tn win32times",2384,2524,"cmd.exe 4092 RegCloseKey HKLM\SOFTWARE\Microsoft\Command Processor SUCCESS None 4/14/2022 1:22:33 PM Registry C:\Windows\system32\cmd.exe BLUETEAM\ezk cmd.exe /C schtasks /create /ru system /sc daily /tr ""cmd /c powershell.exe -ep bypass -file c:\T1036.004_NonExistingScript.ps1"" /tn win32times /f && schtasks /query /tn win32times 2384 2524",benign
cmd.exe,4092,RegOpenKey,HKCU,SUCCESS,"Desired Access: Maximum Allowed, Granted Access: All Access",4/14/2022 1:22:33 PM,Registry,C:\Windows\system32\cmd.exe,BLUETEAM\ezk,"cmd.exe /C schtasks /create /ru system /sc daily /tr ""cmd /c powershell.exe -ep bypass -file c:\T1036.004_NonExistingScript.ps1"" /tn win32times /f && schtasks /query /tn win32times",2384,2524,"cmd.exe 4092 RegOpenKey HKCU SUCCESS Desired Access: Maximum Allowed, Granted Access: All Access 4/14/2022 1:22:33 PM Registry C:\Windows\system32\cmd.exe BLUETEAM\ezk cmd.exe /C schtasks /create /ru system /sc daily /tr ""cmd /c powershell.exe -ep bypass -file c:\T1036.004_NonExistingScript.ps1"" /tn win32times /f && schtasks /query /tn win32times 2384 2524",benign
cmd.exe,4092,RegOpenKey,HKLM\Software\Policies\Microsoft\MUI\Settings,NAME NOT FOUND,Desired Access: Read,4/14/2022 1:22:33 PM,Registry,C:\Windows\system32\cmd.exe,BLUETEAM\ezk,"cmd.exe /C schtasks /create /ru system /sc daily /tr ""cmd /c powershell.exe -ep bypass -file c:\T1036.004_NonExistingScript.ps1"" /tn win32times /f && schtasks /query /tn win32times",2384,2524,"cmd.exe 4092 RegOpenKey HKLM\Software\Policies\Microsoft\MUI\Settings NAME NOT FOUND Desired Access: Read 4/14/2022 1:22:33 PM Registry C:\Windows\system32\cmd.exe BLUETEAM\ezk cmd.exe /C schtasks /create /ru system /sc daily /tr ""cmd /c powershell.exe -ep bypass -file c:\T1036.004_NonExistingScript.ps1"" /tn win32times /f && schtasks /query /tn win32times 2384 2524",benign
cmd.exe,4092,RegCloseKey,HKCU,SUCCESS,,4/14/2022 1:22:33 PM,Registry,C:\Windows\system32\cmd.exe,BLUETEAM\ezk,"cmd.exe /C schtasks /create /ru system /sc daily /tr ""cmd /c powershell.exe -ep bypass -file c:\T1036.004_NonExistingScript.ps1"" /tn win32times /f && schtasks /query /tn win32times",2384,2524,"cmd.exe 4092 RegCloseKey HKCU SUCCESS None 4/14/2022 1:22:33 PM Registry C:\Windows\system32\cmd.exe BLUETEAM\ezk cmd.exe /C schtasks /create /ru system /sc daily /tr ""cmd /c powershell.exe -ep bypass -file c:\T1036.004_NonExistingScript.ps1"" /tn win32times /f && schtasks /query /tn win32times 2384 2524",benign
cmd.exe,4092,RegCloseKey,HKCU\Control Panel\Desktop\MuiCached,SUCCESS,,4/14/2022 1:22:33 PM,Registry,C:\Windows\system32\cmd.exe,BLUETEAM\ezk,"cmd.exe /C schtasks /create /ru system /sc daily /tr ""cmd /c powershell.exe -ep bypass -file c:\T1036.004_NonExistingScript.ps1"" /tn win32times /f && schtasks /query /tn win32times",2384,2524,"cmd.exe 4092 RegCloseKey HKCU\Control Panel\Desktop\MuiCached SUCCESS None 4/14/2022 1:22:33 PM Registry C:\Windows\system32\cmd.exe BLUETEAM\ezk cmd.exe /C schtasks /create /ru system /sc daily /tr ""cmd /c powershell.exe -ep bypass -file c:\T1036.004_NonExistingScript.ps1"" /tn win32times /f && schtasks /query /tn win32times 2384 2524",benign
cmd.exe,4092,RegQueryKey,HKLM,SUCCESS,"Query: HandleTags, HandleTags: 0x100",4/14/2022 1:22:33 PM,Registry,C:\Windows\system32\cmd.exe,BLUETEAM\ezk,"cmd.exe /C schtasks /create /ru system /sc daily /tr ""cmd /c powershell.exe -ep bypass -file c:\T1036.004_NonExistingScript.ps1"" /tn win32times /f && schtasks /query /tn win32times",2384,2524,"cmd.exe 4092 RegQueryKey HKLM SUCCESS Query: HandleTags, HandleTags: 0x100 4/14/2022 1:22:33 PM Registry C:\Windows\system32\cmd.exe BLUETEAM\ezk cmd.exe /C schtasks /create /ru system /sc daily /tr ""cmd /c powershell.exe -ep bypass -file c:\T1036.004_NonExistingScript.ps1"" /tn win32times /f && schtasks /query /tn win32times 2384 2524",benign
cmd.exe,4092,RegOpenKey,HKLM\Software\Microsoft\Ole,SUCCESS,Desired Access: Read,4/14/2022 1:22:33 PM,Registry,C:\Windows\system32\cmd.exe,BLUETEAM\ezk,"cmd.exe /C schtasks /create /ru system /sc daily /tr ""cmd /c powershell.exe -ep bypass -file c:\T1036.004_NonExistingScript.ps1"" /tn win32times /f && schtasks /query /tn win32times",2384,2524,"cmd.exe 4092 RegOpenKey HKLM\Software\Microsoft\Ole SUCCESS Desired Access: Read 4/14/2022 1:22:33 PM Registry C:\Windows\system32\cmd.exe BLUETEAM\ezk cmd.exe /C schtasks /create /ru system /sc daily /tr ""cmd /c powershell.exe -ep bypass -file c:\T1036.004_NonExistingScript.ps1"" /tn win32times /f && schtasks /query /tn win32times 2384 2524",benign
cmd.exe,4092,RegQueryKey,HKLM,SUCCESS,"Query: HandleTags, HandleTags: 0x0",4/14/2022 1:22:33 PM,Registry,C:\Windows\system32\cmd.exe,BLUETEAM\ezk,"cmd.exe /C schtasks /create /ru system /sc daily /tr ""cmd /c powershell.exe -ep bypass -file c:\T1036.004_NonExistingScript.ps1"" /tn win32times /f && schtasks /query /tn win32times",2384,2524,"cmd.exe 4092 RegQueryKey HKLM SUCCESS Query: HandleTags, HandleTags: 0x0 4/14/2022 1:22:33 PM Registry C:\Windows\system32\cmd.exe BLUETEAM\ezk cmd.exe /C schtasks /create /ru system /sc daily /tr ""cmd /c powershell.exe -ep bypass -file c:\T1036.004_NonExistingScript.ps1"" /tn win32times /f && schtasks /query /tn win32times 2384 2524",benign
cmd.exe,4092,RegOpenKey,HKLM\Software\Microsoft\OLE\Tracing,NAME NOT FOUND,Desired Access: Read,4/14/2022 1:22:33 PM,Registry,C:\Windows\system32\cmd.exe,BLUETEAM\ezk,"cmd.exe /C schtasks /create /ru system /sc daily /tr ""cmd /c powershell.exe -ep bypass -file c:\T1036.004_NonExistingScript.ps1"" /tn win32times /f && schtasks /query /tn win32times",2384,2524,"cmd.exe 4092 RegOpenKey HKLM\Software\Microsoft\OLE\Tracing NAME NOT FOUND Desired Access: Read 4/14/2022 1:22:33 PM Registry C:\Windows\system32\cmd.exe BLUETEAM\ezk cmd.exe /C schtasks /create /ru system /sc daily /tr ""cmd /c powershell.exe -ep bypass -file c:\T1036.004_NonExistingScript.ps1"" /tn win32times /f && schtasks /query /tn win32times 2384 2524",benign
cmd.exe,4092,RegOpenKey,HKCU,SUCCESS,"Desired Access: Maximum Allowed, Granted Access: All Access",4/14/2022 1:22:33 PM,Registry,C:\Windows\system32\cmd.exe,BLUETEAM\ezk,"cmd.exe /C schtasks /create /ru system /sc daily /tr ""cmd /c powershell.exe -ep bypass -file c:\T1036.004_NonExistingScript.ps1"" /tn win32times /f && schtasks /query /tn win32times",2384,2524,"cmd.exe 4092 RegOpenKey HKCU SUCCESS Desired Access: Maximum Allowed, Granted Access: All Access 4/14/2022 1:22:33 PM Registry C:\Windows\system32\cmd.exe BLUETEAM\ezk cmd.exe /C schtasks /create /ru system /sc daily /tr ""cmd /c powershell.exe -ep bypass -file c:\T1036.004_NonExistingScript.ps1"" /tn win32times /f && schtasks /query /tn win32times 2384 2524",benign
cmd.exe,4092,RegOpenKey,HKCU\Control Panel\Desktop\MuiCached\MachineLanguageConfiguration,NAME NOT FOUND,Desired Access: Read,4/14/2022 1:22:33 PM,Registry,C:\Windows\system32\cmd.exe,BLUETEAM\ezk,"cmd.exe /C schtasks /create /ru system /sc daily /tr ""cmd /c powershell.exe -ep bypass -file c:\T1036.004_NonExistingScript.ps1"" /tn win32times /f && schtasks /query /tn win32times",2384,2524,"cmd.exe 4092 RegOpenKey HKCU\Control Panel\Desktop\MuiCached\MachineLanguageConfiguration NAME NOT FOUND Desired Access: Read 4/14/2022 1:22:33 PM Registry C:\Windows\system32\cmd.exe BLUETEAM\ezk cmd.exe /C schtasks /create /ru system /sc daily /tr ""cmd /c powershell.exe -ep bypass -file c:\T1036.004_NonExistingScript.ps1"" /tn win32times /f && schtasks /query /tn win32times 2384 2524",benign
cmd.exe,4092,RegCloseKey,HKCU,SUCCESS,,4/14/2022 1:22:33 PM,Registry,C:\Windows\system32\cmd.exe,BLUETEAM\ezk,"cmd.exe /C schtasks /create /ru system /sc daily /tr ""cmd /c powershell.exe -ep bypass -file c:\T1036.004_NonExistingScript.ps1"" /tn win32times /f && schtasks /query /tn win32times",2384,2524,"cmd.exe 4092 RegCloseKey HKCU SUCCESS None 4/14/2022 1:22:33 PM Registry C:\Windows\system32\cmd.exe BLUETEAM\ezk cmd.exe /C schtasks /create /ru system /sc daily /tr ""cmd /c powershell.exe -ep bypass -file c:\T1036.004_NonExistingScript.ps1"" /tn win32times /f && schtasks /query /tn win32times 2384 2524",benign
cmd.exe,4092,RegOpenKey,HKLM\Software\Policies\Microsoft\MUI\Settings,NAME NOT FOUND,Desired Access: Read,4/14/2022 1:22:33 PM,Registry,C:\Windows\system32\cmd.exe,BLUETEAM\ezk,"cmd.exe /C schtasks /create /ru system /sc daily /tr ""cmd /c powershell.exe -ep bypass -file c:\T1036.004_NonExistingScript.ps1"" /tn win32times /f && schtasks /query /tn win32times",2384,2524,"cmd.exe 4092 RegOpenKey HKLM\Software\Policies\Microsoft\MUI\Settings NAME NOT FOUND Desired Access: Read 4/14/2022 1:22:33 PM Registry C:\Windows\system32\cmd.exe BLUETEAM\ezk cmd.exe /C schtasks /create /ru system /sc daily /tr ""cmd /c powershell.exe -ep bypass -file c:\T1036.004_NonExistingScript.ps1"" /tn win32times /f && schtasks /query /tn win32times 2384 2524",benign
cmd.exe,4092,RegOpenKey,HKCU,SUCCESS,"Desired Access: Maximum Allowed, Granted Access: All Access",4/14/2022 1:22:33 PM,Registry,C:\Windows\system32\cmd.exe,BLUETEAM\ezk,"cmd.exe /C schtasks /create /ru system /sc daily /tr ""cmd /c powershell.exe -ep bypass -file c:\T1036.004_NonExistingScript.ps1"" /tn win32times /f && schtasks /query /tn win32times",2384,2524,"cmd.exe 4092 RegOpenKey HKCU SUCCESS Desired Access: Maximum Allowed, Granted Access: All Access 4/14/2022 1:22:33 PM Registry C:\Windows\system32\cmd.exe BLUETEAM\ezk cmd.exe /C schtasks /create /ru system /sc daily /tr ""cmd /c powershell.exe -ep bypass -file c:\T1036.004_NonExistingScript.ps1"" /tn win32times /f && schtasks /query /tn win32times 2384 2524",benign
cmd.exe,4092,RegOpenKey,HKCU\Software\Policies\Microsoft\Control Panel\Desktop,NAME NOT FOUND,Desired Access: Read,4/14/2022 1:22:33 PM,Registry,C:\Windows\system32\cmd.exe,BLUETEAM\ezk,"cmd.exe /C schtasks /create /ru system /sc daily /tr ""cmd /c powershell.exe -ep bypass -file c:\T1036.004_NonExistingScript.ps1"" /tn win32times /f && schtasks /query /tn win32times",2384,2524,"cmd.exe 4092 RegOpenKey HKCU\Software\Policies\Microsoft\Control Panel\Desktop NAME NOT FOUND Desired Access: Read 4/14/2022 1:22:33 PM Registry C:\Windows\system32\cmd.exe BLUETEAM\ezk cmd.exe /C schtasks /create /ru system /sc daily /tr ""cmd /c powershell.exe -ep bypass -file c:\T1036.004_NonExistingScript.ps1"" /tn win32times /f && schtasks /query /tn win32times 2384 2524",benign
cmd.exe,4092,RegOpenKey,HKCU\Control Panel\Desktop\LanguageConfiguration,NAME NOT FOUND,Desired Access: Read,4/14/2022 1:22:33 PM,Registry,C:\Windows\system32\cmd.exe,BLUETEAM\ezk,"cmd.exe /C schtasks /create /ru system /sc daily /tr ""cmd /c powershell.exe -ep bypass -file c:\T1036.004_NonExistingScript.ps1"" /tn win32times /f && schtasks /query /tn win32times",2384,2524,"cmd.exe 4092 RegOpenKey HKCU\Control Panel\Desktop\LanguageConfiguration NAME NOT FOUND Desired Access: Read 4/14/2022 1:22:33 PM Registry C:\Windows\system32\cmd.exe BLUETEAM\ezk cmd.exe /C schtasks /create /ru system /sc daily /tr ""cmd /c powershell.exe -ep bypass -file c:\T1036.004_NonExistingScript.ps1"" /tn win32times /f && schtasks /query /tn win32times 2384 2524",benign
cmd.exe,4092,RegQueryKey,HKLM,SUCCESS,"Query: HandleTags, HandleTags: 0x100",4/14/2022 1:22:33 PM,Registry,C:\Windows\system32\cmd.exe,BLUETEAM\ezk,"cmd.exe /C schtasks /create /ru system /sc daily /tr ""cmd /c powershell.exe -ep bypass -file c:\T1036.004_NonExistingScript.ps1"" /tn win32times /f && schtasks /query /tn win32times",2384,2524,"cmd.exe 4092 RegQueryKey HKLM SUCCESS Query: HandleTags, HandleTags: 0x100 4/14/2022 1:22:33 PM Registry C:\Windows\system32\cmd.exe BLUETEAM\ezk cmd.exe /C schtasks /create /ru system /sc daily /tr ""cmd /c powershell.exe -ep bypass -file c:\T1036.004_NonExistingScript.ps1"" /tn win32times /f && schtasks /query /tn win32times 2384 2524",benign
cmd.exe,4092,RegCloseKey,HKCU,SUCCESS,,4/14/2022 1:22:33 PM,Registry,C:\Windows\system32\cmd.exe,BLUETEAM\ezk,"cmd.exe /C schtasks /create /ru system /sc daily /tr ""cmd /c powershell.exe -ep bypass -file c:\T1036.004_NonExistingScript.ps1"" /tn win32times /f && schtasks /query /tn win32times",2384,2524,"cmd.exe 4092 RegCloseKey HKCU SUCCESS None 4/14/2022 1:22:33 PM Registry C:\Windows\system32\cmd.exe BLUETEAM\ezk cmd.exe /C schtasks /create /ru system /sc daily /tr ""cmd /c powershell.exe -ep bypass -file c:\T1036.004_NonExistingScript.ps1"" /tn win32times /f && schtasks /query /tn win32times 2384 2524",benign
cmd.exe,4092,RegOpenKey,HKCU,SUCCESS,"Desired Access: Maximum Allowed, Granted Access: All Access",4/14/2022 1:22:33 PM,Registry,C:\Windows\system32\cmd.exe,BLUETEAM\ezk,"cmd.exe /C schtasks /create /ru system /sc daily /tr ""cmd /c powershell.exe -ep bypass -file c:\T1036.004_NonExistingScript.ps1"" /tn win32times /f && schtasks /query /tn win32times",2384,2524,"cmd.exe 4092 RegOpenKey HKCU SUCCESS Desired Access: Maximum Allowed, Granted Access: All Access 4/14/2022 1:22:33 PM Registry C:\Windows\system32\cmd.exe BLUETEAM\ezk cmd.exe /C schtasks /create /ru system /sc daily /tr ""cmd /c powershell.exe -ep bypass -file c:\T1036.004_NonExistingScript.ps1"" /tn win32times /f && schtasks /query /tn win32times 2384 2524",benign
cmd.exe,4092,RegOpenKey,HKCU\Software\Policies\Microsoft\Control Panel\Desktop,NAME NOT FOUND,Desired Access: Read,4/14/2022 1:22:33 PM,Registry,C:\Windows\system32\cmd.exe,BLUETEAM\ezk,"cmd.exe /C schtasks /create /ru system /sc daily /tr ""cmd /c powershell.exe -ep bypass -file c:\T1036.004_NonExistingScript.ps1"" /tn win32times /f && schtasks /query /tn win32times",2384,2524,"cmd.exe 4092 RegOpenKey HKCU\Software\Policies\Microsoft\Control Panel\Desktop NAME NOT FOUND Desired Access: Read 4/14/2022 1:22:33 PM Registry C:\Windows\system32\cmd.exe BLUETEAM\ezk cmd.exe /C schtasks /create /ru system /sc daily /tr ""cmd /c powershell.exe -ep bypass -file c:\T1036.004_NonExistingScript.ps1"" /tn win32times /f && schtasks /query /tn win32times 2384 2524",benign
cmd.exe,4092,RegOpenKey,HKCU\Control Panel\Desktop,SUCCESS,Desired Access: Read,4/14/2022 1:22:33 PM,Registry,C:\Windows\system32\cmd.exe,BLUETEAM\ezk,"cmd.exe /C schtasks /create /ru system /sc daily /tr ""cmd /c powershell.exe -ep bypass -file c:\T1036.004_NonExistingScript.ps1"" /tn win32times /f && schtasks /query /tn win32times",2384,2524,"cmd.exe 4092 RegOpenKey HKCU\Control Panel\Desktop SUCCESS Desired Access: Read 4/14/2022 1:22:33 PM Registry C:\Windows\system32\cmd.exe BLUETEAM\ezk cmd.exe /C schtasks /create /ru system /sc daily /tr ""cmd /c powershell.exe -ep bypass -file c:\T1036.004_NonExistingScript.ps1"" /tn win32times /f && schtasks /query /tn win32times 2384 2524",benign
cmd.exe,4092,RegQueryValue,HKCU\Control Panel\Desktop\PreferredUILanguages,NAME NOT FOUND,Length: 12,4/14/2022 1:22:33 PM,Registry,C:\Windows\system32\cmd.exe,BLUETEAM\ezk,"cmd.exe /C schtasks /create /ru system /sc daily /tr ""cmd /c powershell.exe -ep bypass -file c:\T1036.004_NonExistingScript.ps1"" /tn win32times /f && schtasks /query /tn win32times",2384,2524,"cmd.exe 4092 RegQueryValue HKCU\Control Panel\Desktop\PreferredUILanguages NAME NOT FOUND Length: 12 4/14/2022 1:22:33 PM Registry C:\Windows\system32\cmd.exe BLUETEAM\ezk cmd.exe /C schtasks /create /ru system /sc daily /tr ""cmd /c powershell.exe -ep bypass -file c:\T1036.004_NonExistingScript.ps1"" /tn win32times /f && schtasks /query /tn win32times 2384 2524",benign
cmd.exe,4092,RegCloseKey,HKCU\Control Panel\Desktop,SUCCESS,,4/14/2022 1:22:33 PM,Registry,C:\Windows\system32\cmd.exe,BLUETEAM\ezk,"cmd.exe /C schtasks /create /ru system /sc daily /tr ""cmd /c powershell.exe -ep bypass -file c:\T1036.004_NonExistingScript.ps1"" /tn win32times /f && schtasks /query /tn win32times",2384,2524,"cmd.exe 4092 RegCloseKey HKCU\Control Panel\Desktop SUCCESS None 4/14/2022 1:22:33 PM Registry C:\Windows\system32\cmd.exe BLUETEAM\ezk cmd.exe /C schtasks /create /ru system /sc daily /tr ""cmd /c powershell.exe -ep bypass -file c:\T1036.004_NonExistingScript.ps1"" /tn win32times /f && schtasks /query /tn win32times 2384 2524",benign
cmd.exe,4092,RegCloseKey,HKCU,SUCCESS,,4/14/2022 1:22:33 PM,Registry,C:\Windows\system32\cmd.exe,BLUETEAM\ezk,"cmd.exe /C schtasks /create /ru system /sc daily /tr ""cmd /c powershell.exe -ep bypass -file c:\T1036.004_NonExistingScript.ps1"" /tn win32times /f && schtasks /query /tn win32times",2384,2524,"cmd.exe 4092 RegCloseKey HKCU SUCCESS None 4/14/2022 1:22:33 PM Registry C:\Windows\system32\cmd.exe BLUETEAM\ezk cmd.exe /C schtasks /create /ru system /sc daily /tr ""cmd /c powershell.exe -ep bypass -file c:\T1036.004_NonExistingScript.ps1"" /tn win32times /f && schtasks /query /tn win32times 2384 2524",benign
cmd.exe,4092,RegOpenKey,HKLM\Software\Policies\Microsoft\MUI\Settings,NAME NOT FOUND,Desired Access: Read,4/14/2022 1:22:33 PM,Registry,C:\Windows\system32\cmd.exe,BLUETEAM\ezk,"cmd.exe /C schtasks /create /ru system /sc daily /tr ""cmd /c powershell.exe -ep bypass -file c:\T1036.004_NonExistingScript.ps1"" /tn win32times /f && schtasks /query /tn win32times",2384,2524,"cmd.exe 4092 RegOpenKey HKLM\Software\Policies\Microsoft\MUI\Settings NAME NOT FOUND Desired Access: Read 4/14/2022 1:22:33 PM Registry C:\Windows\system32\cmd.exe BLUETEAM\ezk cmd.exe /C schtasks /create /ru system /sc daily /tr ""cmd /c powershell.exe -ep bypass -file c:\T1036.004_NonExistingScript.ps1"" /tn win32times /f && schtasks /query /tn win32times 2384 2524",benign
cmd.exe,4092,RegOpenKey,HKCU,SUCCESS,"Desired Access: Maximum Allowed, Granted Access: All Access",4/14/2022 1:22:33 PM,Registry,C:\Windows\system32\cmd.exe,BLUETEAM\ezk,"cmd.exe /C schtasks /create /ru system /sc daily /tr ""cmd /c powershell.exe -ep bypass -file c:\T1036.004_NonExistingScript.ps1"" /tn win32times /f && schtasks /query /tn win32times",2384,2524,"cmd.exe 4092 RegOpenKey HKCU SUCCESS Desired Access: Maximum Allowed, Granted Access: All Access 4/14/2022 1:22:33 PM Registry C:\Windows\system32\cmd.exe BLUETEAM\ezk cmd.exe /C schtasks /create /ru system /sc daily /tr ""cmd /c powershell.exe -ep bypass -file c:\T1036.004_NonExistingScript.ps1"" /tn win32times /f && schtasks /query /tn win32times 2384 2524",benign
cmd.exe,4092,RegOpenKey,HKCU\Control Panel\Desktop\MuiCached,SUCCESS,Desired Access: Read,4/14/2022 1:22:33 PM,Registry,C:\Windows\system32\cmd.exe,BLUETEAM\ezk,"cmd.exe /C schtasks /create /ru system /sc daily /tr ""cmd /c powershell.exe -ep bypass -file c:\T1036.004_NonExistingScript.ps1"" /tn win32times /f && schtasks /query /tn win32times",2384,2524,"cmd.exe 4092 RegOpenKey HKCU\Control Panel\Desktop\MuiCached SUCCESS Desired Access: Read 4/14/2022 1:22:33 PM Registry C:\Windows\system32\cmd.exe BLUETEAM\ezk cmd.exe /C schtasks /create /ru system /sc daily /tr ""cmd /c powershell.exe -ep bypass -file c:\T1036.004_NonExistingScript.ps1"" /tn win32times /f && schtasks /query /tn win32times 2384 2524",benign
cmd.exe,4092,RegQueryValue,HKCU\Control Panel\Desktop\MuiCached\MachinePreferredUILanguages,BUFFER OVERFLOW,Length: 12,4/14/2022 1:22:33 PM,Registry,C:\Windows\system32\cmd.exe,BLUETEAM\ezk,"cmd.exe /C schtasks /create /ru system /sc daily /tr ""cmd /c powershell.exe -ep bypass -file c:\T1036.004_NonExistingScript.ps1"" /tn win32times /f && schtasks /query /tn win32times",2384,2524,"cmd.exe 4092 RegQueryValue HKCU\Control Panel\Desktop\MuiCached\MachinePreferredUILanguages BUFFER OVERFLOW Length: 12 4/14/2022 1:22:33 PM Registry C:\Windows\system32\cmd.exe BLUETEAM\ezk cmd.exe /C schtasks /create /ru system /sc daily /tr ""cmd /c powershell.exe -ep bypass -file c:\T1036.004_NonExistingScript.ps1"" /tn win32times /f && schtasks /query /tn win32times 2384 2524",benign
cmd.exe,4092,RegQueryValue,HKCU\Control Panel\Desktop\MuiCached\MachinePreferredUILanguages,SUCCESS,"Type: REG_MULTI_SZ, Length: 12, Data: en-US",4/14/2022 1:22:33 PM,Registry,C:\Windows\system32\cmd.exe,BLUETEAM\ezk,"cmd.exe /C schtasks /create /ru system /sc daily /tr ""cmd /c powershell.exe -ep bypass -file c:\T1036.004_NonExistingScript.ps1"" /tn win32times /f && schtasks /query /tn win32times",2384,2524,"cmd.exe 4092 RegQueryValue HKCU\Control Panel\Desktop\MuiCached\MachinePreferredUILanguages SUCCESS Type: REG_MULTI_SZ, Length: 12, Data: en-US 4/14/2022 1:22:33 PM Registry C:\Windows\system32\cmd.exe BLUETEAM\ezk cmd.exe /C schtasks /create /ru system /sc daily /tr ""cmd /c powershell.exe -ep bypass -file c:\T1036.004_NonExistingScript.ps1"" /tn win32times /f && schtasks /query /tn win32times 2384 2524",benign
cmd.exe,4092,RegOpenKey,HKLM\Software\Policies\Microsoft\MUI\Settings,NAME NOT FOUND,Desired Access: Read,4/14/2022 1:22:33 PM,Registry,C:\Windows\system32\cmd.exe,BLUETEAM\ezk,"cmd.exe /C schtasks /create /ru system /sc daily /tr ""cmd /c powershell.exe -ep bypass -file c:\T1036.004_NonExistingScript.ps1"" /tn win32times /f && schtasks /query /tn win32times",2384,2524,"cmd.exe 4092 RegOpenKey HKLM\Software\Policies\Microsoft\MUI\Settings NAME NOT FOUND Desired Access: Read 4/14/2022 1:22:33 PM Registry C:\Windows\system32\cmd.exe BLUETEAM\ezk cmd.exe /C schtasks /create /ru system /sc daily /tr ""cmd /c powershell.exe -ep bypass -file c:\T1036.004_NonExistingScript.ps1"" /tn win32times /f && schtasks /query /tn win32times 2384 2524",benign
schtasks.exe,2620,RegQueryValue,HKLM\SOFTWARE\Policies\Microsoft\Windows\Appx\AllowDevelopmentWithoutDevLicense,NAME NOT FOUND,Length: 24,4/14/2022 1:22:33 PM,Registry,C:\Windows\system32\schtasks.exe,BLUETEAM\ezk,"schtasks  /create /ru system /sc daily /tr ""cmd /c powershell.exe -ep bypass -file c:\T1036.004_NonExistingScript.ps1"" /tn win32times /f ",7252,4092,"schtasks.exe 2620 RegQueryValue HKLM\SOFTWARE\Policies\Microsoft\Windows\Appx\AllowDevelopmentWithoutDevLicense NAME NOT FOUND Length: 24 4/14/2022 1:22:33 PM Registry C:\Windows\system32\schtasks.exe BLUETEAM\ezk schtasks  /create /ru system /sc daily /tr ""cmd /c powershell.exe -ep bypass -file c:\T1036.004_NonExistingScript.ps1"" /tn win32times /f  7252 4092",benign
cmd.exe,4092,CreateFile,C:\Windows\System32\schtasks.exe,SUCCESS,"Desired Access: Read Attributes, Disposition: Open, Options: Non-Directory File, Attributes: n/a, ShareMode: Read, Write, AllocationSize: n/a, OpenResult: Opened",4/14/2022 1:22:33 PM,File System,C:\Windows\system32\cmd.exe,BLUETEAM\ezk,"cmd.exe /C schtasks /create /ru system /sc daily /tr ""cmd /c powershell.exe -ep bypass -file c:\T1036.004_NonExistingScript.ps1"" /tn win32times /f && schtasks /query /tn win32times",2384,2524,"cmd.exe 4092 CreateFile C:\Windows\System32\schtasks.exe SUCCESS Desired Access: Read Attributes, Disposition: Open, Options: Non-Directory File, Attributes: n/a, ShareMode: Read, Write, AllocationSize: n/a, OpenResult: Opened 4/14/2022 1:22:33 PM File System C:\Windows\system32\cmd.exe BLUETEAM\ezk cmd.exe /C schtasks /create /ru system /sc daily /tr ""cmd /c powershell.exe -ep bypass -file c:\T1036.004_NonExistingScript.ps1"" /tn win32times /f && schtasks /query /tn win32times 2384 2524",benign
cmd.exe,4092,CreateFile,C:\Windows\System32\schtasks.exe,SUCCESS,"Desired Access: Read Data/List Directory, Read Attributes, Synchronize, Disposition: Open, Options: Sequential Access, Synchronous IO Alert, Non-Directory File, Attributes: N, ShareMode: Read, Delete, AllocationSize: n/a, OpenResult: Opened",4/14/2022 1:22:33 PM,File System,C:\Windows\system32\cmd.exe,BLUETEAM\ezk,"cmd.exe /C schtasks /create /ru system /sc daily /tr ""cmd /c powershell.exe -ep bypass -file c:\T1036.004_NonExistingScript.ps1"" /tn win32times /f && schtasks /query /tn win32times",2384,2524,"cmd.exe 4092 CreateFile C:\Windows\System32\schtasks.exe SUCCESS Desired Access: Read Data/List Directory, Read Attributes, Synchronize, Disposition: Open, Options: Sequential Access, Synchronous IO Alert, Non-Directory File, Attributes: N, ShareMode: Read, Delete, AllocationSize: n/a, OpenResult: Opened 4/14/2022 1:22:33 PM File System C:\Windows\system32\cmd.exe BLUETEAM\ezk cmd.exe /C schtasks /create /ru system /sc daily /tr ""cmd /c powershell.exe -ep bypass -file c:\T1036.004_NonExistingScript.ps1"" /tn win32times /f && schtasks /query /tn win32times 2384 2524",benign
schtasks.exe,2620,RegOpenKey,HKLM\Software\Microsoft\LanguageOverlay\OverlayPackages\en-US,NAME NOT FOUND,Desired Access: Read,4/14/2022 1:22:33 PM,Registry,C:\Windows\system32\schtasks.exe,BLUETEAM\ezk,"schtasks  /create /ru system /sc daily /tr ""cmd /c powershell.exe -ep bypass -file c:\T1036.004_NonExistingScript.ps1"" /tn win32times /f ",7252,4092,"schtasks.exe 2620 RegOpenKey HKLM\Software\Microsoft\LanguageOverlay\OverlayPackages\en-US NAME NOT FOUND Desired Access: Read 4/14/2022 1:22:33 PM Registry C:\Windows\system32\schtasks.exe BLUETEAM\ezk schtasks  /create /ru system /sc daily /tr ""cmd /c powershell.exe -ep bypass -file c:\T1036.004_NonExistingScript.ps1"" /tn win32times /f  7252 4092",benign
schtasks.exe,2620,CreateFile,C:\Windows\System32\en-US\schtasks.exe.mui,SUCCESS,"Desired Access: Read Data/List Directory, Synchronize, Disposition: Open, Options: Synchronous IO Non-Alert, Non-Directory File, Attributes: n/a, ShareMode: Read, Delete, AllocationSize: n/a, OpenResult: Opened",4/14/2022 1:22:33 PM,File System,C:\Windows\system32\schtasks.exe,BLUETEAM\ezk,"schtasks  /create /ru system /sc daily /tr ""cmd /c powershell.exe -ep bypass -file c:\T1036.004_NonExistingScript.ps1"" /tn win32times /f ",7252,4092,"schtasks.exe 2620 CreateFile C:\Windows\System32\en-US\schtasks.exe.mui SUCCESS Desired Access: Read Data/List Directory, Synchronize, Disposition: Open, Options: Synchronous IO Non-Alert, Non-Directory File, Attributes: n/a, ShareMode: Read, Delete, AllocationSize: n/a, OpenResult: Opened 4/14/2022 1:22:33 PM File System C:\Windows\system32\schtasks.exe BLUETEAM\ezk schtasks  /create /ru system /sc daily /tr ""cmd /c powershell.exe -ep bypass -file c:\T1036.004_NonExistingScript.ps1"" /tn win32times /f  7252 4092",benign
schtasks.exe,2620,CreateFile,C:\Windows\System32\schtasks.exe,SUCCESS,"Desired Access: Read Attributes, Disposition: Open, Options: Open Reparse Point, Attributes: n/a, ShareMode: Read, Write, Delete, AllocationSize: n/a, OpenResult: Opened",4/14/2022 1:22:33 PM,File System,C:\Windows\system32\schtasks.exe,BLUETEAM\ezk,"schtasks  /create /ru system /sc daily /tr ""cmd /c powershell.exe -ep bypass -file c:\T1036.004_NonExistingScript.ps1"" /tn win32times /f ",7252,4092,"schtasks.exe 2620 CreateFile C:\Windows\System32\schtasks.exe SUCCESS Desired Access: Read Attributes, Disposition: Open, Options: Open Reparse Point, Attributes: n/a, ShareMode: Read, Write, Delete, AllocationSize: n/a, OpenResult: Opened 4/14/2022 1:22:33 PM File System C:\Windows\system32\schtasks.exe BLUETEAM\ezk schtasks  /create /ru system /sc daily /tr ""cmd /c powershell.exe -ep bypass -file c:\T1036.004_NonExistingScript.ps1"" /tn win32times /f  7252 4092",benign
schtasks.exe,2620,QueryBasicInformationFile,C:\Windows\System32\schtasks.exe,SUCCESS,"CreationTime: 9/22/2021 5:22:17 PM, LastAccessTime: 4/14/2022 1:22:33 PM, LastWriteTime: 9/22/2021 5:22:17 PM, ChangeTime: 10/15/2021 2:25:23 PM, FileAttributes: A",4/14/2022 1:22:33 PM,File System,C:\Windows\system32\schtasks.exe,BLUETEAM\ezk,"schtasks  /create /ru system /sc daily /tr ""cmd /c powershell.exe -ep bypass -file c:\T1036.004_NonExistingScript.ps1"" /tn win32times /f ",7252,4092,"schtasks.exe 2620 QueryBasicInformationFile C:\Windows\System32\schtasks.exe SUCCESS CreationTime: 9/22/2021 5:22:17 PM, LastAccessTime: 4/14/2022 1:22:33 PM, LastWriteTime: 9/22/2021 5:22:17 PM, ChangeTime: 10/15/2021 2:25:23 PM, FileAttributes: A 4/14/2022 1:22:33 PM File System C:\Windows\system32\schtasks.exe BLUETEAM\ezk schtasks  /create /ru system /sc daily /tr ""cmd /c powershell.exe -ep bypass -file c:\T1036.004_NonExistingScript.ps1"" /tn win32times /f  7252 4092",benign
schtasks.exe,2620,CloseFile,C:\Windows\System32\schtasks.exe,SUCCESS,,4/14/2022 1:22:33 PM,File System,C:\Windows\system32\schtasks.exe,BLUETEAM\ezk,"schtasks  /create /ru system /sc daily /tr ""cmd /c powershell.exe -ep bypass -file c:\T1036.004_NonExistingScript.ps1"" /tn win32times /f ",7252,4092,"schtasks.exe 2620 CloseFile C:\Windows\System32\schtasks.exe SUCCESS None 4/14/2022 1:22:33 PM File System C:\Windows\system32\schtasks.exe BLUETEAM\ezk schtasks  /create /ru system /sc daily /tr ""cmd /c powershell.exe -ep bypass -file c:\T1036.004_NonExistingScript.ps1"" /tn win32times /f  7252 4092",benign
schtasks.exe,2620,RegQueryValue,HKLM\System\CurrentControlSet\Control\Nls\Sorting\Versions\000603xx,SUCCESS,"Type: REG_SZ, Length: 26, Data: kernel32.dll",4/14/2022 1:22:33 PM,Registry,C:\Windows\system32\schtasks.exe,BLUETEAM\ezk,"schtasks  /create /ru system /sc daily /tr ""cmd /c powershell.exe -ep bypass -file c:\T1036.004_NonExistingScript.ps1"" /tn win32times /f ",7252,4092,"schtasks.exe 2620 RegQueryValue HKLM\System\CurrentControlSet\Control\Nls\Sorting\Versions\000603xx SUCCESS Type: REG_SZ, Length: 26, Data: kernel32.dll 4/14/2022 1:22:33 PM Registry C:\Windows\system32\schtasks.exe BLUETEAM\ezk schtasks  /create /ru system /sc daily /tr ""cmd /c powershell.exe -ep bypass -file c:\T1036.004_NonExistingScript.ps1"" /tn win32times /f  7252 4092",benign
schtasks.exe,2620,CreateFile,C:\Windows\Globalization\Sorting\SortDefault.nls,SUCCESS,"Desired Access: Generic Read, Disposition: Open, Options: Synchronous IO Non-Alert, Non-Directory File, Attributes: N, ShareMode: Read, AllocationSize: n/a, OpenResult: Opened",4/14/2022 1:22:33 PM,File System,C:\Windows\system32\schtasks.exe,BLUETEAM\ezk,"schtasks  /create /ru system /sc daily /tr ""cmd /c powershell.exe -ep bypass -file c:\T1036.004_NonExistingScript.ps1"" /tn win32times /f ",7252,4092,"schtasks.exe 2620 CreateFile C:\Windows\Globalization\Sorting\SortDefault.nls SUCCESS Desired Access: Generic Read, Disposition: Open, Options: Synchronous IO Non-Alert, Non-Directory File, Attributes: N, ShareMode: Read, AllocationSize: n/a, OpenResult: Opened 4/14/2022 1:22:33 PM File System C:\Windows\system32\schtasks.exe BLUETEAM\ezk schtasks  /create /ru system /sc daily /tr ""cmd /c powershell.exe -ep bypass -file c:\T1036.004_NonExistingScript.ps1"" /tn win32times /f  7252 4092",benign
schtasks.exe,2620,CloseFile,C:\Windows\Globalization\Sorting\SortDefault.nls,SUCCESS,,4/14/2022 1:22:33 PM,File System,C:\Windows\system32\schtasks.exe,BLUETEAM\ezk,"schtasks  /create /ru system /sc daily /tr ""cmd /c powershell.exe -ep bypass -file c:\T1036.004_NonExistingScript.ps1"" /tn win32times /f ",7252,4092,"schtasks.exe 2620 CloseFile C:\Windows\Globalization\Sorting\SortDefault.nls SUCCESS None 4/14/2022 1:22:33 PM File System C:\Windows\system32\schtasks.exe BLUETEAM\ezk schtasks  /create /ru system /sc daily /tr ""cmd /c powershell.exe -ep bypass -file c:\T1036.004_NonExistingScript.ps1"" /tn win32times /f  7252 4092",benign
schtasks.exe,2620,RegOpenKey,HKLM\System\CurrentControlSet\Control\Nls\Sorting\Ids,REPARSE,Desired Access: Read,4/14/2022 1:22:33 PM,Registry,C:\Windows\system32\schtasks.exe,BLUETEAM\ezk,"schtasks  /create /ru system /sc daily /tr ""cmd /c powershell.exe -ep bypass -file c:\T1036.004_NonExistingScript.ps1"" /tn win32times /f ",7252,4092,"schtasks.exe 2620 RegOpenKey HKLM\System\CurrentControlSet\Control\Nls\Sorting\Ids REPARSE Desired Access: Read 4/14/2022 1:22:33 PM Registry C:\Windows\system32\schtasks.exe BLUETEAM\ezk schtasks  /create /ru system /sc daily /tr ""cmd /c powershell.exe -ep bypass -file c:\T1036.004_NonExistingScript.ps1"" /tn win32times /f  7252 4092",benign
schtasks.exe,2620,RegOpenKey,HKLM\System\CurrentControlSet\Control\Nls\Sorting\Ids,SUCCESS,Desired Access: Read,4/14/2022 1:22:33 PM,Registry,C:\Windows\system32\schtasks.exe,BLUETEAM\ezk,"schtasks  /create /ru system /sc daily /tr ""cmd /c powershell.exe -ep bypass -file c:\T1036.004_NonExistingScript.ps1"" /tn win32times /f ",7252,4092,"schtasks.exe 2620 RegOpenKey HKLM\System\CurrentControlSet\Control\Nls\Sorting\Ids SUCCESS Desired Access: Read 4/14/2022 1:22:33 PM Registry C:\Windows\system32\schtasks.exe BLUETEAM\ezk schtasks  /create /ru system /sc daily /tr ""cmd /c powershell.exe -ep bypass -file c:\T1036.004_NonExistingScript.ps1"" /tn win32times /f  7252 4092",benign
schtasks.exe,2620,RegOpenKey,HKLM\System\CurrentControlSet\Control\Nls\CustomLocale,REPARSE,Desired Access: Read,4/14/2022 1:22:33 PM,Registry,C:\Windows\system32\schtasks.exe,BLUETEAM\ezk,"schtasks  /create /ru system /sc daily /tr ""cmd /c powershell.exe -ep bypass -file c:\T1036.004_NonExistingScript.ps1"" /tn win32times /f ",7252,4092,"schtasks.exe 2620 RegOpenKey HKLM\System\CurrentControlSet\Control\Nls\CustomLocale REPARSE Desired Access: Read 4/14/2022 1:22:33 PM Registry C:\Windows\system32\schtasks.exe BLUETEAM\ezk schtasks  /create /ru system /sc daily /tr ""cmd /c powershell.exe -ep bypass -file c:\T1036.004_NonExistingScript.ps1"" /tn win32times /f  7252 4092",benign
schtasks.exe,2620,RegOpenKey,HKLM\System\CurrentControlSet\Control\Nls\CustomLocale,SUCCESS,Desired Access: Read,4/14/2022 1:22:33 PM,Registry,C:\Windows\system32\schtasks.exe,BLUETEAM\ezk,"schtasks  /create /ru system /sc daily /tr ""cmd /c powershell.exe -ep bypass -file c:\T1036.004_NonExistingScript.ps1"" /tn win32times /f ",7252,4092,"schtasks.exe 2620 RegOpenKey HKLM\System\CurrentControlSet\Control\Nls\CustomLocale SUCCESS Desired Access: Read 4/14/2022 1:22:33 PM Registry C:\Windows\system32\schtasks.exe BLUETEAM\ezk schtasks  /create /ru system /sc daily /tr ""cmd /c powershell.exe -ep bypass -file c:\T1036.004_NonExistingScript.ps1"" /tn win32times /f  7252 4092",benign
schtasks.exe,2620,RegQueryValue,HKLM\System\CurrentControlSet\Control\Nls\CustomLocale\en-US,NAME NOT FOUND,Length: 532,4/14/2022 1:22:33 PM,Registry,C:\Windows\system32\schtasks.exe,BLUETEAM\ezk,"schtasks  /create /ru system /sc daily /tr ""cmd /c powershell.exe -ep bypass -file c:\T1036.004_NonExistingScript.ps1"" /tn win32times /f ",7252,4092,"schtasks.exe 2620 RegQueryValue HKLM\System\CurrentControlSet\Control\Nls\CustomLocale\en-US NAME NOT FOUND Length: 532 4/14/2022 1:22:33 PM Registry C:\Windows\system32\schtasks.exe BLUETEAM\ezk schtasks  /create /ru system /sc daily /tr ""cmd /c powershell.exe -ep bypass -file c:\T1036.004_NonExistingScript.ps1"" /tn win32times /f  7252 4092",benign
schtasks.exe,2620,RegCloseKey,HKLM\System\CurrentControlSet\Control\Nls\CustomLocale,SUCCESS,,4/14/2022 1:22:33 PM,Registry,C:\Windows\system32\schtasks.exe,BLUETEAM\ezk,"schtasks  /create /ru system /sc daily /tr ""cmd /c powershell.exe -ep bypass -file c:\T1036.004_NonExistingScript.ps1"" /tn win32times /f ",7252,4092,"schtasks.exe 2620 RegCloseKey HKLM\System\CurrentControlSet\Control\Nls\CustomLocale SUCCESS None 4/14/2022 1:22:33 PM Registry C:\Windows\system32\schtasks.exe BLUETEAM\ezk schtasks  /create /ru system /sc daily /tr ""cmd /c powershell.exe -ep bypass -file c:\T1036.004_NonExistingScript.ps1"" /tn win32times /f  7252 4092",benign
schtasks.exe,2620,RegOpenKey,HKLM\System\CurrentControlSet\Control\Nls\ExtendedLocale,REPARSE,Desired Access: Read,4/14/2022 1:22:33 PM,Registry,C:\Windows\system32\schtasks.exe,BLUETEAM\ezk,"schtasks  /create /ru system /sc daily /tr ""cmd /c powershell.exe -ep bypass -file c:\T1036.004_NonExistingScript.ps1"" /tn win32times /f ",7252,4092,"schtasks.exe 2620 RegOpenKey HKLM\System\CurrentControlSet\Control\Nls\ExtendedLocale REPARSE Desired Access: Read 4/14/2022 1:22:33 PM Registry C:\Windows\system32\schtasks.exe BLUETEAM\ezk schtasks  /create /ru system /sc daily /tr ""cmd /c powershell.exe -ep bypass -file c:\T1036.004_NonExistingScript.ps1"" /tn win32times /f  7252 4092",benign
schtasks.exe,2620,RegOpenKey,HKLM\System\CurrentControlSet\Control\Nls\ExtendedLocale,SUCCESS,Desired Access: Read,4/14/2022 1:22:33 PM,Registry,C:\Windows\system32\schtasks.exe,BLUETEAM\ezk,"schtasks  /create /ru system /sc daily /tr ""cmd /c powershell.exe -ep bypass -file c:\T1036.004_NonExistingScript.ps1"" /tn win32times /f ",7252,4092,"schtasks.exe 2620 RegOpenKey HKLM\System\CurrentControlSet\Control\Nls\ExtendedLocale SUCCESS Desired Access: Read 4/14/2022 1:22:33 PM Registry C:\Windows\system32\schtasks.exe BLUETEAM\ezk schtasks  /create /ru system /sc daily /tr ""cmd /c powershell.exe -ep bypass -file c:\T1036.004_NonExistingScript.ps1"" /tn win32times /f  7252 4092",benign
schtasks.exe,2620,RegQueryValue,HKLM\System\CurrentControlSet\Control\Nls\ExtendedLocale\en-US,NAME NOT FOUND,Length: 532,4/14/2022 1:22:33 PM,Registry,C:\Windows\system32\schtasks.exe,BLUETEAM\ezk,"schtasks  /create /ru system /sc daily /tr ""cmd /c powershell.exe -ep bypass -file c:\T1036.004_NonExistingScript.ps1"" /tn win32times /f ",7252,4092,"schtasks.exe 2620 RegQueryValue HKLM\System\CurrentControlSet\Control\Nls\ExtendedLocale\en-US NAME NOT FOUND Length: 532 4/14/2022 1:22:33 PM Registry C:\Windows\system32\schtasks.exe BLUETEAM\ezk schtasks  /create /ru system /sc daily /tr ""cmd /c powershell.exe -ep bypass -file c:\T1036.004_NonExistingScript.ps1"" /tn win32times /f  7252 4092",benign
schtasks.exe,2620,RegCloseKey,HKLM\System\CurrentControlSet\Control\Nls\ExtendedLocale,SUCCESS,,4/14/2022 1:22:33 PM,Registry,C:\Windows\system32\schtasks.exe,BLUETEAM\ezk,"schtasks  /create /ru system /sc daily /tr ""cmd /c powershell.exe -ep bypass -file c:\T1036.004_NonExistingScript.ps1"" /tn win32times /f ",7252,4092,"schtasks.exe 2620 RegCloseKey HKLM\System\CurrentControlSet\Control\Nls\ExtendedLocale SUCCESS None 4/14/2022 1:22:33 PM Registry C:\Windows\system32\schtasks.exe BLUETEAM\ezk schtasks  /create /ru system /sc daily /tr ""cmd /c powershell.exe -ep bypass -file c:\T1036.004_NonExistingScript.ps1"" /tn win32times /f  7252 4092",benign
schtasks.exe,2620,RegQueryValue,HKLM\System\CurrentControlSet\Control\Nls\Sorting\Ids\en-US,NAME NOT FOUND,Length: 90,4/14/2022 1:22:33 PM,Registry,C:\Windows\system32\schtasks.exe,BLUETEAM\ezk,"schtasks  /create /ru system /sc daily /tr ""cmd /c powershell.exe -ep bypass -file c:\T1036.004_NonExistingScript.ps1"" /tn win32times /f ",7252,4092,"schtasks.exe 2620 RegQueryValue HKLM\System\CurrentControlSet\Control\Nls\Sorting\Ids\en-US NAME NOT FOUND Length: 90 4/14/2022 1:22:33 PM Registry C:\Windows\system32\schtasks.exe BLUETEAM\ezk schtasks  /create /ru system /sc daily /tr ""cmd /c powershell.exe -ep bypass -file c:\T1036.004_NonExistingScript.ps1"" /tn win32times /f  7252 4092",benign
schtasks.exe,2620,RegQueryValue,HKLM\System\CurrentControlSet\Control\Nls\Sorting\Ids\en,NAME NOT FOUND,Length: 90,4/14/2022 1:22:33 PM,Registry,C:\Windows\system32\schtasks.exe,BLUETEAM\ezk,"schtasks  /create /ru system /sc daily /tr ""cmd /c powershell.exe -ep bypass -file c:\T1036.004_NonExistingScript.ps1"" /tn win32times /f ",7252,4092,"schtasks.exe 2620 RegQueryValue HKLM\System\CurrentControlSet\Control\Nls\Sorting\Ids\en NAME NOT FOUND Length: 90 4/14/2022 1:22:33 PM Registry C:\Windows\system32\schtasks.exe BLUETEAM\ezk schtasks  /create /ru system /sc daily /tr ""cmd /c powershell.exe -ep bypass -file c:\T1036.004_NonExistingScript.ps1"" /tn win32times /f  7252 4092",benign
schtasks.exe,2620,CreateFile,C:\Windows\System32\schtasks.exe,SUCCESS,"Desired Access: Read Attributes, Disposition: Open, Options: Open Reparse Point, Attributes: n/a, ShareMode: Read, Write, Delete, AllocationSize: n/a, OpenResult: Opened",4/14/2022 1:22:33 PM,File System,C:\Windows\system32\schtasks.exe,BLUETEAM\ezk,"schtasks  /create /ru system /sc daily /tr ""cmd /c powershell.exe -ep bypass -file c:\T1036.004_NonExistingScript.ps1"" /tn win32times /f ",7252,4092,"schtasks.exe 2620 CreateFile C:\Windows\System32\schtasks.exe SUCCESS Desired Access: Read Attributes, Disposition: Open, Options: Open Reparse Point, Attributes: n/a, ShareMode: Read, Write, Delete, AllocationSize: n/a, OpenResult: Opened 4/14/2022 1:22:33 PM File System C:\Windows\system32\schtasks.exe BLUETEAM\ezk schtasks  /create /ru system /sc daily /tr ""cmd /c powershell.exe -ep bypass -file c:\T1036.004_NonExistingScript.ps1"" /tn win32times /f  7252 4092",benign
schtasks.exe,2620,QueryBasicInformationFile,C:\Windows\System32\schtasks.exe,SUCCESS,"CreationTime: 9/22/2021 5:22:17 PM, LastAccessTime: 4/14/2022 1:22:33 PM, LastWriteTime: 9/22/2021 5:22:17 PM, ChangeTime: 10/15/2021 2:25:23 PM, FileAttributes: A",4/14/2022 1:22:33 PM,File System,C:\Windows\system32\schtasks.exe,BLUETEAM\ezk,"schtasks  /create /ru system /sc daily /tr ""cmd /c powershell.exe -ep bypass -file c:\T1036.004_NonExistingScript.ps1"" /tn win32times /f ",7252,4092,"schtasks.exe 2620 QueryBasicInformationFile C:\Windows\System32\schtasks.exe SUCCESS CreationTime: 9/22/2021 5:22:17 PM, LastAccessTime: 4/14/2022 1:22:33 PM, LastWriteTime: 9/22/2021 5:22:17 PM, ChangeTime: 10/15/2021 2:25:23 PM, FileAttributes: A 4/14/2022 1:22:33 PM File System C:\Windows\system32\schtasks.exe BLUETEAM\ezk schtasks  /create /ru system /sc daily /tr ""cmd /c powershell.exe -ep bypass -file c:\T1036.004_NonExistingScript.ps1"" /tn win32times /f  7252 4092",benign
schtasks.exe,2620,CloseFile,C:\Windows\System32\schtasks.exe,SUCCESS,,4/14/2022 1:22:33 PM,File System,C:\Windows\system32\schtasks.exe,BLUETEAM\ezk,"schtasks  /create /ru system /sc daily /tr ""cmd /c powershell.exe -ep bypass -file c:\T1036.004_NonExistingScript.ps1"" /tn win32times /f ",7252,4092,"schtasks.exe 2620 CloseFile C:\Windows\System32\schtasks.exe SUCCESS None 4/14/2022 1:22:33 PM File System C:\Windows\system32\schtasks.exe BLUETEAM\ezk schtasks  /create /ru system /sc daily /tr ""cmd /c powershell.exe -ep bypass -file c:\T1036.004_NonExistingScript.ps1"" /tn win32times /f  7252 4092",benign
schtasks.exe,2620,RegOpenKey,HKLM\System\CurrentControlSet\Control\StateSeparation\RedirectionMap\Keys,NAME NOT FOUND,Desired Access: Read,4/14/2022 1:22:33 PM,Registry,C:\Windows\system32\schtasks.exe,BLUETEAM\ezk,"schtasks  /create /ru system /sc daily /tr ""cmd /c powershell.exe -ep bypass -file c:\T1036.004_NonExistingScript.ps1"" /tn win32times /f ",7252,4092,"schtasks.exe 2620 RegOpenKey HKLM\System\CurrentControlSet\Control\StateSeparation\RedirectionMap\Keys NAME NOT FOUND Desired Access: Read 4/14/2022 1:22:33 PM Registry C:\Windows\system32\schtasks.exe BLUETEAM\ezk schtasks  /create /ru system /sc daily /tr ""cmd /c powershell.exe -ep bypass -file c:\T1036.004_NonExistingScript.ps1"" /tn win32times /f  7252 4092",benign
schtasks.exe,2620,RegOpenKey,HKLM\System\CurrentControlSet\Control\StateSeparation\RedirectionMap\Keys,REPARSE,Desired Access: Read,4/14/2022 1:22:33 PM,Registry,C:\Windows\system32\schtasks.exe,BLUETEAM\ezk,"schtasks  /create /ru system /sc daily /tr ""cmd /c powershell.exe -ep bypass -file c:\T1036.004_NonExistingScript.ps1"" /tn win32times /f ",7252,4092,"schtasks.exe 2620 RegOpenKey HKLM\System\CurrentControlSet\Control\StateSeparation\RedirectionMap\Keys REPARSE Desired Access: Read 4/14/2022 1:22:33 PM Registry C:\Windows\system32\schtasks.exe BLUETEAM\ezk schtasks  /create /ru system /sc daily /tr ""cmd /c powershell.exe -ep bypass -file c:\T1036.004_NonExistingScript.ps1"" /tn win32times /f  7252 4092",benign
schtasks.exe,2620,CloseFile,C:\Windows\System32\schtasks.exe,SUCCESS,,4/14/2022 1:22:33 PM,File System,C:\Windows\system32\schtasks.exe,BLUETEAM\ezk,"schtasks  /create /ru system /sc daily /tr ""cmd /c powershell.exe -ep bypass -file c:\T1036.004_NonExistingScript.ps1"" /tn win32times /f ",7252,4092,"schtasks.exe 2620 CloseFile C:\Windows\System32\schtasks.exe SUCCESS None 4/14/2022 1:22:33 PM File System C:\Windows\system32\schtasks.exe BLUETEAM\ezk schtasks  /create /ru system /sc daily /tr ""cmd /c powershell.exe -ep bypass -file c:\T1036.004_NonExistingScript.ps1"" /tn win32times /f  7252 4092",benign
schtasks.exe,2620,QueryBasicInformationFile,C:\Windows\System32\schtasks.exe,SUCCESS,"CreationTime: 9/22/2021 5:22:17 PM, LastAccessTime: 4/14/2022 1:22:33 PM, LastWriteTime: 9/22/2021 5:22:17 PM, ChangeTime: 10/15/2021 2:25:23 PM, FileAttributes: A",4/14/2022 1:22:33 PM,File System,C:\Windows\system32\schtasks.exe,BLUETEAM\ezk,"schtasks  /create /ru system /sc daily /tr ""cmd /c powershell.exe -ep bypass -file c:\T1036.004_NonExistingScript.ps1"" /tn win32times /f ",7252,4092,"schtasks.exe 2620 QueryBasicInformationFile C:\Windows\System32\schtasks.exe SUCCESS CreationTime: 9/22/2021 5:22:17 PM, LastAccessTime: 4/14/2022 1:22:33 PM, LastWriteTime: 9/22/2021 5:22:17 PM, ChangeTime: 10/15/2021 2:25:23 PM, FileAttributes: A 4/14/2022 1:22:33 PM File System C:\Windows\system32\schtasks.exe BLUETEAM\ezk schtasks  /create /ru system /sc daily /tr ""cmd /c powershell.exe -ep bypass -file c:\T1036.004_NonExistingScript.ps1"" /tn win32times /f  7252 4092",benign
schtasks.exe,2620,RegCloseKey,HKCU,SUCCESS,,4/14/2022 1:22:33 PM,Registry,C:\Windows\system32\schtasks.exe,BLUETEAM\ezk,"schtasks  /create /ru system /sc daily /tr ""cmd /c powershell.exe -ep bypass -file c:\T1036.004_NonExistingScript.ps1"" /tn win32times /f ",7252,4092,"schtasks.exe 2620 RegCloseKey HKCU SUCCESS None 4/14/2022 1:22:33 PM Registry C:\Windows\system32\schtasks.exe BLUETEAM\ezk schtasks  /create /ru system /sc daily /tr ""cmd /c powershell.exe -ep bypass -file c:\T1036.004_NonExistingScript.ps1"" /tn win32times /f  7252 4092",benign
schtasks.exe,2620,RegOpenKey,HKLM\Software\Policies\Microsoft\MUI\Settings,NAME NOT FOUND,Desired Access: Read,4/14/2022 1:22:33 PM,Registry,C:\Windows\system32\schtasks.exe,BLUETEAM\ezk,"schtasks  /create /ru system /sc daily /tr ""cmd /c powershell.exe -ep bypass -file c:\T1036.004_NonExistingScript.ps1"" /tn win32times /f ",7252,4092,"schtasks.exe 2620 RegOpenKey HKLM\Software\Policies\Microsoft\MUI\Settings NAME NOT FOUND Desired Access: Read 4/14/2022 1:22:33 PM Registry C:\Windows\system32\schtasks.exe BLUETEAM\ezk schtasks  /create /ru system /sc daily /tr ""cmd /c powershell.exe -ep bypass -file c:\T1036.004_NonExistingScript.ps1"" /tn win32times /f  7252 4092",benign
schtasks.exe,2620,RegOpenKey,HKCU,SUCCESS,"Desired Access: Maximum Allowed, Granted Access: All Access",4/14/2022 1:22:33 PM,Registry,C:\Windows\system32\schtasks.exe,BLUETEAM\ezk,"schtasks  /create /ru system /sc daily /tr ""cmd /c powershell.exe -ep bypass -file c:\T1036.004_NonExistingScript.ps1"" /tn win32times /f ",7252,4092,"schtasks.exe 2620 RegOpenKey HKCU SUCCESS Desired Access: Maximum Allowed, Granted Access: All Access 4/14/2022 1:22:33 PM Registry C:\Windows\system32\schtasks.exe BLUETEAM\ezk schtasks  /create /ru system /sc daily /tr ""cmd /c powershell.exe -ep bypass -file c:\T1036.004_NonExistingScript.ps1"" /tn win32times /f  7252 4092",benign
schtasks.exe,2620,RegOpenKey,HKCU\Control Panel\Desktop\MuiCached,SUCCESS,Desired Access: Read,4/14/2022 1:22:33 PM,Registry,C:\Windows\system32\schtasks.exe,BLUETEAM\ezk,"schtasks  /create /ru system /sc daily /tr ""cmd /c powershell.exe -ep bypass -file c:\T1036.004_NonExistingScript.ps1"" /tn win32times /f ",7252,4092,"schtasks.exe 2620 RegOpenKey HKCU\Control Panel\Desktop\MuiCached SUCCESS Desired Access: Read 4/14/2022 1:22:33 PM Registry C:\Windows\system32\schtasks.exe BLUETEAM\ezk schtasks  /create /ru system /sc daily /tr ""cmd /c powershell.exe -ep bypass -file c:\T1036.004_NonExistingScript.ps1"" /tn win32times /f  7252 4092",benign
schtasks.exe,2620,RegQueryValue,HKCU\Control Panel\Desktop\MuiCached\MachinePreferredUILanguages,BUFFER OVERFLOW,Length: 12,4/14/2022 1:22:33 PM,Registry,C:\Windows\system32\schtasks.exe,BLUETEAM\ezk,"schtasks  /create /ru system /sc daily /tr ""cmd /c powershell.exe -ep bypass -file c:\T1036.004_NonExistingScript.ps1"" /tn win32times /f ",7252,4092,"schtasks.exe 2620 RegQueryValue HKCU\Control Panel\Desktop\MuiCached\MachinePreferredUILanguages BUFFER OVERFLOW Length: 12 4/14/2022 1:22:33 PM Registry C:\Windows\system32\schtasks.exe BLUETEAM\ezk schtasks  /create /ru system /sc daily /tr ""cmd /c powershell.exe -ep bypass -file c:\T1036.004_NonExistingScript.ps1"" /tn win32times /f  7252 4092",benign
schtasks.exe,2620,RegQueryValue,HKCU\Control Panel\Desktop\MuiCached\MachinePreferredUILanguages,SUCCESS,"Type: REG_MULTI_SZ, Length: 12, Data: en-US",4/14/2022 1:22:33 PM,Registry,C:\Windows\system32\schtasks.exe,BLUETEAM\ezk,"schtasks  /create /ru system /sc daily /tr ""cmd /c powershell.exe -ep bypass -file c:\T1036.004_NonExistingScript.ps1"" /tn win32times /f ",7252,4092,"schtasks.exe 2620 RegQueryValue HKCU\Control Panel\Desktop\MuiCached\MachinePreferredUILanguages SUCCESS Type: REG_MULTI_SZ, Length: 12, Data: en-US 4/14/2022 1:22:33 PM Registry C:\Windows\system32\schtasks.exe BLUETEAM\ezk schtasks  /create /ru system /sc daily /tr ""cmd /c powershell.exe -ep bypass -file c:\T1036.004_NonExistingScript.ps1"" /tn win32times /f  7252 4092",benign
schtasks.exe,2620,RegCloseKey,HKCU\Control Panel\Desktop\MuiCached,SUCCESS,,4/14/2022 1:22:33 PM,Registry,C:\Windows\system32\schtasks.exe,BLUETEAM\ezk,"schtasks  /create /ru system /sc daily /tr ""cmd /c powershell.exe -ep bypass -file c:\T1036.004_NonExistingScript.ps1"" /tn win32times /f ",7252,4092,"schtasks.exe 2620 RegCloseKey HKCU\Control Panel\Desktop\MuiCached SUCCESS None 4/14/2022 1:22:33 PM Registry C:\Windows\system32\schtasks.exe BLUETEAM\ezk schtasks  /create /ru system /sc daily /tr ""cmd /c powershell.exe -ep bypass -file c:\T1036.004_NonExistingScript.ps1"" /tn win32times /f  7252 4092",benign
schtasks.exe,2620,RegCloseKey,HKCU,SUCCESS,,4/14/2022 1:22:33 PM,Registry,C:\Windows\system32\schtasks.exe,BLUETEAM\ezk,"schtasks  /create /ru system /sc daily /tr ""cmd /c powershell.exe -ep bypass -file c:\T1036.004_NonExistingScript.ps1"" /tn win32times /f ",7252,4092,"schtasks.exe 2620 RegCloseKey HKCU SUCCESS None 4/14/2022 1:22:33 PM Registry C:\Windows\system32\schtasks.exe BLUETEAM\ezk schtasks  /create /ru system /sc daily /tr ""cmd /c powershell.exe -ep bypass -file c:\T1036.004_NonExistingScript.ps1"" /tn win32times /f  7252 4092",benign
schtasks.exe,2620,RegOpenKey,HKLM\Software\Policies\Microsoft\MUI\Settings,NAME NOT FOUND,Desired Access: Read,4/14/2022 1:22:33 PM,Registry,C:\Windows\system32\schtasks.exe,BLUETEAM\ezk,"schtasks  /create /ru system /sc daily /tr ""cmd /c powershell.exe -ep bypass -file c:\T1036.004_NonExistingScript.ps1"" /tn win32times /f ",7252,4092,"schtasks.exe 2620 RegOpenKey HKLM\Software\Policies\Microsoft\MUI\Settings NAME NOT FOUND Desired Access: Read 4/14/2022 1:22:33 PM Registry C:\Windows\system32\schtasks.exe BLUETEAM\ezk schtasks  /create /ru system /sc daily /tr ""cmd /c powershell.exe -ep bypass -file c:\T1036.004_NonExistingScript.ps1"" /tn win32times /f  7252 4092",benign
schtasks.exe,2620,RegOpenKey,HKCU,SUCCESS,"Desired Access: Maximum Allowed, Granted Access: All Access",4/14/2022 1:22:33 PM,Registry,C:\Windows\system32\schtasks.exe,BLUETEAM\ezk,"schtasks  /create /ru system /sc daily /tr ""cmd /c powershell.exe -ep bypass -file c:\T1036.004_NonExistingScript.ps1"" /tn win32times /f ",7252,4092,"schtasks.exe 2620 RegOpenKey HKCU SUCCESS Desired Access: Maximum Allowed, Granted Access: All Access 4/14/2022 1:22:33 PM Registry C:\Windows\system32\schtasks.exe BLUETEAM\ezk schtasks  /create /ru system /sc daily /tr ""cmd /c powershell.exe -ep bypass -file c:\T1036.004_NonExistingScript.ps1"" /tn win32times /f  7252 4092",benign
schtasks.exe,2620,RegOpenKey,HKCU\Software\Policies\Microsoft\Control Panel\Desktop,NAME NOT FOUND,Desired Access: Read,4/14/2022 1:22:33 PM,Registry,C:\Windows\system32\schtasks.exe,BLUETEAM\ezk,"schtasks  /create /ru system /sc daily /tr ""cmd /c powershell.exe -ep bypass -file c:\T1036.004_NonExistingScript.ps1"" /tn win32times /f ",7252,4092,"schtasks.exe 2620 RegOpenKey HKCU\Software\Policies\Microsoft\Control Panel\Desktop NAME NOT FOUND Desired Access: Read 4/14/2022 1:22:33 PM Registry C:\Windows\system32\schtasks.exe BLUETEAM\ezk schtasks  /create /ru system /sc daily /tr ""cmd /c powershell.exe -ep bypass -file c:\T1036.004_NonExistingScript.ps1"" /tn win32times /f  7252 4092",benign
schtasks.exe,2620,CreateFile,C:\Windows\System32\schtasks.exe,SUCCESS,"Desired Access: Read Attributes, Disposition: Open, Options: Open Reparse Point, Attributes: n/a, ShareMode: Read, Write, Delete, AllocationSize: n/a, OpenResult: Opened",4/14/2022 1:22:33 PM,File System,C:\Windows\system32\schtasks.exe,BLUETEAM\ezk,"schtasks  /create /ru system /sc daily /tr ""cmd /c powershell.exe -ep bypass -file c:\T1036.004_NonExistingScript.ps1"" /tn win32times /f ",7252,4092,"schtasks.exe 2620 CreateFile C:\Windows\System32\schtasks.exe SUCCESS Desired Access: Read Attributes, Disposition: Open, Options: Open Reparse Point, Attributes: n/a, ShareMode: Read, Write, Delete, AllocationSize: n/a, OpenResult: Opened 4/14/2022 1:22:33 PM File System C:\Windows\system32\schtasks.exe BLUETEAM\ezk schtasks  /create /ru system /sc daily /tr ""cmd /c powershell.exe -ep bypass -file c:\T1036.004_NonExistingScript.ps1"" /tn win32times /f  7252 4092",benign
schtasks.exe,2620,RegOpenKey,HKCU\Control Panel\Desktop,SUCCESS,Desired Access: Read,4/14/2022 1:22:33 PM,Registry,C:\Windows\system32\schtasks.exe,BLUETEAM\ezk,"schtasks  /create /ru system /sc daily /tr ""cmd /c powershell.exe -ep bypass -file c:\T1036.004_NonExistingScript.ps1"" /tn win32times /f ",7252,4092,"schtasks.exe 2620 RegOpenKey HKCU\Control Panel\Desktop SUCCESS Desired Access: Read 4/14/2022 1:22:33 PM Registry C:\Windows\system32\schtasks.exe BLUETEAM\ezk schtasks  /create /ru system /sc daily /tr ""cmd /c powershell.exe -ep bypass -file c:\T1036.004_NonExistingScript.ps1"" /tn win32times /f  7252 4092",benign
schtasks.exe,2620,RegCloseKey,HKCU\Control Panel\Desktop,SUCCESS,,4/14/2022 1:22:33 PM,Registry,C:\Windows\system32\schtasks.exe,BLUETEAM\ezk,"schtasks  /create /ru system /sc daily /tr ""cmd /c powershell.exe -ep bypass -file c:\T1036.004_NonExistingScript.ps1"" /tn win32times /f ",7252,4092,"schtasks.exe 2620 RegCloseKey HKCU\Control Panel\Desktop SUCCESS None 4/14/2022 1:22:33 PM Registry C:\Windows\system32\schtasks.exe BLUETEAM\ezk schtasks  /create /ru system /sc daily /tr ""cmd /c powershell.exe -ep bypass -file c:\T1036.004_NonExistingScript.ps1"" /tn win32times /f  7252 4092",benign
schtasks.exe,2620,RegCloseKey,HKCU,SUCCESS,,4/14/2022 1:22:33 PM,Registry,C:\Windows\system32\schtasks.exe,BLUETEAM\ezk,"schtasks  /create /ru system /sc daily /tr ""cmd /c powershell.exe -ep bypass -file c:\T1036.004_NonExistingScript.ps1"" /tn win32times /f ",7252,4092,"schtasks.exe 2620 RegCloseKey HKCU SUCCESS None 4/14/2022 1:22:33 PM Registry C:\Windows\system32\schtasks.exe BLUETEAM\ezk schtasks  /create /ru system /sc daily /tr ""cmd /c powershell.exe -ep bypass -file c:\T1036.004_NonExistingScript.ps1"" /tn win32times /f  7252 4092",benign
schtasks.exe,2620,RegOpenKey,HKLM\Software\Policies\Microsoft\MUI\Settings,NAME NOT FOUND,Desired Access: Read,4/14/2022 1:22:33 PM,Registry,C:\Windows\system32\schtasks.exe,BLUETEAM\ezk,"schtasks  /create /ru system /sc daily /tr ""cmd /c powershell.exe -ep bypass -file c:\T1036.004_NonExistingScript.ps1"" /tn win32times /f ",7252,4092,"schtasks.exe 2620 RegOpenKey HKLM\Software\Policies\Microsoft\MUI\Settings NAME NOT FOUND Desired Access: Read 4/14/2022 1:22:33 PM Registry C:\Windows\system32\schtasks.exe BLUETEAM\ezk schtasks  /create /ru system /sc daily /tr ""cmd /c powershell.exe -ep bypass -file c:\T1036.004_NonExistingScript.ps1"" /tn win32times /f  7252 4092",benign
schtasks.exe,2620,RegOpenKey,HKCU,SUCCESS,"Desired Access: Maximum Allowed, Granted Access: All Access",4/14/2022 1:22:33 PM,Registry,C:\Windows\system32\schtasks.exe,BLUETEAM\ezk,"schtasks  /create /ru system /sc daily /tr ""cmd /c powershell.exe -ep bypass -file c:\T1036.004_NonExistingScript.ps1"" /tn win32times /f ",7252,4092,"schtasks.exe 2620 RegOpenKey HKCU SUCCESS Desired Access: Maximum Allowed, Granted Access: All Access 4/14/2022 1:22:33 PM Registry C:\Windows\system32\schtasks.exe BLUETEAM\ezk schtasks  /create /ru system /sc daily /tr ""cmd /c powershell.exe -ep bypass -file c:\T1036.004_NonExistingScript.ps1"" /tn win32times /f  7252 4092",benign
schtasks.exe,2620,RegOpenKey,HKCU\Software\Policies\Microsoft\Control Panel\Desktop,NAME NOT FOUND,Desired Access: Read,4/14/2022 1:22:33 PM,Registry,C:\Windows\system32\schtasks.exe,BLUETEAM\ezk,"schtasks  /create /ru system /sc daily /tr ""cmd /c powershell.exe -ep bypass -file c:\T1036.004_NonExistingScript.ps1"" /tn win32times /f ",7252,4092,"schtasks.exe 2620 RegOpenKey HKCU\Software\Policies\Microsoft\Control Panel\Desktop NAME NOT FOUND Desired Access: Read 4/14/2022 1:22:33 PM Registry C:\Windows\system32\schtasks.exe BLUETEAM\ezk schtasks  /create /ru system /sc daily /tr ""cmd /c powershell.exe -ep bypass -file c:\T1036.004_NonExistingScript.ps1"" /tn win32times /f  7252 4092",benign
schtasks.exe,2620,RegOpenKey,HKCU\Control Panel\Desktop\LanguageConfiguration,NAME NOT FOUND,Desired Access: Read,4/14/2022 1:22:33 PM,Registry,C:\Windows\system32\schtasks.exe,BLUETEAM\ezk,"schtasks  /create /ru system /sc daily /tr ""cmd /c powershell.exe -ep bypass -file c:\T1036.004_NonExistingScript.ps1"" /tn win32times /f ",7252,4092,"schtasks.exe 2620 RegOpenKey HKCU\Control Panel\Desktop\LanguageConfiguration NAME NOT FOUND Desired Access: Read 4/14/2022 1:22:33 PM Registry C:\Windows\system32\schtasks.exe BLUETEAM\ezk schtasks  /create /ru system /sc daily /tr ""cmd /c powershell.exe -ep bypass -file c:\T1036.004_NonExistingScript.ps1"" /tn win32times /f  7252 4092",benign
schtasks.exe,2620,RegCloseKey,HKCU,SUCCESS,,4/14/2022 1:22:33 PM,Registry,C:\Windows\system32\schtasks.exe,BLUETEAM\ezk,"schtasks  /create /ru system /sc daily /tr ""cmd /c powershell.exe -ep bypass -file c:\T1036.004_NonExistingScript.ps1"" /tn win32times /f ",7252,4092,"schtasks.exe 2620 RegCloseKey HKCU SUCCESS None 4/14/2022 1:22:33 PM Registry C:\Windows\system32\schtasks.exe BLUETEAM\ezk schtasks  /create /ru system /sc daily /tr ""cmd /c powershell.exe -ep bypass -file c:\T1036.004_NonExistingScript.ps1"" /tn win32times /f  7252 4092",benign
schtasks.exe,2620,RegOpenKey,HKLM\System\CurrentControlSet\Control\Session Manager,REPARSE,Desired Access: Query Value,4/14/2022 1:22:33 PM,Registry,C:\Windows\system32\schtasks.exe,BLUETEAM\ezk,"schtasks  /create /ru system /sc daily /tr ""cmd /c powershell.exe -ep bypass -file c:\T1036.004_NonExistingScript.ps1"" /tn win32times /f ",7252,4092,"schtasks.exe 2620 RegOpenKey HKLM\System\CurrentControlSet\Control\Session Manager REPARSE Desired Access: Query Value 4/14/2022 1:22:33 PM Registry C:\Windows\system32\schtasks.exe BLUETEAM\ezk schtasks  /create /ru system /sc daily /tr ""cmd /c powershell.exe -ep bypass -file c:\T1036.004_NonExistingScript.ps1"" /tn win32times /f  7252 4092",benign
schtasks.exe,2620,RegOpenKey,HKLM\System\CurrentControlSet\Control\Session Manager,SUCCESS,Desired Access: Query Value,4/14/2022 1:22:33 PM,Registry,C:\Windows\system32\schtasks.exe,BLUETEAM\ezk,"schtasks  /create /ru system /sc daily /tr ""cmd /c powershell.exe -ep bypass -file c:\T1036.004_NonExistingScript.ps1"" /tn win32times /f ",7252,4092,"schtasks.exe 2620 RegOpenKey HKLM\System\CurrentControlSet\Control\Session Manager SUCCESS Desired Access: Query Value 4/14/2022 1:22:33 PM Registry C:\Windows\system32\schtasks.exe BLUETEAM\ezk schtasks  /create /ru system /sc daily /tr ""cmd /c powershell.exe -ep bypass -file c:\T1036.004_NonExistingScript.ps1"" /tn win32times /f  7252 4092",benign
schtasks.exe,2620,RegQueryValue,HKLM\System\CurrentControlSet\Control\Session Manager\SafeDllSearchMode,NAME NOT FOUND,Length: 16,4/14/2022 1:22:33 PM,Registry,C:\Windows\system32\schtasks.exe,BLUETEAM\ezk,"schtasks  /create /ru system /sc daily /tr ""cmd /c powershell.exe -ep bypass -file c:\T1036.004_NonExistingScript.ps1"" /tn win32times /f ",7252,4092,"schtasks.exe 2620 RegQueryValue HKLM\System\CurrentControlSet\Control\Session Manager\SafeDllSearchMode NAME NOT FOUND Length: 16 4/14/2022 1:22:33 PM Registry C:\Windows\system32\schtasks.exe BLUETEAM\ezk schtasks  /create /ru system /sc daily /tr ""cmd /c powershell.exe -ep bypass -file c:\T1036.004_NonExistingScript.ps1"" /tn win32times /f  7252 4092",benign
schtasks.exe,2620,CreateFile,C:\Windows\System32\schtasks.exe,SUCCESS,"Desired Access: Read Attributes, Disposition: Open, Options: Open Reparse Point, Attributes: n/a, ShareMode: Read, Write, Delete, AllocationSize: n/a, OpenResult: Opened",4/14/2022 1:22:33 PM,File System,C:\Windows\system32\schtasks.exe,BLUETEAM\ezk,"schtasks  /create /ru system /sc daily /tr ""cmd /c powershell.exe -ep bypass -file c:\T1036.004_NonExistingScript.ps1"" /tn win32times /f ",7252,4092,"schtasks.exe 2620 CreateFile C:\Windows\System32\schtasks.exe SUCCESS Desired Access: Read Attributes, Disposition: Open, Options: Open Reparse Point, Attributes: n/a, ShareMode: Read, Write, Delete, AllocationSize: n/a, OpenResult: Opened 4/14/2022 1:22:33 PM File System C:\Windows\system32\schtasks.exe BLUETEAM\ezk schtasks  /create /ru system /sc daily /tr ""cmd /c powershell.exe -ep bypass -file c:\T1036.004_NonExistingScript.ps1"" /tn win32times /f  7252 4092",benign
schtasks.exe,2620,RegQueryValue,HKCU\Control Panel\Desktop\PreferredUILanguages,NAME NOT FOUND,Length: 12,4/14/2022 1:22:33 PM,Registry,C:\Windows\system32\schtasks.exe,BLUETEAM\ezk,"schtasks  /create /ru system /sc daily /tr ""cmd /c powershell.exe -ep bypass -file c:\T1036.004_NonExistingScript.ps1"" /tn win32times /f ",7252,4092,"schtasks.exe 2620 RegQueryValue HKCU\Control Panel\Desktop\PreferredUILanguages NAME NOT FOUND Length: 12 4/14/2022 1:22:33 PM Registry C:\Windows\system32\schtasks.exe BLUETEAM\ezk schtasks  /create /ru system /sc daily /tr ""cmd /c powershell.exe -ep bypass -file c:\T1036.004_NonExistingScript.ps1"" /tn win32times /f  7252 4092",benign
schtasks.exe,2620,RegCloseKey,HKCU\Control Panel\Desktop,SUCCESS,,4/14/2022 1:22:33 PM,Registry,C:\Windows\system32\schtasks.exe,BLUETEAM\ezk,"schtasks  /create /ru system /sc daily /tr ""cmd /c powershell.exe -ep bypass -file c:\T1036.004_NonExistingScript.ps1"" /tn win32times /f ",7252,4092,"schtasks.exe 2620 RegCloseKey HKCU\Control Panel\Desktop SUCCESS None 4/14/2022 1:22:33 PM Registry C:\Windows\system32\schtasks.exe BLUETEAM\ezk schtasks  /create /ru system /sc daily /tr ""cmd /c powershell.exe -ep bypass -file c:\T1036.004_NonExistingScript.ps1"" /tn win32times /f  7252 4092",benign
schtasks.exe,2620,QueryBasicInformationFile,C:\Windows\System32\schtasks.exe,SUCCESS,"CreationTime: 9/22/2021 5:22:17 PM, LastAccessTime: 4/14/2022 1:22:33 PM, LastWriteTime: 9/22/2021 5:22:17 PM, ChangeTime: 10/15/2021 2:25:23 PM, FileAttributes: A",4/14/2022 1:22:33 PM,File System,C:\Windows\system32\schtasks.exe,BLUETEAM\ezk,"schtasks  /create /ru system /sc daily /tr ""cmd /c powershell.exe -ep bypass -file c:\T1036.004_NonExistingScript.ps1"" /tn win32times /f ",7252,4092,"schtasks.exe 2620 QueryBasicInformationFile C:\Windows\System32\schtasks.exe SUCCESS CreationTime: 9/22/2021 5:22:17 PM, LastAccessTime: 4/14/2022 1:22:33 PM, LastWriteTime: 9/22/2021 5:22:17 PM, ChangeTime: 10/15/2021 2:25:23 PM, FileAttributes: A 4/14/2022 1:22:33 PM File System C:\Windows\system32\schtasks.exe BLUETEAM\ezk schtasks  /create /ru system /sc daily /tr ""cmd /c powershell.exe -ep bypass -file c:\T1036.004_NonExistingScript.ps1"" /tn win32times /f  7252 4092",benign
schtasks.exe,2620,ReadFile,C:\Windows\SysWOW64\en-US\schtasks.exe.mui,SUCCESS,"Offset: 20,480, Length: 32,768, I/O Flags: Non-cached, Paging I/O, Synchronous Paging I/O, Priority: Normal",4/14/2022 1:22:33 PM,File System,C:\Windows\system32\schtasks.exe,BLUETEAM\ezk,"schtasks  /create /ru system /sc daily /tr ""cmd /c powershell.exe -ep bypass -file c:\T1036.004_NonExistingScript.ps1"" /tn win32times /f ",7252,4092,"schtasks.exe 2620 ReadFile C:\Windows\SysWOW64\en-US\schtasks.exe.mui SUCCESS Offset: 20,480, Length: 32,768, I/O Flags: Non-cached, Paging I/O, Synchronous Paging I/O, Priority: Normal 4/14/2022 1:22:33 PM File System C:\Windows\system32\schtasks.exe BLUETEAM\ezk schtasks  /create /ru system /sc daily /tr ""cmd /c powershell.exe -ep bypass -file c:\T1036.004_NonExistingScript.ps1"" /tn win32times /f  7252 4092",benign
schtasks.exe,2620,RegCloseKey,HKLM\SOFTWARE\Microsoft\Rpc,SUCCESS,,4/14/2022 1:22:33 PM,Registry,C:\Windows\system32\schtasks.exe,BLUETEAM\ezk,"schtasks  /create /ru system /sc daily /tr ""cmd /c powershell.exe -ep bypass -file c:\T1036.004_NonExistingScript.ps1"" /tn win32times /f ",7252,4092,"schtasks.exe 2620 RegCloseKey HKLM\SOFTWARE\Microsoft\Rpc SUCCESS None 4/14/2022 1:22:33 PM Registry C:\Windows\system32\schtasks.exe BLUETEAM\ezk schtasks  /create /ru system /sc daily /tr ""cmd /c powershell.exe -ep bypass -file c:\T1036.004_NonExistingScript.ps1"" /tn win32times /f  7252 4092",benign
schtasks.exe,2620,RegOpenKey,HKLM\System\CurrentControlSet\Services\CCG,REPARSE,Desired Access: Read,4/14/2022 1:22:33 PM,Registry,C:\Windows\system32\schtasks.exe,BLUETEAM\ezk,"schtasks  /create /ru system /sc daily /tr ""cmd /c powershell.exe -ep bypass -file c:\T1036.004_NonExistingScript.ps1"" /tn win32times /f ",7252,4092,"schtasks.exe 2620 RegOpenKey HKLM\System\CurrentControlSet\Services\CCG REPARSE Desired Access: Read 4/14/2022 1:22:33 PM Registry C:\Windows\system32\schtasks.exe BLUETEAM\ezk schtasks  /create /ru system /sc daily /tr ""cmd /c powershell.exe -ep bypass -file c:\T1036.004_NonExistingScript.ps1"" /tn win32times /f  7252 4092",benign
schtasks.exe,2620,RegOpenKey,HKLM\System\CurrentControlSet\Services\CCG,NAME NOT FOUND,Desired Access: Read,4/14/2022 1:22:33 PM,Registry,C:\Windows\system32\schtasks.exe,BLUETEAM\ezk,"schtasks  /create /ru system /sc daily /tr ""cmd /c powershell.exe -ep bypass -file c:\T1036.004_NonExistingScript.ps1"" /tn win32times /f ",7252,4092,"schtasks.exe 2620 RegOpenKey HKLM\System\CurrentControlSet\Services\CCG NAME NOT FOUND Desired Access: Read 4/14/2022 1:22:33 PM Registry C:\Windows\system32\schtasks.exe BLUETEAM\ezk schtasks  /create /ru system /sc daily /tr ""cmd /c powershell.exe -ep bypass -file c:\T1036.004_NonExistingScript.ps1"" /tn win32times /f  7252 4092",benign
schtasks.exe,2620,RegOpenKey,HKLM\System\CurrentControlSet\Services\CCG,REPARSE,Desired Access: Read,4/14/2022 1:22:33 PM,Registry,C:\Windows\system32\schtasks.exe,BLUETEAM\ezk,"schtasks  /create /ru system /sc daily /tr ""cmd /c powershell.exe -ep bypass -file c:\T1036.004_NonExistingScript.ps1"" /tn win32times /f ",7252,4092,"schtasks.exe 2620 RegOpenKey HKLM\System\CurrentControlSet\Services\CCG REPARSE Desired Access: Read 4/14/2022 1:22:33 PM Registry C:\Windows\system32\schtasks.exe BLUETEAM\ezk schtasks  /create /ru system /sc daily /tr ""cmd /c powershell.exe -ep bypass -file c:\T1036.004_NonExistingScript.ps1"" /tn win32times /f  7252 4092",benign
schtasks.exe,2620,RegOpenKey,HKLM\System\CurrentControlSet\Services\CCG,NAME NOT FOUND,Desired Access: Read,4/14/2022 1:22:33 PM,Registry,C:\Windows\system32\schtasks.exe,BLUETEAM\ezk,"schtasks  /create /ru system /sc daily /tr ""cmd /c powershell.exe -ep bypass -file c:\T1036.004_NonExistingScript.ps1"" /tn win32times /f ",7252,4092,"schtasks.exe 2620 RegOpenKey HKLM\System\CurrentControlSet\Services\CCG NAME NOT FOUND Desired Access: Read 4/14/2022 1:22:33 PM Registry C:\Windows\system32\schtasks.exe BLUETEAM\ezk schtasks  /create /ru system /sc daily /tr ""cmd /c powershell.exe -ep bypass -file c:\T1036.004_NonExistingScript.ps1"" /tn win32times /f  7252 4092",benign
schtasks.exe,2620,RegOpenKey,HKLM\System\CurrentControlSet\Control\ComputerName\ActiveComputerName,REPARSE,Desired Access: Read,4/14/2022 1:22:33 PM,Registry,C:\Windows\system32\schtasks.exe,BLUETEAM\ezk,"schtasks  /create /ru system /sc daily /tr ""cmd /c powershell.exe -ep bypass -file c:\T1036.004_NonExistingScript.ps1"" /tn win32times /f ",7252,4092,"schtasks.exe 2620 RegOpenKey HKLM\System\CurrentControlSet\Control\ComputerName\ActiveComputerName REPARSE Desired Access: Read 4/14/2022 1:22:33 PM Registry C:\Windows\system32\schtasks.exe BLUETEAM\ezk schtasks  /create /ru system /sc daily /tr ""cmd /c powershell.exe -ep bypass -file c:\T1036.004_NonExistingScript.ps1"" /tn win32times /f  7252 4092",benign
schtasks.exe,2620,RegOpenKey,HKLM\System\CurrentControlSet\Control\ComputerName\ActiveComputerName,SUCCESS,Desired Access: Read,4/14/2022 1:22:33 PM,Registry,C:\Windows\system32\schtasks.exe,BLUETEAM\ezk,"schtasks  /create /ru system /sc daily /tr ""cmd /c powershell.exe -ep bypass -file c:\T1036.004_NonExistingScript.ps1"" /tn win32times /f ",7252,4092,"schtasks.exe 2620 RegOpenKey HKLM\System\CurrentControlSet\Control\ComputerName\ActiveComputerName SUCCESS Desired Access: Read 4/14/2022 1:22:33 PM Registry C:\Windows\system32\schtasks.exe BLUETEAM\ezk schtasks  /create /ru system /sc daily /tr ""cmd /c powershell.exe -ep bypass -file c:\T1036.004_NonExistingScript.ps1"" /tn win32times /f  7252 4092",benign
schtasks.exe,2620,RegQueryValue,HKLM\System\CurrentControlSet\Control\ComputerName\ActiveComputerName\ComputerName,SUCCESS,"Type: REG_SZ, Length: 32, Data: DESKTOP-BA1RQFC",4/14/2022 1:22:33 PM,Registry,C:\Windows\system32\schtasks.exe,BLUETEAM\ezk,"schtasks  /create /ru system /sc daily /tr ""cmd /c powershell.exe -ep bypass -file c:\T1036.004_NonExistingScript.ps1"" /tn win32times /f ",7252,4092,"schtasks.exe 2620 RegQueryValue HKLM\System\CurrentControlSet\Control\ComputerName\ActiveComputerName\ComputerName SUCCESS Type: REG_SZ, Length: 32, Data: DESKTOP-BA1RQFC 4/14/2022 1:22:33 PM Registry C:\Windows\system32\schtasks.exe BLUETEAM\ezk schtasks  /create /ru system /sc daily /tr ""cmd /c powershell.exe -ep bypass -file c:\T1036.004_NonExistingScript.ps1"" /tn win32times /f  7252 4092",benign
schtasks.exe,2620,RegCloseKey,HKLM\System\CurrentControlSet\Control\ComputerName\ActiveComputerName,SUCCESS,,4/14/2022 1:22:33 PM,Registry,C:\Windows\system32\schtasks.exe,BLUETEAM\ezk,"schtasks  /create /ru system /sc daily /tr ""cmd /c powershell.exe -ep bypass -file c:\T1036.004_NonExistingScript.ps1"" /tn win32times /f ",7252,4092,"schtasks.exe 2620 RegCloseKey HKLM\System\CurrentControlSet\Control\ComputerName\ActiveComputerName SUCCESS None 4/14/2022 1:22:33 PM Registry C:\Windows\system32\schtasks.exe BLUETEAM\ezk schtasks  /create /ru system /sc daily /tr ""cmd /c powershell.exe -ep bypass -file c:\T1036.004_NonExistingScript.ps1"" /tn win32times /f  7252 4092",benign
schtasks.exe,2620,RegOpenKey,HKLM\System\Setup,SUCCESS,Desired Access: Read,4/14/2022 1:22:33 PM,Registry,C:\Windows\system32\schtasks.exe,BLUETEAM\ezk,"schtasks  /create /ru system /sc daily /tr ""cmd /c powershell.exe -ep bypass -file c:\T1036.004_NonExistingScript.ps1"" /tn win32times /f ",7252,4092,"schtasks.exe 2620 RegOpenKey HKLM\System\Setup SUCCESS Desired Access: Read 4/14/2022 1:22:33 PM Registry C:\Windows\system32\schtasks.exe BLUETEAM\ezk schtasks  /create /ru system /sc daily /tr ""cmd /c powershell.exe -ep bypass -file c:\T1036.004_NonExistingScript.ps1"" /tn win32times /f  7252 4092",benign
schtasks.exe,2620,RegQueryValue,HKLM\SYSTEM\Setup\OOBEInProgress,SUCCESS,"Type: REG_DWORD, Length: 4, Data: 0",4/14/2022 1:22:33 PM,Registry,C:\Windows\system32\schtasks.exe,BLUETEAM\ezk,"schtasks  /create /ru system /sc daily /tr ""cmd /c powershell.exe -ep bypass -file c:\T1036.004_NonExistingScript.ps1"" /tn win32times /f ",7252,4092,"schtasks.exe 2620 RegQueryValue HKLM\SYSTEM\Setup\OOBEInProgress SUCCESS Type: REG_DWORD, Length: 4, Data: 0 4/14/2022 1:22:33 PM Registry C:\Windows\system32\schtasks.exe BLUETEAM\ezk schtasks  /create /ru system /sc daily /tr ""cmd /c powershell.exe -ep bypass -file c:\T1036.004_NonExistingScript.ps1"" /tn win32times /f  7252 4092",benign
schtasks.exe,2620,RegCloseKey,HKLM\SYSTEM\Setup,SUCCESS,,4/14/2022 1:22:33 PM,Registry,C:\Windows\system32\schtasks.exe,BLUETEAM\ezk,"schtasks  /create /ru system /sc daily /tr ""cmd /c powershell.exe -ep bypass -file c:\T1036.004_NonExistingScript.ps1"" /tn win32times /f ",7252,4092,"schtasks.exe 2620 RegCloseKey HKLM\SYSTEM\Setup SUCCESS None 4/14/2022 1:22:33 PM Registry C:\Windows\system32\schtasks.exe BLUETEAM\ezk schtasks  /create /ru system /sc daily /tr ""cmd /c powershell.exe -ep bypass -file c:\T1036.004_NonExistingScript.ps1"" /tn win32times /f  7252 4092",benign
schtasks.exe,2620,RegOpenKey,HKLM\System\Setup,SUCCESS,Desired Access: Read,4/14/2022 1:22:33 PM,Registry,C:\Windows\system32\schtasks.exe,BLUETEAM\ezk,"schtasks  /create /ru system /sc daily /tr ""cmd /c powershell.exe -ep bypass -file c:\T1036.004_NonExistingScript.ps1"" /tn win32times /f ",7252,4092,"schtasks.exe 2620 RegOpenKey HKLM\System\Setup SUCCESS Desired Access: Read 4/14/2022 1:22:33 PM Registry C:\Windows\system32\schtasks.exe BLUETEAM\ezk schtasks  /create /ru system /sc daily /tr ""cmd /c powershell.exe -ep bypass -file c:\T1036.004_NonExistingScript.ps1"" /tn win32times /f  7252 4092",benign
schtasks.exe,2620,RegQueryValue,HKLM\SYSTEM\Setup\SystemSetupInProgress,SUCCESS,"Type: REG_DWORD, Length: 4, Data: 0",4/14/2022 1:22:33 PM,Registry,C:\Windows\system32\schtasks.exe,BLUETEAM\ezk,"schtasks  /create /ru system /sc daily /tr ""cmd /c powershell.exe -ep bypass -file c:\T1036.004_NonExistingScript.ps1"" /tn win32times /f ",7252,4092,"schtasks.exe 2620 RegQueryValue HKLM\SYSTEM\Setup\SystemSetupInProgress SUCCESS Type: REG_DWORD, Length: 4, Data: 0 4/14/2022 1:22:33 PM Registry C:\Windows\system32\schtasks.exe BLUETEAM\ezk schtasks  /create /ru system /sc daily /tr ""cmd /c powershell.exe -ep bypass -file c:\T1036.004_NonExistingScript.ps1"" /tn win32times /f  7252 4092",benign
schtasks.exe,2620,RegCloseKey,HKLM\SYSTEM\Setup,SUCCESS,,4/14/2022 1:22:33 PM,Registry,C:\Windows\system32\schtasks.exe,BLUETEAM\ezk,"schtasks  /create /ru system /sc daily /tr ""cmd /c powershell.exe -ep bypass -file c:\T1036.004_NonExistingScript.ps1"" /tn win32times /f ",7252,4092,"schtasks.exe 2620 RegCloseKey HKLM\SYSTEM\Setup SUCCESS None 4/14/2022 1:22:33 PM Registry C:\Windows\system32\schtasks.exe BLUETEAM\ezk schtasks  /create /ru system /sc daily /tr ""cmd /c powershell.exe -ep bypass -file c:\T1036.004_NonExistingScript.ps1"" /tn win32times /f  7252 4092",benign
schtasks.exe,2620,RegOpenKey,HKLM\Software\Microsoft\Windows NT\CurrentVersion\Image File Execution Options,SUCCESS,"Desired Access: Query Value, Enumerate Sub Keys",4/14/2022 1:22:33 PM,Registry,C:\Windows\system32\schtasks.exe,BLUETEAM\ezk,"schtasks  /create /ru system /sc daily /tr ""cmd /c powershell.exe -ep bypass -file c:\T1036.004_NonExistingScript.ps1"" /tn win32times /f ",7252,4092,"schtasks.exe 2620 RegOpenKey HKLM\Software\Microsoft\Windows NT\CurrentVersion\Image File Execution Options SUCCESS Desired Access: Query Value, Enumerate Sub Keys 4/14/2022 1:22:33 PM Registry C:\Windows\system32\schtasks.exe BLUETEAM\ezk schtasks  /create /ru system /sc daily /tr ""cmd /c powershell.exe -ep bypass -file c:\T1036.004_NonExistingScript.ps1"" /tn win32times /f  7252 4092",benign
schtasks.exe,2620,RegOpenKey,HKLM\SOFTWARE\Microsoft\Windows NT\CurrentVersion\Image File Execution Options\schtasks.exe,NAME NOT FOUND,"Desired Access: Query Value, Enumerate Sub Keys",4/14/2022 1:22:33 PM,Registry,C:\Windows\system32\schtasks.exe,BLUETEAM\ezk,"schtasks  /create /ru system /sc daily /tr ""cmd /c powershell.exe -ep bypass -file c:\T1036.004_NonExistingScript.ps1"" /tn win32times /f ",7252,4092,"schtasks.exe 2620 RegOpenKey HKLM\SOFTWARE\Microsoft\Windows NT\CurrentVersion\Image File Execution Options\schtasks.exe NAME NOT FOUND Desired Access: Query Value, Enumerate Sub Keys 4/14/2022 1:22:33 PM Registry C:\Windows\system32\schtasks.exe BLUETEAM\ezk schtasks  /create /ru system /sc daily /tr ""cmd /c powershell.exe -ep bypass -file c:\T1036.004_NonExistingScript.ps1"" /tn win32times /f  7252 4092",benign
schtasks.exe,2620,RegQueryKey,HKLM,SUCCESS,"Query: HandleTags, HandleTags: 0x0",4/14/2022 1:22:33 PM,Registry,C:\Windows\system32\schtasks.exe,BLUETEAM\ezk,"schtasks  /create /ru system /sc daily /tr ""cmd /c powershell.exe -ep bypass -file c:\T1036.004_NonExistingScript.ps1"" /tn win32times /f ",7252,4092,"schtasks.exe 2620 RegQueryKey HKLM SUCCESS Query: HandleTags, HandleTags: 0x0 4/14/2022 1:22:33 PM Registry C:\Windows\system32\schtasks.exe BLUETEAM\ezk schtasks  /create /ru system /sc daily /tr ""cmd /c powershell.exe -ep bypass -file c:\T1036.004_NonExistingScript.ps1"" /tn win32times /f  7252 4092",benign
schtasks.exe,2620,RegOpenKey,HKLM\Software\Policies\Microsoft\Windows NT\Rpc,NAME NOT FOUND,Desired Access: Read,4/14/2022 1:22:33 PM,Registry,C:\Windows\system32\schtasks.exe,BLUETEAM\ezk,"schtasks  /create /ru system /sc daily /tr ""cmd /c powershell.exe -ep bypass -file c:\T1036.004_NonExistingScript.ps1"" /tn win32times /f ",7252,4092,"schtasks.exe 2620 RegOpenKey HKLM\Software\Policies\Microsoft\Windows NT\Rpc NAME NOT FOUND Desired Access: Read 4/14/2022 1:22:33 PM Registry C:\Windows\system32\schtasks.exe BLUETEAM\ezk schtasks  /create /ru system /sc daily /tr ""cmd /c powershell.exe -ep bypass -file c:\T1036.004_NonExistingScript.ps1"" /tn win32times /f  7252 4092",benign
schtasks.exe,2620,RegQueryKey,HKLM,SUCCESS,"Query: HandleTags, HandleTags: 0x0",4/14/2022 1:22:33 PM,Registry,C:\Windows\system32\schtasks.exe,BLUETEAM\ezk,"schtasks  /create /ru system /sc daily /tr ""cmd /c powershell.exe -ep bypass -file c:\T1036.004_NonExistingScript.ps1"" /tn win32times /f ",7252,4092,"schtasks.exe 2620 RegQueryKey HKLM SUCCESS Query: HandleTags, HandleTags: 0x0 4/14/2022 1:22:33 PM Registry C:\Windows\system32\schtasks.exe BLUETEAM\ezk schtasks  /create /ru system /sc daily /tr ""cmd /c powershell.exe -ep bypass -file c:\T1036.004_NonExistingScript.ps1"" /tn win32times /f  7252 4092",benign
schtasks.exe,2620,RegOpenKey,HKLM\Software\Microsoft\Rpc,SUCCESS,Desired Access: Query Value,4/14/2022 1:22:33 PM,Registry,C:\Windows\system32\schtasks.exe,BLUETEAM\ezk,"schtasks  /create /ru system /sc daily /tr ""cmd /c powershell.exe -ep bypass -file c:\T1036.004_NonExistingScript.ps1"" /tn win32times /f ",7252,4092,"schtasks.exe 2620 RegOpenKey HKLM\Software\Microsoft\Rpc SUCCESS Desired Access: Query Value 4/14/2022 1:22:33 PM Registry C:\Windows\system32\schtasks.exe BLUETEAM\ezk schtasks  /create /ru system /sc daily /tr ""cmd /c powershell.exe -ep bypass -file c:\T1036.004_NonExistingScript.ps1"" /tn win32times /f  7252 4092",benign
schtasks.exe,2620,RegQueryValue,HKLM\SOFTWARE\Microsoft\Rpc\IdleTimerWindow,NAME NOT FOUND,Length: 16,4/14/2022 1:22:33 PM,Registry,C:\Windows\system32\schtasks.exe,BLUETEAM\ezk,"schtasks  /create /ru system /sc daily /tr ""cmd /c powershell.exe -ep bypass -file c:\T1036.004_NonExistingScript.ps1"" /tn win32times /f ",7252,4092,"schtasks.exe 2620 RegQueryValue HKLM\SOFTWARE\Microsoft\Rpc\IdleTimerWindow NAME NOT FOUND Length: 16 4/14/2022 1:22:33 PM Registry C:\Windows\system32\schtasks.exe BLUETEAM\ezk schtasks  /create /ru system /sc daily /tr ""cmd /c powershell.exe -ep bypass -file c:\T1036.004_NonExistingScript.ps1"" /tn win32times /f  7252 4092",benign
schtasks.exe,2620,RegCloseKey,HKLM\SOFTWARE\Microsoft\Rpc,SUCCESS,,4/14/2022 1:22:33 PM,Registry,C:\Windows\system32\schtasks.exe,BLUETEAM\ezk,"schtasks  /create /ru system /sc daily /tr ""cmd /c powershell.exe -ep bypass -file c:\T1036.004_NonExistingScript.ps1"" /tn win32times /f ",7252,4092,"schtasks.exe 2620 RegCloseKey HKLM\SOFTWARE\Microsoft\Rpc SUCCESS None 4/14/2022 1:22:33 PM Registry C:\Windows\system32\schtasks.exe BLUETEAM\ezk schtasks  /create /ru system /sc daily /tr ""cmd /c powershell.exe -ep bypass -file c:\T1036.004_NonExistingScript.ps1"" /tn win32times /f  7252 4092",benign
schtasks.exe,2620,RegQueryValue,HKLM\SOFTWARE\Microsoft\Rpc\MaxRpcSize,NAME NOT FOUND,Length: 16,4/14/2022 1:22:33 PM,Registry,C:\Windows\system32\schtasks.exe,BLUETEAM\ezk,"schtasks  /create /ru system /sc daily /tr ""cmd /c powershell.exe -ep bypass -file c:\T1036.004_NonExistingScript.ps1"" /tn win32times /f ",7252,4092,"schtasks.exe 2620 RegQueryValue HKLM\SOFTWARE\Microsoft\Rpc\MaxRpcSize NAME NOT FOUND Length: 16 4/14/2022 1:22:33 PM Registry C:\Windows\system32\schtasks.exe BLUETEAM\ezk schtasks  /create /ru system /sc daily /tr ""cmd /c powershell.exe -ep bypass -file c:\T1036.004_NonExistingScript.ps1"" /tn win32times /f  7252 4092",benign
schtasks.exe,2620,RegOpenKey,HKLM\Software\Microsoft\Rpc,SUCCESS,Desired Access: Read,4/14/2022 1:22:33 PM,Registry,C:\Windows\system32\schtasks.exe,BLUETEAM\ezk,"schtasks  /create /ru system /sc daily /tr ""cmd /c powershell.exe -ep bypass -file c:\T1036.004_NonExistingScript.ps1"" /tn win32times /f ",7252,4092,"schtasks.exe 2620 RegOpenKey HKLM\Software\Microsoft\Rpc SUCCESS Desired Access: Read 4/14/2022 1:22:33 PM Registry C:\Windows\system32\schtasks.exe BLUETEAM\ezk schtasks  /create /ru system /sc daily /tr ""cmd /c powershell.exe -ep bypass -file c:\T1036.004_NonExistingScript.ps1"" /tn win32times /f  7252 4092",benign
schtasks.exe,2620,RegQueryKey,HKLM,SUCCESS,"Query: HandleTags, HandleTags: 0x0",4/14/2022 1:22:33 PM,Registry,C:\Windows\system32\schtasks.exe,BLUETEAM\ezk,"schtasks  /create /ru system /sc daily /tr ""cmd /c powershell.exe -ep bypass -file c:\T1036.004_NonExistingScript.ps1"" /tn win32times /f ",7252,4092,"schtasks.exe 2620 RegQueryKey HKLM SUCCESS Query: HandleTags, HandleTags: 0x0 4/14/2022 1:22:33 PM Registry C:\Windows\system32\schtasks.exe BLUETEAM\ezk schtasks  /create /ru system /sc daily /tr ""cmd /c powershell.exe -ep bypass -file c:\T1036.004_NonExistingScript.ps1"" /tn win32times /f  7252 4092",benign
schtasks.exe,2620,RegOpenKey,HKLM\System\CurrentControlSet\Policies\Microsoft\Cryptography\Configuration,NAME NOT FOUND,Desired Access: Query Value,4/14/2022 1:22:33 PM,Registry,C:\Windows\system32\schtasks.exe,BLUETEAM\ezk,"schtasks  /create /ru system /sc daily /tr ""cmd /c powershell.exe -ep bypass -file c:\T1036.004_NonExistingScript.ps1"" /tn win32times /f ",7252,4092,"schtasks.exe 2620 RegOpenKey HKLM\System\CurrentControlSet\Policies\Microsoft\Cryptography\Configuration NAME NOT FOUND Desired Access: Query Value 4/14/2022 1:22:33 PM Registry C:\Windows\system32\schtasks.exe BLUETEAM\ezk schtasks  /create /ru system /sc daily /tr ""cmd /c powershell.exe -ep bypass -file c:\T1036.004_NonExistingScript.ps1"" /tn win32times /f  7252 4092",benign
schtasks.exe,2620,CreateFile,C:\Windows\System32\rpcss.dll,SUCCESS,"Desired Access: Read Attributes, Disposition: Open, Options: Open Reparse Point, Attributes: n/a, ShareMode: Read, Write, Delete, AllocationSize: n/a, OpenResult: Opened",4/14/2022 1:22:33 PM,File System,C:\Windows\system32\schtasks.exe,BLUETEAM\ezk,"schtasks  /create /ru system /sc daily /tr ""cmd /c powershell.exe -ep bypass -file c:\T1036.004_NonExistingScript.ps1"" /tn win32times /f ",7252,4092,"schtasks.exe 2620 CreateFile C:\Windows\System32\rpcss.dll SUCCESS Desired Access: Read Attributes, Disposition: Open, Options: Open Reparse Point, Attributes: n/a, ShareMode: Read, Write, Delete, AllocationSize: n/a, OpenResult: Opened 4/14/2022 1:22:33 PM File System C:\Windows\system32\schtasks.exe BLUETEAM\ezk schtasks  /create /ru system /sc daily /tr ""cmd /c powershell.exe -ep bypass -file c:\T1036.004_NonExistingScript.ps1"" /tn win32times /f  7252 4092",benign
schtasks.exe,2620,QueryBasicInformationFile,C:\Windows\System32\rpcss.dll,SUCCESS,"CreationTime: 9/22/2021 5:22:05 PM, LastAccessTime: 4/14/2022 1:21:13 PM, LastWriteTime: 9/22/2021 5:22:05 PM, ChangeTime: 10/15/2021 2:25:23 PM, FileAttributes: A",4/14/2022 1:22:33 PM,File System,C:\Windows\system32\schtasks.exe,BLUETEAM\ezk,"schtasks  /create /ru system /sc daily /tr ""cmd /c powershell.exe -ep bypass -file c:\T1036.004_NonExistingScript.ps1"" /tn win32times /f ",7252,4092,"schtasks.exe 2620 QueryBasicInformationFile C:\Windows\System32\rpcss.dll SUCCESS CreationTime: 9/22/2021 5:22:05 PM, LastAccessTime: 4/14/2022 1:21:13 PM, LastWriteTime: 9/22/2021 5:22:05 PM, ChangeTime: 10/15/2021 2:25:23 PM, FileAttributes: A 4/14/2022 1:22:33 PM File System C:\Windows\system32\schtasks.exe BLUETEAM\ezk schtasks  /create /ru system /sc daily /tr ""cmd /c powershell.exe -ep bypass -file c:\T1036.004_NonExistingScript.ps1"" /tn win32times /f  7252 4092",benign
schtasks.exe,2620,CloseFile,C:\Windows\System32\rpcss.dll,SUCCESS,,4/14/2022 1:22:33 PM,File System,C:\Windows\system32\schtasks.exe,BLUETEAM\ezk,"schtasks  /create /ru system /sc daily /tr ""cmd /c powershell.exe -ep bypass -file c:\T1036.004_NonExistingScript.ps1"" /tn win32times /f ",7252,4092,"schtasks.exe 2620 CloseFile C:\Windows\System32\rpcss.dll SUCCESS None 4/14/2022 1:22:33 PM File System C:\Windows\system32\schtasks.exe BLUETEAM\ezk schtasks  /create /ru system /sc daily /tr ""cmd /c powershell.exe -ep bypass -file c:\T1036.004_NonExistingScript.ps1"" /tn win32times /f  7252 4092",benign
schtasks.exe,2620,CreateFile,C:\Windows\System32\rpcss.dll,SUCCESS,"Desired Access: Read Data/List Directory, Synchronize, Disposition: Open, Options: Synchronous IO Non-Alert, Non-Directory File, Attributes: n/a, ShareMode: Read, Delete, AllocationSize: n/a, OpenResult: Opened",4/14/2022 1:22:33 PM,File System,C:\Windows\system32\schtasks.exe,BLUETEAM\ezk,"schtasks  /create /ru system /sc daily /tr ""cmd /c powershell.exe -ep bypass -file c:\T1036.004_NonExistingScript.ps1"" /tn win32times /f ",7252,4092,"schtasks.exe 2620 CreateFile C:\Windows\System32\rpcss.dll SUCCESS Desired Access: Read Data/List Directory, Synchronize, Disposition: Open, Options: Synchronous IO Non-Alert, Non-Directory File, Attributes: n/a, ShareMode: Read, Delete, AllocationSize: n/a, OpenResult: Opened 4/14/2022 1:22:33 PM File System C:\Windows\system32\schtasks.exe BLUETEAM\ezk schtasks  /create /ru system /sc daily /tr ""cmd /c powershell.exe -ep bypass -file c:\T1036.004_NonExistingScript.ps1"" /tn win32times /f  7252 4092",benign
schtasks.exe,2620,CloseFile,C:\Windows\System32\rpcss.dll,SUCCESS,,4/14/2022 1:22:33 PM,File System,C:\Windows\system32\schtasks.exe,BLUETEAM\ezk,"schtasks  /create /ru system /sc daily /tr ""cmd /c powershell.exe -ep bypass -file c:\T1036.004_NonExistingScript.ps1"" /tn win32times /f ",7252,4092,"schtasks.exe 2620 CloseFile C:\Windows\System32\rpcss.dll SUCCESS None 4/14/2022 1:22:33 PM File System C:\Windows\system32\schtasks.exe BLUETEAM\ezk schtasks  /create /ru system /sc daily /tr ""cmd /c powershell.exe -ep bypass -file c:\T1036.004_NonExistingScript.ps1"" /tn win32times /f  7252 4092",benign
schtasks.exe,2620,CreateFile,C:\Windows\System32\kernel.appcore.dll,SUCCESS,"Desired Access: Read Attributes, Disposition: Open, Options: Open Reparse Point, Attributes: n/a, ShareMode: Read, Write, Delete, AllocationSize: n/a, OpenResult: Opened",4/14/2022 1:22:33 PM,File System,C:\Windows\system32\schtasks.exe,BLUETEAM\ezk,"schtasks  /create /ru system /sc daily /tr ""cmd /c powershell.exe -ep bypass -file c:\T1036.004_NonExistingScript.ps1"" /tn win32times /f ",7252,4092,"schtasks.exe 2620 CreateFile C:\Windows\System32\kernel.appcore.dll SUCCESS Desired Access: Read Attributes, Disposition: Open, Options: Open Reparse Point, Attributes: n/a, ShareMode: Read, Write, Delete, AllocationSize: n/a, OpenResult: Opened 4/14/2022 1:22:33 PM File System C:\Windows\system32\schtasks.exe BLUETEAM\ezk schtasks  /create /ru system /sc daily /tr ""cmd /c powershell.exe -ep bypass -file c:\T1036.004_NonExistingScript.ps1"" /tn win32times /f  7252 4092",benign
schtasks.exe,2620,QueryBasicInformationFile,C:\Windows\System32\kernel.appcore.dll,SUCCESS,"CreationTime: 9/22/2021 5:21:47 PM, LastAccessTime: 4/14/2022 1:21:13 PM, LastWriteTime: 9/22/2021 5:21:47 PM, ChangeTime: 10/15/2021 2:25:23 PM, FileAttributes: A",4/14/2022 1:22:33 PM,File System,C:\Windows\system32\schtasks.exe,BLUETEAM\ezk,"schtasks  /create /ru system /sc daily /tr ""cmd /c powershell.exe -ep bypass -file c:\T1036.004_NonExistingScript.ps1"" /tn win32times /f ",7252,4092,"schtasks.exe 2620 QueryBasicInformationFile C:\Windows\System32\kernel.appcore.dll SUCCESS CreationTime: 9/22/2021 5:21:47 PM, LastAccessTime: 4/14/2022 1:21:13 PM, LastWriteTime: 9/22/2021 5:21:47 PM, ChangeTime: 10/15/2021 2:25:23 PM, FileAttributes: A 4/14/2022 1:22:33 PM File System C:\Windows\system32\schtasks.exe BLUETEAM\ezk schtasks  /create /ru system /sc daily /tr ""cmd /c powershell.exe -ep bypass -file c:\T1036.004_NonExistingScript.ps1"" /tn win32times /f  7252 4092",benign
schtasks.exe,2620,CloseFile,C:\Windows\System32\kernel.appcore.dll,SUCCESS,,4/14/2022 1:22:33 PM,File System,C:\Windows\system32\schtasks.exe,BLUETEAM\ezk,"schtasks  /create /ru system /sc daily /tr ""cmd /c powershell.exe -ep bypass -file c:\T1036.004_NonExistingScript.ps1"" /tn win32times /f ",7252,4092,"schtasks.exe 2620 CloseFile C:\Windows\System32\kernel.appcore.dll SUCCESS None 4/14/2022 1:22:33 PM File System C:\Windows\system32\schtasks.exe BLUETEAM\ezk schtasks  /create /ru system /sc daily /tr ""cmd /c powershell.exe -ep bypass -file c:\T1036.004_NonExistingScript.ps1"" /tn win32times /f  7252 4092",benign
schtasks.exe,2620,CreateFile,C:\Windows\System32\kernel.appcore.dll,SUCCESS,"Desired Access: Read Data/List Directory, Execute/Traverse, Synchronize, Disposition: Open, Options: Synchronous IO Non-Alert, Non-Directory File, Attributes: n/a, ShareMode: Read, Delete, AllocationSize: n/a, OpenResult: Opened",4/14/2022 1:22:33 PM,File System,C:\Windows\system32\schtasks.exe,BLUETEAM\ezk,"schtasks  /create /ru system /sc daily /tr ""cmd /c powershell.exe -ep bypass -file c:\T1036.004_NonExistingScript.ps1"" /tn win32times /f ",7252,4092,"schtasks.exe 2620 CreateFile C:\Windows\System32\kernel.appcore.dll SUCCESS Desired Access: Read Data/List Directory, Execute/Traverse, Synchronize, Disposition: Open, Options: Synchronous IO Non-Alert, Non-Directory File, Attributes: n/a, ShareMode: Read, Delete, AllocationSize: n/a, OpenResult: Opened 4/14/2022 1:22:33 PM File System C:\Windows\system32\schtasks.exe BLUETEAM\ezk schtasks  /create /ru system /sc daily /tr ""cmd /c powershell.exe -ep bypass -file c:\T1036.004_NonExistingScript.ps1"" /tn win32times /f  7252 4092",benign
schtasks.exe,2620,CloseFile,C:\Windows\System32\kernel.appcore.dll,SUCCESS,,4/14/2022 1:22:33 PM,File System,C:\Windows\system32\schtasks.exe,BLUETEAM\ezk,"schtasks  /create /ru system /sc daily /tr ""cmd /c powershell.exe -ep bypass -file c:\T1036.004_NonExistingScript.ps1"" /tn win32times /f ",7252,4092,"schtasks.exe 2620 CloseFile C:\Windows\System32\kernel.appcore.dll SUCCESS None 4/14/2022 1:22:33 PM File System C:\Windows\system32\schtasks.exe BLUETEAM\ezk schtasks  /create /ru system /sc daily /tr ""cmd /c powershell.exe -ep bypass -file c:\T1036.004_NonExistingScript.ps1"" /tn win32times /f  7252 4092",benign
schtasks.exe,2620,RegOpenKey,HKLM\System\CurrentControlSet\Control\Lsa\FipsAlgorithmPolicy,REPARSE,Desired Access: Query Value,4/14/2022 1:22:33 PM,Registry,C:\Windows\system32\schtasks.exe,BLUETEAM\ezk,"schtasks  /create /ru system /sc daily /tr ""cmd /c powershell.exe -ep bypass -file c:\T1036.004_NonExistingScript.ps1"" /tn win32times /f ",7252,4092,"schtasks.exe 2620 RegOpenKey HKLM\System\CurrentControlSet\Control\Lsa\FipsAlgorithmPolicy REPARSE Desired Access: Query Value 4/14/2022 1:22:33 PM Registry C:\Windows\system32\schtasks.exe BLUETEAM\ezk schtasks  /create /ru system /sc daily /tr ""cmd /c powershell.exe -ep bypass -file c:\T1036.004_NonExistingScript.ps1"" /tn win32times /f  7252 4092",benign
schtasks.exe,2620,CloseFile,C:\Windows\System32\schtasks.exe,SUCCESS,,4/14/2022 1:22:33 PM,File System,C:\Windows\system32\schtasks.exe,BLUETEAM\ezk,"schtasks  /create /ru system /sc daily /tr ""cmd /c powershell.exe -ep bypass -file c:\T1036.004_NonExistingScript.ps1"" /tn win32times /f ",7252,4092,"schtasks.exe 2620 CloseFile C:\Windows\System32\schtasks.exe SUCCESS None 4/14/2022 1:22:33 PM File System C:\Windows\system32\schtasks.exe BLUETEAM\ezk schtasks  /create /ru system /sc daily /tr ""cmd /c powershell.exe -ep bypass -file c:\T1036.004_NonExistingScript.ps1"" /tn win32times /f  7252 4092",benign
schtasks.exe,2620,RegOpenKey,HKLM\System\CurrentControlSet\Control\Lsa\FipsAlgorithmPolicy,SUCCESS,Desired Access: Query Value,4/14/2022 1:22:33 PM,Registry,C:\Windows\system32\schtasks.exe,BLUETEAM\ezk,"schtasks  /create /ru system /sc daily /tr ""cmd /c powershell.exe -ep bypass -file c:\T1036.004_NonExistingScript.ps1"" /tn win32times /f ",7252,4092,"schtasks.exe 2620 RegOpenKey HKLM\System\CurrentControlSet\Control\Lsa\FipsAlgorithmPolicy SUCCESS Desired Access: Query Value 4/14/2022 1:22:33 PM Registry C:\Windows\system32\schtasks.exe BLUETEAM\ezk schtasks  /create /ru system /sc daily /tr ""cmd /c powershell.exe -ep bypass -file c:\T1036.004_NonExistingScript.ps1"" /tn win32times /f  7252 4092",benign
schtasks.exe,2620,RegCloseKey,HKLM\System\CurrentControlSet\Control\Lsa\FipsAlgorithmPolicy,SUCCESS,,4/14/2022 1:22:33 PM,Registry,C:\Windows\system32\schtasks.exe,BLUETEAM\ezk,"schtasks  /create /ru system /sc daily /tr ""cmd /c powershell.exe -ep bypass -file c:\T1036.004_NonExistingScript.ps1"" /tn win32times /f ",7252,4092,"schtasks.exe 2620 RegCloseKey HKLM\System\CurrentControlSet\Control\Lsa\FipsAlgorithmPolicy SUCCESS None 4/14/2022 1:22:33 PM Registry C:\Windows\system32\schtasks.exe BLUETEAM\ezk schtasks  /create /ru system /sc daily /tr ""cmd /c powershell.exe -ep bypass -file c:\T1036.004_NonExistingScript.ps1"" /tn win32times /f  7252 4092",benign
schtasks.exe,2620,RegOpenKey,HKLM\System\CurrentControlSet\Control\Lsa\FipsAlgorithmPolicy,REPARSE,Desired Access: Query Value,4/14/2022 1:22:33 PM,Registry,C:\Windows\system32\schtasks.exe,BLUETEAM\ezk,"schtasks  /create /ru system /sc daily /tr ""cmd /c powershell.exe -ep bypass -file c:\T1036.004_NonExistingScript.ps1"" /tn win32times /f ",7252,4092,"schtasks.exe 2620 RegOpenKey HKLM\System\CurrentControlSet\Control\Lsa\FipsAlgorithmPolicy REPARSE Desired Access: Query Value 4/14/2022 1:22:33 PM Registry C:\Windows\system32\schtasks.exe BLUETEAM\ezk schtasks  /create /ru system /sc daily /tr ""cmd /c powershell.exe -ep bypass -file c:\T1036.004_NonExistingScript.ps1"" /tn win32times /f  7252 4092",benign
schtasks.exe,2620,RegOpenKey,HKLM\System\CurrentControlSet\Control\Lsa\FipsAlgorithmPolicy,SUCCESS,Desired Access: Query Value,4/14/2022 1:22:33 PM,Registry,C:\Windows\system32\schtasks.exe,BLUETEAM\ezk,"schtasks  /create /ru system /sc daily /tr ""cmd /c powershell.exe -ep bypass -file c:\T1036.004_NonExistingScript.ps1"" /tn win32times /f ",7252,4092,"schtasks.exe 2620 RegOpenKey HKLM\System\CurrentControlSet\Control\Lsa\FipsAlgorithmPolicy SUCCESS Desired Access: Query Value 4/14/2022 1:22:33 PM Registry C:\Windows\system32\schtasks.exe BLUETEAM\ezk schtasks  /create /ru system /sc daily /tr ""cmd /c powershell.exe -ep bypass -file c:\T1036.004_NonExistingScript.ps1"" /tn win32times /f  7252 4092",benign
schtasks.exe,2620,RegQueryValue,HKLM\System\CurrentControlSet\Control\Lsa\FipsAlgorithmPolicy\Enabled,SUCCESS,"Type: REG_DWORD, Length: 4, Data: 0",4/14/2022 1:22:33 PM,Registry,C:\Windows\system32\schtasks.exe,BLUETEAM\ezk,"schtasks  /create /ru system /sc daily /tr ""cmd /c powershell.exe -ep bypass -file c:\T1036.004_NonExistingScript.ps1"" /tn win32times /f ",7252,4092,"schtasks.exe 2620 RegQueryValue HKLM\System\CurrentControlSet\Control\Lsa\FipsAlgorithmPolicy\Enabled SUCCESS Type: REG_DWORD, Length: 4, Data: 0 4/14/2022 1:22:33 PM Registry C:\Windows\system32\schtasks.exe BLUETEAM\ezk schtasks  /create /ru system /sc daily /tr ""cmd /c powershell.exe -ep bypass -file c:\T1036.004_NonExistingScript.ps1"" /tn win32times /f  7252 4092",benign
schtasks.exe,2620,RegOpenKey,HKLM\System\CurrentControlSet\Control\Lsa,REPARSE,Desired Access: Query Value,4/14/2022 1:22:33 PM,Registry,C:\Windows\system32\schtasks.exe,BLUETEAM\ezk,"schtasks  /create /ru system /sc daily /tr ""cmd /c powershell.exe -ep bypass -file c:\T1036.004_NonExistingScript.ps1"" /tn win32times /f ",7252,4092,"schtasks.exe 2620 RegOpenKey HKLM\System\CurrentControlSet\Control\Lsa REPARSE Desired Access: Query Value 4/14/2022 1:22:33 PM Registry C:\Windows\system32\schtasks.exe BLUETEAM\ezk schtasks  /create /ru system /sc daily /tr ""cmd /c powershell.exe -ep bypass -file c:\T1036.004_NonExistingScript.ps1"" /tn win32times /f  7252 4092",benign
schtasks.exe,2620,RegOpenKey,HKLM\System\CurrentControlSet\Control\Lsa,SUCCESS,Desired Access: Query Value,4/14/2022 1:22:33 PM,Registry,C:\Windows\system32\schtasks.exe,BLUETEAM\ezk,"schtasks  /create /ru system /sc daily /tr ""cmd /c powershell.exe -ep bypass -file c:\T1036.004_NonExistingScript.ps1"" /tn win32times /f ",7252,4092,"schtasks.exe 2620 RegOpenKey HKLM\System\CurrentControlSet\Control\Lsa SUCCESS Desired Access: Query Value 4/14/2022 1:22:33 PM Registry C:\Windows\system32\schtasks.exe BLUETEAM\ezk schtasks  /create /ru system /sc daily /tr ""cmd /c powershell.exe -ep bypass -file c:\T1036.004_NonExistingScript.ps1"" /tn win32times /f  7252 4092",benign
schtasks.exe,2620,RegQueryValue,HKLM\System\CurrentControlSet\Control\Lsa\FipsAlgorithmPolicy,NAME NOT FOUND,Length: 20,4/14/2022 1:22:33 PM,Registry,C:\Windows\system32\schtasks.exe,BLUETEAM\ezk,"schtasks  /create /ru system /sc daily /tr ""cmd /c powershell.exe -ep bypass -file c:\T1036.004_NonExistingScript.ps1"" /tn win32times /f ",7252,4092,"schtasks.exe 2620 RegQueryValue HKLM\System\CurrentControlSet\Control\Lsa\FipsAlgorithmPolicy NAME NOT FOUND Length: 20 4/14/2022 1:22:33 PM Registry C:\Windows\system32\schtasks.exe BLUETEAM\ezk schtasks  /create /ru system /sc daily /tr ""cmd /c powershell.exe -ep bypass -file c:\T1036.004_NonExistingScript.ps1"" /tn win32times /f  7252 4092",benign
schtasks.exe,2620,RegQueryValue,HKLM\System\CurrentControlSet\Control\Lsa\FipsAlgorithmPolicy\MDMEnabled,NAME NOT FOUND,Length: 20,4/14/2022 1:22:33 PM,Registry,C:\Windows\system32\schtasks.exe,BLUETEAM\ezk,"schtasks  /create /ru system /sc daily /tr ""cmd /c powershell.exe -ep bypass -file c:\T1036.004_NonExistingScript.ps1"" /tn win32times /f ",7252,4092,"schtasks.exe 2620 RegQueryValue HKLM\System\CurrentControlSet\Control\Lsa\FipsAlgorithmPolicy\MDMEnabled NAME NOT FOUND Length: 20 4/14/2022 1:22:33 PM Registry C:\Windows\system32\schtasks.exe BLUETEAM\ezk schtasks  /create /ru system /sc daily /tr ""cmd /c powershell.exe -ep bypass -file c:\T1036.004_NonExistingScript.ps1"" /tn win32times /f  7252 4092",benign
schtasks.exe,2620,RegCloseKey,HKLM\System\CurrentControlSet\Control\Lsa\FipsAlgorithmPolicy,SUCCESS,,4/14/2022 1:22:33 PM,Registry,C:\Windows\system32\schtasks.exe,BLUETEAM\ezk,"schtasks  /create /ru system /sc daily /tr ""cmd /c powershell.exe -ep bypass -file c:\T1036.004_NonExistingScript.ps1"" /tn win32times /f ",7252,4092,"schtasks.exe 2620 RegCloseKey HKLM\System\CurrentControlSet\Control\Lsa\FipsAlgorithmPolicy SUCCESS None 4/14/2022 1:22:33 PM Registry C:\Windows\system32\schtasks.exe BLUETEAM\ezk schtasks  /create /ru system /sc daily /tr ""cmd /c powershell.exe -ep bypass -file c:\T1036.004_NonExistingScript.ps1"" /tn win32times /f  7252 4092",benign
schtasks.exe,2620,RegCloseKey,HKLM\System\CurrentControlSet\Control\Lsa,SUCCESS,,4/14/2022 1:22:33 PM,Registry,C:\Windows\system32\schtasks.exe,BLUETEAM\ezk,"schtasks  /create /ru system /sc daily /tr ""cmd /c powershell.exe -ep bypass -file c:\T1036.004_NonExistingScript.ps1"" /tn win32times /f ",7252,4092,"schtasks.exe 2620 RegCloseKey HKLM\System\CurrentControlSet\Control\Lsa SUCCESS None 4/14/2022 1:22:33 PM Registry C:\Windows\system32\schtasks.exe BLUETEAM\ezk schtasks  /create /ru system /sc daily /tr ""cmd /c powershell.exe -ep bypass -file c:\T1036.004_NonExistingScript.ps1"" /tn win32times /f  7252 4092",benign
schtasks.exe,2620,RegOpenKey,HKLM\SYSTEM\CurrentControlSet\Policies\Microsoft\Cryptography\Configuration,REPARSE,Desired Access: Query Value,4/14/2022 1:22:33 PM,Registry,C:\Windows\system32\schtasks.exe,BLUETEAM\ezk,"schtasks  /create /ru system /sc daily /tr ""cmd /c powershell.exe -ep bypass -file c:\T1036.004_NonExistingScript.ps1"" /tn win32times /f ",7252,4092,"schtasks.exe 2620 RegOpenKey HKLM\SYSTEM\CurrentControlSet\Policies\Microsoft\Cryptography\Configuration REPARSE Desired Access: Query Value 4/14/2022 1:22:33 PM Registry C:\Windows\system32\schtasks.exe BLUETEAM\ezk schtasks  /create /ru system /sc daily /tr ""cmd /c powershell.exe -ep bypass -file c:\T1036.004_NonExistingScript.ps1"" /tn win32times /f  7252 4092",benign
schtasks.exe,2620,RegQueryValue,HKLM\System\CurrentControlSet\Control\Lsa\FipsAlgorithmPolicy\STE,NAME NOT FOUND,Length: 20,4/14/2022 1:22:33 PM,Registry,C:\Windows\system32\schtasks.exe,BLUETEAM\ezk,"schtasks  /create /ru system /sc daily /tr ""cmd /c powershell.exe -ep bypass -file c:\T1036.004_NonExistingScript.ps1"" /tn win32times /f ",7252,4092,"schtasks.exe 2620 RegQueryValue HKLM\System\CurrentControlSet\Control\Lsa\FipsAlgorithmPolicy\STE NAME NOT FOUND Length: 20 4/14/2022 1:22:33 PM Registry C:\Windows\system32\schtasks.exe BLUETEAM\ezk schtasks  /create /ru system /sc daily /tr ""cmd /c powershell.exe -ep bypass -file c:\T1036.004_NonExistingScript.ps1"" /tn win32times /f  7252 4092",benign
cmd.exe,4092,CloseFile,C:\Windows\System32\schtasks.exe,SUCCESS,,4/14/2022 1:22:33 PM,File System,C:\Windows\system32\cmd.exe,BLUETEAM\ezk,"cmd.exe /C schtasks /create /ru system /sc daily /tr ""cmd /c powershell.exe -ep bypass -file c:\T1036.004_NonExistingScript.ps1"" /tn win32times /f && schtasks /query /tn win32times",2384,2524,"cmd.exe 4092 CloseFile C:\Windows\System32\schtasks.exe SUCCESS None 4/14/2022 1:22:33 PM File System C:\Windows\system32\cmd.exe BLUETEAM\ezk cmd.exe /C schtasks /create /ru system /sc daily /tr ""cmd /c powershell.exe -ep bypass -file c:\T1036.004_NonExistingScript.ps1"" /tn win32times /f && schtasks /query /tn win32times 2384 2524",benign
schtasks.exe,2620,RegQueryValue,HKCU\Control Panel\Desktop\PreferredUILanguages,NAME NOT FOUND,Length: 12,4/14/2022 1:22:33 PM,Registry,C:\Windows\system32\schtasks.exe,BLUETEAM\ezk,"schtasks  /create /ru system /sc daily /tr ""cmd /c powershell.exe -ep bypass -file c:\T1036.004_NonExistingScript.ps1"" /tn win32times /f ",7252,4092,"schtasks.exe 2620 RegQueryValue HKCU\Control Panel\Desktop\PreferredUILanguages NAME NOT FOUND Length: 12 4/14/2022 1:22:33 PM Registry C:\Windows\system32\schtasks.exe BLUETEAM\ezk schtasks  /create /ru system /sc daily /tr ""cmd /c powershell.exe -ep bypass -file c:\T1036.004_NonExistingScript.ps1"" /tn win32times /f  7252 4092",benign
schtasks.exe,2620,RegOpenKey,HKCU\Software\Policies\Microsoft\Control Panel\Desktop,NAME NOT FOUND,Desired Access: Read,4/14/2022 1:22:33 PM,Registry,C:\Windows\system32\schtasks.exe,BLUETEAM\ezk,"schtasks  /create /ru system /sc daily /tr ""cmd /c powershell.exe -ep bypass -file c:\T1036.004_NonExistingScript.ps1"" /tn win32times /f ",7252,4092,"schtasks.exe 2620 RegOpenKey HKCU\Software\Policies\Microsoft\Control Panel\Desktop NAME NOT FOUND Desired Access: Read 4/14/2022 1:22:33 PM Registry C:\Windows\system32\schtasks.exe BLUETEAM\ezk schtasks  /create /ru system /sc daily /tr ""cmd /c powershell.exe -ep bypass -file c:\T1036.004_NonExistingScript.ps1"" /tn win32times /f  7252 4092",benign
schtasks.exe,2620,Process Start,,SUCCESS,"Parent PID: 4092, Command line: schtasks  /create /ru system /sc daily /tr ""cmd /c powershell.exe -ep bypass -file c:\T1036.004_NonExistingScript.ps1"" /tn win32times /f , Current directory: C:\Windows\system32\, Environment: ;	=C:=C:\Windows\System32;	ALLUSERSPROFILE=C:\ProgramData;	APPDATA=C:\Users\ezk\AppData\Roaming;	CommonProgramFiles=C:\Program Files\Common Files;	CommonProgramFiles(x86)=C:\Program Files (x86)\Common Files;	CommonProgramW6432=C:\Program Files\Common Files;	COMPUTERNAME=DESKTOP-BA1RQFC;	ComSpec=C:\Windows\system32\cmd.exe;	DriverData=C:\Windows\System32\Drivers\DriverData;	HOMEDRIVE=C:;	HOMEPATH=\Users\ezk;	LOCALAPPDATA=C:\Users\ezk\AppData\Local;	LOGONSERVER=\\DC02;	NUMBER_OF_PROCESSORS=2;	OneDrive=C:\Users\ezk\OneDrive;	OS=Windows_NT;	Path=C:\Windows\system32;C:\Windows;C:\Windows\System32\Wbem;C:\Windows\System32\WindowsPowerShell\v1.0\;C:\Windows\System32\OpenSSH\;C:\Users\ezk\AppData\Local\Microsoft\WindowsApps;	PATHEXT=.COM;.EXE;.BAT;.CMD;.VBS;.VBE;.JS;.JSE;.WSF;.WSH;.MSC;.CPL;	PROCESSOR_ARCHITECTURE=AMD64;	PROCESSOR_IDENTIFIER=Intel64 Family 6 Model 165 Stepping 5, GenuineIntel;	PROCESSOR_LEVEL=6;	PROCESSOR_REVISION=a505;	ProgramData=C:\ProgramData;	ProgramFiles=C:\Program Files;	ProgramFiles(x86)=C:\Program Files (x86);	ProgramW6432=C:\Program Files;	PROMPT=$P$G;	PSModulePath=C:\Users\ezk\Documents\WindowsPowerShell\Modules;C:\Program Files\WindowsPowerShell\Modules;C:\Windows\system32\WindowsPowerShell\v1.0\Modules;	PUBLIC=C:\Users\Public;	SystemDrive=C:;	SystemRoot=C:\Windows;	TEMP=C:\Users\ezk\AppData\Local\Temp;	TMP=C:\Users\ezk\AppData\Local\Temp;	USERDNSDOMAIN=BLUETEAM.COM;	USERDOMAIN=BLUETEAM;	USERDOMAIN_ROAMINGPROFILE=BLUETEAM;	USERNAME=ezk;	USERPROFILE=C:\Users\ezk;	windir=C:\Windows",4/14/2022 1:22:33 PM,Process,C:\Windows\system32\schtasks.exe,BLUETEAM\ezk,"schtasks  /create /ru system /sc daily /tr ""cmd /c powershell.exe -ep bypass -file c:\T1036.004_NonExistingScript.ps1"" /tn win32times /f ",2384,4092,"schtasks.exe 2620 Process Start None SUCCESS Parent PID: 4092, Command line: schtasks  /create /ru system /sc daily /tr ""cmd /c powershell.exe -ep bypass -file c:\T1036.004_NonExistingScript.ps1"" /tn win32times /f , Current directory: C:\Windows\system32\, Environment: ;	=C:=C:\Windows\System32;	ALLUSERSPROFILE=C:\ProgramData;	APPDATA=C:\Users\ezk\AppData\Roaming;	CommonProgramFiles=C:\Program Files\Common Files;	CommonProgramFiles(x86)=C:\Program Files (x86)\Common Files;	CommonProgramW6432=C:\Program Files\Common Files;	COMPUTERNAME=DESKTOP-BA1RQFC;	ComSpec=C:\Windows\system32\cmd.exe;	DriverData=C:\Windows\System32\Drivers\DriverData;	HOMEDRIVE=C:;	HOMEPATH=\Users\ezk;	LOCALAPPDATA=C:\Users\ezk\AppData\Local;	LOGONSERVER=\\DC02;	NUMBER_OF_PROCESSORS=2;	OneDrive=C:\Users\ezk\OneDrive;	OS=Windows_NT;	Path=C:\Windows\system32;C:\Windows;C:\Windows\System32\Wbem;C:\Windows\System32\WindowsPowerShell\v1.0\;C:\Windows\System32\OpenSSH\;C:\Users\ezk\AppData\Local\Microsoft\WindowsApps;	PATHEXT=.COM;.EXE;.BAT;.CMD;.VBS;.VBE;.JS;.JSE;.WSF;.WSH;.MSC;.CPL;	PROCESSOR_ARCHITECTURE=AMD64;	PROCESSOR_IDENTIFIER=Intel64 Family 6 Model 165 Stepping 5, GenuineIntel;	PROCESSOR_LEVEL=6;	PROCESSOR_REVISION=a505;	ProgramData=C:\ProgramData;	ProgramFiles=C:\Program Files;	ProgramFiles(x86)=C:\Program Files (x86);	ProgramW6432=C:\Program Files;	PROMPT=$P$G;	PSModulePath=C:\Users\ezk\Documents\WindowsPowerShell\Modules;C:\Program Files\WindowsPowerShell\Modules;C:\Windows\system32\WindowsPowerShell\v1.0\Modules;	PUBLIC=C:\Users\Public;	SystemDrive=C:;	SystemRoot=C:\Windows;	TEMP=C:\Users\ezk\AppData\Local\Temp;	TMP=C:\Users\ezk\AppData\Local\Temp;	USERDNSDOMAIN=BLUETEAM.COM;	USERDOMAIN=BLUETEAM;	USERDOMAIN_ROAMINGPROFILE=BLUETEAM;	USERNAME=ezk;	USERPROFILE=C:\Users\ezk;	windir=C:\Windows 4/14/2022 1:22:33 PM Process C:\Windows\system32\schtasks.exe BLUETEAM\ezk schtasks  /create /ru system /sc daily /tr ""cmd /c powershell.exe -ep bypass -file c:\T1036.004_NonExistingScript.ps1"" /tn win32times /f  2384 4092",malicious
schtasks.exe,2620,CreateFile,C:\Windows\Prefetch\SCHTASKS.EXE-8B6144A9.pf,NAME NOT FOUND,"Desired Access: Generic Read, Disposition: Open, Options: Synchronous IO Non-Alert, Attributes: n/a, ShareMode: None, AllocationSize: n/a",4/14/2022 1:22:33 PM,File System,C:\Windows\system32\schtasks.exe,BLUETEAM\ezk,"schtasks  /create /ru system /sc daily /tr ""cmd /c powershell.exe -ep bypass -file c:\T1036.004_NonExistingScript.ps1"" /tn win32times /f ",7252,4092,"schtasks.exe 2620 CreateFile C:\Windows\Prefetch\SCHTASKS.EXE-8B6144A9.pf NAME NOT FOUND Desired Access: Generic Read, Disposition: Open, Options: Synchronous IO Non-Alert, Attributes: n/a, ShareMode: None, AllocationSize: n/a 4/14/2022 1:22:33 PM File System C:\Windows\system32\schtasks.exe BLUETEAM\ezk schtasks  /create /ru system /sc daily /tr ""cmd /c powershell.exe -ep bypass -file c:\T1036.004_NonExistingScript.ps1"" /tn win32times /f  7252 4092",benign
schtasks.exe,2620,RegOpenKey,HKLM\System\CurrentControlSet\Control\Session Manager,REPARSE,Desired Access: Query Value,4/14/2022 1:22:33 PM,Registry,C:\Windows\system32\schtasks.exe,BLUETEAM\ezk,"schtasks  /create /ru system /sc daily /tr ""cmd /c powershell.exe -ep bypass -file c:\T1036.004_NonExistingScript.ps1"" /tn win32times /f ",7252,4092,"schtasks.exe 2620 RegOpenKey HKLM\System\CurrentControlSet\Control\Session Manager REPARSE Desired Access: Query Value 4/14/2022 1:22:33 PM Registry C:\Windows\system32\schtasks.exe BLUETEAM\ezk schtasks  /create /ru system /sc daily /tr ""cmd /c powershell.exe -ep bypass -file c:\T1036.004_NonExistingScript.ps1"" /tn win32times /f  7252 4092",benign
schtasks.exe,2620,RegOpenKey,HKLM\System\CurrentControlSet\Control\Session Manager,SUCCESS,Desired Access: Query Value,4/14/2022 1:22:33 PM,Registry,C:\Windows\system32\schtasks.exe,BLUETEAM\ezk,"schtasks  /create /ru system /sc daily /tr ""cmd /c powershell.exe -ep bypass -file c:\T1036.004_NonExistingScript.ps1"" /tn win32times /f ",7252,4092,"schtasks.exe 2620 RegOpenKey HKLM\System\CurrentControlSet\Control\Session Manager SUCCESS Desired Access: Query Value 4/14/2022 1:22:33 PM Registry C:\Windows\system32\schtasks.exe BLUETEAM\ezk schtasks  /create /ru system /sc daily /tr ""cmd /c powershell.exe -ep bypass -file c:\T1036.004_NonExistingScript.ps1"" /tn win32times /f  7252 4092",benign
schtasks.exe,2620,RegQueryValue,HKLM\System\CurrentControlSet\Control\Session Manager\RaiseExceptionOnPossibleDeadlock,NAME NOT FOUND,Length: 80,4/14/2022 1:22:33 PM,Registry,C:\Windows\system32\schtasks.exe,BLUETEAM\ezk,"schtasks  /create /ru system /sc daily /tr ""cmd /c powershell.exe -ep bypass -file c:\T1036.004_NonExistingScript.ps1"" /tn win32times /f ",7252,4092,"schtasks.exe 2620 RegQueryValue HKLM\System\CurrentControlSet\Control\Session Manager\RaiseExceptionOnPossibleDeadlock NAME NOT FOUND Length: 80 4/14/2022 1:22:33 PM Registry C:\Windows\system32\schtasks.exe BLUETEAM\ezk schtasks  /create /ru system /sc daily /tr ""cmd /c powershell.exe -ep bypass -file c:\T1036.004_NonExistingScript.ps1"" /tn win32times /f  7252 4092",benign
schtasks.exe,2620,RegCloseKey,HKLM\System\CurrentControlSet\Control\Session Manager,SUCCESS,,4/14/2022 1:22:33 PM,Registry,C:\Windows\system32\schtasks.exe,BLUETEAM\ezk,"schtasks  /create /ru system /sc daily /tr ""cmd /c powershell.exe -ep bypass -file c:\T1036.004_NonExistingScript.ps1"" /tn win32times /f ",7252,4092,"schtasks.exe 2620 RegCloseKey HKLM\System\CurrentControlSet\Control\Session Manager SUCCESS None 4/14/2022 1:22:33 PM Registry C:\Windows\system32\schtasks.exe BLUETEAM\ezk schtasks  /create /ru system /sc daily /tr ""cmd /c powershell.exe -ep bypass -file c:\T1036.004_NonExistingScript.ps1"" /tn win32times /f  7252 4092",benign
schtasks.exe,2620,RegOpenKey,HKLM\SYSTEM\CurrentControlSet\Control\Session Manager\Segment Heap,REPARSE,Desired Access: Query Value,4/14/2022 1:22:33 PM,Registry,C:\Windows\system32\schtasks.exe,BLUETEAM\ezk,"schtasks  /create /ru system /sc daily /tr ""cmd /c powershell.exe -ep bypass -file c:\T1036.004_NonExistingScript.ps1"" /tn win32times /f ",7252,4092,"schtasks.exe 2620 RegOpenKey HKLM\SYSTEM\CurrentControlSet\Control\Session Manager\Segment Heap REPARSE Desired Access: Query Value 4/14/2022 1:22:33 PM Registry C:\Windows\system32\schtasks.exe BLUETEAM\ezk schtasks  /create /ru system /sc daily /tr ""cmd /c powershell.exe -ep bypass -file c:\T1036.004_NonExistingScript.ps1"" /tn win32times /f  7252 4092",benign
schtasks.exe,2620,RegOpenKey,HKLM\System\CurrentControlSet\Control\Session Manager\Segment Heap,NAME NOT FOUND,Desired Access: Query Value,4/14/2022 1:22:33 PM,Registry,C:\Windows\system32\schtasks.exe,BLUETEAM\ezk,"schtasks  /create /ru system /sc daily /tr ""cmd /c powershell.exe -ep bypass -file c:\T1036.004_NonExistingScript.ps1"" /tn win32times /f ",7252,4092,"schtasks.exe 2620 RegOpenKey HKLM\System\CurrentControlSet\Control\Session Manager\Segment Heap NAME NOT FOUND Desired Access: Query Value 4/14/2022 1:22:33 PM Registry C:\Windows\system32\schtasks.exe BLUETEAM\ezk schtasks  /create /ru system /sc daily /tr ""cmd /c powershell.exe -ep bypass -file c:\T1036.004_NonExistingScript.ps1"" /tn win32times /f  7252 4092",benign
schtasks.exe,2620,RegOpenKey,HKLM\SYSTEM\CurrentControlSet\Control\Session Manager,REPARSE,"Desired Access: Query Value, Enumerate Sub Keys",4/14/2022 1:22:33 PM,Registry,C:\Windows\system32\schtasks.exe,BLUETEAM\ezk,"schtasks  /create /ru system /sc daily /tr ""cmd /c powershell.exe -ep bypass -file c:\T1036.004_NonExistingScript.ps1"" /tn win32times /f ",7252,4092,"schtasks.exe 2620 RegOpenKey HKLM\SYSTEM\CurrentControlSet\Control\Session Manager REPARSE Desired Access: Query Value, Enumerate Sub Keys 4/14/2022 1:22:33 PM Registry C:\Windows\system32\schtasks.exe BLUETEAM\ezk schtasks  /create /ru system /sc daily /tr ""cmd /c powershell.exe -ep bypass -file c:\T1036.004_NonExistingScript.ps1"" /tn win32times /f  7252 4092",benign
schtasks.exe,2620,RegOpenKey,HKLM\System\CurrentControlSet\Control\Session Manager,SUCCESS,"Desired Access: Query Value, Enumerate Sub Keys",4/14/2022 1:22:33 PM,Registry,C:\Windows\system32\schtasks.exe,BLUETEAM\ezk,"schtasks  /create /ru system /sc daily /tr ""cmd /c powershell.exe -ep bypass -file c:\T1036.004_NonExistingScript.ps1"" /tn win32times /f ",7252,4092,"schtasks.exe 2620 RegOpenKey HKLM\System\CurrentControlSet\Control\Session Manager SUCCESS Desired Access: Query Value, Enumerate Sub Keys 4/14/2022 1:22:33 PM Registry C:\Windows\system32\schtasks.exe BLUETEAM\ezk schtasks  /create /ru system /sc daily /tr ""cmd /c powershell.exe -ep bypass -file c:\T1036.004_NonExistingScript.ps1"" /tn win32times /f  7252 4092",benign
schtasks.exe,2620,RegQueryValue,HKLM\System\CurrentControlSet\Control\Session Manager\ResourcePolicies,NAME NOT FOUND,Length: 24,4/14/2022 1:22:33 PM,Registry,C:\Windows\system32\schtasks.exe,BLUETEAM\ezk,"schtasks  /create /ru system /sc daily /tr ""cmd /c powershell.exe -ep bypass -file c:\T1036.004_NonExistingScript.ps1"" /tn win32times /f ",7252,4092,"schtasks.exe 2620 RegQueryValue HKLM\System\CurrentControlSet\Control\Session Manager\ResourcePolicies NAME NOT FOUND Length: 24 4/14/2022 1:22:33 PM Registry C:\Windows\system32\schtasks.exe BLUETEAM\ezk schtasks  /create /ru system /sc daily /tr ""cmd /c powershell.exe -ep bypass -file c:\T1036.004_NonExistingScript.ps1"" /tn win32times /f  7252 4092",benign
schtasks.exe,2620,RegCloseKey,HKLM\System\CurrentControlSet\Control\Session Manager,SUCCESS,,4/14/2022 1:22:33 PM,Registry,C:\Windows\system32\schtasks.exe,BLUETEAM\ezk,"schtasks  /create /ru system /sc daily /tr ""cmd /c powershell.exe -ep bypass -file c:\T1036.004_NonExistingScript.ps1"" /tn win32times /f ",7252,4092,"schtasks.exe 2620 RegCloseKey HKLM\System\CurrentControlSet\Control\Session Manager SUCCESS None 4/14/2022 1:22:33 PM Registry C:\Windows\system32\schtasks.exe BLUETEAM\ezk schtasks  /create /ru system /sc daily /tr ""cmd /c powershell.exe -ep bypass -file c:\T1036.004_NonExistingScript.ps1"" /tn win32times /f  7252 4092",benign
schtasks.exe,2620,CreateFile,C:\Windows\System32,SUCCESS,"Desired Access: Execute/Traverse, Synchronize, Disposition: Open, Options: Directory, Synchronous IO Non-Alert, Attributes: n/a, ShareMode: Read, Write, AllocationSize: n/a, OpenResult: Opened",4/14/2022 1:22:33 PM,File System,C:\Windows\system32\schtasks.exe,BLUETEAM\ezk,"schtasks  /create /ru system /sc daily /tr ""cmd /c powershell.exe -ep bypass -file c:\T1036.004_NonExistingScript.ps1"" /tn win32times /f ",7252,4092,"schtasks.exe 2620 CreateFile C:\Windows\System32 SUCCESS Desired Access: Execute/Traverse, Synchronize, Disposition: Open, Options: Directory, Synchronous IO Non-Alert, Attributes: n/a, ShareMode: Read, Write, AllocationSize: n/a, OpenResult: Opened 4/14/2022 1:22:33 PM File System C:\Windows\system32\schtasks.exe BLUETEAM\ezk schtasks  /create /ru system /sc daily /tr ""cmd /c powershell.exe -ep bypass -file c:\T1036.004_NonExistingScript.ps1"" /tn win32times /f  7252 4092",benign
schtasks.exe,2620,RegOpenKey,HKLM\System\CurrentControlSet\Control\SafeBoot\Option,REPARSE,"Desired Access: Query Value, Set Value",4/14/2022 1:22:33 PM,Registry,C:\Windows\system32\schtasks.exe,BLUETEAM\ezk,"schtasks  /create /ru system /sc daily /tr ""cmd /c powershell.exe -ep bypass -file c:\T1036.004_NonExistingScript.ps1"" /tn win32times /f ",7252,4092,"schtasks.exe 2620 RegOpenKey HKLM\System\CurrentControlSet\Control\SafeBoot\Option REPARSE Desired Access: Query Value, Set Value 4/14/2022 1:22:33 PM Registry C:\Windows\system32\schtasks.exe BLUETEAM\ezk schtasks  /create /ru system /sc daily /tr ""cmd /c powershell.exe -ep bypass -file c:\T1036.004_NonExistingScript.ps1"" /tn win32times /f  7252 4092",benign
schtasks.exe,2620,RegOpenKey,HKLM\System\CurrentControlSet\Control\SafeBoot\Option,NAME NOT FOUND,"Desired Access: Query Value, Set Value",4/14/2022 1:22:33 PM,Registry,C:\Windows\system32\schtasks.exe,BLUETEAM\ezk,"schtasks  /create /ru system /sc daily /tr ""cmd /c powershell.exe -ep bypass -file c:\T1036.004_NonExistingScript.ps1"" /tn win32times /f ",7252,4092,"schtasks.exe 2620 RegOpenKey HKLM\System\CurrentControlSet\Control\SafeBoot\Option NAME NOT FOUND Desired Access: Query Value, Set Value 4/14/2022 1:22:33 PM Registry C:\Windows\system32\schtasks.exe BLUETEAM\ezk schtasks  /create /ru system /sc daily /tr ""cmd /c powershell.exe -ep bypass -file c:\T1036.004_NonExistingScript.ps1"" /tn win32times /f  7252 4092",benign
schtasks.exe,2620,RegOpenKey,HKLM\System\CurrentControlSet\Control\Srp\GP\DLL,REPARSE,Desired Access: Read,4/14/2022 1:22:33 PM,Registry,C:\Windows\system32\schtasks.exe,BLUETEAM\ezk,"schtasks  /create /ru system /sc daily /tr ""cmd /c powershell.exe -ep bypass -file c:\T1036.004_NonExistingScript.ps1"" /tn win32times /f ",7252,4092,"schtasks.exe 2620 RegOpenKey HKLM\System\CurrentControlSet\Control\Srp\GP\DLL REPARSE Desired Access: Read 4/14/2022 1:22:33 PM Registry C:\Windows\system32\schtasks.exe BLUETEAM\ezk schtasks  /create /ru system /sc daily /tr ""cmd /c powershell.exe -ep bypass -file c:\T1036.004_NonExistingScript.ps1"" /tn win32times /f  7252 4092",benign
schtasks.exe,2620,RegOpenKey,HKLM\System\CurrentControlSet\Control\Srp\GP\DLL,NAME NOT FOUND,Desired Access: Read,4/14/2022 1:22:33 PM,Registry,C:\Windows\system32\schtasks.exe,BLUETEAM\ezk,"schtasks  /create /ru system /sc daily /tr ""cmd /c powershell.exe -ep bypass -file c:\T1036.004_NonExistingScript.ps1"" /tn win32times /f ",7252,4092,"schtasks.exe 2620 RegOpenKey HKLM\System\CurrentControlSet\Control\Srp\GP\DLL NAME NOT FOUND Desired Access: Read 4/14/2022 1:22:33 PM Registry C:\Windows\system32\schtasks.exe BLUETEAM\ezk schtasks  /create /ru system /sc daily /tr ""cmd /c powershell.exe -ep bypass -file c:\T1036.004_NonExistingScript.ps1"" /tn win32times /f  7252 4092",benign
schtasks.exe,2620,RegOpenKey,HKLM\Software\Policies\Microsoft\Windows\Safer\CodeIdentifiers,SUCCESS,Desired Access: Query Value,4/14/2022 1:22:33 PM,Registry,C:\Windows\system32\schtasks.exe,BLUETEAM\ezk,"schtasks  /create /ru system /sc daily /tr ""cmd /c powershell.exe -ep bypass -file c:\T1036.004_NonExistingScript.ps1"" /tn win32times /f ",7252,4092,"schtasks.exe 2620 RegOpenKey HKLM\Software\Policies\Microsoft\Windows\Safer\CodeIdentifiers SUCCESS Desired Access: Query Value 4/14/2022 1:22:33 PM Registry C:\Windows\system32\schtasks.exe BLUETEAM\ezk schtasks  /create /ru system /sc daily /tr ""cmd /c powershell.exe -ep bypass -file c:\T1036.004_NonExistingScript.ps1"" /tn win32times /f  7252 4092",benign
schtasks.exe,2620,RegQueryValue,HKLM\SOFTWARE\Policies\Microsoft\Windows\safer\codeidentifiers\TransparentEnabled,NAME NOT FOUND,Length: 80,4/14/2022 1:22:33 PM,Registry,C:\Windows\system32\schtasks.exe,BLUETEAM\ezk,"schtasks  /create /ru system /sc daily /tr ""cmd /c powershell.exe -ep bypass -file c:\T1036.004_NonExistingScript.ps1"" /tn win32times /f ",7252,4092,"schtasks.exe 2620 RegQueryValue HKLM\SOFTWARE\Policies\Microsoft\Windows\safer\codeidentifiers\TransparentEnabled NAME NOT FOUND Length: 80 4/14/2022 1:22:33 PM Registry C:\Windows\system32\schtasks.exe BLUETEAM\ezk schtasks  /create /ru system /sc daily /tr ""cmd /c powershell.exe -ep bypass -file c:\T1036.004_NonExistingScript.ps1"" /tn win32times /f  7252 4092",benign
schtasks.exe,2620,RegCloseKey,HKLM\SOFTWARE\Policies\Microsoft\Windows\safer\codeidentifiers,SUCCESS,,4/14/2022 1:22:33 PM,Registry,C:\Windows\system32\schtasks.exe,BLUETEAM\ezk,"schtasks  /create /ru system /sc daily /tr ""cmd /c powershell.exe -ep bypass -file c:\T1036.004_NonExistingScript.ps1"" /tn win32times /f ",7252,4092,"schtasks.exe 2620 RegCloseKey HKLM\SOFTWARE\Policies\Microsoft\Windows\safer\codeidentifiers SUCCESS None 4/14/2022 1:22:33 PM Registry C:\Windows\system32\schtasks.exe BLUETEAM\ezk schtasks  /create /ru system /sc daily /tr ""cmd /c powershell.exe -ep bypass -file c:\T1036.004_NonExistingScript.ps1"" /tn win32times /f  7252 4092",benign
schtasks.exe,2620,RegOpenKey,HKCU\Software\Policies\Microsoft\Windows\Safer\CodeIdentifiers,NAME NOT FOUND,Desired Access: Query Value,4/14/2022 1:22:33 PM,Registry,C:\Windows\system32\schtasks.exe,BLUETEAM\ezk,"schtasks  /create /ru system /sc daily /tr ""cmd /c powershell.exe -ep bypass -file c:\T1036.004_NonExistingScript.ps1"" /tn win32times /f ",7252,4092,"schtasks.exe 2620 RegOpenKey HKCU\Software\Policies\Microsoft\Windows\Safer\CodeIdentifiers NAME NOT FOUND Desired Access: Query Value 4/14/2022 1:22:33 PM Registry C:\Windows\system32\schtasks.exe BLUETEAM\ezk schtasks  /create /ru system /sc daily /tr ""cmd /c powershell.exe -ep bypass -file c:\T1036.004_NonExistingScript.ps1"" /tn win32times /f  7252 4092",benign
schtasks.exe,2620,RegOpenKey,HKLM\System\CurrentControlSet\Control\FileSystem\,REPARSE,Desired Access: Read,4/14/2022 1:22:33 PM,Registry,C:\Windows\system32\schtasks.exe,BLUETEAM\ezk,"schtasks  /create /ru system /sc daily /tr ""cmd /c powershell.exe -ep bypass -file c:\T1036.004_NonExistingScript.ps1"" /tn win32times /f ",7252,4092,"schtasks.exe 2620 RegOpenKey HKLM\System\CurrentControlSet\Control\FileSystem\ REPARSE Desired Access: Read 4/14/2022 1:22:33 PM Registry C:\Windows\system32\schtasks.exe BLUETEAM\ezk schtasks  /create /ru system /sc daily /tr ""cmd /c powershell.exe -ep bypass -file c:\T1036.004_NonExistingScript.ps1"" /tn win32times /f  7252 4092",benign
schtasks.exe,2620,RegOpenKey,HKLM\System\CurrentControlSet\Control\FileSystem,SUCCESS,Desired Access: Read,4/14/2022 1:22:33 PM,Registry,C:\Windows\system32\schtasks.exe,BLUETEAM\ezk,"schtasks  /create /ru system /sc daily /tr ""cmd /c powershell.exe -ep bypass -file c:\T1036.004_NonExistingScript.ps1"" /tn win32times /f ",7252,4092,"schtasks.exe 2620 RegOpenKey HKLM\System\CurrentControlSet\Control\FileSystem SUCCESS Desired Access: Read 4/14/2022 1:22:33 PM Registry C:\Windows\system32\schtasks.exe BLUETEAM\ezk schtasks  /create /ru system /sc daily /tr ""cmd /c powershell.exe -ep bypass -file c:\T1036.004_NonExistingScript.ps1"" /tn win32times /f  7252 4092",benign
cmd.exe,4092,RegCloseKey,HKCU\SOFTWARE\Microsoft\Windows NT\CurrentVersion,SUCCESS,,4/14/2022 1:22:33 PM,Registry,C:\Windows\system32\cmd.exe,BLUETEAM\ezk,"cmd.exe /C schtasks /create /ru system /sc daily /tr ""cmd /c powershell.exe -ep bypass -file c:\T1036.004_NonExistingScript.ps1"" /tn win32times /f && schtasks /query /tn win32times",2384,2524,"cmd.exe 4092 RegCloseKey HKCU\SOFTWARE\Microsoft\Windows NT\CurrentVersion SUCCESS None 4/14/2022 1:22:33 PM Registry C:\Windows\system32\cmd.exe BLUETEAM\ezk cmd.exe /C schtasks /create /ru system /sc daily /tr ""cmd /c powershell.exe -ep bypass -file c:\T1036.004_NonExistingScript.ps1"" /tn win32times /f && schtasks /query /tn win32times 2384 2524",benign
cmd.exe,4092,RegCloseKey,HKLM\SOFTWARE\Microsoft\Windows NT\CurrentVersion\Image File Execution Options,SUCCESS,,4/14/2022 1:22:33 PM,Registry,C:\Windows\system32\cmd.exe,BLUETEAM\ezk,"cmd.exe /C schtasks /create /ru system /sc daily /tr ""cmd /c powershell.exe -ep bypass -file c:\T1036.004_NonExistingScript.ps1"" /tn win32times /f && schtasks /query /tn win32times",2384,2524,"cmd.exe 4092 RegCloseKey HKLM\SOFTWARE\Microsoft\Windows NT\CurrentVersion\Image File Execution Options SUCCESS None 4/14/2022 1:22:33 PM Registry C:\Windows\system32\cmd.exe BLUETEAM\ezk cmd.exe /C schtasks /create /ru system /sc daily /tr ""cmd /c powershell.exe -ep bypass -file c:\T1036.004_NonExistingScript.ps1"" /tn win32times /f && schtasks /query /tn win32times 2384 2524",benign
cmd.exe,4092,RegCloseKey,HKLM\System\CurrentControlSet\Control\Nls\Sorting\Ids,SUCCESS,,4/14/2022 1:22:33 PM,Registry,C:\Windows\system32\cmd.exe,BLUETEAM\ezk,"cmd.exe /C schtasks /create /ru system /sc daily /tr ""cmd /c powershell.exe -ep bypass -file c:\T1036.004_NonExistingScript.ps1"" /tn win32times /f && schtasks /query /tn win32times",2384,2524,"cmd.exe 4092 RegCloseKey HKLM\System\CurrentControlSet\Control\Nls\Sorting\Ids SUCCESS None 4/14/2022 1:22:33 PM Registry C:\Windows\system32\cmd.exe BLUETEAM\ezk cmd.exe /C schtasks /create /ru system /sc daily /tr ""cmd /c powershell.exe -ep bypass -file c:\T1036.004_NonExistingScript.ps1"" /tn win32times /f && schtasks /query /tn win32times 2384 2524",benign
cmd.exe,4092,RegCloseKey,HKCU,SUCCESS,,4/14/2022 1:22:33 PM,Registry,C:\Windows\system32\cmd.exe,BLUETEAM\ezk,"cmd.exe /C schtasks /create /ru system /sc daily /tr ""cmd /c powershell.exe -ep bypass -file c:\T1036.004_NonExistingScript.ps1"" /tn win32times /f && schtasks /query /tn win32times",2384,2524,"cmd.exe 4092 RegCloseKey HKCU SUCCESS None 4/14/2022 1:22:33 PM Registry C:\Windows\system32\cmd.exe BLUETEAM\ezk cmd.exe /C schtasks /create /ru system /sc daily /tr ""cmd /c powershell.exe -ep bypass -file c:\T1036.004_NonExistingScript.ps1"" /tn win32times /f && schtasks /query /tn win32times 2384 2524",benign
cmd.exe,4092,QueryAllInformationFile,C:\Windows\System32\schtasks.exe,SUCCESS,"CreationTime: 9/22/2021 5:22:17 PM, LastAccessTime: 4/14/2022 1:22:33 PM, LastWriteTime: 9/22/2021 5:22:17 PM, ChangeTime: 10/15/2021 2:25:23 PM, FileAttributes: A, AllocationSize: 237,568, EndOfFile: 235,008, NumberOfLinks: 2, DeletePending: False, Directory: False, IndexNumber: 0x100000003710f, EaSize: 256, Access: Read Data/List Directory, Read Attributes, Synchronize, Position: 0, Mode: Sequential Access, Synchronous IO Alert, AlignmentRequirement: Long",4/14/2022 1:22:33 PM,File System,C:\Windows\system32\cmd.exe,BLUETEAM\ezk,"cmd.exe /C schtasks /create /ru system /sc daily /tr ""cmd /c powershell.exe -ep bypass -file c:\T1036.004_NonExistingScript.ps1"" /tn win32times /f && schtasks /query /tn win32times",2384,2524,"cmd.exe 4092 QueryAllInformationFile C:\Windows\System32\schtasks.exe SUCCESS CreationTime: 9/22/2021 5:22:17 PM, LastAccessTime: 4/14/2022 1:22:33 PM, LastWriteTime: 9/22/2021 5:22:17 PM, ChangeTime: 10/15/2021 2:25:23 PM, FileAttributes: A, AllocationSize: 237,568, EndOfFile: 235,008, NumberOfLinks: 2, DeletePending: False, Directory: False, IndexNumber: 0x100000003710f, EaSize: 256, Access: Read Data/List Directory, Read Attributes, Synchronize, Position: 0, Mode: Sequential Access, Synchronous IO Alert, AlignmentRequirement: Long 4/14/2022 1:22:33 PM File System C:\Windows\system32\cmd.exe BLUETEAM\ezk cmd.exe /C schtasks /create /ru system /sc daily /tr ""cmd /c powershell.exe -ep bypass -file c:\T1036.004_NonExistingScript.ps1"" /tn win32times /f && schtasks /query /tn win32times 2384 2524",benign
cmd.exe,4092,CloseFile,C:\Windows\System32\schtasks.exe,SUCCESS,,4/14/2022 1:22:33 PM,File System,C:\Windows\system32\cmd.exe,BLUETEAM\ezk,"cmd.exe /C schtasks /create /ru system /sc daily /tr ""cmd /c powershell.exe -ep bypass -file c:\T1036.004_NonExistingScript.ps1"" /tn win32times /f && schtasks /query /tn win32times",2384,2524,"cmd.exe 4092 CloseFile C:\Windows\System32\schtasks.exe SUCCESS None 4/14/2022 1:22:33 PM File System C:\Windows\system32\cmd.exe BLUETEAM\ezk cmd.exe /C schtasks /create /ru system /sc daily /tr ""cmd /c powershell.exe -ep bypass -file c:\T1036.004_NonExistingScript.ps1"" /tn win32times /f && schtasks /query /tn win32times 2384 2524",benign
cmd.exe,4092,Process Create,C:\Windows\system32\schtasks.exe,SUCCESS,"PID: 4724, Command line: schtasks  /query /tn win32times",4/14/2022 1:22:33 PM,Process,C:\Windows\system32\cmd.exe,BLUETEAM\ezk,"cmd.exe /C schtasks /create /ru system /sc daily /tr ""cmd /c powershell.exe -ep bypass -file c:\T1036.004_NonExistingScript.ps1"" /tn win32times /f && schtasks /query /tn win32times",2384,2524,"cmd.exe 4092 Process Create C:\Windows\system32\schtasks.exe SUCCESS PID: 4724, Command line: schtasks  /query /tn win32times 4/14/2022 1:22:33 PM Process C:\Windows\system32\cmd.exe BLUETEAM\ezk cmd.exe /C schtasks /create /ru system /sc daily /tr ""cmd /c powershell.exe -ep bypass -file c:\T1036.004_NonExistingScript.ps1"" /tn win32times /f && schtasks /query /tn win32times 2384 2524",malicious
cmd.exe,4092,RegOpenKey,HKCU\Software\Microsoft\Windows\CurrentVersion\Explorer\Shell Folders,SUCCESS,Desired Access: Query Value,4/14/2022 1:22:33 PM,Registry,C:\Windows\system32\cmd.exe,BLUETEAM\ezk,"cmd.exe /C schtasks /create /ru system /sc daily /tr ""cmd /c powershell.exe -ep bypass -file c:\T1036.004_NonExistingScript.ps1"" /tn win32times /f && schtasks /query /tn win32times",2384,2524,"cmd.exe 4092 RegOpenKey HKCU\Software\Microsoft\Windows\CurrentVersion\Explorer\Shell Folders SUCCESS Desired Access: Query Value 4/14/2022 1:22:33 PM Registry C:\Windows\system32\cmd.exe BLUETEAM\ezk cmd.exe /C schtasks /create /ru system /sc daily /tr ""cmd /c powershell.exe -ep bypass -file c:\T1036.004_NonExistingScript.ps1"" /tn win32times /f && schtasks /query /tn win32times 2384 2524",benign
cmd.exe,4092,RegQueryValue,HKCU\SOFTWARE\Microsoft\Windows\CurrentVersion\Explorer\Shell Folders\Cache,SUCCESS,"Type: REG_SZ, Length: 110, Data: C:\Users\ezk\AppData\Local\Microsoft\Windows\INetCache",4/14/2022 1:22:33 PM,Registry,C:\Windows\system32\cmd.exe,BLUETEAM\ezk,"cmd.exe /C schtasks /create /ru system /sc daily /tr ""cmd /c powershell.exe -ep bypass -file c:\T1036.004_NonExistingScript.ps1"" /tn win32times /f && schtasks /query /tn win32times",2384,2524,"cmd.exe 4092 RegQueryValue HKCU\SOFTWARE\Microsoft\Windows\CurrentVersion\Explorer\Shell Folders\Cache SUCCESS Type: REG_SZ, Length: 110, Data: C:\Users\ezk\AppData\Local\Microsoft\Windows\INetCache 4/14/2022 1:22:33 PM Registry C:\Windows\system32\cmd.exe BLUETEAM\ezk cmd.exe /C schtasks /create /ru system /sc daily /tr ""cmd /c powershell.exe -ep bypass -file c:\T1036.004_NonExistingScript.ps1"" /tn win32times /f && schtasks /query /tn win32times 2384 2524",benign
cmd.exe,4092,RegCloseKey,HKCU\SOFTWARE\Microsoft\Windows\CurrentVersion\Explorer\Shell Folders,SUCCESS,,4/14/2022 1:22:33 PM,Registry,C:\Windows\system32\cmd.exe,BLUETEAM\ezk,"cmd.exe /C schtasks /create /ru system /sc daily /tr ""cmd /c powershell.exe -ep bypass -file c:\T1036.004_NonExistingScript.ps1"" /tn win32times /f && schtasks /query /tn win32times",2384,2524,"cmd.exe 4092 RegCloseKey HKCU\SOFTWARE\Microsoft\Windows\CurrentVersion\Explorer\Shell Folders SUCCESS None 4/14/2022 1:22:33 PM Registry C:\Windows\system32\cmd.exe BLUETEAM\ezk cmd.exe /C schtasks /create /ru system /sc daily /tr ""cmd /c powershell.exe -ep bypass -file c:\T1036.004_NonExistingScript.ps1"" /tn win32times /f && schtasks /query /tn win32times 2384 2524",benign
cmd.exe,4092,RegOpenKey,HKCU\SOFTWARE\Microsoft\Windows NT\CurrentVersion\AppCompatFlags\Layers,NAME NOT FOUND,Desired Access: Query Value,4/14/2022 1:22:33 PM,Registry,C:\Windows\system32\cmd.exe,BLUETEAM\ezk,"cmd.exe /C schtasks /create /ru system /sc daily /tr ""cmd /c powershell.exe -ep bypass -file c:\T1036.004_NonExistingScript.ps1"" /tn win32times /f && schtasks /query /tn win32times",2384,2524,"cmd.exe 4092 RegOpenKey HKCU\SOFTWARE\Microsoft\Windows NT\CurrentVersion\AppCompatFlags\Layers NAME NOT FOUND Desired Access: Query Value 4/14/2022 1:22:33 PM Registry C:\Windows\system32\cmd.exe BLUETEAM\ezk cmd.exe /C schtasks /create /ru system /sc daily /tr ""cmd /c powershell.exe -ep bypass -file c:\T1036.004_NonExistingScript.ps1"" /tn win32times /f && schtasks /query /tn win32times 2384 2524",benign
cmd.exe,4092,CreateFile,C:\Windows\apppatch\sysmain.sdb,SUCCESS,"Desired Access: Generic Read, Disposition: Open, Options: Synchronous IO Non-Alert, Non-Directory File, Attributes: N, ShareMode: Read, AllocationSize: n/a, OpenResult: Opened",4/14/2022 1:22:33 PM,File System,C:\Windows\system32\cmd.exe,BLUETEAM\ezk,"cmd.exe /C schtasks /create /ru system /sc daily /tr ""cmd /c powershell.exe -ep bypass -file c:\T1036.004_NonExistingScript.ps1"" /tn win32times /f && schtasks /query /tn win32times",2384,2524,"cmd.exe 4092 CreateFile C:\Windows\apppatch\sysmain.sdb SUCCESS Desired Access: Generic Read, Disposition: Open, Options: Synchronous IO Non-Alert, Non-Directory File, Attributes: N, ShareMode: Read, AllocationSize: n/a, OpenResult: Opened 4/14/2022 1:22:33 PM File System C:\Windows\system32\cmd.exe BLUETEAM\ezk cmd.exe /C schtasks /create /ru system /sc daily /tr ""cmd /c powershell.exe -ep bypass -file c:\T1036.004_NonExistingScript.ps1"" /tn win32times /f && schtasks /query /tn win32times 2384 2524",benign
cmd.exe,4092,QueryBasicInformationFile,C:\Windows\apppatch\sysmain.sdb,SUCCESS,"CreationTime: 9/22/2021 5:21:28 PM, LastAccessTime: 4/14/2022 1:21:13 PM, LastWriteTime: 9/22/2021 5:21:28 PM, ChangeTime: 10/15/2021 2:23:18 PM, FileAttributes: A",4/14/2022 1:22:33 PM,File System,C:\Windows\system32\cmd.exe,BLUETEAM\ezk,"cmd.exe /C schtasks /create /ru system /sc daily /tr ""cmd /c powershell.exe -ep bypass -file c:\T1036.004_NonExistingScript.ps1"" /tn win32times /f && schtasks /query /tn win32times",2384,2524,"cmd.exe 4092 QueryBasicInformationFile C:\Windows\apppatch\sysmain.sdb SUCCESS CreationTime: 9/22/2021 5:21:28 PM, LastAccessTime: 4/14/2022 1:21:13 PM, LastWriteTime: 9/22/2021 5:21:28 PM, ChangeTime: 10/15/2021 2:23:18 PM, FileAttributes: A 4/14/2022 1:22:33 PM File System C:\Windows\system32\cmd.exe BLUETEAM\ezk cmd.exe /C schtasks /create /ru system /sc daily /tr ""cmd /c powershell.exe -ep bypass -file c:\T1036.004_NonExistingScript.ps1"" /tn win32times /f && schtasks /query /tn win32times 2384 2524",benign
cmd.exe,4092,CloseFile,C:\Windows\apppatch\sysmain.sdb,SUCCESS,,4/14/2022 1:22:33 PM,File System,C:\Windows\system32\cmd.exe,BLUETEAM\ezk,"cmd.exe /C schtasks /create /ru system /sc daily /tr ""cmd /c powershell.exe -ep bypass -file c:\T1036.004_NonExistingScript.ps1"" /tn win32times /f && schtasks /query /tn win32times",2384,2524,"cmd.exe 4092 CloseFile C:\Windows\apppatch\sysmain.sdb SUCCESS None 4/14/2022 1:22:33 PM File System C:\Windows\system32\cmd.exe BLUETEAM\ezk cmd.exe /C schtasks /create /ru system /sc daily /tr ""cmd /c powershell.exe -ep bypass -file c:\T1036.004_NonExistingScript.ps1"" /tn win32times /f && schtasks /query /tn win32times 2384 2524",benign
cmd.exe,4092,QueryBasicInformationFile,C:\Windows\System32\schtasks.exe,SUCCESS,"CreationTime: 9/22/2021 5:22:17 PM, LastAccessTime: 4/14/2022 1:22:33 PM, LastWriteTime: 9/22/2021 5:22:17 PM, ChangeTime: 10/15/2021 2:25:23 PM, FileAttributes: A",4/14/2022 1:22:33 PM,File System,C:\Windows\system32\cmd.exe,BLUETEAM\ezk,"cmd.exe /C schtasks /create /ru system /sc daily /tr ""cmd /c powershell.exe -ep bypass -file c:\T1036.004_NonExistingScript.ps1"" /tn win32times /f && schtasks /query /tn win32times",2384,2524,"cmd.exe 4092 QueryBasicInformationFile C:\Windows\System32\schtasks.exe SUCCESS CreationTime: 9/22/2021 5:22:17 PM, LastAccessTime: 4/14/2022 1:22:33 PM, LastWriteTime: 9/22/2021 5:22:17 PM, ChangeTime: 10/15/2021 2:25:23 PM, FileAttributes: A 4/14/2022 1:22:33 PM File System C:\Windows\system32\cmd.exe BLUETEAM\ezk cmd.exe /C schtasks /create /ru system /sc daily /tr ""cmd /c powershell.exe -ep bypass -file c:\T1036.004_NonExistingScript.ps1"" /tn win32times /f && schtasks /query /tn win32times 2384 2524",benign
schtasks.exe,2620,RegQueryValue,HKLM\System\CurrentControlSet\Control\FileSystem\LongPathsEnabled,SUCCESS,"Type: REG_DWORD, Length: 4, Data: 0",4/14/2022 1:22:33 PM,Registry,C:\Windows\system32\schtasks.exe,BLUETEAM\ezk,"schtasks  /create /ru system /sc daily /tr ""cmd /c powershell.exe -ep bypass -file c:\T1036.004_NonExistingScript.ps1"" /tn win32times /f ",7252,4092,"schtasks.exe 2620 RegQueryValue HKLM\System\CurrentControlSet\Control\FileSystem\LongPathsEnabled SUCCESS Type: REG_DWORD, Length: 4, Data: 0 4/14/2022 1:22:33 PM Registry C:\Windows\system32\schtasks.exe BLUETEAM\ezk schtasks  /create /ru system /sc daily /tr ""cmd /c powershell.exe -ep bypass -file c:\T1036.004_NonExistingScript.ps1"" /tn win32times /f  7252 4092",benign
cmd.exe,4092,RegOpenKey,HKLM\Software\Microsoft\Windows\CurrentVersion\SideBySide,SUCCESS,Desired Access: Read,4/14/2022 1:22:33 PM,Registry,C:\Windows\system32\cmd.exe,BLUETEAM\ezk,"cmd.exe /C schtasks /create /ru system /sc daily /tr ""cmd /c powershell.exe -ep bypass -file c:\T1036.004_NonExistingScript.ps1"" /tn win32times /f && schtasks /query /tn win32times",2384,2524,"cmd.exe 4092 RegOpenKey HKLM\Software\Microsoft\Windows\CurrentVersion\SideBySide SUCCESS Desired Access: Read 4/14/2022 1:22:33 PM Registry C:\Windows\system32\cmd.exe BLUETEAM\ezk cmd.exe /C schtasks /create /ru system /sc daily /tr ""cmd /c powershell.exe -ep bypass -file c:\T1036.004_NonExistingScript.ps1"" /tn win32times /f && schtasks /query /tn win32times 2384 2524",benign
cmd.exe,4092,RegCloseKey,HKLM\SOFTWARE\Microsoft\Windows\CurrentVersion\SideBySide,SUCCESS,,4/14/2022 1:22:33 PM,Registry,C:\Windows\system32\cmd.exe,BLUETEAM\ezk,"cmd.exe /C schtasks /create /ru system /sc daily /tr ""cmd /c powershell.exe -ep bypass -file c:\T1036.004_NonExistingScript.ps1"" /tn win32times /f && schtasks /query /tn win32times",2384,2524,"cmd.exe 4092 RegCloseKey HKLM\SOFTWARE\Microsoft\Windows\CurrentVersion\SideBySide SUCCESS None 4/14/2022 1:22:33 PM Registry C:\Windows\system32\cmd.exe BLUETEAM\ezk cmd.exe /C schtasks /create /ru system /sc daily /tr ""cmd /c powershell.exe -ep bypass -file c:\T1036.004_NonExistingScript.ps1"" /tn win32times /f && schtasks /query /tn win32times 2384 2524",benign
cmd.exe,4092,CloseFile,C:\Windows\System32\schtasks.exe,SUCCESS,,4/14/2022 1:22:33 PM,File System,C:\Windows\system32\cmd.exe,BLUETEAM\ezk,"cmd.exe /C schtasks /create /ru system /sc daily /tr ""cmd /c powershell.exe -ep bypass -file c:\T1036.004_NonExistingScript.ps1"" /tn win32times /f && schtasks /query /tn win32times",2384,2524,"cmd.exe 4092 CloseFile C:\Windows\System32\schtasks.exe SUCCESS None 4/14/2022 1:22:33 PM File System C:\Windows\system32\cmd.exe BLUETEAM\ezk cmd.exe /C schtasks /create /ru system /sc daily /tr ""cmd /c powershell.exe -ep bypass -file c:\T1036.004_NonExistingScript.ps1"" /tn win32times /f && schtasks /query /tn win32times 2384 2524",benign
cmd.exe,4092,RegCloseKey,HKLM\SOFTWARE\Microsoft\Ole,SUCCESS,,4/14/2022 1:22:33 PM,Registry,C:\Windows\system32\cmd.exe,BLUETEAM\ezk,"cmd.exe /C schtasks /create /ru system /sc daily /tr ""cmd /c powershell.exe -ep bypass -file c:\T1036.004_NonExistingScript.ps1"" /tn win32times /f && schtasks /query /tn win32times",2384,2524,"cmd.exe 4092 RegCloseKey HKLM\SOFTWARE\Microsoft\Ole SUCCESS None 4/14/2022 1:22:33 PM Registry C:\Windows\system32\cmd.exe BLUETEAM\ezk cmd.exe /C schtasks /create /ru system /sc daily /tr ""cmd /c powershell.exe -ep bypass -file c:\T1036.004_NonExistingScript.ps1"" /tn win32times /f && schtasks /query /tn win32times 2384 2524",benign
cmd.exe,4092,RegCloseKey,HKLM,SUCCESS,,4/14/2022 1:22:33 PM,Registry,C:\Windows\system32\cmd.exe,BLUETEAM\ezk,"cmd.exe /C schtasks /create /ru system /sc daily /tr ""cmd /c powershell.exe -ep bypass -file c:\T1036.004_NonExistingScript.ps1"" /tn win32times /f && schtasks /query /tn win32times",2384,2524,"cmd.exe 4092 RegCloseKey HKLM SUCCESS None 4/14/2022 1:22:33 PM Registry C:\Windows\system32\cmd.exe BLUETEAM\ezk cmd.exe /C schtasks /create /ru system /sc daily /tr ""cmd /c powershell.exe -ep bypass -file c:\T1036.004_NonExistingScript.ps1"" /tn win32times /f && schtasks /query /tn win32times 2384 2524",benign
cmd.exe,4092,RegOpenKey,HKLM\System\CurrentControlSet\Services\bam\State\UserSettings\S-1-5-21-4065680934-2604657585-3199708412-1106,SUCCESS,Desired Access: All Access,4/14/2022 1:22:33 PM,Registry,C:\Windows\system32\cmd.exe,BLUETEAM\ezk,"cmd.exe /C schtasks /create /ru system /sc daily /tr ""cmd /c powershell.exe -ep bypass -file c:\T1036.004_NonExistingScript.ps1"" /tn win32times /f && schtasks /query /tn win32times",2384,2524,"cmd.exe 4092 RegOpenKey HKLM\System\CurrentControlSet\Services\bam\State\UserSettings\S-1-5-21-4065680934-2604657585-3199708412-1106 SUCCESS Desired Access: All Access 4/14/2022 1:22:33 PM Registry C:\Windows\system32\cmd.exe BLUETEAM\ezk cmd.exe /C schtasks /create /ru system /sc daily /tr ""cmd /c powershell.exe -ep bypass -file c:\T1036.004_NonExistingScript.ps1"" /tn win32times /f && schtasks /query /tn win32times 2384 2524",benign
cmd.exe,4092,RegQueryValue,HKLM\System\CurrentControlSet\Services\bam\State\UserSettings\S-1-5-21-4065680934-2604657585-3199708412-1106\\Device\HarddiskVolume3\Windows\System32\cmd.exe,SUCCESS,"Type: REG_BINARY, Length: 24, Data: CD 92 DD A4 BF 4F D8 01 00 00 00 00 00 00 00 00",4/14/2022 1:22:33 PM,Registry,C:\Windows\system32\cmd.exe,BLUETEAM\ezk,"cmd.exe /C schtasks /create /ru system /sc daily /tr ""cmd /c powershell.exe -ep bypass -file c:\T1036.004_NonExistingScript.ps1"" /tn win32times /f && schtasks /query /tn win32times",2384,2524,"cmd.exe 4092 RegQueryValue HKLM\System\CurrentControlSet\Services\bam\State\UserSettings\S-1-5-21-4065680934-2604657585-3199708412-1106\\Device\HarddiskVolume3\Windows\System32\cmd.exe SUCCESS Type: REG_BINARY, Length: 24, Data: CD 92 DD A4 BF 4F D8 01 00 00 00 00 00 00 00 00 4/14/2022 1:22:33 PM Registry C:\Windows\system32\cmd.exe BLUETEAM\ezk cmd.exe /C schtasks /create /ru system /sc daily /tr ""cmd /c powershell.exe -ep bypass -file c:\T1036.004_NonExistingScript.ps1"" /tn win32times /f && schtasks /query /tn win32times 2384 2524",benign
cmd.exe,4092,RegSetValue,HKLM\System\CurrentControlSet\Services\bam\State\UserSettings\S-1-5-21-4065680934-2604657585-3199708412-1106\\Device\HarddiskVolume3\Windows\System32\cmd.exe,SUCCESS,"Type: REG_BINARY, Length: 24, Data: A0 DF 00 A5 BF 4F D8 01 00 00 00 00 00 00 00 00",4/14/2022 1:22:33 PM,Registry,C:\Windows\system32\cmd.exe,BLUETEAM\ezk,"cmd.exe /C schtasks /create /ru system /sc daily /tr ""cmd /c powershell.exe -ep bypass -file c:\T1036.004_NonExistingScript.ps1"" /tn win32times /f && schtasks /query /tn win32times",2384,2524,"cmd.exe 4092 RegSetValue HKLM\System\CurrentControlSet\Services\bam\State\UserSettings\S-1-5-21-4065680934-2604657585-3199708412-1106\\Device\HarddiskVolume3\Windows\System32\cmd.exe SUCCESS Type: REG_BINARY, Length: 24, Data: A0 DF 00 A5 BF 4F D8 01 00 00 00 00 00 00 00 00 4/14/2022 1:22:33 PM Registry C:\Windows\system32\cmd.exe BLUETEAM\ezk cmd.exe /C schtasks /create /ru system /sc daily /tr ""cmd /c powershell.exe -ep bypass -file c:\T1036.004_NonExistingScript.ps1"" /tn win32times /f && schtasks /query /tn win32times 2384 2524",benign
cmd.exe,4092,RegCloseKey,HKLM\System\CurrentControlSet\Services\bam\State\UserSettings\S-1-5-21-4065680934-2604657585-3199708412-1106,SUCCESS,,4/14/2022 1:22:33 PM,Registry,C:\Windows\system32\cmd.exe,BLUETEAM\ezk,"cmd.exe /C schtasks /create /ru system /sc daily /tr ""cmd /c powershell.exe -ep bypass -file c:\T1036.004_NonExistingScript.ps1"" /tn win32times /f && schtasks /query /tn win32times",2384,2524,"cmd.exe 4092 RegCloseKey HKLM\System\CurrentControlSet\Services\bam\State\UserSettings\S-1-5-21-4065680934-2604657585-3199708412-1106 SUCCESS None 4/14/2022 1:22:33 PM Registry C:\Windows\system32\cmd.exe BLUETEAM\ezk cmd.exe /C schtasks /create /ru system /sc daily /tr ""cmd /c powershell.exe -ep bypass -file c:\T1036.004_NonExistingScript.ps1"" /tn win32times /f && schtasks /query /tn win32times 2384 2524",benign
cmd.exe,4092,CloseFile,C:\Windows\System32,SUCCESS,,4/14/2022 1:22:33 PM,File System,C:\Windows\system32\cmd.exe,BLUETEAM\ezk,"cmd.exe /C schtasks /create /ru system /sc daily /tr ""cmd /c powershell.exe -ep bypass -file c:\T1036.004_NonExistingScript.ps1"" /tn win32times /f && schtasks /query /tn win32times",2384,2524,"cmd.exe 4092 CloseFile C:\Windows\System32 SUCCESS None 4/14/2022 1:22:33 PM File System C:\Windows\system32\cmd.exe BLUETEAM\ezk cmd.exe /C schtasks /create /ru system /sc daily /tr ""cmd /c powershell.exe -ep bypass -file c:\T1036.004_NonExistingScript.ps1"" /tn win32times /f && schtasks /query /tn win32times 2384 2524",benign
cmd.exe,4092,RegCloseKey,HKLM\System\CurrentControlSet\Control\Nls\Sorting\Versions,SUCCESS,,4/14/2022 1:22:33 PM,Registry,C:\Windows\system32\cmd.exe,BLUETEAM\ezk,"cmd.exe /C schtasks /create /ru system /sc daily /tr ""cmd /c powershell.exe -ep bypass -file c:\T1036.004_NonExistingScript.ps1"" /tn win32times /f && schtasks /query /tn win32times",2384,2524,"cmd.exe 4092 RegCloseKey HKLM\System\CurrentControlSet\Control\Nls\Sorting\Versions SUCCESS None 4/14/2022 1:22:33 PM Registry C:\Windows\system32\cmd.exe BLUETEAM\ezk cmd.exe /C schtasks /create /ru system /sc daily /tr ""cmd /c powershell.exe -ep bypass -file c:\T1036.004_NonExistingScript.ps1"" /tn win32times /f && schtasks /query /tn win32times 2384 2524",benign
cmd.exe,4092,RegCloseKey,HKLM,SUCCESS,,4/14/2022 1:22:33 PM,Registry,C:\Windows\system32\cmd.exe,BLUETEAM\ezk,"cmd.exe /C schtasks /create /ru system /sc daily /tr ""cmd /c powershell.exe -ep bypass -file c:\T1036.004_NonExistingScript.ps1"" /tn win32times /f && schtasks /query /tn win32times",2384,2524,"cmd.exe 4092 RegCloseKey HKLM SUCCESS None 4/14/2022 1:22:33 PM Registry C:\Windows\system32\cmd.exe BLUETEAM\ezk cmd.exe /C schtasks /create /ru system /sc daily /tr ""cmd /c powershell.exe -ep bypass -file c:\T1036.004_NonExistingScript.ps1"" /tn win32times /f && schtasks /query /tn win32times 2384 2524",benign
cmd.exe,4092,RegQueryValue,HKLM\SOFTWARE\Microsoft\Windows\CurrentVersion\SideBySide\PreferExternalManifest,NAME NOT FOUND,Length: 20,4/14/2022 1:22:33 PM,Registry,C:\Windows\system32\cmd.exe,BLUETEAM\ezk,"cmd.exe /C schtasks /create /ru system /sc daily /tr ""cmd /c powershell.exe -ep bypass -file c:\T1036.004_NonExistingScript.ps1"" /tn win32times /f && schtasks /query /tn win32times",2384,2524,"cmd.exe 4092 RegQueryValue HKLM\SOFTWARE\Microsoft\Windows\CurrentVersion\SideBySide\PreferExternalManifest NAME NOT FOUND Length: 20 4/14/2022 1:22:33 PM Registry C:\Windows\system32\cmd.exe BLUETEAM\ezk cmd.exe /C schtasks /create /ru system /sc daily /tr ""cmd /c powershell.exe -ep bypass -file c:\T1036.004_NonExistingScript.ps1"" /tn win32times /f && schtasks /query /tn win32times 2384 2524",benign
schtasks.exe,2620,RegOpenKey,HKCU\Control Panel\Desktop,SUCCESS,Desired Access: Read,4/14/2022 1:22:33 PM,Registry,C:\Windows\system32\schtasks.exe,BLUETEAM\ezk,"schtasks  /create /ru system /sc daily /tr ""cmd /c powershell.exe -ep bypass -file c:\T1036.004_NonExistingScript.ps1"" /tn win32times /f ",7252,4092,"schtasks.exe 2620 RegOpenKey HKCU\Control Panel\Desktop SUCCESS Desired Access: Read 4/14/2022 1:22:33 PM Registry C:\Windows\system32\schtasks.exe BLUETEAM\ezk schtasks  /create /ru system /sc daily /tr ""cmd /c powershell.exe -ep bypass -file c:\T1036.004_NonExistingScript.ps1"" /tn win32times /f  7252 4092",benign
schtasks.exe,2620,RegCloseKey,HKLM\System\CurrentControlSet\Control\FileSystem,SUCCESS,,4/14/2022 1:22:33 PM,Registry,C:\Windows\system32\schtasks.exe,BLUETEAM\ezk,"schtasks  /create /ru system /sc daily /tr ""cmd /c powershell.exe -ep bypass -file c:\T1036.004_NonExistingScript.ps1"" /tn win32times /f ",7252,4092,"schtasks.exe 2620 RegCloseKey HKLM\System\CurrentControlSet\Control\FileSystem SUCCESS None 4/14/2022 1:22:33 PM Registry C:\Windows\system32\schtasks.exe BLUETEAM\ezk schtasks  /create /ru system /sc daily /tr ""cmd /c powershell.exe -ep bypass -file c:\T1036.004_NonExistingScript.ps1"" /tn win32times /f  7252 4092",benign
schtasks.exe,2620,RegOpenKey,HKLM\System\CurrentControlSet\Control\Nls\Sorting\Versions,SUCCESS,Desired Access: Read,4/14/2022 1:22:33 PM,Registry,C:\Windows\system32\schtasks.exe,BLUETEAM\ezk,"schtasks  /create /ru system /sc daily /tr ""cmd /c powershell.exe -ep bypass -file c:\T1036.004_NonExistingScript.ps1"" /tn win32times /f ",7252,4092,"schtasks.exe 2620 RegOpenKey HKLM\System\CurrentControlSet\Control\Nls\Sorting\Versions SUCCESS Desired Access: Read 4/14/2022 1:22:33 PM Registry C:\Windows\system32\schtasks.exe BLUETEAM\ezk schtasks  /create /ru system /sc daily /tr ""cmd /c powershell.exe -ep bypass -file c:\T1036.004_NonExistingScript.ps1"" /tn win32times /f  7252 4092",benign
schtasks.exe,2620,RegQueryKey,HKLM,SUCCESS,"Query: HandleTags, HandleTags: 0x100",4/14/2022 1:22:33 PM,Registry,C:\Windows\system32\schtasks.exe,BLUETEAM\ezk,"schtasks  /create /ru system /sc daily /tr ""cmd /c powershell.exe -ep bypass -file c:\T1036.004_NonExistingScript.ps1"" /tn win32times /f ",7252,4092,"schtasks.exe 2620 RegQueryKey HKLM SUCCESS Query: HandleTags, HandleTags: 0x100 4/14/2022 1:22:33 PM Registry C:\Windows\system32\schtasks.exe BLUETEAM\ezk schtasks  /create /ru system /sc daily /tr ""cmd /c powershell.exe -ep bypass -file c:\T1036.004_NonExistingScript.ps1"" /tn win32times /f  7252 4092",benign
schtasks.exe,2620,RegOpenKey,HKLM\Software\Microsoft\Ole\FeatureDevelopmentProperties,NAME NOT FOUND,Desired Access: Read,4/14/2022 1:22:33 PM,Registry,C:\Windows\system32\schtasks.exe,BLUETEAM\ezk,"schtasks  /create /ru system /sc daily /tr ""cmd /c powershell.exe -ep bypass -file c:\T1036.004_NonExistingScript.ps1"" /tn win32times /f ",7252,4092,"schtasks.exe 2620 RegOpenKey HKLM\Software\Microsoft\Ole\FeatureDevelopmentProperties NAME NOT FOUND Desired Access: Read 4/14/2022 1:22:33 PM Registry C:\Windows\system32\schtasks.exe BLUETEAM\ezk schtasks  /create /ru system /sc daily /tr ""cmd /c powershell.exe -ep bypass -file c:\T1036.004_NonExistingScript.ps1"" /tn win32times /f  7252 4092",benign
schtasks.exe,2620,RegQueryKey,HKLM,SUCCESS,"Query: HandleTags, HandleTags: 0x100",4/14/2022 1:22:33 PM,Registry,C:\Windows\system32\schtasks.exe,BLUETEAM\ezk,"schtasks  /create /ru system /sc daily /tr ""cmd /c powershell.exe -ep bypass -file c:\T1036.004_NonExistingScript.ps1"" /tn win32times /f ",7252,4092,"schtasks.exe 2620 RegQueryKey HKLM SUCCESS Query: HandleTags, HandleTags: 0x100 4/14/2022 1:22:33 PM Registry C:\Windows\system32\schtasks.exe BLUETEAM\ezk schtasks  /create /ru system /sc daily /tr ""cmd /c powershell.exe -ep bypass -file c:\T1036.004_NonExistingScript.ps1"" /tn win32times /f  7252 4092",benign
schtasks.exe,2620,RegOpenKey,HKLM\Software\Microsoft\Ole,SUCCESS,Desired Access: Read,4/14/2022 1:22:33 PM,Registry,C:\Windows\system32\schtasks.exe,BLUETEAM\ezk,"schtasks  /create /ru system /sc daily /tr ""cmd /c powershell.exe -ep bypass -file c:\T1036.004_NonExistingScript.ps1"" /tn win32times /f ",7252,4092,"schtasks.exe 2620 RegOpenKey HKLM\Software\Microsoft\Ole SUCCESS Desired Access: Read 4/14/2022 1:22:33 PM Registry C:\Windows\system32\schtasks.exe BLUETEAM\ezk schtasks  /create /ru system /sc daily /tr ""cmd /c powershell.exe -ep bypass -file c:\T1036.004_NonExistingScript.ps1"" /tn win32times /f  7252 4092",benign
schtasks.exe,2620,RegQueryKey,HKLM,SUCCESS,"Query: HandleTags, HandleTags: 0x0",4/14/2022 1:22:33 PM,Registry,C:\Windows\system32\schtasks.exe,BLUETEAM\ezk,"schtasks  /create /ru system /sc daily /tr ""cmd /c powershell.exe -ep bypass -file c:\T1036.004_NonExistingScript.ps1"" /tn win32times /f ",7252,4092,"schtasks.exe 2620 RegQueryKey HKLM SUCCESS Query: HandleTags, HandleTags: 0x0 4/14/2022 1:22:33 PM Registry C:\Windows\system32\schtasks.exe BLUETEAM\ezk schtasks  /create /ru system /sc daily /tr ""cmd /c powershell.exe -ep bypass -file c:\T1036.004_NonExistingScript.ps1"" /tn win32times /f  7252 4092",benign
schtasks.exe,2620,RegOpenKey,HKLM\Software\Microsoft\OLE\Tracing,NAME NOT FOUND,Desired Access: Read,4/14/2022 1:22:33 PM,Registry,C:\Windows\system32\schtasks.exe,BLUETEAM\ezk,"schtasks  /create /ru system /sc daily /tr ""cmd /c powershell.exe -ep bypass -file c:\T1036.004_NonExistingScript.ps1"" /tn win32times /f ",7252,4092,"schtasks.exe 2620 RegOpenKey HKLM\Software\Microsoft\OLE\Tracing NAME NOT FOUND Desired Access: Read 4/14/2022 1:22:33 PM Registry C:\Windows\system32\schtasks.exe BLUETEAM\ezk schtasks  /create /ru system /sc daily /tr ""cmd /c powershell.exe -ep bypass -file c:\T1036.004_NonExistingScript.ps1"" /tn win32times /f  7252 4092",benign
schtasks.exe,2620,CreateFile,C:\Windows\System32\ole32.dll,SUCCESS,"Desired Access: Read Attributes, Disposition: Open, Options: Open Reparse Point, Attributes: n/a, ShareMode: Read, Write, Delete, AllocationSize: n/a, OpenResult: Opened",4/14/2022 1:22:33 PM,File System,C:\Windows\system32\schtasks.exe,BLUETEAM\ezk,"schtasks  /create /ru system /sc daily /tr ""cmd /c powershell.exe -ep bypass -file c:\T1036.004_NonExistingScript.ps1"" /tn win32times /f ",7252,4092,"schtasks.exe 2620 CreateFile C:\Windows\System32\ole32.dll SUCCESS Desired Access: Read Attributes, Disposition: Open, Options: Open Reparse Point, Attributes: n/a, ShareMode: Read, Write, Delete, AllocationSize: n/a, OpenResult: Opened 4/14/2022 1:22:33 PM File System C:\Windows\system32\schtasks.exe BLUETEAM\ezk schtasks  /create /ru system /sc daily /tr ""cmd /c powershell.exe -ep bypass -file c:\T1036.004_NonExistingScript.ps1"" /tn win32times /f  7252 4092",benign
schtasks.exe,2620,QueryBasicInformationFile,C:\Windows\System32\ole32.dll,SUCCESS,"CreationTime: 9/22/2021 5:22:03 PM, LastAccessTime: 4/14/2022 1:21:13 PM, LastWriteTime: 9/22/2021 5:22:03 PM, ChangeTime: 10/15/2021 2:25:23 PM, FileAttributes: A",4/14/2022 1:22:33 PM,File System,C:\Windows\system32\schtasks.exe,BLUETEAM\ezk,"schtasks  /create /ru system /sc daily /tr ""cmd /c powershell.exe -ep bypass -file c:\T1036.004_NonExistingScript.ps1"" /tn win32times /f ",7252,4092,"schtasks.exe 2620 QueryBasicInformationFile C:\Windows\System32\ole32.dll SUCCESS CreationTime: 9/22/2021 5:22:03 PM, LastAccessTime: 4/14/2022 1:21:13 PM, LastWriteTime: 9/22/2021 5:22:03 PM, ChangeTime: 10/15/2021 2:25:23 PM, FileAttributes: A 4/14/2022 1:22:33 PM File System C:\Windows\system32\schtasks.exe BLUETEAM\ezk schtasks  /create /ru system /sc daily /tr ""cmd /c powershell.exe -ep bypass -file c:\T1036.004_NonExistingScript.ps1"" /tn win32times /f  7252 4092",benign
schtasks.exe,2620,CloseFile,C:\Windows\System32\ole32.dll,SUCCESS,,4/14/2022 1:22:33 PM,File System,C:\Windows\system32\schtasks.exe,BLUETEAM\ezk,"schtasks  /create /ru system /sc daily /tr ""cmd /c powershell.exe -ep bypass -file c:\T1036.004_NonExistingScript.ps1"" /tn win32times /f ",7252,4092,"schtasks.exe 2620 CloseFile C:\Windows\System32\ole32.dll SUCCESS None 4/14/2022 1:22:33 PM File System C:\Windows\system32\schtasks.exe BLUETEAM\ezk schtasks  /create /ru system /sc daily /tr ""cmd /c powershell.exe -ep bypass -file c:\T1036.004_NonExistingScript.ps1"" /tn win32times /f  7252 4092",benign
schtasks.exe,2620,CreateFile,C:\Windows\System32\ole32.dll,SUCCESS,"Desired Access: Read Data/List Directory, Synchronize, Disposition: Open, Options: Synchronous IO Non-Alert, Non-Directory File, Attributes: n/a, ShareMode: Read, Delete, AllocationSize: n/a, OpenResult: Opened",4/14/2022 1:22:33 PM,File System,C:\Windows\system32\schtasks.exe,BLUETEAM\ezk,"schtasks  /create /ru system /sc daily /tr ""cmd /c powershell.exe -ep bypass -file c:\T1036.004_NonExistingScript.ps1"" /tn win32times /f ",7252,4092,"schtasks.exe 2620 CreateFile C:\Windows\System32\ole32.dll SUCCESS Desired Access: Read Data/List Directory, Synchronize, Disposition: Open, Options: Synchronous IO Non-Alert, Non-Directory File, Attributes: n/a, ShareMode: Read, Delete, AllocationSize: n/a, OpenResult: Opened 4/14/2022 1:22:33 PM File System C:\Windows\system32\schtasks.exe BLUETEAM\ezk schtasks  /create /ru system /sc daily /tr ""cmd /c powershell.exe -ep bypass -file c:\T1036.004_NonExistingScript.ps1"" /tn win32times /f  7252 4092",benign
schtasks.exe,2620,CloseFile,C:\Windows\System32\ole32.dll,SUCCESS,,4/14/2022 1:22:33 PM,File System,C:\Windows\system32\schtasks.exe,BLUETEAM\ezk,"schtasks  /create /ru system /sc daily /tr ""cmd /c powershell.exe -ep bypass -file c:\T1036.004_NonExistingScript.ps1"" /tn win32times /f ",7252,4092,"schtasks.exe 2620 CloseFile C:\Windows\System32\ole32.dll SUCCESS None 4/14/2022 1:22:33 PM File System C:\Windows\system32\schtasks.exe BLUETEAM\ezk schtasks  /create /ru system /sc daily /tr ""cmd /c powershell.exe -ep bypass -file c:\T1036.004_NonExistingScript.ps1"" /tn win32times /f  7252 4092",benign
schtasks.exe,2620,RegQueryKey,HKLM,SUCCESS,"Query: HandleTags, HandleTags: 0x0",4/14/2022 1:22:33 PM,Registry,C:\Windows\system32\schtasks.exe,BLUETEAM\ezk,"schtasks  /create /ru system /sc daily /tr ""cmd /c powershell.exe -ep bypass -file c:\T1036.004_NonExistingScript.ps1"" /tn win32times /f ",7252,4092,"schtasks.exe 2620 RegQueryKey HKLM SUCCESS Query: HandleTags, HandleTags: 0x0 4/14/2022 1:22:33 PM Registry C:\Windows\system32\schtasks.exe BLUETEAM\ezk schtasks  /create /ru system /sc daily /tr ""cmd /c powershell.exe -ep bypass -file c:\T1036.004_NonExistingScript.ps1"" /tn win32times /f  7252 4092",benign
schtasks.exe,2620,RegOpenKey,HKLM\SOFTWARE\Microsoft\OLEAUT,NAME NOT FOUND,Desired Access: Query Value,4/14/2022 1:22:33 PM,Registry,C:\Windows\system32\schtasks.exe,BLUETEAM\ezk,"schtasks  /create /ru system /sc daily /tr ""cmd /c powershell.exe -ep bypass -file c:\T1036.004_NonExistingScript.ps1"" /tn win32times /f ",7252,4092,"schtasks.exe 2620 RegOpenKey HKLM\SOFTWARE\Microsoft\OLEAUT NAME NOT FOUND Desired Access: Query Value 4/14/2022 1:22:33 PM Registry C:\Windows\system32\schtasks.exe BLUETEAM\ezk schtasks  /create /ru system /sc daily /tr ""cmd /c powershell.exe -ep bypass -file c:\T1036.004_NonExistingScript.ps1"" /tn win32times /f  7252 4092",benign
schtasks.exe,2620,RegOpenKey,HKCU,SUCCESS,"Desired Access: Maximum Allowed, Granted Access: All Access",4/14/2022 1:22:33 PM,Registry,C:\Windows\system32\schtasks.exe,BLUETEAM\ezk,"schtasks  /create /ru system /sc daily /tr ""cmd /c powershell.exe -ep bypass -file c:\T1036.004_NonExistingScript.ps1"" /tn win32times /f ",7252,4092,"schtasks.exe 2620 RegOpenKey HKCU SUCCESS Desired Access: Maximum Allowed, Granted Access: All Access 4/14/2022 1:22:33 PM Registry C:\Windows\system32\schtasks.exe BLUETEAM\ezk schtasks  /create /ru system /sc daily /tr ""cmd /c powershell.exe -ep bypass -file c:\T1036.004_NonExistingScript.ps1"" /tn win32times /f  7252 4092",benign
schtasks.exe,2620,RegOpenKey,HKCU\Control Panel\Desktop\MuiCached\MachineLanguageConfiguration,NAME NOT FOUND,Desired Access: Read,4/14/2022 1:22:33 PM,Registry,C:\Windows\system32\schtasks.exe,BLUETEAM\ezk,"schtasks  /create /ru system /sc daily /tr ""cmd /c powershell.exe -ep bypass -file c:\T1036.004_NonExistingScript.ps1"" /tn win32times /f ",7252,4092,"schtasks.exe 2620 RegOpenKey HKCU\Control Panel\Desktop\MuiCached\MachineLanguageConfiguration NAME NOT FOUND Desired Access: Read 4/14/2022 1:22:33 PM Registry C:\Windows\system32\schtasks.exe BLUETEAM\ezk schtasks  /create /ru system /sc daily /tr ""cmd /c powershell.exe -ep bypass -file c:\T1036.004_NonExistingScript.ps1"" /tn win32times /f  7252 4092",benign
schtasks.exe,2620,RegCloseKey,HKCU,SUCCESS,,4/14/2022 1:22:33 PM,Registry,C:\Windows\system32\schtasks.exe,BLUETEAM\ezk,"schtasks  /create /ru system /sc daily /tr ""cmd /c powershell.exe -ep bypass -file c:\T1036.004_NonExistingScript.ps1"" /tn win32times /f ",7252,4092,"schtasks.exe 2620 RegCloseKey HKCU SUCCESS None 4/14/2022 1:22:33 PM Registry C:\Windows\system32\schtasks.exe BLUETEAM\ezk schtasks  /create /ru system /sc daily /tr ""cmd /c powershell.exe -ep bypass -file c:\T1036.004_NonExistingScript.ps1"" /tn win32times /f  7252 4092",benign
schtasks.exe,2620,RegOpenKey,HKLM\Software\Policies\Microsoft\MUI\Settings,NAME NOT FOUND,Desired Access: Read,4/14/2022 1:22:33 PM,Registry,C:\Windows\system32\schtasks.exe,BLUETEAM\ezk,"schtasks  /create /ru system /sc daily /tr ""cmd /c powershell.exe -ep bypass -file c:\T1036.004_NonExistingScript.ps1"" /tn win32times /f ",7252,4092,"schtasks.exe 2620 RegOpenKey HKLM\Software\Policies\Microsoft\MUI\Settings NAME NOT FOUND Desired Access: Read 4/14/2022 1:22:33 PM Registry C:\Windows\system32\schtasks.exe BLUETEAM\ezk schtasks  /create /ru system /sc daily /tr ""cmd /c powershell.exe -ep bypass -file c:\T1036.004_NonExistingScript.ps1"" /tn win32times /f  7252 4092",benign
schtasks.exe,2620,RegOpenKey,HKCU,SUCCESS,"Desired Access: Maximum Allowed, Granted Access: All Access",4/14/2022 1:22:33 PM,Registry,C:\Windows\system32\schtasks.exe,BLUETEAM\ezk,"schtasks  /create /ru system /sc daily /tr ""cmd /c powershell.exe -ep bypass -file c:\T1036.004_NonExistingScript.ps1"" /tn win32times /f ",7252,4092,"schtasks.exe 2620 RegOpenKey HKCU SUCCESS Desired Access: Maximum Allowed, Granted Access: All Access 4/14/2022 1:22:33 PM Registry C:\Windows\system32\schtasks.exe BLUETEAM\ezk schtasks  /create /ru system /sc daily /tr ""cmd /c powershell.exe -ep bypass -file c:\T1036.004_NonExistingScript.ps1"" /tn win32times /f  7252 4092",benign
schtasks.exe,2620,RegOpenKey,HKCU\Software\Policies\Microsoft\Control Panel\Desktop,NAME NOT FOUND,Desired Access: Read,4/14/2022 1:22:33 PM,Registry,C:\Windows\system32\schtasks.exe,BLUETEAM\ezk,"schtasks  /create /ru system /sc daily /tr ""cmd /c powershell.exe -ep bypass -file c:\T1036.004_NonExistingScript.ps1"" /tn win32times /f ",7252,4092,"schtasks.exe 2620 RegOpenKey HKCU\Software\Policies\Microsoft\Control Panel\Desktop NAME NOT FOUND Desired Access: Read 4/14/2022 1:22:33 PM Registry C:\Windows\system32\schtasks.exe BLUETEAM\ezk schtasks  /create /ru system /sc daily /tr ""cmd /c powershell.exe -ep bypass -file c:\T1036.004_NonExistingScript.ps1"" /tn win32times /f  7252 4092",benign
schtasks.exe,2620,RegOpenKey,HKCU\Control Panel\Desktop\LanguageConfiguration,NAME NOT FOUND,Desired Access: Read,4/14/2022 1:22:33 PM,Registry,C:\Windows\system32\schtasks.exe,BLUETEAM\ezk,"schtasks  /create /ru system /sc daily /tr ""cmd /c powershell.exe -ep bypass -file c:\T1036.004_NonExistingScript.ps1"" /tn win32times /f ",7252,4092,"schtasks.exe 2620 RegOpenKey HKCU\Control Panel\Desktop\LanguageConfiguration NAME NOT FOUND Desired Access: Read 4/14/2022 1:22:33 PM Registry C:\Windows\system32\schtasks.exe BLUETEAM\ezk schtasks  /create /ru system /sc daily /tr ""cmd /c powershell.exe -ep bypass -file c:\T1036.004_NonExistingScript.ps1"" /tn win32times /f  7252 4092",benign
schtasks.exe,2620,RegCloseKey,HKCU,SUCCESS,,4/14/2022 1:22:33 PM,Registry,C:\Windows\system32\schtasks.exe,BLUETEAM\ezk,"schtasks  /create /ru system /sc daily /tr ""cmd /c powershell.exe -ep bypass -file c:\T1036.004_NonExistingScript.ps1"" /tn win32times /f ",7252,4092,"schtasks.exe 2620 RegCloseKey HKCU SUCCESS None 4/14/2022 1:22:33 PM Registry C:\Windows\system32\schtasks.exe BLUETEAM\ezk schtasks  /create /ru system /sc daily /tr ""cmd /c powershell.exe -ep bypass -file c:\T1036.004_NonExistingScript.ps1"" /tn win32times /f  7252 4092",benign
schtasks.exe,2620,RegOpenKey,HKLM\Software\Policies\Microsoft\MUI\Settings,NAME NOT FOUND,Desired Access: Read,4/14/2022 1:22:33 PM,Registry,C:\Windows\system32\schtasks.exe,BLUETEAM\ezk,"schtasks  /create /ru system /sc daily /tr ""cmd /c powershell.exe -ep bypass -file c:\T1036.004_NonExistingScript.ps1"" /tn win32times /f ",7252,4092,"schtasks.exe 2620 RegOpenKey HKLM\Software\Policies\Microsoft\MUI\Settings NAME NOT FOUND Desired Access: Read 4/14/2022 1:22:33 PM Registry C:\Windows\system32\schtasks.exe BLUETEAM\ezk schtasks  /create /ru system /sc daily /tr ""cmd /c powershell.exe -ep bypass -file c:\T1036.004_NonExistingScript.ps1"" /tn win32times /f  7252 4092",benign
schtasks.exe,2620,RegOpenKey,HKCU,SUCCESS,"Desired Access: Maximum Allowed, Granted Access: All Access",4/14/2022 1:22:33 PM,Registry,C:\Windows\system32\schtasks.exe,BLUETEAM\ezk,"schtasks  /create /ru system /sc daily /tr ""cmd /c powershell.exe -ep bypass -file c:\T1036.004_NonExistingScript.ps1"" /tn win32times /f ",7252,4092,"schtasks.exe 2620 RegOpenKey HKCU SUCCESS Desired Access: Maximum Allowed, Granted Access: All Access 4/14/2022 1:22:33 PM Registry C:\Windows\system32\schtasks.exe BLUETEAM\ezk schtasks  /create /ru system /sc daily /tr ""cmd /c powershell.exe -ep bypass -file c:\T1036.004_NonExistingScript.ps1"" /tn win32times /f  7252 4092",benign
schtasks.exe,2620,RegOpenKey,HKLM\SOFTWARE\Microsoft\AppModel\Lookaside\Packages,NAME NOT FOUND,Desired Access: Read,4/14/2022 1:22:33 PM,Registry,C:\Windows\system32\schtasks.exe,BLUETEAM\ezk,"schtasks  /create /ru system /sc daily /tr ""cmd /c powershell.exe -ep bypass -file c:\T1036.004_NonExistingScript.ps1"" /tn win32times /f ",7252,4092,"schtasks.exe 2620 RegOpenKey HKLM\SOFTWARE\Microsoft\AppModel\Lookaside\Packages NAME NOT FOUND Desired Access: Read 4/14/2022 1:22:33 PM Registry C:\Windows\system32\schtasks.exe BLUETEAM\ezk schtasks  /create /ru system /sc daily /tr ""cmd /c powershell.exe -ep bypass -file c:\T1036.004_NonExistingScript.ps1"" /tn win32times /f  7252 4092",benign
schtasks.exe,2620,RegOpenKey,HKLM\Software\Microsoft\Ole\FeatureDevelopmentProperties,NAME NOT FOUND,Desired Access: Read,4/14/2022 1:22:33 PM,Registry,C:\Windows\system32\schtasks.exe,BLUETEAM\ezk,"schtasks  /create /ru system /sc daily /tr ""cmd /c powershell.exe -ep bypass -file c:\T1036.004_NonExistingScript.ps1"" /tn win32times /f ",7252,4092,"schtasks.exe 2620 RegOpenKey HKLM\Software\Microsoft\Ole\FeatureDevelopmentProperties NAME NOT FOUND Desired Access: Read 4/14/2022 1:22:33 PM Registry C:\Windows\system32\schtasks.exe BLUETEAM\ezk schtasks  /create /ru system /sc daily /tr ""cmd /c powershell.exe -ep bypass -file c:\T1036.004_NonExistingScript.ps1"" /tn win32times /f  7252 4092",benign
schtasks.exe,2620,RegQueryKey,HKLM,SUCCESS,"Query: HandleTags, HandleTags: 0x100",4/14/2022 1:22:33 PM,Registry,C:\Windows\system32\schtasks.exe,BLUETEAM\ezk,"schtasks  /create /ru system /sc daily /tr ""cmd /c powershell.exe -ep bypass -file c:\T1036.004_NonExistingScript.ps1"" /tn win32times /f ",7252,4092,"schtasks.exe 2620 RegQueryKey HKLM SUCCESS Query: HandleTags, HandleTags: 0x100 4/14/2022 1:22:33 PM Registry C:\Windows\system32\schtasks.exe BLUETEAM\ezk schtasks  /create /ru system /sc daily /tr ""cmd /c powershell.exe -ep bypass -file c:\T1036.004_NonExistingScript.ps1"" /tn win32times /f  7252 4092",benign
schtasks.exe,2620,RegOpenKey,HKLM,SUCCESS,Desired Access: Read,4/14/2022 1:22:33 PM,Registry,C:\Windows\system32\schtasks.exe,BLUETEAM\ezk,"schtasks  /create /ru system /sc daily /tr ""cmd /c powershell.exe -ep bypass -file c:\T1036.004_NonExistingScript.ps1"" /tn win32times /f ",7252,4092,"schtasks.exe 2620 RegOpenKey HKLM SUCCESS Desired Access: Read 4/14/2022 1:22:33 PM Registry C:\Windows\system32\schtasks.exe BLUETEAM\ezk schtasks  /create /ru system /sc daily /tr ""cmd /c powershell.exe -ep bypass -file c:\T1036.004_NonExistingScript.ps1"" /tn win32times /f  7252 4092",benign
schtasks.exe,2620,RegQueryValue,HKLM\System\CurrentControlSet\Control\Nls\Sorting\Versions\(Default),SUCCESS,"Type: REG_SZ, Length: 18, Data: 00060305",4/14/2022 1:22:33 PM,Registry,C:\Windows\system32\schtasks.exe,BLUETEAM\ezk,"schtasks  /create /ru system /sc daily /tr ""cmd /c powershell.exe -ep bypass -file c:\T1036.004_NonExistingScript.ps1"" /tn win32times /f ",7252,4092,"schtasks.exe 2620 RegQueryValue HKLM\System\CurrentControlSet\Control\Nls\Sorting\Versions\(Default) SUCCESS Type: REG_SZ, Length: 18, Data: 00060305 4/14/2022 1:22:33 PM Registry C:\Windows\system32\schtasks.exe BLUETEAM\ezk schtasks  /create /ru system /sc daily /tr ""cmd /c powershell.exe -ep bypass -file c:\T1036.004_NonExistingScript.ps1"" /tn win32times /f  7252 4092",benign
schtasks.exe,2620,RegQueryValue,HKLM\System\CurrentControlSet\Control\Nls\Sorting\Versions\000603xx,SUCCESS,"Type: REG_SZ, Length: 26, Data: kernel32.dll",4/14/2022 1:22:33 PM,Registry,C:\Windows\system32\schtasks.exe,BLUETEAM\ezk,"schtasks  /create /ru system /sc daily /tr ""cmd /c powershell.exe -ep bypass -file c:\T1036.004_NonExistingScript.ps1"" /tn win32times /f ",7252,4092,"schtasks.exe 2620 RegQueryValue HKLM\System\CurrentControlSet\Control\Nls\Sorting\Versions\000603xx SUCCESS Type: REG_SZ, Length: 26, Data: kernel32.dll 4/14/2022 1:22:33 PM Registry C:\Windows\system32\schtasks.exe BLUETEAM\ezk schtasks  /create /ru system /sc daily /tr ""cmd /c powershell.exe -ep bypass -file c:\T1036.004_NonExistingScript.ps1"" /tn win32times /f  7252 4092",benign
schtasks.exe,2620,RegOpenKey,HKLM\SYSTEM\CurrentControlSet\Control\Session Manager,REPARSE,"Desired Access: Query Value, Enumerate Sub Keys",4/14/2022 1:22:33 PM,Registry,C:\Windows\system32\schtasks.exe,BLUETEAM\ezk,"schtasks  /create /ru system /sc daily /tr ""cmd /c powershell.exe -ep bypass -file c:\T1036.004_NonExistingScript.ps1"" /tn win32times /f ",7252,4092,"schtasks.exe 2620 RegOpenKey HKLM\SYSTEM\CurrentControlSet\Control\Session Manager REPARSE Desired Access: Query Value, Enumerate Sub Keys 4/14/2022 1:22:33 PM Registry C:\Windows\system32\schtasks.exe BLUETEAM\ezk schtasks  /create /ru system /sc daily /tr ""cmd /c powershell.exe -ep bypass -file c:\T1036.004_NonExistingScript.ps1"" /tn win32times /f  7252 4092",benign
schtasks.exe,2620,RegOpenKey,HKLM\System\CurrentControlSet\Control\Session Manager,SUCCESS,"Desired Access: Query Value, Enumerate Sub Keys",4/14/2022 1:22:33 PM,Registry,C:\Windows\system32\schtasks.exe,BLUETEAM\ezk,"schtasks  /create /ru system /sc daily /tr ""cmd /c powershell.exe -ep bypass -file c:\T1036.004_NonExistingScript.ps1"" /tn win32times /f ",7252,4092,"schtasks.exe 2620 RegOpenKey HKLM\System\CurrentControlSet\Control\Session Manager SUCCESS Desired Access: Query Value, Enumerate Sub Keys 4/14/2022 1:22:33 PM Registry C:\Windows\system32\schtasks.exe BLUETEAM\ezk schtasks  /create /ru system /sc daily /tr ""cmd /c powershell.exe -ep bypass -file c:\T1036.004_NonExistingScript.ps1"" /tn win32times /f  7252 4092",benign
schtasks.exe,2620,RegQueryValue,HKLM\System\CurrentControlSet\Control\Session Manager\ResourcePolicies,NAME NOT FOUND,Length: 24,4/14/2022 1:22:33 PM,Registry,C:\Windows\system32\schtasks.exe,BLUETEAM\ezk,"schtasks  /create /ru system /sc daily /tr ""cmd /c powershell.exe -ep bypass -file c:\T1036.004_NonExistingScript.ps1"" /tn win32times /f ",7252,4092,"schtasks.exe 2620 RegQueryValue HKLM\System\CurrentControlSet\Control\Session Manager\ResourcePolicies NAME NOT FOUND Length: 24 4/14/2022 1:22:33 PM Registry C:\Windows\system32\schtasks.exe BLUETEAM\ezk schtasks  /create /ru system /sc daily /tr ""cmd /c powershell.exe -ep bypass -file c:\T1036.004_NonExistingScript.ps1"" /tn win32times /f  7252 4092",benign
schtasks.exe,2620,RegCloseKey,HKLM\System\CurrentControlSet\Control\Session Manager,SUCCESS,,4/14/2022 1:22:33 PM,Registry,C:\Windows\system32\schtasks.exe,BLUETEAM\ezk,"schtasks  /create /ru system /sc daily /tr ""cmd /c powershell.exe -ep bypass -file c:\T1036.004_NonExistingScript.ps1"" /tn win32times /f ",7252,4092,"schtasks.exe 2620 RegCloseKey HKLM\System\CurrentControlSet\Control\Session Manager SUCCESS None 4/14/2022 1:22:33 PM Registry C:\Windows\system32\schtasks.exe BLUETEAM\ezk schtasks  /create /ru system /sc daily /tr ""cmd /c powershell.exe -ep bypass -file c:\T1036.004_NonExistingScript.ps1"" /tn win32times /f  7252 4092",benign
schtasks.exe,2620,RegOpenKey,HKLM\SYSTEM\CurrentControlSet\Control\Session Manager,REPARSE,"Desired Access: Query Value, Enumerate Sub Keys",4/14/2022 1:22:33 PM,Registry,C:\Windows\system32\schtasks.exe,BLUETEAM\ezk,"schtasks  /create /ru system /sc daily /tr ""cmd /c powershell.exe -ep bypass -file c:\T1036.004_NonExistingScript.ps1"" /tn win32times /f ",7252,4092,"schtasks.exe 2620 RegOpenKey HKLM\SYSTEM\CurrentControlSet\Control\Session Manager REPARSE Desired Access: Query Value, Enumerate Sub Keys 4/14/2022 1:22:33 PM Registry C:\Windows\system32\schtasks.exe BLUETEAM\ezk schtasks  /create /ru system /sc daily /tr ""cmd /c powershell.exe -ep bypass -file c:\T1036.004_NonExistingScript.ps1"" /tn win32times /f  7252 4092",benign
schtasks.exe,2620,RegOpenKey,HKLM\System\CurrentControlSet\Control\Session Manager,SUCCESS,"Desired Access: Query Value, Enumerate Sub Keys",4/14/2022 1:22:33 PM,Registry,C:\Windows\system32\schtasks.exe,BLUETEAM\ezk,"schtasks  /create /ru system /sc daily /tr ""cmd /c powershell.exe -ep bypass -file c:\T1036.004_NonExistingScript.ps1"" /tn win32times /f ",7252,4092,"schtasks.exe 2620 RegOpenKey HKLM\System\CurrentControlSet\Control\Session Manager SUCCESS Desired Access: Query Value, Enumerate Sub Keys 4/14/2022 1:22:33 PM Registry C:\Windows\system32\schtasks.exe BLUETEAM\ezk schtasks  /create /ru system /sc daily /tr ""cmd /c powershell.exe -ep bypass -file c:\T1036.004_NonExistingScript.ps1"" /tn win32times /f  7252 4092",benign
schtasks.exe,2620,RegQueryValue,HKLM\System\CurrentControlSet\Control\Session Manager\ResourcePolicies,NAME NOT FOUND,Length: 24,4/14/2022 1:22:33 PM,Registry,C:\Windows\system32\schtasks.exe,BLUETEAM\ezk,"schtasks  /create /ru system /sc daily /tr ""cmd /c powershell.exe -ep bypass -file c:\T1036.004_NonExistingScript.ps1"" /tn win32times /f ",7252,4092,"schtasks.exe 2620 RegQueryValue HKLM\System\CurrentControlSet\Control\Session Manager\ResourcePolicies NAME NOT FOUND Length: 24 4/14/2022 1:22:33 PM Registry C:\Windows\system32\schtasks.exe BLUETEAM\ezk schtasks  /create /ru system /sc daily /tr ""cmd /c powershell.exe -ep bypass -file c:\T1036.004_NonExistingScript.ps1"" /tn win32times /f  7252 4092",benign
schtasks.exe,2620,RegCloseKey,HKLM\System\CurrentControlSet\Control\Session Manager,SUCCESS,,4/14/2022 1:22:33 PM,Registry,C:\Windows\system32\schtasks.exe,BLUETEAM\ezk,"schtasks  /create /ru system /sc daily /tr ""cmd /c powershell.exe -ep bypass -file c:\T1036.004_NonExistingScript.ps1"" /tn win32times /f ",7252,4092,"schtasks.exe 2620 RegCloseKey HKLM\System\CurrentControlSet\Control\Session Manager SUCCESS None 4/14/2022 1:22:33 PM Registry C:\Windows\system32\schtasks.exe BLUETEAM\ezk schtasks  /create /ru system /sc daily /tr ""cmd /c powershell.exe -ep bypass -file c:\T1036.004_NonExistingScript.ps1"" /tn win32times /f  7252 4092",benign
schtasks.exe,2620,RegOpenKey,HKLM,SUCCESS,"Desired Access: Maximum Allowed, Granted Access: All Access",4/14/2022 1:22:33 PM,Registry,C:\Windows\system32\schtasks.exe,BLUETEAM\ezk,"schtasks  /create /ru system /sc daily /tr ""cmd /c powershell.exe -ep bypass -file c:\T1036.004_NonExistingScript.ps1"" /tn win32times /f ",7252,4092,"schtasks.exe 2620 RegOpenKey HKLM SUCCESS Desired Access: Maximum Allowed, Granted Access: All Access 4/14/2022 1:22:33 PM Registry C:\Windows\system32\schtasks.exe BLUETEAM\ezk schtasks  /create /ru system /sc daily /tr ""cmd /c powershell.exe -ep bypass -file c:\T1036.004_NonExistingScript.ps1"" /tn win32times /f  7252 4092",benign
schtasks.exe,2620,RegOpenKey,HKLM\System\CurrentControlSet\Control\Nls\Sorting\Versions,REPARSE,Desired Access: Read,4/14/2022 1:22:33 PM,Registry,C:\Windows\system32\schtasks.exe,BLUETEAM\ezk,"schtasks  /create /ru system /sc daily /tr ""cmd /c powershell.exe -ep bypass -file c:\T1036.004_NonExistingScript.ps1"" /tn win32times /f ",7252,4092,"schtasks.exe 2620 RegOpenKey HKLM\System\CurrentControlSet\Control\Nls\Sorting\Versions REPARSE Desired Access: Read 4/14/2022 1:22:33 PM Registry C:\Windows\system32\schtasks.exe BLUETEAM\ezk schtasks  /create /ru system /sc daily /tr ""cmd /c powershell.exe -ep bypass -file c:\T1036.004_NonExistingScript.ps1"" /tn win32times /f  7252 4092",benign
schtasks.exe,2620,RegQueryKey,HKLM,SUCCESS,"Query: HandleTags, HandleTags: 0x0",4/14/2022 1:22:33 PM,Registry,C:\Windows\system32\schtasks.exe,BLUETEAM\ezk,"schtasks  /create /ru system /sc daily /tr ""cmd /c powershell.exe -ep bypass -file c:\T1036.004_NonExistingScript.ps1"" /tn win32times /f ",7252,4092,"schtasks.exe 2620 RegQueryKey HKLM SUCCESS Query: HandleTags, HandleTags: 0x0 4/14/2022 1:22:33 PM Registry C:\Windows\system32\schtasks.exe BLUETEAM\ezk schtasks  /create /ru system /sc daily /tr ""cmd /c powershell.exe -ep bypass -file c:\T1036.004_NonExistingScript.ps1"" /tn win32times /f  7252 4092",benign
schtasks.exe,2620,RegQueryValue,HKLM\SOFTWARE\Microsoft\Ole\PageAllocatorUseSystemHeap,NAME NOT FOUND,Length: 20,4/14/2022 1:22:33 PM,Registry,C:\Windows\system32\schtasks.exe,BLUETEAM\ezk,"schtasks  /create /ru system /sc daily /tr ""cmd /c powershell.exe -ep bypass -file c:\T1036.004_NonExistingScript.ps1"" /tn win32times /f ",7252,4092,"schtasks.exe 2620 RegQueryValue HKLM\SOFTWARE\Microsoft\Ole\PageAllocatorUseSystemHeap NAME NOT FOUND Length: 20 4/14/2022 1:22:33 PM Registry C:\Windows\system32\schtasks.exe BLUETEAM\ezk schtasks  /create /ru system /sc daily /tr ""cmd /c powershell.exe -ep bypass -file c:\T1036.004_NonExistingScript.ps1"" /tn win32times /f  7252 4092",benign
schtasks.exe,2620,RegCloseKey,HKLM\SOFTWARE\Microsoft\Ole,SUCCESS,,4/14/2022 1:22:33 PM,Registry,C:\Windows\system32\schtasks.exe,BLUETEAM\ezk,"schtasks  /create /ru system /sc daily /tr ""cmd /c powershell.exe -ep bypass -file c:\T1036.004_NonExistingScript.ps1"" /tn win32times /f ",7252,4092,"schtasks.exe 2620 RegCloseKey HKLM\SOFTWARE\Microsoft\Ole SUCCESS None 4/14/2022 1:22:33 PM Registry C:\Windows\system32\schtasks.exe BLUETEAM\ezk schtasks  /create /ru system /sc daily /tr ""cmd /c powershell.exe -ep bypass -file c:\T1036.004_NonExistingScript.ps1"" /tn win32times /f  7252 4092",benign
schtasks.exe,2620,RegQueryKey,HKLM,SUCCESS,"Query: HandleTags, HandleTags: 0x0",4/14/2022 1:22:33 PM,Registry,C:\Windows\system32\schtasks.exe,BLUETEAM\ezk,"schtasks  /create /ru system /sc daily /tr ""cmd /c powershell.exe -ep bypass -file c:\T1036.004_NonExistingScript.ps1"" /tn win32times /f ",7252,4092,"schtasks.exe 2620 RegQueryKey HKLM SUCCESS Query: HandleTags, HandleTags: 0x0 4/14/2022 1:22:33 PM Registry C:\Windows\system32\schtasks.exe BLUETEAM\ezk schtasks  /create /ru system /sc daily /tr ""cmd /c powershell.exe -ep bypass -file c:\T1036.004_NonExistingScript.ps1"" /tn win32times /f  7252 4092",benign
schtasks.exe,2620,RegOpenKey,HKLM\SOFTWARE\Microsoft\OLE,SUCCESS,Desired Access: Read,4/14/2022 1:22:33 PM,Registry,C:\Windows\system32\schtasks.exe,BLUETEAM\ezk,"schtasks  /create /ru system /sc daily /tr ""cmd /c powershell.exe -ep bypass -file c:\T1036.004_NonExistingScript.ps1"" /tn win32times /f ",7252,4092,"schtasks.exe 2620 RegOpenKey HKLM\SOFTWARE\Microsoft\OLE SUCCESS Desired Access: Read 4/14/2022 1:22:33 PM Registry C:\Windows\system32\schtasks.exe BLUETEAM\ezk schtasks  /create /ru system /sc daily /tr ""cmd /c powershell.exe -ep bypass -file c:\T1036.004_NonExistingScript.ps1"" /tn win32times /f  7252 4092",benign
schtasks.exe,2620,RegQueryValue,HKLM\SOFTWARE\Microsoft\Ole\PageAllocatorSystemHeapIsPrivate,NAME NOT FOUND,Length: 20,4/14/2022 1:22:33 PM,Registry,C:\Windows\system32\schtasks.exe,BLUETEAM\ezk,"schtasks  /create /ru system /sc daily /tr ""cmd /c powershell.exe -ep bypass -file c:\T1036.004_NonExistingScript.ps1"" /tn win32times /f ",7252,4092,"schtasks.exe 2620 RegQueryValue HKLM\SOFTWARE\Microsoft\Ole\PageAllocatorSystemHeapIsPrivate NAME NOT FOUND Length: 20 4/14/2022 1:22:33 PM Registry C:\Windows\system32\schtasks.exe BLUETEAM\ezk schtasks  /create /ru system /sc daily /tr ""cmd /c powershell.exe -ep bypass -file c:\T1036.004_NonExistingScript.ps1"" /tn win32times /f  7252 4092",benign
schtasks.exe,2620,RegCloseKey,HKLM\SOFTWARE\Microsoft\Ole,SUCCESS,,4/14/2022 1:22:33 PM,Registry,C:\Windows\system32\schtasks.exe,BLUETEAM\ezk,"schtasks  /create /ru system /sc daily /tr ""cmd /c powershell.exe -ep bypass -file c:\T1036.004_NonExistingScript.ps1"" /tn win32times /f ",7252,4092,"schtasks.exe 2620 RegCloseKey HKLM\SOFTWARE\Microsoft\Ole SUCCESS None 4/14/2022 1:22:33 PM Registry C:\Windows\system32\schtasks.exe BLUETEAM\ezk schtasks  /create /ru system /sc daily /tr ""cmd /c powershell.exe -ep bypass -file c:\T1036.004_NonExistingScript.ps1"" /tn win32times /f  7252 4092",benign
schtasks.exe,2620,RegQueryKey,HKLM,SUCCESS,"Query: HandleTags, HandleTags: 0x0",4/14/2022 1:22:33 PM,Registry,C:\Windows\system32\schtasks.exe,BLUETEAM\ezk,"schtasks  /create /ru system /sc daily /tr ""cmd /c powershell.exe -ep bypass -file c:\T1036.004_NonExistingScript.ps1"" /tn win32times /f ",7252,4092,"schtasks.exe 2620 RegQueryKey HKLM SUCCESS Query: HandleTags, HandleTags: 0x0 4/14/2022 1:22:33 PM Registry C:\Windows\system32\schtasks.exe BLUETEAM\ezk schtasks  /create /ru system /sc daily /tr ""cmd /c powershell.exe -ep bypass -file c:\T1036.004_NonExistingScript.ps1"" /tn win32times /f  7252 4092",benign
schtasks.exe,2620,RegOpenKey,HKLM\SOFTWARE\Microsoft\OLE,SUCCESS,Desired Access: Read,4/14/2022 1:22:33 PM,Registry,C:\Windows\system32\schtasks.exe,BLUETEAM\ezk,"schtasks  /create /ru system /sc daily /tr ""cmd /c powershell.exe -ep bypass -file c:\T1036.004_NonExistingScript.ps1"" /tn win32times /f ",7252,4092,"schtasks.exe 2620 RegOpenKey HKLM\SOFTWARE\Microsoft\OLE SUCCESS Desired Access: Read 4/14/2022 1:22:33 PM Registry C:\Windows\system32\schtasks.exe BLUETEAM\ezk schtasks  /create /ru system /sc daily /tr ""cmd /c powershell.exe -ep bypass -file c:\T1036.004_NonExistingScript.ps1"" /tn win32times /f  7252 4092",benign
schtasks.exe,2620,RegQueryValue,HKLM\SOFTWARE\Microsoft\Ole\AggressiveMTATesting,NAME NOT FOUND,Length: 16,4/14/2022 1:22:33 PM,Registry,C:\Windows\system32\schtasks.exe,BLUETEAM\ezk,"schtasks  /create /ru system /sc daily /tr ""cmd /c powershell.exe -ep bypass -file c:\T1036.004_NonExistingScript.ps1"" /tn win32times /f ",7252,4092,"schtasks.exe 2620 RegQueryValue HKLM\SOFTWARE\Microsoft\Ole\AggressiveMTATesting NAME NOT FOUND Length: 16 4/14/2022 1:22:33 PM Registry C:\Windows\system32\schtasks.exe BLUETEAM\ezk schtasks  /create /ru system /sc daily /tr ""cmd /c powershell.exe -ep bypass -file c:\T1036.004_NonExistingScript.ps1"" /tn win32times /f  7252 4092",benign
schtasks.exe,2620,RegCloseKey,HKLM\SOFTWARE\Microsoft\Ole,SUCCESS,,4/14/2022 1:22:33 PM,Registry,C:\Windows\system32\schtasks.exe,BLUETEAM\ezk,"schtasks  /create /ru system /sc daily /tr ""cmd /c powershell.exe -ep bypass -file c:\T1036.004_NonExistingScript.ps1"" /tn win32times /f ",7252,4092,"schtasks.exe 2620 RegCloseKey HKLM\SOFTWARE\Microsoft\Ole SUCCESS None 4/14/2022 1:22:33 PM Registry C:\Windows\system32\schtasks.exe BLUETEAM\ezk schtasks  /create /ru system /sc daily /tr ""cmd /c powershell.exe -ep bypass -file c:\T1036.004_NonExistingScript.ps1"" /tn win32times /f  7252 4092",benign
schtasks.exe,2620,RegQueryKey,HKLM,SUCCESS,"Query: HandleTags, HandleTags: 0x0",4/14/2022 1:22:33 PM,Registry,C:\Windows\system32\schtasks.exe,BLUETEAM\ezk,"schtasks  /create /ru system /sc daily /tr ""cmd /c powershell.exe -ep bypass -file c:\T1036.004_NonExistingScript.ps1"" /tn win32times /f ",7252,4092,"schtasks.exe 2620 RegQueryKey HKLM SUCCESS Query: HandleTags, HandleTags: 0x0 4/14/2022 1:22:33 PM Registry C:\Windows\system32\schtasks.exe BLUETEAM\ezk schtasks  /create /ru system /sc daily /tr ""cmd /c powershell.exe -ep bypass -file c:\T1036.004_NonExistingScript.ps1"" /tn win32times /f  7252 4092",benign
schtasks.exe,2620,RegOpenKey,HKLM\SOFTWARE\Microsoft\OLE,SUCCESS,Desired Access: Read,4/14/2022 1:22:33 PM,Registry,C:\Windows\system32\schtasks.exe,BLUETEAM\ezk,"schtasks  /create /ru system /sc daily /tr ""cmd /c powershell.exe -ep bypass -file c:\T1036.004_NonExistingScript.ps1"" /tn win32times /f ",7252,4092,"schtasks.exe 2620 RegOpenKey HKLM\SOFTWARE\Microsoft\OLE SUCCESS Desired Access: Read 4/14/2022 1:22:33 PM Registry C:\Windows\system32\schtasks.exe BLUETEAM\ezk schtasks  /create /ru system /sc daily /tr ""cmd /c powershell.exe -ep bypass -file c:\T1036.004_NonExistingScript.ps1"" /tn win32times /f  7252 4092",benign
schtasks.exe,4724,CloseFile,C:\Windows\Registration\R000000000006.clb,SUCCESS,,4/14/2022 1:22:33 PM,File System,C:\Windows\system32\schtasks.exe,BLUETEAM\ezk,schtasks  /query /tn win32times,2256,4092,schtasks.exe 4724 CloseFile C:\Windows\Registration\R000000000006.clb SUCCESS None 4/14/2022 1:22:33 PM File System C:\Windows\system32\schtasks.exe BLUETEAM\ezk schtasks  /query /tn win32times 2256 4092,benign
