Process Name,PID,Operation,Path,Result,Detail,Date & Time,Event Class,Image Path,User,Command Line,TID,Parent PID,Content,Label
cmd.exe,9828,Process Start,,SUCCESS,"Parent PID: 9856, Command line: cmd.exe /C wbadmin delete catalog -quiet, Current directory: C:\Windows\system32\, Environment: ;	ALLUSERSPROFILE=C:\ProgramData;	APPDATA=C:\Users\ezk\AppData\Roaming;	CommonProgramFiles=C:\Program Files\Common Files;	CommonProgramFiles(x86)=C:\Program Files (x86)\Common Files;	CommonProgramW6432=C:\Program Files\Common Files;	COMPUTERNAME=DESKTOP-BA1RQFC;	ComSpec=C:\Windows\system32\cmd.exe;	DriverData=C:\Windows\System32\Drivers\DriverData;	HOMEDRIVE=C:;	HOMEPATH=\Users\ezk;	LOCALAPPDATA=C:\Users\ezk\AppData\Local;	LOGONSERVER=\\DC02;	NUMBER_OF_PROCESSORS=2;	OneDrive=C:\Users\ezk\OneDrive;	OS=Windows_NT;	Path=C:\Windows\system32;C:\Windows;C:\Windows\System32\Wbem;C:\Windows\System32\WindowsPowerShell\v1.0\;C:\Windows\System32\OpenSSH\;C:\Users\ezk\AppData\Local\Microsoft\WindowsApps;	PATHEXT=.COM;.EXE;.BAT;.CMD;.VBS;.VBE;.JS;.JSE;.WSF;.WSH;.MSC;.CPL;	PROCESSOR_ARCHITECTURE=AMD64;	PROCESSOR_IDENTIFIER=Intel64 Family 6 Model 165 Stepping 5, GenuineIntel;	PROCESSOR_LEVEL=6;	PROCESSOR_REVISION=a505;	ProgramData=C:\ProgramData;	ProgramFiles=C:\Program Files;	ProgramFiles(x86)=C:\Program Files (x86);	ProgramW6432=C:\Program Files;	PSModulePath=C:\Users\ezk\Documents\WindowsPowerShell\Modules;C:\Program Files\WindowsPowerShell\Modules;C:\Windows\system32\WindowsPowerShell\v1.0\Modules;	PUBLIC=C:\Users\Public;	SystemDrive=C:;	SystemRoot=C:\Windows;	TEMP=C:\Users\ezk\AppData\Local\Temp;	TMP=C:\Users\ezk\AppData\Local\Temp;	USERDNSDOMAIN=BLUETEAM.COM;	USERDOMAIN=BLUETEAM;	USERDOMAIN_ROAMINGPROFILE=BLUETEAM;	USERNAME=ezk;	USERPROFILE=C:\Users\ezk;	windir=C:\Windows",4/14/2022 8:23:39 PM,Process,C:\Windows\system32\cmd.exe,BLUETEAM\ezk,cmd.exe /C wbadmin delete catalog -quiet,10588,9856,"cmd.exe 9828 Process Start None SUCCESS Parent PID: 9856, Command line: cmd.exe /C wbadmin delete catalog -quiet, Current directory: C:\Windows\system32\, Environment: ;	ALLUSERSPROFILE=C:\ProgramData;	APPDATA=C:\Users\ezk\AppData\Roaming;	CommonProgramFiles=C:\Program Files\Common Files;	CommonProgramFiles(x86)=C:\Program Files (x86)\Common Files;	CommonProgramW6432=C:\Program Files\Common Files;	COMPUTERNAME=DESKTOP-BA1RQFC;	ComSpec=C:\Windows\system32\cmd.exe;	DriverData=C:\Windows\System32\Drivers\DriverData;	HOMEDRIVE=C:;	HOMEPATH=\Users\ezk;	LOCALAPPDATA=C:\Users\ezk\AppData\Local;	LOGONSERVER=\\DC02;	NUMBER_OF_PROCESSORS=2;	OneDrive=C:\Users\ezk\OneDrive;	OS=Windows_NT;	Path=C:\Windows\system32;C:\Windows;C:\Windows\System32\Wbem;C:\Windows\System32\WindowsPowerShell\v1.0\;C:\Windows\System32\OpenSSH\;C:\Users\ezk\AppData\Local\Microsoft\WindowsApps;	PATHEXT=.COM;.EXE;.BAT;.CMD;.VBS;.VBE;.JS;.JSE;.WSF;.WSH;.MSC;.CPL;	PROCESSOR_ARCHITECTURE=AMD64;	PROCESSOR_IDENTIFIER=Intel64 Family 6 Model 165 Stepping 5, GenuineIntel;	PROCESSOR_LEVEL=6;	PROCESSOR_REVISION=a505;	ProgramData=C:\ProgramData;	ProgramFiles=C:\Program Files;	ProgramFiles(x86)=C:\Program Files (x86);	ProgramW6432=C:\Program Files;	PSModulePath=C:\Users\ezk\Documents\WindowsPowerShell\Modules;C:\Program Files\WindowsPowerShell\Modules;C:\Windows\system32\WindowsPowerShell\v1.0\Modules;	PUBLIC=C:\Users\Public;	SystemDrive=C:;	SystemRoot=C:\Windows;	TEMP=C:\Users\ezk\AppData\Local\Temp;	TMP=C:\Users\ezk\AppData\Local\Temp;	USERDNSDOMAIN=BLUETEAM.COM;	USERDOMAIN=BLUETEAM;	USERDOMAIN_ROAMINGPROFILE=BLUETEAM;	USERNAME=ezk;	USERPROFILE=C:\Users\ezk;	windir=C:\Windows 4/14/2022 8:23:39 PM Process C:\Windows\system32\cmd.exe BLUETEAM\ezk cmd.exe /C wbadmin delete catalog -quiet 10588 9856",benign
wbadmin.exe,4996,RegQueryValue,HKLM\System\CurrentControlSet\Control\TimeZoneInformation\DaylightStart,SUCCESS,"Type: REG_BINARY, Length: 16, Data: 00 00 00 00 00 00 00 00 00 00 00 00 00 00 00 00",4/14/2022 8:23:39 PM,Registry,C:\Windows\system32\wbadmin.exe,BLUETEAM\ezk,wbadmin  delete catalog -quiet,8212,9828,"wbadmin.exe 4996 RegQueryValue HKLM\System\CurrentControlSet\Control\TimeZoneInformation\DaylightStart SUCCESS Type: REG_BINARY, Length: 16, Data: 00 00 00 00 00 00 00 00 00 00 00 00 00 00 00 00 4/14/2022 8:23:39 PM Registry C:\Windows\system32\wbadmin.exe BLUETEAM\ezk wbadmin  delete catalog -quiet 8212 9828",benign
wbadmin.exe,4996,RegCloseKey,HKLM\System\CurrentControlSet\Control\TimeZoneInformation,SUCCESS,,4/14/2022 8:23:39 PM,Registry,C:\Windows\system32\wbadmin.exe,BLUETEAM\ezk,wbadmin  delete catalog -quiet,8212,9828,wbadmin.exe 4996 RegCloseKey HKLM\System\CurrentControlSet\Control\TimeZoneInformation SUCCESS None 4/14/2022 8:23:39 PM Registry C:\Windows\system32\wbadmin.exe BLUETEAM\ezk wbadmin  delete catalog -quiet 8212 9828,benign
wbadmin.exe,4996,WriteFile,C:\Windows\Logs\WindowsBackup\WBEngine.0.etl,SUCCESS,"Offset: 0, Length: 10,240, I/O Flags: Non-cached, Priority: Normal",4/14/2022 8:23:39 PM,File System,C:\Windows\system32\wbadmin.exe,BLUETEAM\ezk,wbadmin  delete catalog -quiet,8212,9828,"wbadmin.exe 4996 WriteFile C:\Windows\Logs\WindowsBackup\WBEngine.0.etl SUCCESS Offset: 0, Length: 10,240, I/O Flags: Non-cached, Priority: Normal 4/14/2022 8:23:39 PM File System C:\Windows\system32\wbadmin.exe BLUETEAM\ezk wbadmin  delete catalog -quiet 8212 9828",benign
wbadmin.exe,4996,RegQueryValue,HKLM\System\CurrentControlSet\Control\WMI\Security\5602c36e-b813-49d1-a1aa-a0c2d43b4f38,NAME NOT FOUND,Length: 528,4/14/2022 8:23:39 PM,Registry,C:\Windows\system32\wbadmin.exe,BLUETEAM\ezk,wbadmin  delete catalog -quiet,8212,9828,wbadmin.exe 4996 RegQueryValue HKLM\System\CurrentControlSet\Control\WMI\Security\5602c36e-b813-49d1-a1aa-a0c2d43b4f38 NAME NOT FOUND Length: 528 4/14/2022 8:23:39 PM Registry C:\Windows\system32\wbadmin.exe BLUETEAM\ezk wbadmin  delete catalog -quiet 8212 9828,benign
wbadmin.exe,4996,RegQueryValue,HKLM\System\CurrentControlSet\Control\WMI\Security\812cb1f3-abd4-11ec-9213-001a7dda7113,NAME NOT FOUND,Length: 528,4/14/2022 8:23:39 PM,Registry,C:\Windows\system32\wbadmin.exe,BLUETEAM\ezk,wbadmin  delete catalog -quiet,8212,9828,wbadmin.exe 4996 RegQueryValue HKLM\System\CurrentControlSet\Control\WMI\Security\812cb1f3-abd4-11ec-9213-001a7dda7113 NAME NOT FOUND Length: 528 4/14/2022 8:23:39 PM Registry C:\Windows\system32\wbadmin.exe BLUETEAM\ezk wbadmin  delete catalog -quiet 8212 9828,benign
wbadmin.exe,4996,RegQueryValue,HKLM\System\CurrentControlSet\Control\WMI\Security\6b1db052-734f-4e23-af5e-6cd8ae459f98,NAME NOT FOUND,Length: 528,4/14/2022 8:23:39 PM,Registry,C:\Windows\system32\wbadmin.exe,BLUETEAM\ezk,wbadmin  delete catalog -quiet,8212,9828,wbadmin.exe 4996 RegQueryValue HKLM\System\CurrentControlSet\Control\WMI\Security\6b1db052-734f-4e23-af5e-6cd8ae459f98 NAME NOT FOUND Length: 528 4/14/2022 8:23:39 PM Registry C:\Windows\system32\wbadmin.exe BLUETEAM\ezk wbadmin  delete catalog -quiet 8212 9828,benign
wbadmin.exe,4996,RegQueryValue,HKLM\System\CurrentControlSet\Control\TimeZoneInformation\DaylightBias,SUCCESS,"Type: REG_DWORD, Length: 4, Data: 4294967236",4/14/2022 8:23:39 PM,Registry,C:\Windows\system32\wbadmin.exe,BLUETEAM\ezk,wbadmin  delete catalog -quiet,8212,9828,"wbadmin.exe 4996 RegQueryValue HKLM\System\CurrentControlSet\Control\TimeZoneInformation\DaylightBias SUCCESS Type: REG_DWORD, Length: 4, Data: 4294967236 4/14/2022 8:23:39 PM Registry C:\Windows\system32\wbadmin.exe BLUETEAM\ezk wbadmin  delete catalog -quiet 8212 9828",benign
wbadmin.exe,4996,RegQueryValue,HKLM\System\CurrentControlSet\Control\WMI\Security\812cb1f3-abd4-11ec-9213-001a7dda7113,NAME NOT FOUND,Length: 528,4/14/2022 8:23:39 PM,Registry,C:\Windows\system32\wbadmin.exe,BLUETEAM\ezk,wbadmin  delete catalog -quiet,8212,9828,wbadmin.exe 4996 RegQueryValue HKLM\System\CurrentControlSet\Control\WMI\Security\812cb1f3-abd4-11ec-9213-001a7dda7113 NAME NOT FOUND Length: 528 4/14/2022 8:23:39 PM Registry C:\Windows\system32\wbadmin.exe BLUETEAM\ezk wbadmin  delete catalog -quiet 8212 9828,benign
wbadmin.exe,4996,RegQueryValue,HKLM\System\CurrentControlSet\Control\WMI\Security\944a000f-5f60-4e5a-86fd-d55b84b543e9,NAME NOT FOUND,Length: 528,4/14/2022 8:23:39 PM,Registry,C:\Windows\system32\wbadmin.exe,BLUETEAM\ezk,wbadmin  delete catalog -quiet,8212,9828,wbadmin.exe 4996 RegQueryValue HKLM\System\CurrentControlSet\Control\WMI\Security\944a000f-5f60-4e5a-86fd-d55b84b543e9 NAME NOT FOUND Length: 528 4/14/2022 8:23:39 PM Registry C:\Windows\system32\wbadmin.exe BLUETEAM\ezk wbadmin  delete catalog -quiet 8212 9828,benign
wbadmin.exe,4996,RegQueryValue,HKLM\System\CurrentControlSet\Control\WMI\Security\812cb1f3-abd4-11ec-9213-001a7dda7113,NAME NOT FOUND,Length: 528,4/14/2022 8:23:39 PM,Registry,C:\Windows\system32\wbadmin.exe,BLUETEAM\ezk,wbadmin  delete catalog -quiet,8212,9828,wbadmin.exe 4996 RegQueryValue HKLM\System\CurrentControlSet\Control\WMI\Security\812cb1f3-abd4-11ec-9213-001a7dda7113 NAME NOT FOUND Length: 528 4/14/2022 8:23:39 PM Registry C:\Windows\system32\wbadmin.exe BLUETEAM\ezk wbadmin  delete catalog -quiet 8212 9828,benign
wbadmin.exe,4996,RegQueryValue,HKLM\System\CurrentControlSet\Control\WMI\Security\944a000f-5f60-4e5a-86fd-d55b84b543e9,NAME NOT FOUND,Length: 528,4/14/2022 8:23:39 PM,Registry,C:\Windows\system32\wbadmin.exe,BLUETEAM\ezk,wbadmin  delete catalog -quiet,8212,9828,wbadmin.exe 4996 RegQueryValue HKLM\System\CurrentControlSet\Control\WMI\Security\944a000f-5f60-4e5a-86fd-d55b84b543e9 NAME NOT FOUND Length: 528 4/14/2022 8:23:39 PM Registry C:\Windows\system32\wbadmin.exe BLUETEAM\ezk wbadmin  delete catalog -quiet 8212 9828,benign
wbadmin.exe,4996,RegQueryValue,HKLM\System\CurrentControlSet\Control\WMI\Security\6407345b-94f2-44c8-b3db-4e076be46816,NAME NOT FOUND,Length: 528,4/14/2022 8:23:39 PM,Registry,C:\Windows\system32\wbadmin.exe,BLUETEAM\ezk,wbadmin  delete catalog -quiet,8212,9828,wbadmin.exe 4996 RegQueryValue HKLM\System\CurrentControlSet\Control\WMI\Security\6407345b-94f2-44c8-b3db-4e076be46816 NAME NOT FOUND Length: 528 4/14/2022 8:23:39 PM Registry C:\Windows\system32\wbadmin.exe BLUETEAM\ezk wbadmin  delete catalog -quiet 8212 9828,benign
wbadmin.exe,4996,RegQueryValue,HKLM\System\CurrentControlSet\Control\WMI\Security\812cb1f3-abd4-11ec-9213-001a7dda7113,NAME NOT FOUND,Length: 528,4/14/2022 8:23:39 PM,Registry,C:\Windows\system32\wbadmin.exe,BLUETEAM\ezk,wbadmin  delete catalog -quiet,8212,9828,wbadmin.exe 4996 RegQueryValue HKLM\System\CurrentControlSet\Control\WMI\Security\812cb1f3-abd4-11ec-9213-001a7dda7113 NAME NOT FOUND Length: 528 4/14/2022 8:23:39 PM Registry C:\Windows\system32\wbadmin.exe BLUETEAM\ezk wbadmin  delete catalog -quiet 8212 9828,benign
wbadmin.exe,4996,RegQueryValue,HKLM\System\CurrentControlSet\Control\WMI\Security\7e9fb43e-a801-430c-9f36-c1146a51ed07,NAME NOT FOUND,Length: 528,4/14/2022 8:23:39 PM,Registry,C:\Windows\system32\wbadmin.exe,BLUETEAM\ezk,wbadmin  delete catalog -quiet,8212,9828,wbadmin.exe 4996 RegQueryValue HKLM\System\CurrentControlSet\Control\WMI\Security\7e9fb43e-a801-430c-9f36-c1146a51ed07 NAME NOT FOUND Length: 528 4/14/2022 8:23:39 PM Registry C:\Windows\system32\wbadmin.exe BLUETEAM\ezk wbadmin  delete catalog -quiet 8212 9828,benign
wbadmin.exe,4996,RegQueryValue,HKLM\System\CurrentControlSet\Control\WMI\Security\6b1db052-734f-4e23-af5e-6cd8ae459f98,NAME NOT FOUND,Length: 528,4/14/2022 8:23:39 PM,Registry,C:\Windows\system32\wbadmin.exe,BLUETEAM\ezk,wbadmin  delete catalog -quiet,8212,9828,wbadmin.exe 4996 RegQueryValue HKLM\System\CurrentControlSet\Control\WMI\Security\6b1db052-734f-4e23-af5e-6cd8ae459f98 NAME NOT FOUND Length: 528 4/14/2022 8:23:39 PM Registry C:\Windows\system32\wbadmin.exe BLUETEAM\ezk wbadmin  delete catalog -quiet 8212 9828,benign
wbadmin.exe,4996,RegQueryValue,HKLM\System\CurrentControlSet\Control\TimeZoneInformation\DaylightName,SUCCESS,"Type: REG_SZ, Length: 32, Data: @tzres.dll,-601",4/14/2022 8:23:39 PM,Registry,C:\Windows\system32\wbadmin.exe,BLUETEAM\ezk,wbadmin  delete catalog -quiet,8212,9828,"wbadmin.exe 4996 RegQueryValue HKLM\System\CurrentControlSet\Control\TimeZoneInformation\DaylightName SUCCESS Type: REG_SZ, Length: 32, Data: @tzres.dll,-601 4/14/2022 8:23:39 PM Registry C:\Windows\system32\wbadmin.exe BLUETEAM\ezk wbadmin  delete catalog -quiet 8212 9828",benign
wbadmin.exe,4996,RegQueryValue,HKLM\System\CurrentControlSet\Control\TimeZoneInformation\StandardStart,SUCCESS,"Type: REG_BINARY, Length: 16, Data: 00 00 00 00 00 00 00 00 00 00 00 00 00 00 00 00",4/14/2022 8:23:39 PM,Registry,C:\Windows\system32\wbadmin.exe,BLUETEAM\ezk,wbadmin  delete catalog -quiet,8212,9828,"wbadmin.exe 4996 RegQueryValue HKLM\System\CurrentControlSet\Control\TimeZoneInformation\StandardStart SUCCESS Type: REG_BINARY, Length: 16, Data: 00 00 00 00 00 00 00 00 00 00 00 00 00 00 00 00 4/14/2022 8:23:39 PM Registry C:\Windows\system32\wbadmin.exe BLUETEAM\ezk wbadmin  delete catalog -quiet 8212 9828",benign
wbadmin.exe,4996,RegQueryValue,HKLM\System\CurrentControlSet\Control\TimeZoneInformation\StandardBias,SUCCESS,"Type: REG_DWORD, Length: 4, Data: 0",4/14/2022 8:23:39 PM,Registry,C:\Windows\system32\wbadmin.exe,BLUETEAM\ezk,wbadmin  delete catalog -quiet,8212,9828,"wbadmin.exe 4996 RegQueryValue HKLM\System\CurrentControlSet\Control\TimeZoneInformation\StandardBias SUCCESS Type: REG_DWORD, Length: 4, Data: 0 4/14/2022 8:23:39 PM Registry C:\Windows\system32\wbadmin.exe BLUETEAM\ezk wbadmin  delete catalog -quiet 8212 9828",benign
wbadmin.exe,4996,QueryBasicInformationFile,C:\Windows\Logs\WindowsBackup,SUCCESS,"CreationTime: 4/14/2022 8:23:39 PM, LastAccessTime: 4/14/2022 8:23:39 PM, LastWriteTime: 4/14/2022 8:23:39 PM, ChangeTime: 4/14/2022 8:23:39 PM, FileAttributes: D",4/14/2022 8:23:39 PM,File System,C:\Windows\system32\wbadmin.exe,BLUETEAM\ezk,wbadmin  delete catalog -quiet,8212,9828,"wbadmin.exe 4996 QueryBasicInformationFile C:\Windows\Logs\WindowsBackup SUCCESS CreationTime: 4/14/2022 8:23:39 PM, LastAccessTime: 4/14/2022 8:23:39 PM, LastWriteTime: 4/14/2022 8:23:39 PM, ChangeTime: 4/14/2022 8:23:39 PM, FileAttributes: D 4/14/2022 8:23:39 PM File System C:\Windows\system32\wbadmin.exe BLUETEAM\ezk wbadmin  delete catalog -quiet 8212 9828",benign
wbadmin.exe,4996,CloseFile,C:\Windows\Logs\WindowsBackup,SUCCESS,,4/14/2022 8:23:39 PM,File System,C:\Windows\system32\wbadmin.exe,BLUETEAM\ezk,wbadmin  delete catalog -quiet,8212,9828,wbadmin.exe 4996 CloseFile C:\Windows\Logs\WindowsBackup SUCCESS None 4/14/2022 8:23:39 PM File System C:\Windows\system32\wbadmin.exe BLUETEAM\ezk wbadmin  delete catalog -quiet 8212 9828,benign
wbadmin.exe,4996,RegOpenKey,HKLM\System\CurrentControlSet\Control\MiniNT,REPARSE,Desired Access: Read,4/14/2022 8:23:39 PM,Registry,C:\Windows\system32\wbadmin.exe,BLUETEAM\ezk,wbadmin  delete catalog -quiet,8212,9828,wbadmin.exe 4996 RegOpenKey HKLM\System\CurrentControlSet\Control\MiniNT REPARSE Desired Access: Read 4/14/2022 8:23:39 PM Registry C:\Windows\system32\wbadmin.exe BLUETEAM\ezk wbadmin  delete catalog -quiet 8212 9828,benign
wbadmin.exe,4996,RegOpenKey,HKLM\System\CurrentControlSet\Control\MiniNT,NAME NOT FOUND,Desired Access: Read,4/14/2022 8:23:39 PM,Registry,C:\Windows\system32\wbadmin.exe,BLUETEAM\ezk,wbadmin  delete catalog -quiet,8212,9828,wbadmin.exe 4996 RegOpenKey HKLM\System\CurrentControlSet\Control\MiniNT NAME NOT FOUND Desired Access: Read 4/14/2022 8:23:39 PM Registry C:\Windows\system32\wbadmin.exe BLUETEAM\ezk wbadmin  delete catalog -quiet 8212 9828,benign
wbadmin.exe,4996,CreateFile,C:\Windows\Logs\WindowsBackup,SUCCESS,"Desired Access: Synchronize, Disposition: Open, Options: Directory, Synchronous IO Non-Alert, Open For Free Space Query, Attributes: n/a, ShareMode: None, AllocationSize: n/a, OpenResult: Opened",4/14/2022 8:23:39 PM,File System,C:\Windows\system32\wbadmin.exe,BLUETEAM\ezk,wbadmin  delete catalog -quiet,8212,9828,"wbadmin.exe 4996 CreateFile C:\Windows\Logs\WindowsBackup SUCCESS Desired Access: Synchronize, Disposition: Open, Options: Directory, Synchronous IO Non-Alert, Open For Free Space Query, Attributes: n/a, ShareMode: None, AllocationSize: n/a, OpenResult: Opened 4/14/2022 8:23:39 PM File System C:\Windows\system32\wbadmin.exe BLUETEAM\ezk wbadmin  delete catalog -quiet 8212 9828",benign
wbadmin.exe,4996,CloseFile,C:\Windows\Logs\WindowsBackup,SUCCESS,,4/14/2022 8:23:39 PM,File System,C:\Windows\system32\wbadmin.exe,BLUETEAM\ezk,wbadmin  delete catalog -quiet,8212,9828,wbadmin.exe 4996 CloseFile C:\Windows\Logs\WindowsBackup SUCCESS None 4/14/2022 8:23:39 PM File System C:\Windows\system32\wbadmin.exe BLUETEAM\ezk wbadmin  delete catalog -quiet 8212 9828,benign
wbadmin.exe,4996,RegQueryValue,HKLM\System\CurrentControlSet\Control\WMI\Security\812cb1f3-abd4-11ec-9213-001a7dda7113,NAME NOT FOUND,Length: 528,4/14/2022 8:23:39 PM,Registry,C:\Windows\system32\wbadmin.exe,BLUETEAM\ezk,wbadmin  delete catalog -quiet,8212,9828,wbadmin.exe 4996 RegQueryValue HKLM\System\CurrentControlSet\Control\WMI\Security\812cb1f3-abd4-11ec-9213-001a7dda7113 NAME NOT FOUND Length: 528 4/14/2022 8:23:39 PM Registry C:\Windows\system32\wbadmin.exe BLUETEAM\ezk wbadmin  delete catalog -quiet 8212 9828,benign
wbadmin.exe,4996,CreateFile,C:\Windows\Logs\WindowsBackup\WBEngine.0.etl,NAME NOT FOUND,"Desired Access: Generic Read/Write, Delete, Disposition: Open, Options: , Attributes: N, ShareMode: None, AllocationSize: n/a",4/14/2022 8:23:39 PM,File System,C:\Windows\system32\wbadmin.exe,BLUETEAM\ezk,wbadmin  delete catalog -quiet,8212,9828,"wbadmin.exe 4996 CreateFile C:\Windows\Logs\WindowsBackup\WBEngine.0.etl NAME NOT FOUND Desired Access: Generic Read/Write, Delete, Disposition: Open, Options: , Attributes: N, ShareMode: None, AllocationSize: n/a 4/14/2022 8:23:39 PM File System C:\Windows\system32\wbadmin.exe BLUETEAM\ezk wbadmin  delete catalog -quiet 8212 9828",benign
wbadmin.exe,4996,CreateFile,C:\Windows\Logs\WindowsBackup\WBEngine.0.etl,SUCCESS,"Desired Access: Generic Read, Write Data/Add File, Disposition: OverwriteIf, Options: No Buffering, Synchronous IO Non-Alert, Attributes: N, ShareMode: Read, Delete, AllocationSize: 0, OpenResult: Created",4/14/2022 8:23:39 PM,File System,C:\Windows\system32\wbadmin.exe,BLUETEAM\ezk,wbadmin  delete catalog -quiet,8212,9828,"wbadmin.exe 4996 CreateFile C:\Windows\Logs\WindowsBackup\WBEngine.0.etl SUCCESS Desired Access: Generic Read, Write Data/Add File, Disposition: OverwriteIf, Options: No Buffering, Synchronous IO Non-Alert, Attributes: N, ShareMode: Read, Delete, AllocationSize: 0, OpenResult: Created 4/14/2022 8:23:39 PM File System C:\Windows\system32\wbadmin.exe BLUETEAM\ezk wbadmin  delete catalog -quiet 8212 9828",benign
wbadmin.exe,4996,QueryBasicInformationFile,C:\Windows\Logs\WindowsBackup\WBEngine.0.etl,SUCCESS,"CreationTime: 4/14/2022 8:23:39 PM, LastAccessTime: 4/14/2022 8:23:39 PM, LastWriteTime: 4/14/2022 8:23:39 PM, ChangeTime: 4/14/2022 8:23:39 PM, FileAttributes: A",4/14/2022 8:23:39 PM,File System,C:\Windows\system32\wbadmin.exe,BLUETEAM\ezk,wbadmin  delete catalog -quiet,8212,9828,"wbadmin.exe 4996 QueryBasicInformationFile C:\Windows\Logs\WindowsBackup\WBEngine.0.etl SUCCESS CreationTime: 4/14/2022 8:23:39 PM, LastAccessTime: 4/14/2022 8:23:39 PM, LastWriteTime: 4/14/2022 8:23:39 PM, ChangeTime: 4/14/2022 8:23:39 PM, FileAttributes: A 4/14/2022 8:23:39 PM File System C:\Windows\system32\wbadmin.exe BLUETEAM\ezk wbadmin  delete catalog -quiet 8212 9828",benign
wbadmin.exe,4996,SetBasicInformationFile,C:\Windows\Logs\WindowsBackup\WBEngine.0.etl,SUCCESS,"CreationTime: 1/1/1601 8:00:00 AM, LastAccessTime: 1/1/1601 8:00:00 AM, LastWriteTime: 1/1/1601 8:00:00 AM, ChangeTime: 1/1/1601 8:00:00 AM, FileAttributes: NCI",4/14/2022 8:23:39 PM,File System,C:\Windows\system32\wbadmin.exe,BLUETEAM\ezk,wbadmin  delete catalog -quiet,8212,9828,"wbadmin.exe 4996 SetBasicInformationFile C:\Windows\Logs\WindowsBackup\WBEngine.0.etl SUCCESS CreationTime: 1/1/1601 8:00:00 AM, LastAccessTime: 1/1/1601 8:00:00 AM, LastWriteTime: 1/1/1601 8:00:00 AM, ChangeTime: 1/1/1601 8:00:00 AM, FileAttributes: NCI 4/14/2022 8:23:39 PM File System C:\Windows\system32\wbadmin.exe BLUETEAM\ezk wbadmin  delete catalog -quiet 8212 9828",benign
wbadmin.exe,4996,RegOpenKey,HKLM\System\CurrentControlSet\Control\TimeZoneInformation,REPARSE,"Desired Access: Read, Maximum Allowed",4/14/2022 8:23:39 PM,Registry,C:\Windows\system32\wbadmin.exe,BLUETEAM\ezk,wbadmin  delete catalog -quiet,8212,9828,"wbadmin.exe 4996 RegOpenKey HKLM\System\CurrentControlSet\Control\TimeZoneInformation REPARSE Desired Access: Read, Maximum Allowed 4/14/2022 8:23:39 PM Registry C:\Windows\system32\wbadmin.exe BLUETEAM\ezk wbadmin  delete catalog -quiet 8212 9828",benign
wbadmin.exe,4996,RegOpenKey,HKLM\System\CurrentControlSet\Control\TimeZoneInformation,SUCCESS,"Desired Access: Read, Maximum Allowed",4/14/2022 8:23:39 PM,Registry,C:\Windows\system32\wbadmin.exe,BLUETEAM\ezk,wbadmin  delete catalog -quiet,8212,9828,"wbadmin.exe 4996 RegOpenKey HKLM\System\CurrentControlSet\Control\TimeZoneInformation SUCCESS Desired Access: Read, Maximum Allowed 4/14/2022 8:23:39 PM Registry C:\Windows\system32\wbadmin.exe BLUETEAM\ezk wbadmin  delete catalog -quiet 8212 9828",benign
wbadmin.exe,4996,RegQueryValue,HKLM\System\CurrentControlSet\Control\TimeZoneInformation\Bias,SUCCESS,"Type: REG_DWORD, Length: 4, Data: 4294966816",4/14/2022 8:23:39 PM,Registry,C:\Windows\system32\wbadmin.exe,BLUETEAM\ezk,wbadmin  delete catalog -quiet,8212,9828,"wbadmin.exe 4996 RegQueryValue HKLM\System\CurrentControlSet\Control\TimeZoneInformation\Bias SUCCESS Type: REG_DWORD, Length: 4, Data: 4294966816 4/14/2022 8:23:39 PM Registry C:\Windows\system32\wbadmin.exe BLUETEAM\ezk wbadmin  delete catalog -quiet 8212 9828",benign
wbadmin.exe,4996,RegQueryValue,HKLM\System\CurrentControlSet\Control\TimeZoneInformation\StandardName,SUCCESS,"Type: REG_SZ, Length: 32, Data: @tzres.dll,-602",4/14/2022 8:23:39 PM,Registry,C:\Windows\system32\wbadmin.exe,BLUETEAM\ezk,wbadmin  delete catalog -quiet,8212,9828,"wbadmin.exe 4996 RegQueryValue HKLM\System\CurrentControlSet\Control\TimeZoneInformation\StandardName SUCCESS Type: REG_SZ, Length: 32, Data: @tzres.dll,-602 4/14/2022 8:23:39 PM Registry C:\Windows\system32\wbadmin.exe BLUETEAM\ezk wbadmin  delete catalog -quiet 8212 9828",benign
wbadmin.exe,4996,RegQueryValue,HKLM\System\CurrentControlSet\Control\WMI\Security\812cb1f3-abd4-11ec-9213-001a7dda7113,NAME NOT FOUND,Length: 528,4/14/2022 8:23:39 PM,Registry,C:\Windows\system32\wbadmin.exe,BLUETEAM\ezk,wbadmin  delete catalog -quiet,8212,9828,wbadmin.exe 4996 RegQueryValue HKLM\System\CurrentControlSet\Control\WMI\Security\812cb1f3-abd4-11ec-9213-001a7dda7113 NAME NOT FOUND Length: 528 4/14/2022 8:23:39 PM Registry C:\Windows\system32\wbadmin.exe BLUETEAM\ezk wbadmin  delete catalog -quiet 8212 9828,benign
wbadmin.exe,4996,RegQueryValue,HKLM\System\CurrentControlSet\Control\WMI\Security\7e9fb43e-a801-430c-9f36-c1146a51ed07,NAME NOT FOUND,Length: 528,4/14/2022 8:23:39 PM,Registry,C:\Windows\system32\wbadmin.exe,BLUETEAM\ezk,wbadmin  delete catalog -quiet,8212,9828,wbadmin.exe 4996 RegQueryValue HKLM\System\CurrentControlSet\Control\WMI\Security\7e9fb43e-a801-430c-9f36-c1146a51ed07 NAME NOT FOUND Length: 528 4/14/2022 8:23:39 PM Registry C:\Windows\system32\wbadmin.exe BLUETEAM\ezk wbadmin  delete catalog -quiet 8212 9828,benign
wbadmin.exe,4996,RegQueryValue,HKLM\System\CurrentControlSet\Control\WMI\Security\4b966436-6781-4906-8035-9af94b32c3f7,NAME NOT FOUND,Length: 528,4/14/2022 8:23:39 PM,Registry,C:\Windows\system32\wbadmin.exe,BLUETEAM\ezk,wbadmin  delete catalog -quiet,8212,9828,wbadmin.exe 4996 RegQueryValue HKLM\System\CurrentControlSet\Control\WMI\Security\4b966436-6781-4906-8035-9af94b32c3f7 NAME NOT FOUND Length: 528 4/14/2022 8:23:39 PM Registry C:\Windows\system32\wbadmin.exe BLUETEAM\ezk wbadmin  delete catalog -quiet 8212 9828,benign
wbadmin.exe,4996,RegQueryValue,HKLM\System\CurrentControlSet\Control\WMI\Security\812cb1f3-abd4-11ec-9213-001a7dda7113,NAME NOT FOUND,Length: 528,4/14/2022 8:23:39 PM,Registry,C:\Windows\system32\wbadmin.exe,BLUETEAM\ezk,wbadmin  delete catalog -quiet,8212,9828,wbadmin.exe 4996 RegQueryValue HKLM\System\CurrentControlSet\Control\WMI\Security\812cb1f3-abd4-11ec-9213-001a7dda7113 NAME NOT FOUND Length: 528 4/14/2022 8:23:39 PM Registry C:\Windows\system32\wbadmin.exe BLUETEAM\ezk wbadmin  delete catalog -quiet 8212 9828,benign
wbadmin.exe,4996,QueryBasicInformationFile,C:\Windows\System32\rpcss.dll,SUCCESS,"CreationTime: 9/22/2021 5:22:05 PM, LastAccessTime: 4/14/2022 8:23:18 PM, LastWriteTime: 9/22/2021 5:22:05 PM, ChangeTime: 10/15/2021 2:25:23 PM, FileAttributes: A",4/14/2022 8:23:39 PM,File System,C:\Windows\system32\wbadmin.exe,BLUETEAM\ezk,wbadmin  delete catalog -quiet,8212,9828,"wbadmin.exe 4996 QueryBasicInformationFile C:\Windows\System32\rpcss.dll SUCCESS CreationTime: 9/22/2021 5:22:05 PM, LastAccessTime: 4/14/2022 8:23:18 PM, LastWriteTime: 9/22/2021 5:22:05 PM, ChangeTime: 10/15/2021 2:25:23 PM, FileAttributes: A 4/14/2022 8:23:39 PM File System C:\Windows\system32\wbadmin.exe BLUETEAM\ezk wbadmin  delete catalog -quiet 8212 9828",benign
wbadmin.exe,4996,CloseFile,C:\Windows\System32\rpcss.dll,SUCCESS,,4/14/2022 8:23:39 PM,File System,C:\Windows\system32\wbadmin.exe,BLUETEAM\ezk,wbadmin  delete catalog -quiet,8212,9828,wbadmin.exe 4996 CloseFile C:\Windows\System32\rpcss.dll SUCCESS None 4/14/2022 8:23:39 PM File System C:\Windows\system32\wbadmin.exe BLUETEAM\ezk wbadmin  delete catalog -quiet 8212 9828,benign
wbadmin.exe,4996,CreateFile,C:\Windows\System32\rpcss.dll,SUCCESS,"Desired Access: Read Data/List Directory, Synchronize, Disposition: Open, Options: Synchronous IO Non-Alert, Non-Directory File, Attributes: n/a, ShareMode: Read, Delete, AllocationSize: n/a, OpenResult: Opened",4/14/2022 8:23:39 PM,File System,C:\Windows\system32\wbadmin.exe,BLUETEAM\ezk,wbadmin  delete catalog -quiet,8212,9828,"wbadmin.exe 4996 CreateFile C:\Windows\System32\rpcss.dll SUCCESS Desired Access: Read Data/List Directory, Synchronize, Disposition: Open, Options: Synchronous IO Non-Alert, Non-Directory File, Attributes: n/a, ShareMode: Read, Delete, AllocationSize: n/a, OpenResult: Opened 4/14/2022 8:23:39 PM File System C:\Windows\system32\wbadmin.exe BLUETEAM\ezk wbadmin  delete catalog -quiet 8212 9828",benign
wbadmin.exe,4996,CloseFile,C:\Windows\System32\rpcss.dll,SUCCESS,,4/14/2022 8:23:39 PM,File System,C:\Windows\system32\wbadmin.exe,BLUETEAM\ezk,wbadmin  delete catalog -quiet,8212,9828,wbadmin.exe 4996 CloseFile C:\Windows\System32\rpcss.dll SUCCESS None 4/14/2022 8:23:39 PM File System C:\Windows\system32\wbadmin.exe BLUETEAM\ezk wbadmin  delete catalog -quiet 8212 9828,benign
wbadmin.exe,4996,CreateFile,C:\Windows\System32\kernel.appcore.dll,SUCCESS,"Desired Access: Read Attributes, Disposition: Open, Options: Open Reparse Point, Attributes: n/a, ShareMode: Read, Write, Delete, AllocationSize: n/a, OpenResult: Opened",4/14/2022 8:23:39 PM,File System,C:\Windows\system32\wbadmin.exe,BLUETEAM\ezk,wbadmin  delete catalog -quiet,8212,9828,"wbadmin.exe 4996 CreateFile C:\Windows\System32\kernel.appcore.dll SUCCESS Desired Access: Read Attributes, Disposition: Open, Options: Open Reparse Point, Attributes: n/a, ShareMode: Read, Write, Delete, AllocationSize: n/a, OpenResult: Opened 4/14/2022 8:23:39 PM File System C:\Windows\system32\wbadmin.exe BLUETEAM\ezk wbadmin  delete catalog -quiet 8212 9828",benign
wbadmin.exe,4996,QueryBasicInformationFile,C:\Windows\System32\kernel.appcore.dll,SUCCESS,"CreationTime: 9/22/2021 5:21:47 PM, LastAccessTime: 4/14/2022 8:23:18 PM, LastWriteTime: 9/22/2021 5:21:47 PM, ChangeTime: 10/15/2021 2:25:23 PM, FileAttributes: A",4/14/2022 8:23:39 PM,File System,C:\Windows\system32\wbadmin.exe,BLUETEAM\ezk,wbadmin  delete catalog -quiet,8212,9828,"wbadmin.exe 4996 QueryBasicInformationFile C:\Windows\System32\kernel.appcore.dll SUCCESS CreationTime: 9/22/2021 5:21:47 PM, LastAccessTime: 4/14/2022 8:23:18 PM, LastWriteTime: 9/22/2021 5:21:47 PM, ChangeTime: 10/15/2021 2:25:23 PM, FileAttributes: A 4/14/2022 8:23:39 PM File System C:\Windows\system32\wbadmin.exe BLUETEAM\ezk wbadmin  delete catalog -quiet 8212 9828",benign
wbadmin.exe,4996,CloseFile,C:\Windows\System32\kernel.appcore.dll,SUCCESS,,4/14/2022 8:23:39 PM,File System,C:\Windows\system32\wbadmin.exe,BLUETEAM\ezk,wbadmin  delete catalog -quiet,8212,9828,wbadmin.exe 4996 CloseFile C:\Windows\System32\kernel.appcore.dll SUCCESS None 4/14/2022 8:23:39 PM File System C:\Windows\system32\wbadmin.exe BLUETEAM\ezk wbadmin  delete catalog -quiet 8212 9828,benign
wbadmin.exe,4996,CreateFile,C:\Windows\System32\kernel.appcore.dll,SUCCESS,"Desired Access: Read Data/List Directory, Execute/Traverse, Synchronize, Disposition: Open, Options: Synchronous IO Non-Alert, Non-Directory File, Attributes: n/a, ShareMode: Read, Delete, AllocationSize: n/a, OpenResult: Opened",4/14/2022 8:23:39 PM,File System,C:\Windows\system32\wbadmin.exe,BLUETEAM\ezk,wbadmin  delete catalog -quiet,8212,9828,"wbadmin.exe 4996 CreateFile C:\Windows\System32\kernel.appcore.dll SUCCESS Desired Access: Read Data/List Directory, Execute/Traverse, Synchronize, Disposition: Open, Options: Synchronous IO Non-Alert, Non-Directory File, Attributes: n/a, ShareMode: Read, Delete, AllocationSize: n/a, OpenResult: Opened 4/14/2022 8:23:39 PM File System C:\Windows\system32\wbadmin.exe BLUETEAM\ezk wbadmin  delete catalog -quiet 8212 9828",benign
wbadmin.exe,4996,CloseFile,C:\Windows\System32\kernel.appcore.dll,SUCCESS,,4/14/2022 8:23:39 PM,File System,C:\Windows\system32\wbadmin.exe,BLUETEAM\ezk,wbadmin  delete catalog -quiet,8212,9828,wbadmin.exe 4996 CloseFile C:\Windows\System32\kernel.appcore.dll SUCCESS None 4/14/2022 8:23:39 PM File System C:\Windows\system32\wbadmin.exe BLUETEAM\ezk wbadmin  delete catalog -quiet 8212 9828,benign
wbadmin.exe,4996,RegOpenKey,HKLM\System\CurrentControlSet\Control\Lsa\FipsAlgorithmPolicy,REPARSE,Desired Access: Query Value,4/14/2022 8:23:39 PM,Registry,C:\Windows\system32\wbadmin.exe,BLUETEAM\ezk,wbadmin  delete catalog -quiet,8212,9828,wbadmin.exe 4996 RegOpenKey HKLM\System\CurrentControlSet\Control\Lsa\FipsAlgorithmPolicy REPARSE Desired Access: Query Value 4/14/2022 8:23:39 PM Registry C:\Windows\system32\wbadmin.exe BLUETEAM\ezk wbadmin  delete catalog -quiet 8212 9828,benign
wbadmin.exe,4996,RegOpenKey,HKLM\System\CurrentControlSet\Control\Lsa\FipsAlgorithmPolicy,SUCCESS,Desired Access: Query Value,4/14/2022 8:23:39 PM,Registry,C:\Windows\system32\wbadmin.exe,BLUETEAM\ezk,wbadmin  delete catalog -quiet,8212,9828,wbadmin.exe 4996 RegOpenKey HKLM\System\CurrentControlSet\Control\Lsa\FipsAlgorithmPolicy SUCCESS Desired Access: Query Value 4/14/2022 8:23:39 PM Registry C:\Windows\system32\wbadmin.exe BLUETEAM\ezk wbadmin  delete catalog -quiet 8212 9828,benign
wbadmin.exe,4996,RegQueryValue,HKLM\System\CurrentControlSet\Control\Lsa\FipsAlgorithmPolicy\STE,NAME NOT FOUND,Length: 20,4/14/2022 8:23:39 PM,Registry,C:\Windows\system32\wbadmin.exe,BLUETEAM\ezk,wbadmin  delete catalog -quiet,8212,9828,wbadmin.exe 4996 RegQueryValue HKLM\System\CurrentControlSet\Control\Lsa\FipsAlgorithmPolicy\STE NAME NOT FOUND Length: 20 4/14/2022 8:23:39 PM Registry C:\Windows\system32\wbadmin.exe BLUETEAM\ezk wbadmin  delete catalog -quiet 8212 9828,benign
wbadmin.exe,4996,RegCloseKey,HKLM\System\CurrentControlSet\Control\Lsa\FipsAlgorithmPolicy,SUCCESS,,4/14/2022 8:23:39 PM,Registry,C:\Windows\system32\wbadmin.exe,BLUETEAM\ezk,wbadmin  delete catalog -quiet,8212,9828,wbadmin.exe 4996 RegCloseKey HKLM\System\CurrentControlSet\Control\Lsa\FipsAlgorithmPolicy SUCCESS None 4/14/2022 8:23:39 PM Registry C:\Windows\system32\wbadmin.exe BLUETEAM\ezk wbadmin  delete catalog -quiet 8212 9828,benign
wbadmin.exe,4996,RegOpenKey,HKLM\System\CurrentControlSet\Control\Lsa\FipsAlgorithmPolicy,REPARSE,Desired Access: Query Value,4/14/2022 8:23:39 PM,Registry,C:\Windows\system32\wbadmin.exe,BLUETEAM\ezk,wbadmin  delete catalog -quiet,8212,9828,wbadmin.exe 4996 RegOpenKey HKLM\System\CurrentControlSet\Control\Lsa\FipsAlgorithmPolicy REPARSE Desired Access: Query Value 4/14/2022 8:23:39 PM Registry C:\Windows\system32\wbadmin.exe BLUETEAM\ezk wbadmin  delete catalog -quiet 8212 9828,benign
wbadmin.exe,4996,RegOpenKey,HKLM\System\CurrentControlSet\Control\Lsa\FipsAlgorithmPolicy,SUCCESS,Desired Access: Query Value,4/14/2022 8:23:39 PM,Registry,C:\Windows\system32\wbadmin.exe,BLUETEAM\ezk,wbadmin  delete catalog -quiet,8212,9828,wbadmin.exe 4996 RegOpenKey HKLM\System\CurrentControlSet\Control\Lsa\FipsAlgorithmPolicy SUCCESS Desired Access: Query Value 4/14/2022 8:23:39 PM Registry C:\Windows\system32\wbadmin.exe BLUETEAM\ezk wbadmin  delete catalog -quiet 8212 9828,benign
wbadmin.exe,4996,CreateFile,C:\Windows\System32\rpcss.dll,SUCCESS,"Desired Access: Read Attributes, Disposition: Open, Options: Open Reparse Point, Attributes: n/a, ShareMode: Read, Write, Delete, AllocationSize: n/a, OpenResult: Opened",4/14/2022 8:23:39 PM,File System,C:\Windows\system32\wbadmin.exe,BLUETEAM\ezk,wbadmin  delete catalog -quiet,8212,9828,"wbadmin.exe 4996 CreateFile C:\Windows\System32\rpcss.dll SUCCESS Desired Access: Read Attributes, Disposition: Open, Options: Open Reparse Point, Attributes: n/a, ShareMode: Read, Write, Delete, AllocationSize: n/a, OpenResult: Opened 4/14/2022 8:23:39 PM File System C:\Windows\system32\wbadmin.exe BLUETEAM\ezk wbadmin  delete catalog -quiet 8212 9828",benign
wbadmin.exe,4996,CreateFile,C:\Windows\Logs\WindowsBackup,SUCCESS,"Desired Access: Read Data/List Directory, Synchronize, Disposition: Create, Options: Directory, Synchronous IO Non-Alert, Open Reparse Point, Attributes: N, ShareMode: Read, Write, AllocationSize: 0, OpenResult: Created",4/14/2022 8:23:39 PM,File System,C:\Windows\system32\wbadmin.exe,BLUETEAM\ezk,wbadmin  delete catalog -quiet,8212,9828,"wbadmin.exe 4996 CreateFile C:\Windows\Logs\WindowsBackup SUCCESS Desired Access: Read Data/List Directory, Synchronize, Disposition: Create, Options: Directory, Synchronous IO Non-Alert, Open Reparse Point, Attributes: N, ShareMode: Read, Write, AllocationSize: 0, OpenResult: Created 4/14/2022 8:23:39 PM File System C:\Windows\system32\wbadmin.exe BLUETEAM\ezk wbadmin  delete catalog -quiet 8212 9828",benign
wbadmin.exe,4996,RegCloseKey,HKLM\System\CurrentControlSet\Control,SUCCESS,,4/14/2022 8:23:39 PM,Registry,C:\Windows\system32\wbadmin.exe,BLUETEAM\ezk,wbadmin  delete catalog -quiet,8212,9828,wbadmin.exe 4996 RegCloseKey HKLM\System\CurrentControlSet\Control SUCCESS None 4/14/2022 8:23:39 PM Registry C:\Windows\system32\wbadmin.exe BLUETEAM\ezk wbadmin  delete catalog -quiet 8212 9828,benign
wbadmin.exe,4996,RegOpenKey,HKLM\System\CurrentControlSet\Control,SUCCESS,"Desired Access: Read, Maximum Allowed",4/14/2022 8:23:39 PM,Registry,C:\Windows\system32\wbadmin.exe,BLUETEAM\ezk,wbadmin  delete catalog -quiet,8212,9828,"wbadmin.exe 4996 RegOpenKey HKLM\System\CurrentControlSet\Control SUCCESS Desired Access: Read, Maximum Allowed 4/14/2022 8:23:39 PM Registry C:\Windows\system32\wbadmin.exe BLUETEAM\ezk wbadmin  delete catalog -quiet 8212 9828",benign
wbadmin.exe,4996,RegOpenKey,HKLM\System\CurrentControlSet\Control\Nls\CustomLocale,REPARSE,Desired Access: Read,4/14/2022 8:23:39 PM,Registry,C:\Windows\system32\wbadmin.exe,BLUETEAM\ezk,wbadmin  delete catalog -quiet,8212,9828,wbadmin.exe 4996 RegOpenKey HKLM\System\CurrentControlSet\Control\Nls\CustomLocale REPARSE Desired Access: Read 4/14/2022 8:23:39 PM Registry C:\Windows\system32\wbadmin.exe BLUETEAM\ezk wbadmin  delete catalog -quiet 8212 9828,benign
wbadmin.exe,4996,RegOpenKey,HKLM\System\CurrentControlSet\Control\Nls\CustomLocale,SUCCESS,Desired Access: Read,4/14/2022 8:23:39 PM,Registry,C:\Windows\system32\wbadmin.exe,BLUETEAM\ezk,wbadmin  delete catalog -quiet,8212,9828,wbadmin.exe 4996 RegOpenKey HKLM\System\CurrentControlSet\Control\Nls\CustomLocale SUCCESS Desired Access: Read 4/14/2022 8:23:39 PM Registry C:\Windows\system32\wbadmin.exe BLUETEAM\ezk wbadmin  delete catalog -quiet 8212 9828,benign
wbadmin.exe,4996,RegQueryValue,HKLM\System\CurrentControlSet\Control\Nls\CustomLocale\en-US,NAME NOT FOUND,Length: 532,4/14/2022 8:23:39 PM,Registry,C:\Windows\system32\wbadmin.exe,BLUETEAM\ezk,wbadmin  delete catalog -quiet,8212,9828,wbadmin.exe 4996 RegQueryValue HKLM\System\CurrentControlSet\Control\Nls\CustomLocale\en-US NAME NOT FOUND Length: 532 4/14/2022 8:23:39 PM Registry C:\Windows\system32\wbadmin.exe BLUETEAM\ezk wbadmin  delete catalog -quiet 8212 9828,benign
wbadmin.exe,4996,RegCloseKey,HKLM\System\CurrentControlSet\Control\Nls\CustomLocale,SUCCESS,,4/14/2022 8:23:39 PM,Registry,C:\Windows\system32\wbadmin.exe,BLUETEAM\ezk,wbadmin  delete catalog -quiet,8212,9828,wbadmin.exe 4996 RegCloseKey HKLM\System\CurrentControlSet\Control\Nls\CustomLocale SUCCESS None 4/14/2022 8:23:39 PM Registry C:\Windows\system32\wbadmin.exe BLUETEAM\ezk wbadmin  delete catalog -quiet 8212 9828,benign
wbadmin.exe,4996,RegOpenKey,HKLM\System\CurrentControlSet\Control\Nls\ExtendedLocale,REPARSE,Desired Access: Read,4/14/2022 8:23:39 PM,Registry,C:\Windows\system32\wbadmin.exe,BLUETEAM\ezk,wbadmin  delete catalog -quiet,8212,9828,wbadmin.exe 4996 RegOpenKey HKLM\System\CurrentControlSet\Control\Nls\ExtendedLocale REPARSE Desired Access: Read 4/14/2022 8:23:39 PM Registry C:\Windows\system32\wbadmin.exe BLUETEAM\ezk wbadmin  delete catalog -quiet 8212 9828,benign
wbadmin.exe,4996,RegOpenKey,HKLM\System\CurrentControlSet\Control\Nls\ExtendedLocale,SUCCESS,Desired Access: Read,4/14/2022 8:23:39 PM,Registry,C:\Windows\system32\wbadmin.exe,BLUETEAM\ezk,wbadmin  delete catalog -quiet,8212,9828,wbadmin.exe 4996 RegOpenKey HKLM\System\CurrentControlSet\Control\Nls\ExtendedLocale SUCCESS Desired Access: Read 4/14/2022 8:23:39 PM Registry C:\Windows\system32\wbadmin.exe BLUETEAM\ezk wbadmin  delete catalog -quiet 8212 9828,benign
wbadmin.exe,4996,RegQueryValue,HKLM\System\CurrentControlSet\Control\Nls\ExtendedLocale\en-US,NAME NOT FOUND,Length: 532,4/14/2022 8:23:39 PM,Registry,C:\Windows\system32\wbadmin.exe,BLUETEAM\ezk,wbadmin  delete catalog -quiet,8212,9828,wbadmin.exe 4996 RegQueryValue HKLM\System\CurrentControlSet\Control\Nls\ExtendedLocale\en-US NAME NOT FOUND Length: 532 4/14/2022 8:23:39 PM Registry C:\Windows\system32\wbadmin.exe BLUETEAM\ezk wbadmin  delete catalog -quiet 8212 9828,benign
wbadmin.exe,4996,RegCloseKey,HKLM\System\CurrentControlSet\Control\Nls\ExtendedLocale,SUCCESS,,4/14/2022 8:23:39 PM,Registry,C:\Windows\system32\wbadmin.exe,BLUETEAM\ezk,wbadmin  delete catalog -quiet,8212,9828,wbadmin.exe 4996 RegCloseKey HKLM\System\CurrentControlSet\Control\Nls\ExtendedLocale SUCCESS None 4/14/2022 8:23:39 PM Registry C:\Windows\system32\wbadmin.exe BLUETEAM\ezk wbadmin  delete catalog -quiet 8212 9828,benign
wbadmin.exe,4996,RegQueryKey,HKLM,SUCCESS,"Query: HandleTags, HandleTags: 0x0",4/14/2022 8:23:39 PM,Registry,C:\Windows\system32\wbadmin.exe,BLUETEAM\ezk,wbadmin  delete catalog -quiet,8212,9828,"wbadmin.exe 4996 RegQueryKey HKLM SUCCESS Query: HandleTags, HandleTags: 0x0 4/14/2022 8:23:39 PM Registry C:\Windows\system32\wbadmin.exe BLUETEAM\ezk wbadmin  delete catalog -quiet 8212 9828",benign
wbadmin.exe,4996,RegOpenKey,HKLM\System\CurrentControlSet\Control\MiniNT,NAME NOT FOUND,Desired Access: Read,4/14/2022 8:23:39 PM,Registry,C:\Windows\system32\wbadmin.exe,BLUETEAM\ezk,wbadmin  delete catalog -quiet,8212,9828,wbadmin.exe 4996 RegOpenKey HKLM\System\CurrentControlSet\Control\MiniNT NAME NOT FOUND Desired Access: Read 4/14/2022 8:23:39 PM Registry C:\Windows\system32\wbadmin.exe BLUETEAM\ezk wbadmin  delete catalog -quiet 8212 9828,benign
wbadmin.exe,4996,RegQueryKey,HKLM,SUCCESS,"Query: HandleTags, HandleTags: 0x0",4/14/2022 8:23:39 PM,Registry,C:\Windows\system32\wbadmin.exe,BLUETEAM\ezk,wbadmin  delete catalog -quiet,8212,9828,"wbadmin.exe 4996 RegQueryKey HKLM SUCCESS Query: HandleTags, HandleTags: 0x0 4/14/2022 8:23:39 PM Registry C:\Windows\system32\wbadmin.exe BLUETEAM\ezk wbadmin  delete catalog -quiet 8212 9828",benign
wbadmin.exe,4996,RegOpenKey,HKLM\System\CurrentControlSet\Control\MiniNT,NAME NOT FOUND,Desired Access: Read,4/14/2022 8:23:39 PM,Registry,C:\Windows\system32\wbadmin.exe,BLUETEAM\ezk,wbadmin  delete catalog -quiet,8212,9828,wbadmin.exe 4996 RegOpenKey HKLM\System\CurrentControlSet\Control\MiniNT NAME NOT FOUND Desired Access: Read 4/14/2022 8:23:39 PM Registry C:\Windows\system32\wbadmin.exe BLUETEAM\ezk wbadmin  delete catalog -quiet 8212 9828,benign
wbadmin.exe,4996,RegOpenKey,HKLM\System\CurrentControlSet\Control\MiniNT,REPARSE,"Desired Access: Read, Maximum Allowed",4/14/2022 8:23:39 PM,Registry,C:\Windows\system32\wbadmin.exe,BLUETEAM\ezk,wbadmin  delete catalog -quiet,8212,9828,"wbadmin.exe 4996 RegOpenKey HKLM\System\CurrentControlSet\Control\MiniNT REPARSE Desired Access: Read, Maximum Allowed 4/14/2022 8:23:39 PM Registry C:\Windows\system32\wbadmin.exe BLUETEAM\ezk wbadmin  delete catalog -quiet 8212 9828",benign
wbadmin.exe,4996,RegOpenKey,HKLM\System\CurrentControlSet\Control\MiniNT,NAME NOT FOUND,"Desired Access: Read, Maximum Allowed",4/14/2022 8:23:39 PM,Registry,C:\Windows\system32\wbadmin.exe,BLUETEAM\ezk,wbadmin  delete catalog -quiet,8212,9828,"wbadmin.exe 4996 RegOpenKey HKLM\System\CurrentControlSet\Control\MiniNT NAME NOT FOUND Desired Access: Read, Maximum Allowed 4/14/2022 8:23:39 PM Registry C:\Windows\system32\wbadmin.exe BLUETEAM\ezk wbadmin  delete catalog -quiet 8212 9828",benign
wbadmin.exe,4996,RegOpenKey,HKLM\System\CurrentControlSet\Control\,REPARSE,"Desired Access: Read, Maximum Allowed",4/14/2022 8:23:39 PM,Registry,C:\Windows\system32\wbadmin.exe,BLUETEAM\ezk,wbadmin  delete catalog -quiet,8212,9828,"wbadmin.exe 4996 RegOpenKey HKLM\System\CurrentControlSet\Control\ REPARSE Desired Access: Read, Maximum Allowed 4/14/2022 8:23:39 PM Registry C:\Windows\system32\wbadmin.exe BLUETEAM\ezk wbadmin  delete catalog -quiet 8212 9828",benign
wbadmin.exe,4996,RegQueryValue,HKLM\System\CurrentControlSet\Control\PortableOperatingSystem,NAME NOT FOUND,"Length: 4,094",4/14/2022 8:23:39 PM,Registry,C:\Windows\system32\wbadmin.exe,BLUETEAM\ezk,wbadmin  delete catalog -quiet,8212,9828,"wbadmin.exe 4996 RegQueryValue HKLM\System\CurrentControlSet\Control\PortableOperatingSystem NAME NOT FOUND Length: 4,094 4/14/2022 8:23:39 PM Registry C:\Windows\system32\wbadmin.exe BLUETEAM\ezk wbadmin  delete catalog -quiet 8212 9828",benign
wbadmin.exe,4996,RegQueryValue,HKLM\System\CurrentControlSet\Control\Lsa\FipsAlgorithmPolicy\Enabled,SUCCESS,"Type: REG_DWORD, Length: 4, Data: 0",4/14/2022 8:23:39 PM,Registry,C:\Windows\system32\wbadmin.exe,BLUETEAM\ezk,wbadmin  delete catalog -quiet,8212,9828,"wbadmin.exe 4996 RegQueryValue HKLM\System\CurrentControlSet\Control\Lsa\FipsAlgorithmPolicy\Enabled SUCCESS Type: REG_DWORD, Length: 4, Data: 0 4/14/2022 8:23:39 PM Registry C:\Windows\system32\wbadmin.exe BLUETEAM\ezk wbadmin  delete catalog -quiet 8212 9828",benign
wbadmin.exe,4996,CreateFile,C:\Windows\Logs\WindowsBackup,NAME NOT FOUND,"Desired Access: Read Attributes, Disposition: Open, Options: Open Reparse Point, Attributes: n/a, ShareMode: Read, Write, Delete, AllocationSize: n/a",4/14/2022 8:23:39 PM,File System,C:\Windows\system32\wbadmin.exe,BLUETEAM\ezk,wbadmin  delete catalog -quiet,8212,9828,"wbadmin.exe 4996 CreateFile C:\Windows\Logs\WindowsBackup NAME NOT FOUND Desired Access: Read Attributes, Disposition: Open, Options: Open Reparse Point, Attributes: n/a, ShareMode: Read, Write, Delete, AllocationSize: n/a 4/14/2022 8:23:39 PM File System C:\Windows\system32\wbadmin.exe BLUETEAM\ezk wbadmin  delete catalog -quiet 8212 9828",benign
wbadmin.exe,4996,RegQueryValue,HKLM\SOFTWARE\Microsoft\Rpc\IdleTimerWindow,NAME NOT FOUND,Length: 16,4/14/2022 8:23:39 PM,Registry,C:\Windows\system32\wbadmin.exe,BLUETEAM\ezk,wbadmin  delete catalog -quiet,8212,9828,wbadmin.exe 4996 RegQueryValue HKLM\SOFTWARE\Microsoft\Rpc\IdleTimerWindow NAME NOT FOUND Length: 16 4/14/2022 8:23:39 PM Registry C:\Windows\system32\wbadmin.exe BLUETEAM\ezk wbadmin  delete catalog -quiet 8212 9828,benign
wbadmin.exe,4996,RegCloseKey,HKCU\Control Panel\Desktop,SUCCESS,,4/14/2022 8:23:39 PM,Registry,C:\Windows\system32\wbadmin.exe,BLUETEAM\ezk,wbadmin  delete catalog -quiet,8212,9828,wbadmin.exe 4996 RegCloseKey HKCU\Control Panel\Desktop SUCCESS None 4/14/2022 8:23:39 PM Registry C:\Windows\system32\wbadmin.exe BLUETEAM\ezk wbadmin  delete catalog -quiet 8212 9828,benign
wbadmin.exe,4996,RegCloseKey,HKCU,SUCCESS,,4/14/2022 8:23:39 PM,Registry,C:\Windows\system32\wbadmin.exe,BLUETEAM\ezk,wbadmin  delete catalog -quiet,8212,9828,wbadmin.exe 4996 RegCloseKey HKCU SUCCESS None 4/14/2022 8:23:39 PM Registry C:\Windows\system32\wbadmin.exe BLUETEAM\ezk wbadmin  delete catalog -quiet 8212 9828,benign
wbadmin.exe,4996,RegOpenKey,HKLM\Software\Policies\Microsoft\MUI\Settings,NAME NOT FOUND,Desired Access: Read,4/14/2022 8:23:39 PM,Registry,C:\Windows\system32\wbadmin.exe,BLUETEAM\ezk,wbadmin  delete catalog -quiet,8212,9828,wbadmin.exe 4996 RegOpenKey HKLM\Software\Policies\Microsoft\MUI\Settings NAME NOT FOUND Desired Access: Read 4/14/2022 8:23:39 PM Registry C:\Windows\system32\wbadmin.exe BLUETEAM\ezk wbadmin  delete catalog -quiet 8212 9828,benign
wbadmin.exe,4996,RegOpenKey,HKCU,SUCCESS,"Desired Access: Maximum Allowed, Granted Access: All Access",4/14/2022 8:23:39 PM,Registry,C:\Windows\system32\wbadmin.exe,BLUETEAM\ezk,wbadmin  delete catalog -quiet,8212,9828,"wbadmin.exe 4996 RegOpenKey HKCU SUCCESS Desired Access: Maximum Allowed, Granted Access: All Access 4/14/2022 8:23:39 PM Registry C:\Windows\system32\wbadmin.exe BLUETEAM\ezk wbadmin  delete catalog -quiet 8212 9828",benign
wbadmin.exe,4996,RegOpenKey,HKCU\Control Panel\Desktop\MuiCached,SUCCESS,Desired Access: Read,4/14/2022 8:23:39 PM,Registry,C:\Windows\system32\wbadmin.exe,BLUETEAM\ezk,wbadmin  delete catalog -quiet,8212,9828,wbadmin.exe 4996 RegOpenKey HKCU\Control Panel\Desktop\MuiCached SUCCESS Desired Access: Read 4/14/2022 8:23:39 PM Registry C:\Windows\system32\wbadmin.exe BLUETEAM\ezk wbadmin  delete catalog -quiet 8212 9828,benign
wbadmin.exe,4996,RegQueryValue,HKCU\Control Panel\Desktop\MuiCached\MachinePreferredUILanguages,BUFFER OVERFLOW,Length: 12,4/14/2022 8:23:39 PM,Registry,C:\Windows\system32\wbadmin.exe,BLUETEAM\ezk,wbadmin  delete catalog -quiet,8212,9828,wbadmin.exe 4996 RegQueryValue HKCU\Control Panel\Desktop\MuiCached\MachinePreferredUILanguages BUFFER OVERFLOW Length: 12 4/14/2022 8:23:39 PM Registry C:\Windows\system32\wbadmin.exe BLUETEAM\ezk wbadmin  delete catalog -quiet 8212 9828,benign
wbadmin.exe,4996,RegQueryValue,HKCU\Control Panel\Desktop\PreferredUILanguages,NAME NOT FOUND,Length: 12,4/14/2022 8:23:39 PM,Registry,C:\Windows\system32\wbadmin.exe,BLUETEAM\ezk,wbadmin  delete catalog -quiet,8212,9828,wbadmin.exe 4996 RegQueryValue HKCU\Control Panel\Desktop\PreferredUILanguages NAME NOT FOUND Length: 12 4/14/2022 8:23:39 PM Registry C:\Windows\system32\wbadmin.exe BLUETEAM\ezk wbadmin  delete catalog -quiet 8212 9828,benign
wbadmin.exe,4996,RegQueryValue,HKCU\Control Panel\Desktop\MuiCached\MachinePreferredUILanguages,SUCCESS,"Type: REG_MULTI_SZ, Length: 12, Data: en-US",4/14/2022 8:23:39 PM,Registry,C:\Windows\system32\wbadmin.exe,BLUETEAM\ezk,wbadmin  delete catalog -quiet,8212,9828,"wbadmin.exe 4996 RegQueryValue HKCU\Control Panel\Desktop\MuiCached\MachinePreferredUILanguages SUCCESS Type: REG_MULTI_SZ, Length: 12, Data: en-US 4/14/2022 8:23:39 PM Registry C:\Windows\system32\wbadmin.exe BLUETEAM\ezk wbadmin  delete catalog -quiet 8212 9828",benign
wbadmin.exe,4996,RegCloseKey,HKCU,SUCCESS,,4/14/2022 8:23:39 PM,Registry,C:\Windows\system32\wbadmin.exe,BLUETEAM\ezk,wbadmin  delete catalog -quiet,8212,9828,wbadmin.exe 4996 RegCloseKey HKCU SUCCESS None 4/14/2022 8:23:39 PM Registry C:\Windows\system32\wbadmin.exe BLUETEAM\ezk wbadmin  delete catalog -quiet 8212 9828,benign
wbadmin.exe,4996,RegOpenKey,HKLM\System\CurrentControlSet\Control\StateSeparation\RedirectionMap\Keys,REPARSE,Desired Access: Read,4/14/2022 8:23:39 PM,Registry,C:\Windows\system32\wbadmin.exe,BLUETEAM\ezk,wbadmin  delete catalog -quiet,8212,9828,wbadmin.exe 4996 RegOpenKey HKLM\System\CurrentControlSet\Control\StateSeparation\RedirectionMap\Keys REPARSE Desired Access: Read 4/14/2022 8:23:39 PM Registry C:\Windows\system32\wbadmin.exe BLUETEAM\ezk wbadmin  delete catalog -quiet 8212 9828,benign
wbadmin.exe,4996,RegOpenKey,HKLM\System\CurrentControlSet\Control\StateSeparation\RedirectionMap\Keys,NAME NOT FOUND,Desired Access: Read,4/14/2022 8:23:39 PM,Registry,C:\Windows\system32\wbadmin.exe,BLUETEAM\ezk,wbadmin  delete catalog -quiet,8212,9828,wbadmin.exe 4996 RegOpenKey HKLM\System\CurrentControlSet\Control\StateSeparation\RedirectionMap\Keys NAME NOT FOUND Desired Access: Read 4/14/2022 8:23:39 PM Registry C:\Windows\system32\wbadmin.exe BLUETEAM\ezk wbadmin  delete catalog -quiet 8212 9828,benign
wbadmin.exe,4996,RegOpenKey,HKLM\Software\Microsoft\LanguageOverlay\OverlayPackages\en-US,NAME NOT FOUND,Desired Access: Read,4/14/2022 8:23:39 PM,Registry,C:\Windows\system32\wbadmin.exe,BLUETEAM\ezk,wbadmin  delete catalog -quiet,8212,9828,wbadmin.exe 4996 RegOpenKey HKLM\Software\Microsoft\LanguageOverlay\OverlayPackages\en-US NAME NOT FOUND Desired Access: Read 4/14/2022 8:23:39 PM Registry C:\Windows\system32\wbadmin.exe BLUETEAM\ezk wbadmin  delete catalog -quiet 8212 9828,benign
wbadmin.exe,4996,CreateFile,C:\Windows\System32\en-US\wbadmin.exe.mui,SUCCESS,"Desired Access: Read Data/List Directory, Synchronize, Disposition: Open, Options: Synchronous IO Non-Alert, Non-Directory File, Attributes: n/a, ShareMode: Read, Delete, AllocationSize: n/a, OpenResult: Opened",4/14/2022 8:23:39 PM,File System,C:\Windows\system32\wbadmin.exe,BLUETEAM\ezk,wbadmin  delete catalog -quiet,8212,9828,"wbadmin.exe 4996 CreateFile C:\Windows\System32\en-US\wbadmin.exe.mui SUCCESS Desired Access: Read Data/List Directory, Synchronize, Disposition: Open, Options: Synchronous IO Non-Alert, Non-Directory File, Attributes: n/a, ShareMode: Read, Delete, AllocationSize: n/a, OpenResult: Opened 4/14/2022 8:23:39 PM File System C:\Windows\system32\wbadmin.exe BLUETEAM\ezk wbadmin  delete catalog -quiet 8212 9828",benign
wbadmin.exe,4996,RegQueryKey,HKLM,SUCCESS,"Query: HandleTags, HandleTags: 0x0",4/14/2022 8:23:39 PM,Registry,C:\Windows\system32\wbadmin.exe,BLUETEAM\ezk,wbadmin  delete catalog -quiet,8212,9828,"wbadmin.exe 4996 RegQueryKey HKLM SUCCESS Query: HandleTags, HandleTags: 0x0 4/14/2022 8:23:39 PM Registry C:\Windows\system32\wbadmin.exe BLUETEAM\ezk wbadmin  delete catalog -quiet 8212 9828",benign
wbadmin.exe,4996,RegCloseKey,HKCU\Control Panel\Desktop\MuiCached,SUCCESS,,4/14/2022 8:23:39 PM,Registry,C:\Windows\system32\wbadmin.exe,BLUETEAM\ezk,wbadmin  delete catalog -quiet,8212,9828,wbadmin.exe 4996 RegCloseKey HKCU\Control Panel\Desktop\MuiCached SUCCESS None 4/14/2022 8:23:39 PM Registry C:\Windows\system32\wbadmin.exe BLUETEAM\ezk wbadmin  delete catalog -quiet 8212 9828,benign
wbadmin.exe,4996,RegOpenKey,HKCU\Control Panel\Desktop,SUCCESS,Desired Access: Read,4/14/2022 8:23:39 PM,Registry,C:\Windows\system32\wbadmin.exe,BLUETEAM\ezk,wbadmin  delete catalog -quiet,8212,9828,wbadmin.exe 4996 RegOpenKey HKCU\Control Panel\Desktop SUCCESS Desired Access: Read 4/14/2022 8:23:39 PM Registry C:\Windows\system32\wbadmin.exe BLUETEAM\ezk wbadmin  delete catalog -quiet 8212 9828,benign
wbadmin.exe,4996,RegOpenKey,HKCU\Software\Policies\Microsoft\Control Panel\Desktop,NAME NOT FOUND,Desired Access: Read,4/14/2022 8:23:39 PM,Registry,C:\Windows\system32\wbadmin.exe,BLUETEAM\ezk,wbadmin  delete catalog -quiet,8212,9828,wbadmin.exe 4996 RegOpenKey HKCU\Software\Policies\Microsoft\Control Panel\Desktop NAME NOT FOUND Desired Access: Read 4/14/2022 8:23:39 PM Registry C:\Windows\system32\wbadmin.exe BLUETEAM\ezk wbadmin  delete catalog -quiet 8212 9828,benign
wbadmin.exe,4996,RegOpenKey,HKCU,SUCCESS,"Desired Access: Maximum Allowed, Granted Access: All Access",4/14/2022 8:23:39 PM,Registry,C:\Windows\system32\wbadmin.exe,BLUETEAM\ezk,wbadmin  delete catalog -quiet,8212,9828,"wbadmin.exe 4996 RegOpenKey HKCU SUCCESS Desired Access: Maximum Allowed, Granted Access: All Access 4/14/2022 8:23:39 PM Registry C:\Windows\system32\wbadmin.exe BLUETEAM\ezk wbadmin  delete catalog -quiet 8212 9828",benign
wbadmin.exe,4996,RegOpenKey,HKCU\Control Panel\Desktop,SUCCESS,Desired Access: Read,4/14/2022 8:23:39 PM,Registry,C:\Windows\system32\wbadmin.exe,BLUETEAM\ezk,wbadmin  delete catalog -quiet,8212,9828,wbadmin.exe 4996 RegOpenKey HKCU\Control Panel\Desktop SUCCESS Desired Access: Read 4/14/2022 8:23:39 PM Registry C:\Windows\system32\wbadmin.exe BLUETEAM\ezk wbadmin  delete catalog -quiet 8212 9828,benign
wbadmin.exe,4996,RegQueryValue,HKCU\Control Panel\Desktop\EnablePerProcessSystemDPI,NAME NOT FOUND,Length: 20,4/14/2022 8:23:39 PM,Registry,C:\Windows\system32\wbadmin.exe,BLUETEAM\ezk,wbadmin  delete catalog -quiet,8212,9828,wbadmin.exe 4996 RegQueryValue HKCU\Control Panel\Desktop\EnablePerProcessSystemDPI NAME NOT FOUND Length: 20 4/14/2022 8:23:39 PM Registry C:\Windows\system32\wbadmin.exe BLUETEAM\ezk wbadmin  delete catalog -quiet 8212 9828,benign
wbadmin.exe,4996,RegCloseKey,HKCU\Control Panel\Desktop,SUCCESS,,4/14/2022 8:23:39 PM,Registry,C:\Windows\system32\wbadmin.exe,BLUETEAM\ezk,wbadmin  delete catalog -quiet,8212,9828,wbadmin.exe 4996 RegCloseKey HKCU\Control Panel\Desktop SUCCESS None 4/14/2022 8:23:39 PM Registry C:\Windows\system32\wbadmin.exe BLUETEAM\ezk wbadmin  delete catalog -quiet 8212 9828,benign
wbadmin.exe,4996,RegOpenKey,HKLM\Software\Microsoft\Windows NT\CurrentVersion\Compatibility32,SUCCESS,Desired Access: Read,4/14/2022 8:23:39 PM,Registry,C:\Windows\system32\wbadmin.exe,BLUETEAM\ezk,wbadmin  delete catalog -quiet,8212,9828,wbadmin.exe 4996 RegOpenKey HKLM\Software\Microsoft\Windows NT\CurrentVersion\Compatibility32 SUCCESS Desired Access: Read 4/14/2022 8:23:39 PM Registry C:\Windows\system32\wbadmin.exe BLUETEAM\ezk wbadmin  delete catalog -quiet 8212 9828,benign
wbadmin.exe,4996,RegQueryValue,HKLM\SOFTWARE\Microsoft\Windows NT\CurrentVersion\Compatibility32\wbadmin,NAME NOT FOUND,Length: 172,4/14/2022 8:23:39 PM,Registry,C:\Windows\system32\wbadmin.exe,BLUETEAM\ezk,wbadmin  delete catalog -quiet,8212,9828,wbadmin.exe 4996 RegQueryValue HKLM\SOFTWARE\Microsoft\Windows NT\CurrentVersion\Compatibility32\wbadmin NAME NOT FOUND Length: 172 4/14/2022 8:23:39 PM Registry C:\Windows\system32\wbadmin.exe BLUETEAM\ezk wbadmin  delete catalog -quiet 8212 9828,benign
wbadmin.exe,4996,RegCloseKey,HKLM\SOFTWARE\Microsoft\Windows NT\CurrentVersion\Compatibility32,SUCCESS,,4/14/2022 8:23:39 PM,Registry,C:\Windows\system32\wbadmin.exe,BLUETEAM\ezk,wbadmin  delete catalog -quiet,8212,9828,wbadmin.exe 4996 RegCloseKey HKLM\SOFTWARE\Microsoft\Windows NT\CurrentVersion\Compatibility32 SUCCESS None 4/14/2022 8:23:39 PM Registry C:\Windows\system32\wbadmin.exe BLUETEAM\ezk wbadmin  delete catalog -quiet 8212 9828,benign
wbadmin.exe,4996,RegOpenKey,HKLM\Software\Microsoft\Windows NT\CurrentVersion\IME Compatibility,NAME NOT FOUND,Desired Access: Read,4/14/2022 8:23:39 PM,Registry,C:\Windows\system32\wbadmin.exe,BLUETEAM\ezk,wbadmin  delete catalog -quiet,8212,9828,wbadmin.exe 4996 RegOpenKey HKLM\Software\Microsoft\Windows NT\CurrentVersion\IME Compatibility NAME NOT FOUND Desired Access: Read 4/14/2022 8:23:39 PM Registry C:\Windows\system32\wbadmin.exe BLUETEAM\ezk wbadmin  delete catalog -quiet 8212 9828,benign
wbadmin.exe,4996,RegOpenKey,HKCU,SUCCESS,"Desired Access: Maximum Allowed, Granted Access: All Access",4/14/2022 8:23:39 PM,Registry,C:\Windows\system32\wbadmin.exe,BLUETEAM\ezk,wbadmin  delete catalog -quiet,8212,9828,"wbadmin.exe 4996 RegOpenKey HKCU SUCCESS Desired Access: Maximum Allowed, Granted Access: All Access 4/14/2022 8:23:39 PM Registry C:\Windows\system32\wbadmin.exe BLUETEAM\ezk wbadmin  delete catalog -quiet 8212 9828",benign
wbadmin.exe,4996,RegOpenKey,HKCU\Control Panel\Desktop\MuiCached\MachineLanguageConfiguration,NAME NOT FOUND,Desired Access: Read,4/14/2022 8:23:39 PM,Registry,C:\Windows\system32\wbadmin.exe,BLUETEAM\ezk,wbadmin  delete catalog -quiet,8212,9828,wbadmin.exe 4996 RegOpenKey HKCU\Control Panel\Desktop\MuiCached\MachineLanguageConfiguration NAME NOT FOUND Desired Access: Read 4/14/2022 8:23:39 PM Registry C:\Windows\system32\wbadmin.exe BLUETEAM\ezk wbadmin  delete catalog -quiet 8212 9828,benign
wbadmin.exe,4996,RegOpenKey,HKLM\Software\Policies\Microsoft\MUI\Settings,NAME NOT FOUND,Desired Access: Read,4/14/2022 8:23:39 PM,Registry,C:\Windows\system32\wbadmin.exe,BLUETEAM\ezk,wbadmin  delete catalog -quiet,8212,9828,wbadmin.exe 4996 RegOpenKey HKLM\Software\Policies\Microsoft\MUI\Settings NAME NOT FOUND Desired Access: Read 4/14/2022 8:23:39 PM Registry C:\Windows\system32\wbadmin.exe BLUETEAM\ezk wbadmin  delete catalog -quiet 8212 9828,benign
wbadmin.exe,4996,RegOpenKey,HKCU,SUCCESS,"Desired Access: Maximum Allowed, Granted Access: All Access",4/14/2022 8:23:39 PM,Registry,C:\Windows\system32\wbadmin.exe,BLUETEAM\ezk,wbadmin  delete catalog -quiet,8212,9828,"wbadmin.exe 4996 RegOpenKey HKCU SUCCESS Desired Access: Maximum Allowed, Granted Access: All Access 4/14/2022 8:23:39 PM Registry C:\Windows\system32\wbadmin.exe BLUETEAM\ezk wbadmin  delete catalog -quiet 8212 9828",benign
wbadmin.exe,4996,RegOpenKey,HKCU\Software\Policies\Microsoft\Control Panel\Desktop,NAME NOT FOUND,Desired Access: Read,4/14/2022 8:23:39 PM,Registry,C:\Windows\system32\wbadmin.exe,BLUETEAM\ezk,wbadmin  delete catalog -quiet,8212,9828,wbadmin.exe 4996 RegOpenKey HKCU\Software\Policies\Microsoft\Control Panel\Desktop NAME NOT FOUND Desired Access: Read 4/14/2022 8:23:39 PM Registry C:\Windows\system32\wbadmin.exe BLUETEAM\ezk wbadmin  delete catalog -quiet 8212 9828,benign
wbadmin.exe,4996,RegOpenKey,HKCU\Control Panel\Desktop\LanguageConfiguration,NAME NOT FOUND,Desired Access: Read,4/14/2022 8:23:39 PM,Registry,C:\Windows\system32\wbadmin.exe,BLUETEAM\ezk,wbadmin  delete catalog -quiet,8212,9828,wbadmin.exe 4996 RegOpenKey HKCU\Control Panel\Desktop\LanguageConfiguration NAME NOT FOUND Desired Access: Read 4/14/2022 8:23:39 PM Registry C:\Windows\system32\wbadmin.exe BLUETEAM\ezk wbadmin  delete catalog -quiet 8212 9828,benign
wbadmin.exe,4996,RegCloseKey,HKCU,SUCCESS,,4/14/2022 8:23:39 PM,Registry,C:\Windows\system32\wbadmin.exe,BLUETEAM\ezk,wbadmin  delete catalog -quiet,8212,9828,wbadmin.exe 4996 RegCloseKey HKCU SUCCESS None 4/14/2022 8:23:39 PM Registry C:\Windows\system32\wbadmin.exe BLUETEAM\ezk wbadmin  delete catalog -quiet 8212 9828,benign
wbadmin.exe,4996,RegOpenKey,HKLM\Software\Policies\Microsoft\MUI\Settings,NAME NOT FOUND,Desired Access: Read,4/14/2022 8:23:39 PM,Registry,C:\Windows\system32\wbadmin.exe,BLUETEAM\ezk,wbadmin  delete catalog -quiet,8212,9828,wbadmin.exe 4996 RegOpenKey HKLM\Software\Policies\Microsoft\MUI\Settings NAME NOT FOUND Desired Access: Read 4/14/2022 8:23:39 PM Registry C:\Windows\system32\wbadmin.exe BLUETEAM\ezk wbadmin  delete catalog -quiet 8212 9828,benign
wbadmin.exe,4996,RegOpenKey,HKLM\Software\Microsoft\Windows NT\CurrentVersion\Windows,SUCCESS,Desired Access: Read,4/14/2022 8:23:39 PM,Registry,C:\Windows\system32\wbadmin.exe,BLUETEAM\ezk,wbadmin  delete catalog -quiet,8212,9828,wbadmin.exe 4996 RegOpenKey HKLM\Software\Microsoft\Windows NT\CurrentVersion\Windows SUCCESS Desired Access: Read 4/14/2022 8:23:39 PM Registry C:\Windows\system32\wbadmin.exe BLUETEAM\ezk wbadmin  delete catalog -quiet 8212 9828,benign
wbadmin.exe,4996,RegQueryValue,HKLM\SOFTWARE\Microsoft\Windows NT\CurrentVersion\Windows\LoadAppInit_DLLs,SUCCESS,"Type: REG_DWORD, Length: 4, Data: 0",4/14/2022 8:23:39 PM,Registry,C:\Windows\system32\wbadmin.exe,BLUETEAM\ezk,wbadmin  delete catalog -quiet,8212,9828,"wbadmin.exe 4996 RegQueryValue HKLM\SOFTWARE\Microsoft\Windows NT\CurrentVersion\Windows\LoadAppInit_DLLs SUCCESS Type: REG_DWORD, Length: 4, Data: 0 4/14/2022 8:23:39 PM Registry C:\Windows\system32\wbadmin.exe BLUETEAM\ezk wbadmin  delete catalog -quiet 8212 9828",benign
wbadmin.exe,4996,RegCloseKey,HKLM\SOFTWARE\Microsoft\Windows NT\CurrentVersion\Windows,SUCCESS,,4/14/2022 8:23:39 PM,Registry,C:\Windows\system32\wbadmin.exe,BLUETEAM\ezk,wbadmin  delete catalog -quiet,8212,9828,wbadmin.exe 4996 RegCloseKey HKLM\SOFTWARE\Microsoft\Windows NT\CurrentVersion\Windows SUCCESS None 4/14/2022 8:23:39 PM Registry C:\Windows\system32\wbadmin.exe BLUETEAM\ezk wbadmin  delete catalog -quiet 8212 9828,benign
wbadmin.exe,4996,RegOpenKey,HKLM\SOFTWARE\Microsoft\Windows NT\CurrentVersion\Image File Execution Options\wbadmin.exe,NAME NOT FOUND,"Desired Access: Query Value, Enumerate Sub Keys",4/14/2022 8:23:39 PM,Registry,C:\Windows\system32\wbadmin.exe,BLUETEAM\ezk,wbadmin  delete catalog -quiet,8212,9828,"wbadmin.exe 4996 RegOpenKey HKLM\SOFTWARE\Microsoft\Windows NT\CurrentVersion\Image File Execution Options\wbadmin.exe NAME NOT FOUND Desired Access: Query Value, Enumerate Sub Keys 4/14/2022 8:23:39 PM Registry C:\Windows\system32\wbadmin.exe BLUETEAM\ezk wbadmin  delete catalog -quiet 8212 9828",benign
wbadmin.exe,4996,RegOpenKey,HKLM\System\CurrentControlSet\Control\ComputerName\ActiveComputerName,REPARSE,Desired Access: Read,4/14/2022 8:23:39 PM,Registry,C:\Windows\system32\wbadmin.exe,BLUETEAM\ezk,wbadmin  delete catalog -quiet,8212,9828,wbadmin.exe 4996 RegOpenKey HKLM\System\CurrentControlSet\Control\ComputerName\ActiveComputerName REPARSE Desired Access: Read 4/14/2022 8:23:39 PM Registry C:\Windows\system32\wbadmin.exe BLUETEAM\ezk wbadmin  delete catalog -quiet 8212 9828,benign
wbadmin.exe,4996,RegOpenKey,HKLM\System\CurrentControlSet\Control\ComputerName\ActiveComputerName,SUCCESS,Desired Access: Read,4/14/2022 8:23:39 PM,Registry,C:\Windows\system32\wbadmin.exe,BLUETEAM\ezk,wbadmin  delete catalog -quiet,8212,9828,wbadmin.exe 4996 RegOpenKey HKLM\System\CurrentControlSet\Control\ComputerName\ActiveComputerName SUCCESS Desired Access: Read 4/14/2022 8:23:39 PM Registry C:\Windows\system32\wbadmin.exe BLUETEAM\ezk wbadmin  delete catalog -quiet 8212 9828,benign
wbadmin.exe,4996,RegQueryValue,HKLM\System\CurrentControlSet\Control\ComputerName\ActiveComputerName\ComputerName,SUCCESS,"Type: REG_SZ, Length: 32, Data: DESKTOP-BA1RQFC",4/14/2022 8:23:39 PM,Registry,C:\Windows\system32\wbadmin.exe,BLUETEAM\ezk,wbadmin  delete catalog -quiet,8212,9828,"wbadmin.exe 4996 RegQueryValue HKLM\System\CurrentControlSet\Control\ComputerName\ActiveComputerName\ComputerName SUCCESS Type: REG_SZ, Length: 32, Data: DESKTOP-BA1RQFC 4/14/2022 8:23:39 PM Registry C:\Windows\system32\wbadmin.exe BLUETEAM\ezk wbadmin  delete catalog -quiet 8212 9828",benign
wbadmin.exe,4996,RegCloseKey,HKLM\System\CurrentControlSet\Control\ComputerName\ActiveComputerName,SUCCESS,,4/14/2022 8:23:39 PM,Registry,C:\Windows\system32\wbadmin.exe,BLUETEAM\ezk,wbadmin  delete catalog -quiet,8212,9828,wbadmin.exe 4996 RegCloseKey HKLM\System\CurrentControlSet\Control\ComputerName\ActiveComputerName SUCCESS None 4/14/2022 8:23:39 PM Registry C:\Windows\system32\wbadmin.exe BLUETEAM\ezk wbadmin  delete catalog -quiet 8212 9828,benign
wbadmin.exe,4996,RegOpenKey,HKLM\System\Setup,SUCCESS,Desired Access: Read,4/14/2022 8:23:39 PM,Registry,C:\Windows\system32\wbadmin.exe,BLUETEAM\ezk,wbadmin  delete catalog -quiet,8212,9828,wbadmin.exe 4996 RegOpenKey HKLM\System\Setup SUCCESS Desired Access: Read 4/14/2022 8:23:39 PM Registry C:\Windows\system32\wbadmin.exe BLUETEAM\ezk wbadmin  delete catalog -quiet 8212 9828,benign
wbadmin.exe,4996,RegQueryValue,HKLM\SYSTEM\Setup\OOBEInProgress,SUCCESS,"Type: REG_DWORD, Length: 4, Data: 0",4/14/2022 8:23:39 PM,Registry,C:\Windows\system32\wbadmin.exe,BLUETEAM\ezk,wbadmin  delete catalog -quiet,8212,9828,"wbadmin.exe 4996 RegQueryValue HKLM\SYSTEM\Setup\OOBEInProgress SUCCESS Type: REG_DWORD, Length: 4, Data: 0 4/14/2022 8:23:39 PM Registry C:\Windows\system32\wbadmin.exe BLUETEAM\ezk wbadmin  delete catalog -quiet 8212 9828",benign
wbadmin.exe,4996,RegCloseKey,HKLM\SYSTEM\Setup,SUCCESS,,4/14/2022 8:23:39 PM,Registry,C:\Windows\system32\wbadmin.exe,BLUETEAM\ezk,wbadmin  delete catalog -quiet,8212,9828,wbadmin.exe 4996 RegCloseKey HKLM\SYSTEM\Setup SUCCESS None 4/14/2022 8:23:39 PM Registry C:\Windows\system32\wbadmin.exe BLUETEAM\ezk wbadmin  delete catalog -quiet 8212 9828,benign
wbadmin.exe,4996,RegOpenKey,HKLM\System\Setup,SUCCESS,Desired Access: Read,4/14/2022 8:23:39 PM,Registry,C:\Windows\system32\wbadmin.exe,BLUETEAM\ezk,wbadmin  delete catalog -quiet,8212,9828,wbadmin.exe 4996 RegOpenKey HKLM\System\Setup SUCCESS Desired Access: Read 4/14/2022 8:23:39 PM Registry C:\Windows\system32\wbadmin.exe BLUETEAM\ezk wbadmin  delete catalog -quiet 8212 9828,benign
wbadmin.exe,4996,RegQueryValue,HKLM\SYSTEM\Setup\SystemSetupInProgress,SUCCESS,"Type: REG_DWORD, Length: 4, Data: 0",4/14/2022 8:23:39 PM,Registry,C:\Windows\system32\wbadmin.exe,BLUETEAM\ezk,wbadmin  delete catalog -quiet,8212,9828,"wbadmin.exe 4996 RegQueryValue HKLM\SYSTEM\Setup\SystemSetupInProgress SUCCESS Type: REG_DWORD, Length: 4, Data: 0 4/14/2022 8:23:39 PM Registry C:\Windows\system32\wbadmin.exe BLUETEAM\ezk wbadmin  delete catalog -quiet 8212 9828",benign
wbadmin.exe,4996,RegCloseKey,HKLM\SYSTEM\Setup,SUCCESS,,4/14/2022 8:23:39 PM,Registry,C:\Windows\system32\wbadmin.exe,BLUETEAM\ezk,wbadmin  delete catalog -quiet,8212,9828,wbadmin.exe 4996 RegCloseKey HKLM\SYSTEM\Setup SUCCESS None 4/14/2022 8:23:39 PM Registry C:\Windows\system32\wbadmin.exe BLUETEAM\ezk wbadmin  delete catalog -quiet 8212 9828,benign
wbadmin.exe,4996,RegOpenKey,HKLM\SOFTWARE\Microsoft\Windows NT\CurrentVersion\Image File Execution Options\wbadmin.exe,NAME NOT FOUND,"Desired Access: Query Value, Enumerate Sub Keys",4/14/2022 8:23:39 PM,Registry,C:\Windows\system32\wbadmin.exe,BLUETEAM\ezk,wbadmin  delete catalog -quiet,8212,9828,"wbadmin.exe 4996 RegOpenKey HKLM\SOFTWARE\Microsoft\Windows NT\CurrentVersion\Image File Execution Options\wbadmin.exe NAME NOT FOUND Desired Access: Query Value, Enumerate Sub Keys 4/14/2022 8:23:39 PM Registry C:\Windows\system32\wbadmin.exe BLUETEAM\ezk wbadmin  delete catalog -quiet 8212 9828",benign
wbadmin.exe,4996,RegQueryKey,HKLM,SUCCESS,"Query: HandleTags, HandleTags: 0x0",4/14/2022 8:23:39 PM,Registry,C:\Windows\system32\wbadmin.exe,BLUETEAM\ezk,wbadmin  delete catalog -quiet,8212,9828,"wbadmin.exe 4996 RegQueryKey HKLM SUCCESS Query: HandleTags, HandleTags: 0x0 4/14/2022 8:23:39 PM Registry C:\Windows\system32\wbadmin.exe BLUETEAM\ezk wbadmin  delete catalog -quiet 8212 9828",benign
wbadmin.exe,4996,RegOpenKey,HKLM\Software\Policies\Microsoft\Windows NT\Rpc,NAME NOT FOUND,Desired Access: Read,4/14/2022 8:23:39 PM,Registry,C:\Windows\system32\wbadmin.exe,BLUETEAM\ezk,wbadmin  delete catalog -quiet,8212,9828,wbadmin.exe 4996 RegOpenKey HKLM\Software\Policies\Microsoft\Windows NT\Rpc NAME NOT FOUND Desired Access: Read 4/14/2022 8:23:39 PM Registry C:\Windows\system32\wbadmin.exe BLUETEAM\ezk wbadmin  delete catalog -quiet 8212 9828,benign
wbadmin.exe,4996,RegQueryKey,HKLM,SUCCESS,"Query: HandleTags, HandleTags: 0x0",4/14/2022 8:23:39 PM,Registry,C:\Windows\system32\wbadmin.exe,BLUETEAM\ezk,wbadmin  delete catalog -quiet,8212,9828,"wbadmin.exe 4996 RegQueryKey HKLM SUCCESS Query: HandleTags, HandleTags: 0x0 4/14/2022 8:23:39 PM Registry C:\Windows\system32\wbadmin.exe BLUETEAM\ezk wbadmin  delete catalog -quiet 8212 9828",benign
wbadmin.exe,4996,RegOpenKey,HKLM\Software\Microsoft\Rpc,SUCCESS,Desired Access: Query Value,4/14/2022 8:23:39 PM,Registry,C:\Windows\system32\wbadmin.exe,BLUETEAM\ezk,wbadmin  delete catalog -quiet,8212,9828,wbadmin.exe 4996 RegOpenKey HKLM\Software\Microsoft\Rpc SUCCESS Desired Access: Query Value 4/14/2022 8:23:39 PM Registry C:\Windows\system32\wbadmin.exe BLUETEAM\ezk wbadmin  delete catalog -quiet 8212 9828,benign
wbadmin.exe,4996,RegOpenKey,HKLM\System\CurrentControlSet\Services\CCG,NAME NOT FOUND,Desired Access: Read,4/14/2022 8:23:39 PM,Registry,C:\Windows\system32\wbadmin.exe,BLUETEAM\ezk,wbadmin  delete catalog -quiet,8212,9828,wbadmin.exe 4996 RegOpenKey HKLM\System\CurrentControlSet\Services\CCG NAME NOT FOUND Desired Access: Read 4/14/2022 8:23:39 PM Registry C:\Windows\system32\wbadmin.exe BLUETEAM\ezk wbadmin  delete catalog -quiet 8212 9828,benign
wbadmin.exe,4996,RegCloseKey,HKLM\SOFTWARE\Microsoft\Rpc,SUCCESS,,4/14/2022 8:23:39 PM,Registry,C:\Windows\system32\wbadmin.exe,BLUETEAM\ezk,wbadmin  delete catalog -quiet,8212,9828,wbadmin.exe 4996 RegCloseKey HKLM\SOFTWARE\Microsoft\Rpc SUCCESS None 4/14/2022 8:23:39 PM Registry C:\Windows\system32\wbadmin.exe BLUETEAM\ezk wbadmin  delete catalog -quiet 8212 9828,benign
wbadmin.exe,4996,RegOpenKey,HKLM\System\CurrentControlSet\Services\CCG,REPARSE,Desired Access: Read,4/14/2022 8:23:39 PM,Registry,C:\Windows\system32\wbadmin.exe,BLUETEAM\ezk,wbadmin  delete catalog -quiet,8212,9828,wbadmin.exe 4996 RegOpenKey HKLM\System\CurrentControlSet\Services\CCG REPARSE Desired Access: Read 4/14/2022 8:23:39 PM Registry C:\Windows\system32\wbadmin.exe BLUETEAM\ezk wbadmin  delete catalog -quiet 8212 9828,benign
wbadmin.exe,4996,RegOpenKey,HKLM\System\CurrentControlSet\Services\CCG,REPARSE,Desired Access: Read,4/14/2022 8:23:39 PM,Registry,C:\Windows\system32\wbadmin.exe,BLUETEAM\ezk,wbadmin  delete catalog -quiet,8212,9828,wbadmin.exe 4996 RegOpenKey HKLM\System\CurrentControlSet\Services\CCG REPARSE Desired Access: Read 4/14/2022 8:23:39 PM Registry C:\Windows\system32\wbadmin.exe BLUETEAM\ezk wbadmin  delete catalog -quiet 8212 9828,benign
wbadmin.exe,4996,RegQueryKey,HKLM,SUCCESS,"Query: HandleTags, HandleTags: 0x0",4/14/2022 8:23:39 PM,Registry,C:\Windows\system32\wbadmin.exe,BLUETEAM\ezk,wbadmin  delete catalog -quiet,8212,9828,"wbadmin.exe 4996 RegQueryKey HKLM SUCCESS Query: HandleTags, HandleTags: 0x0 4/14/2022 8:23:39 PM Registry C:\Windows\system32\wbadmin.exe BLUETEAM\ezk wbadmin  delete catalog -quiet 8212 9828",benign
wbadmin.exe,4996,RegOpenKey,HKLM\Software\Microsoft\OLE\Tracing,NAME NOT FOUND,Desired Access: Read,4/14/2022 8:23:39 PM,Registry,C:\Windows\system32\wbadmin.exe,BLUETEAM\ezk,wbadmin  delete catalog -quiet,8212,9828,wbadmin.exe 4996 RegOpenKey HKLM\Software\Microsoft\OLE\Tracing NAME NOT FOUND Desired Access: Read 4/14/2022 8:23:39 PM Registry C:\Windows\system32\wbadmin.exe BLUETEAM\ezk wbadmin  delete catalog -quiet 8212 9828,benign
wbadmin.exe,4996,RegQueryKey,HKLM,SUCCESS,"Query: HandleTags, HandleTags: 0x0",4/14/2022 8:23:39 PM,Registry,C:\Windows\system32\wbadmin.exe,BLUETEAM\ezk,wbadmin  delete catalog -quiet,8212,9828,"wbadmin.exe 4996 RegQueryKey HKLM SUCCESS Query: HandleTags, HandleTags: 0x0 4/14/2022 8:23:39 PM Registry C:\Windows\system32\wbadmin.exe BLUETEAM\ezk wbadmin  delete catalog -quiet 8212 9828",benign
wbadmin.exe,4996,RegOpenKey,HKLM\SOFTWARE\Microsoft\OLEAUT,NAME NOT FOUND,Desired Access: Query Value,4/14/2022 8:23:39 PM,Registry,C:\Windows\system32\wbadmin.exe,BLUETEAM\ezk,wbadmin  delete catalog -quiet,8212,9828,wbadmin.exe 4996 RegOpenKey HKLM\SOFTWARE\Microsoft\OLEAUT NAME NOT FOUND Desired Access: Query Value 4/14/2022 8:23:39 PM Registry C:\Windows\system32\wbadmin.exe BLUETEAM\ezk wbadmin  delete catalog -quiet 8212 9828,benign
wbadmin.exe,4996,RegQueryValue,HKLM\System\CurrentControlSet\Control\WMI\Security\5602c36e-b813-49d1-a1aa-a0c2d43b4f38,NAME NOT FOUND,Length: 528,4/14/2022 8:23:39 PM,Registry,C:\Windows\system32\wbadmin.exe,BLUETEAM\ezk,wbadmin  delete catalog -quiet,8212,9828,wbadmin.exe 4996 RegQueryValue HKLM\System\CurrentControlSet\Control\WMI\Security\5602c36e-b813-49d1-a1aa-a0c2d43b4f38 NAME NOT FOUND Length: 528 4/14/2022 8:23:39 PM Registry C:\Windows\system32\wbadmin.exe BLUETEAM\ezk wbadmin  delete catalog -quiet 8212 9828,benign
wbadmin.exe,4996,RegQueryKey,HKLM,SUCCESS,"Query: HandleTags, HandleTags: 0x0",4/14/2022 8:23:39 PM,Registry,C:\Windows\system32\wbadmin.exe,BLUETEAM\ezk,wbadmin  delete catalog -quiet,8212,9828,"wbadmin.exe 4996 RegQueryKey HKLM SUCCESS Query: HandleTags, HandleTags: 0x0 4/14/2022 8:23:39 PM Registry C:\Windows\system32\wbadmin.exe BLUETEAM\ezk wbadmin  delete catalog -quiet 8212 9828",benign
wbadmin.exe,4996,RegOpenKey,HKLM\System\CurrentControlSet\Control\MiniNT,NAME NOT FOUND,Desired Access: Read,4/14/2022 8:23:39 PM,Registry,C:\Windows\system32\wbadmin.exe,BLUETEAM\ezk,wbadmin  delete catalog -quiet,8212,9828,wbadmin.exe 4996 RegOpenKey HKLM\System\CurrentControlSet\Control\MiniNT NAME NOT FOUND Desired Access: Read 4/14/2022 8:23:39 PM Registry C:\Windows\system32\wbadmin.exe BLUETEAM\ezk wbadmin  delete catalog -quiet 8212 9828,benign
wbadmin.exe,4996,CreateFile,C:\Windows\Logs,IS DIRECTORY,"Desired Access: Read Attributes, Delete, Disposition: Open, Options: Non-Directory File, Open Reparse Point, Attributes: n/a, ShareMode: Read, Write, Delete, AllocationSize: n/a",4/14/2022 8:23:39 PM,File System,C:\Windows\system32\wbadmin.exe,BLUETEAM\ezk,wbadmin  delete catalog -quiet,8212,9828,"wbadmin.exe 4996 CreateFile C:\Windows\Logs IS DIRECTORY Desired Access: Read Attributes, Delete, Disposition: Open, Options: Non-Directory File, Open Reparse Point, Attributes: n/a, ShareMode: Read, Write, Delete, AllocationSize: n/a 4/14/2022 8:23:39 PM File System C:\Windows\system32\wbadmin.exe BLUETEAM\ezk wbadmin  delete catalog -quiet 8212 9828",benign
wbadmin.exe,4996,CreateFile,C:\Windows\Logs,NAME COLLISION,"Desired Access: Read Data/List Directory, Synchronize, Disposition: Create, Options: Directory, Synchronous IO Non-Alert, Open Reparse Point, Attributes: N, ShareMode: Read, Write, AllocationSize: 0",4/14/2022 8:23:39 PM,File System,C:\Windows\system32\wbadmin.exe,BLUETEAM\ezk,wbadmin  delete catalog -quiet,8212,9828,"wbadmin.exe 4996 CreateFile C:\Windows\Logs NAME COLLISION Desired Access: Read Data/List Directory, Synchronize, Disposition: Create, Options: Directory, Synchronous IO Non-Alert, Open Reparse Point, Attributes: N, ShareMode: Read, Write, AllocationSize: 0 4/14/2022 8:23:39 PM File System C:\Windows\system32\wbadmin.exe BLUETEAM\ezk wbadmin  delete catalog -quiet 8212 9828",benign
wbadmin.exe,4996,RegQueryKey,HKLM,SUCCESS,"Query: HandleTags, HandleTags: 0x0",4/14/2022 8:23:39 PM,Registry,C:\Windows\system32\wbadmin.exe,BLUETEAM\ezk,wbadmin  delete catalog -quiet,8212,9828,"wbadmin.exe 4996 RegQueryKey HKLM SUCCESS Query: HandleTags, HandleTags: 0x0 4/14/2022 8:23:39 PM Registry C:\Windows\system32\wbadmin.exe BLUETEAM\ezk wbadmin  delete catalog -quiet 8212 9828",benign
wbadmin.exe,4996,RegOpenKey,HKLM\System\CurrentControlSet\Control\MiniNT,NAME NOT FOUND,Desired Access: Read,4/14/2022 8:23:39 PM,Registry,C:\Windows\system32\wbadmin.exe,BLUETEAM\ezk,wbadmin  delete catalog -quiet,8212,9828,wbadmin.exe 4996 RegOpenKey HKLM\System\CurrentControlSet\Control\MiniNT NAME NOT FOUND Desired Access: Read 4/14/2022 8:23:39 PM Registry C:\Windows\system32\wbadmin.exe BLUETEAM\ezk wbadmin  delete catalog -quiet 8212 9828,benign
wbadmin.exe,4996,RegQueryKey,HKLM,SUCCESS,"Query: HandleTags, HandleTags: 0x0",4/14/2022 8:23:39 PM,Registry,C:\Windows\system32\wbadmin.exe,BLUETEAM\ezk,wbadmin  delete catalog -quiet,8212,9828,"wbadmin.exe 4996 RegQueryKey HKLM SUCCESS Query: HandleTags, HandleTags: 0x0 4/14/2022 8:23:39 PM Registry C:\Windows\system32\wbadmin.exe BLUETEAM\ezk wbadmin  delete catalog -quiet 8212 9828",benign
wbadmin.exe,4996,RegOpenKey,HKLM\Software\Microsoft\Rpc,SUCCESS,Desired Access: Read,4/14/2022 8:23:39 PM,Registry,C:\Windows\system32\wbadmin.exe,BLUETEAM\ezk,wbadmin  delete catalog -quiet,8212,9828,wbadmin.exe 4996 RegOpenKey HKLM\Software\Microsoft\Rpc SUCCESS Desired Access: Read 4/14/2022 8:23:39 PM Registry C:\Windows\system32\wbadmin.exe BLUETEAM\ezk wbadmin  delete catalog -quiet 8212 9828,benign
wbadmin.exe,4996,RegQueryValue,HKLM\SOFTWARE\Microsoft\Rpc\MaxRpcSize,NAME NOT FOUND,Length: 16,4/14/2022 8:23:39 PM,Registry,C:\Windows\system32\wbadmin.exe,BLUETEAM\ezk,wbadmin  delete catalog -quiet,8212,9828,wbadmin.exe 4996 RegQueryValue HKLM\SOFTWARE\Microsoft\Rpc\MaxRpcSize NAME NOT FOUND Length: 16 4/14/2022 8:23:39 PM Registry C:\Windows\system32\wbadmin.exe BLUETEAM\ezk wbadmin  delete catalog -quiet 8212 9828,benign
wbadmin.exe,4996,RegCloseKey,HKLM\SOFTWARE\Microsoft\Rpc,SUCCESS,,4/14/2022 8:23:39 PM,Registry,C:\Windows\system32\wbadmin.exe,BLUETEAM\ezk,wbadmin  delete catalog -quiet,8212,9828,wbadmin.exe 4996 RegCloseKey HKLM\SOFTWARE\Microsoft\Rpc SUCCESS None 4/14/2022 8:23:39 PM Registry C:\Windows\system32\wbadmin.exe BLUETEAM\ezk wbadmin  delete catalog -quiet 8212 9828,benign
wbadmin.exe,4996,RegOpenKey,HKLM\System\CurrentControlSet\Services\CCG,NAME NOT FOUND,Desired Access: Read,4/14/2022 8:23:39 PM,Registry,C:\Windows\system32\wbadmin.exe,BLUETEAM\ezk,wbadmin  delete catalog -quiet,8212,9828,wbadmin.exe 4996 RegOpenKey HKLM\System\CurrentControlSet\Services\CCG NAME NOT FOUND Desired Access: Read 4/14/2022 8:23:39 PM Registry C:\Windows\system32\wbadmin.exe BLUETEAM\ezk wbadmin  delete catalog -quiet 8212 9828,benign
wbadmin.exe,4996,RegOpenKey,HKLM\System\CurrentControlSet\Control\Lsa,REPARSE,Desired Access: Query Value,4/14/2022 8:23:39 PM,Registry,C:\Windows\system32\wbadmin.exe,BLUETEAM\ezk,wbadmin  delete catalog -quiet,8212,9828,wbadmin.exe 4996 RegOpenKey HKLM\System\CurrentControlSet\Control\Lsa REPARSE Desired Access: Query Value 4/14/2022 8:23:39 PM Registry C:\Windows\system32\wbadmin.exe BLUETEAM\ezk wbadmin  delete catalog -quiet 8212 9828,benign
wbadmin.exe,4996,RegOpenKey,HKLM\System\CurrentControlSet\Control\Lsa,SUCCESS,Desired Access: Query Value,4/14/2022 8:23:39 PM,Registry,C:\Windows\system32\wbadmin.exe,BLUETEAM\ezk,wbadmin  delete catalog -quiet,8212,9828,wbadmin.exe 4996 RegOpenKey HKLM\System\CurrentControlSet\Control\Lsa SUCCESS Desired Access: Query Value 4/14/2022 8:23:39 PM Registry C:\Windows\system32\wbadmin.exe BLUETEAM\ezk wbadmin  delete catalog -quiet 8212 9828,benign
wbadmin.exe,4996,RegQueryValue,HKLM\System\CurrentControlSet\Control\Lsa\FipsAlgorithmPolicy,NAME NOT FOUND,Length: 20,4/14/2022 8:23:39 PM,Registry,C:\Windows\system32\wbadmin.exe,BLUETEAM\ezk,wbadmin  delete catalog -quiet,8212,9828,wbadmin.exe 4996 RegQueryValue HKLM\System\CurrentControlSet\Control\Lsa\FipsAlgorithmPolicy NAME NOT FOUND Length: 20 4/14/2022 8:23:39 PM Registry C:\Windows\system32\wbadmin.exe BLUETEAM\ezk wbadmin  delete catalog -quiet 8212 9828,benign
wbadmin.exe,4996,RegQueryValue,HKCR\CLSID\{E3633C03-DF7A-41E0-B903-CC349A05E021}\InProcServer32\InprocServer32,NAME NOT FOUND,Length: 12,4/14/2022 8:23:39 PM,Registry,C:\Windows\system32\wbadmin.exe,BLUETEAM\ezk,wbadmin  delete catalog -quiet,8212,9828,wbadmin.exe 4996 RegQueryValue HKCR\CLSID\{E3633C03-DF7A-41E0-B903-CC349A05E021}\InProcServer32\InprocServer32 NAME NOT FOUND Length: 12 4/14/2022 8:23:39 PM Registry C:\Windows\system32\wbadmin.exe BLUETEAM\ezk wbadmin  delete catalog -quiet 8212 9828,benign
wbadmin.exe,4996,RegQueryValue,HKCR\CLSID\{E3633C03-DF7A-41E0-B903-CC349A05E021}\InProcServer32\(Default),BUFFER OVERFLOW,Length: 12,4/14/2022 8:23:39 PM,Registry,C:\Windows\system32\wbadmin.exe,BLUETEAM\ezk,wbadmin  delete catalog -quiet,8212,9828,wbadmin.exe 4996 RegQueryValue HKCR\CLSID\{E3633C03-DF7A-41E0-B903-CC349A05E021}\InProcServer32\(Default) BUFFER OVERFLOW Length: 12 4/14/2022 8:23:39 PM Registry C:\Windows\system32\wbadmin.exe BLUETEAM\ezk wbadmin  delete catalog -quiet 8212 9828,benign
wbadmin.exe,4996,RegQueryValue,HKCR\CLSID\{E3633C03-DF7A-41E0-B903-CC349A05E021}\InProcServer32\(Default),SUCCESS,"Type: REG_EXPAND_SZ, Length: 66, Data: %systemroot%\system32\blb_ps.dll",4/14/2022 8:23:39 PM,Registry,C:\Windows\system32\wbadmin.exe,BLUETEAM\ezk,wbadmin  delete catalog -quiet,8212,9828,"wbadmin.exe 4996 RegQueryValue HKCR\CLSID\{E3633C03-DF7A-41E0-B903-CC349A05E021}\InProcServer32\(Default) SUCCESS Type: REG_EXPAND_SZ, Length: 66, Data: %systemroot%\system32\blb_ps.dll 4/14/2022 8:23:39 PM Registry C:\Windows\system32\wbadmin.exe BLUETEAM\ezk wbadmin  delete catalog -quiet 8212 9828",benign
wbadmin.exe,4996,RegQueryValue,HKCR\CLSID\{E3633C03-DF7A-41E0-B903-CC349A05E021}\InProcServer32\(Default),SUCCESS,"Type: REG_EXPAND_SZ, Length: 66, Data: %systemroot%\system32\blb_ps.dll",4/14/2022 8:23:39 PM,Registry,C:\Windows\system32\wbadmin.exe,BLUETEAM\ezk,wbadmin  delete catalog -quiet,8212,9828,"wbadmin.exe 4996 RegQueryValue HKCR\CLSID\{E3633C03-DF7A-41E0-B903-CC349A05E021}\InProcServer32\(Default) SUCCESS Type: REG_EXPAND_SZ, Length: 66, Data: %systemroot%\system32\blb_ps.dll 4/14/2022 8:23:39 PM Registry C:\Windows\system32\wbadmin.exe BLUETEAM\ezk wbadmin  delete catalog -quiet 8212 9828",benign
wbadmin.exe,4996,RegQueryValue,HKCR\CLSID\{E3633C03-DF7A-41E0-B903-CC349A05E021}\InProcServer32\ThreadingModel,SUCCESS,"Type: REG_SZ, Length: 10, Data: Both",4/14/2022 8:23:39 PM,Registry,C:\Windows\system32\wbadmin.exe,BLUETEAM\ezk,wbadmin  delete catalog -quiet,8212,9828,"wbadmin.exe 4996 RegQueryValue HKCR\CLSID\{E3633C03-DF7A-41E0-B903-CC349A05E021}\InProcServer32\ThreadingModel SUCCESS Type: REG_SZ, Length: 10, Data: Both 4/14/2022 8:23:39 PM Registry C:\Windows\system32\wbadmin.exe BLUETEAM\ezk wbadmin  delete catalog -quiet 8212 9828",benign
wbadmin.exe,4996,RegCloseKey,HKCR\CLSID\{E3633C03-DF7A-41E0-B903-CC349A05E021}\InProcServer32,SUCCESS,,4/14/2022 8:23:39 PM,Registry,C:\Windows\system32\wbadmin.exe,BLUETEAM\ezk,wbadmin  delete catalog -quiet,8212,9828,wbadmin.exe 4996 RegCloseKey HKCR\CLSID\{E3633C03-DF7A-41E0-B903-CC349A05E021}\InProcServer32 SUCCESS None 4/14/2022 8:23:39 PM Registry C:\Windows\system32\wbadmin.exe BLUETEAM\ezk wbadmin  delete catalog -quiet 8212 9828,benign
wbadmin.exe,4996,RegOpenKey,HKCR\CLSID\{E3633C03-DF7A-41E0-B903-CC349A05E021}\InprocServer32,SUCCESS,Desired Access: Read,4/14/2022 8:23:39 PM,Registry,C:\Windows\system32\wbadmin.exe,BLUETEAM\ezk,wbadmin  delete catalog -quiet,8212,9828,wbadmin.exe 4996 RegOpenKey HKCR\CLSID\{E3633C03-DF7A-41E0-B903-CC349A05E021}\InprocServer32 SUCCESS Desired Access: Read 4/14/2022 8:23:39 PM Registry C:\Windows\system32\wbadmin.exe BLUETEAM\ezk wbadmin  delete catalog -quiet 8212 9828,benign
wbadmin.exe,4996,RegQueryKey,HKCR\CLSID\{E3633C03-DF7A-41E0-B903-CC349A05E021},SUCCESS,"Query: HandleTags, HandleTags: 0x0",4/14/2022 8:23:39 PM,Registry,C:\Windows\system32\wbadmin.exe,BLUETEAM\ezk,wbadmin  delete catalog -quiet,8212,9828,"wbadmin.exe 4996 RegQueryKey HKCR\CLSID\{E3633C03-DF7A-41E0-B903-CC349A05E021} SUCCESS Query: HandleTags, HandleTags: 0x0 4/14/2022 8:23:39 PM Registry C:\Windows\system32\wbadmin.exe BLUETEAM\ezk wbadmin  delete catalog -quiet 8212 9828",benign
wbadmin.exe,4996,RegQueryKey,HKCR\CLSID\{E3633C03-DF7A-41E0-B903-CC349A05E021},SUCCESS,"Query: HandleTags, HandleTags: 0x0",4/14/2022 8:23:39 PM,Registry,C:\Windows\system32\wbadmin.exe,BLUETEAM\ezk,wbadmin  delete catalog -quiet,8212,9828,"wbadmin.exe 4996 RegQueryKey HKCR\CLSID\{E3633C03-DF7A-41E0-B903-CC349A05E021} SUCCESS Query: HandleTags, HandleTags: 0x0 4/14/2022 8:23:39 PM Registry C:\Windows\system32\wbadmin.exe BLUETEAM\ezk wbadmin  delete catalog -quiet 8212 9828",benign
wbadmin.exe,4996,RegOpenKey,HKCR\CLSID\{E3633C03-DF7A-41E0-B903-CC349A05E021}\InprocHandler,NAME NOT FOUND,Desired Access: Query Value,4/14/2022 8:23:39 PM,Registry,C:\Windows\system32\wbadmin.exe,BLUETEAM\ezk,wbadmin  delete catalog -quiet,8212,9828,wbadmin.exe 4996 RegOpenKey HKCR\CLSID\{E3633C03-DF7A-41E0-B903-CC349A05E021}\InprocHandler NAME NOT FOUND Desired Access: Query Value 4/14/2022 8:23:39 PM Registry C:\Windows\system32\wbadmin.exe BLUETEAM\ezk wbadmin  delete catalog -quiet 8212 9828,benign
wbadmin.exe,4996,RegCloseKey,HKCR\CLSID\{E3633C03-DF7A-41E0-B903-CC349A05E021},SUCCESS,,4/14/2022 8:23:39 PM,Registry,C:\Windows\system32\wbadmin.exe,BLUETEAM\ezk,wbadmin  delete catalog -quiet,8212,9828,wbadmin.exe 4996 RegCloseKey HKCR\CLSID\{E3633C03-DF7A-41E0-B903-CC349A05E021} SUCCESS None 4/14/2022 8:23:39 PM Registry C:\Windows\system32\wbadmin.exe BLUETEAM\ezk wbadmin  delete catalog -quiet 8212 9828,benign
wbadmin.exe,4996,RegQueryKey,HKCR,SUCCESS,"Query: HandleTags, HandleTags: 0x0",4/14/2022 8:23:39 PM,Registry,C:\Windows\system32\wbadmin.exe,BLUETEAM\ezk,wbadmin  delete catalog -quiet,8212,9828,"wbadmin.exe 4996 RegQueryKey HKCR SUCCESS Query: HandleTags, HandleTags: 0x0 4/14/2022 8:23:39 PM Registry C:\Windows\system32\wbadmin.exe BLUETEAM\ezk wbadmin  delete catalog -quiet 8212 9828",benign
wbadmin.exe,4996,RegOpenKey,HKCR\CLSID\{E3633C03-DF7A-41E0-B903-CC349A05E021},SUCCESS,Desired Access: Read,4/14/2022 8:23:39 PM,Registry,C:\Windows\system32\wbadmin.exe,BLUETEAM\ezk,wbadmin  delete catalog -quiet,8212,9828,wbadmin.exe 4996 RegOpenKey HKCR\CLSID\{E3633C03-DF7A-41E0-B903-CC349A05E021} SUCCESS Desired Access: Read 4/14/2022 8:23:39 PM Registry C:\Windows\system32\wbadmin.exe BLUETEAM\ezk wbadmin  delete catalog -quiet 8212 9828,benign
wbadmin.exe,4996,RegQueryKey,HKCR\CLSID\{E3633C03-DF7A-41E0-B903-CC349A05E021},SUCCESS,"Query: HandleTags, HandleTags: 0x0",4/14/2022 8:23:39 PM,Registry,C:\Windows\system32\wbadmin.exe,BLUETEAM\ezk,wbadmin  delete catalog -quiet,8212,9828,"wbadmin.exe 4996 RegQueryKey HKCR\CLSID\{E3633C03-DF7A-41E0-B903-CC349A05E021} SUCCESS Query: HandleTags, HandleTags: 0x0 4/14/2022 8:23:39 PM Registry C:\Windows\system32\wbadmin.exe BLUETEAM\ezk wbadmin  delete catalog -quiet 8212 9828",benign
wbadmin.exe,4996,RegOpenKey,HKCR\CLSID\{E3633C03-DF7A-41E0-B903-CC349A05E021}\InprocHandler32,NAME NOT FOUND,Desired Access: Query Value,4/14/2022 8:23:39 PM,Registry,C:\Windows\system32\wbadmin.exe,BLUETEAM\ezk,wbadmin  delete catalog -quiet,8212,9828,wbadmin.exe 4996 RegOpenKey HKCR\CLSID\{E3633C03-DF7A-41E0-B903-CC349A05E021}\InprocHandler32 NAME NOT FOUND Desired Access: Query Value 4/14/2022 8:23:39 PM Registry C:\Windows\system32\wbadmin.exe BLUETEAM\ezk wbadmin  delete catalog -quiet 8212 9828,benign
wbadmin.exe,4996,RegQueryKey,HKCR\CLSID\{E3633C03-DF7A-41E0-B903-CC349A05E021},SUCCESS,"Query: HandleTags, HandleTags: 0x0",4/14/2022 8:23:39 PM,Registry,C:\Windows\system32\wbadmin.exe,BLUETEAM\ezk,wbadmin  delete catalog -quiet,8212,9828,"wbadmin.exe 4996 RegQueryKey HKCR\CLSID\{E3633C03-DF7A-41E0-B903-CC349A05E021} SUCCESS Query: HandleTags, HandleTags: 0x0 4/14/2022 8:23:39 PM Registry C:\Windows\system32\wbadmin.exe BLUETEAM\ezk wbadmin  delete catalog -quiet 8212 9828",benign
wbadmin.exe,4996,RegQueryValue,HKCR\CLSID\{E3633C03-DF7A-41E0-B903-CC349A05E021}\(Default),SUCCESS,"Type: REG_SZ, Length: 32, Data: PSFactoryBuffer",4/14/2022 8:23:39 PM,Registry,C:\Windows\system32\wbadmin.exe,BLUETEAM\ezk,wbadmin  delete catalog -quiet,8212,9828,"wbadmin.exe 4996 RegQueryValue HKCR\CLSID\{E3633C03-DF7A-41E0-B903-CC349A05E021}\(Default) SUCCESS Type: REG_SZ, Length: 32, Data: PSFactoryBuffer 4/14/2022 8:23:39 PM Registry C:\Windows\system32\wbadmin.exe BLUETEAM\ezk wbadmin  delete catalog -quiet 8212 9828",benign
wbadmin.exe,4996,RegQueryValue,HKCR\CLSID\{E3633C03-DF7A-41E0-B903-CC349A05E021}\(Default),BUFFER OVERFLOW,Length: 12,4/14/2022 8:23:39 PM,Registry,C:\Windows\system32\wbadmin.exe,BLUETEAM\ezk,wbadmin  delete catalog -quiet,8212,9828,wbadmin.exe 4996 RegQueryValue HKCR\CLSID\{E3633C03-DF7A-41E0-B903-CC349A05E021}\(Default) BUFFER OVERFLOW Length: 12 4/14/2022 8:23:39 PM Registry C:\Windows\system32\wbadmin.exe BLUETEAM\ezk wbadmin  delete catalog -quiet 8212 9828,benign
wbadmin.exe,4996,RegQueryValue,HKLM\SOFTWARE\Microsoft\Ole\MaximumAllowedAllocationSize,NAME NOT FOUND,Length: 16,4/14/2022 8:23:39 PM,Registry,C:\Windows\system32\wbadmin.exe,BLUETEAM\ezk,wbadmin  delete catalog -quiet,8212,9828,wbadmin.exe 4996 RegQueryValue HKLM\SOFTWARE\Microsoft\Ole\MaximumAllowedAllocationSize NAME NOT FOUND Length: 16 4/14/2022 8:23:39 PM Registry C:\Windows\system32\wbadmin.exe BLUETEAM\ezk wbadmin  delete catalog -quiet 8212 9828,benign
wbadmin.exe,4996,RegCloseKey,HKLM\SOFTWARE\Microsoft\Ole,SUCCESS,,4/14/2022 8:23:39 PM,Registry,C:\Windows\system32\wbadmin.exe,BLUETEAM\ezk,wbadmin  delete catalog -quiet,8212,9828,wbadmin.exe 4996 RegCloseKey HKLM\SOFTWARE\Microsoft\Ole SUCCESS None 4/14/2022 8:23:39 PM Registry C:\Windows\system32\wbadmin.exe BLUETEAM\ezk wbadmin  delete catalog -quiet 8212 9828,benign
wbadmin.exe,4996,RegQueryKey,HKCR,SUCCESS,"Query: HandleTags, HandleTags: 0x0",4/14/2022 8:23:39 PM,Registry,C:\Windows\system32\wbadmin.exe,BLUETEAM\ezk,wbadmin  delete catalog -quiet,8212,9828,"wbadmin.exe 4996 RegQueryKey HKCR SUCCESS Query: HandleTags, HandleTags: 0x0 4/14/2022 8:23:39 PM Registry C:\Windows\system32\wbadmin.exe BLUETEAM\ezk wbadmin  delete catalog -quiet 8212 9828",benign
wbadmin.exe,4996,RegOpenKey,HKCR\Interface\{A2DBE0E9-E0F7-4A8F-9F9B-471C1CD02136},SUCCESS,Desired Access: Read,4/14/2022 8:23:39 PM,Registry,C:\Windows\system32\wbadmin.exe,BLUETEAM\ezk,wbadmin  delete catalog -quiet,8212,9828,wbadmin.exe 4996 RegOpenKey HKCR\Interface\{A2DBE0E9-E0F7-4A8F-9F9B-471C1CD02136} SUCCESS Desired Access: Read 4/14/2022 8:23:39 PM Registry C:\Windows\system32\wbadmin.exe BLUETEAM\ezk wbadmin  delete catalog -quiet 8212 9828,benign
wbadmin.exe,4996,RegQueryKey,HKCR\Interface\{A2DBE0E9-E0F7-4A8F-9F9B-471C1CD02136},SUCCESS,"Query: HandleTags, HandleTags: 0x0",4/14/2022 8:23:39 PM,Registry,C:\Windows\system32\wbadmin.exe,BLUETEAM\ezk,wbadmin  delete catalog -quiet,8212,9828,"wbadmin.exe 4996 RegQueryKey HKCR\Interface\{A2DBE0E9-E0F7-4A8F-9F9B-471C1CD02136} SUCCESS Query: HandleTags, HandleTags: 0x0 4/14/2022 8:23:39 PM Registry C:\Windows\system32\wbadmin.exe BLUETEAM\ezk wbadmin  delete catalog -quiet 8212 9828",benign
wbadmin.exe,4996,RegOpenKey,HKCR\Interface\{A2DBE0E9-E0F7-4A8F-9F9B-471C1CD02136}\ProxyStubClsid32,SUCCESS,Desired Access: Read,4/14/2022 8:23:39 PM,Registry,C:\Windows\system32\wbadmin.exe,BLUETEAM\ezk,wbadmin  delete catalog -quiet,8212,9828,wbadmin.exe 4996 RegOpenKey HKCR\Interface\{A2DBE0E9-E0F7-4A8F-9F9B-471C1CD02136}\ProxyStubClsid32 SUCCESS Desired Access: Read 4/14/2022 8:23:39 PM Registry C:\Windows\system32\wbadmin.exe BLUETEAM\ezk wbadmin  delete catalog -quiet 8212 9828,benign
wbadmin.exe,4996,RegQueryValue,HKCR\Interface\{A2DBE0E9-E0F7-4A8F-9F9B-471C1CD02136}\ProxyStubClsid32\(Default),SUCCESS,"Type: REG_SZ, Length: 78, Data: {E3633C03-DF7A-41E0-B903-CC349A05E021}",4/14/2022 8:23:39 PM,Registry,C:\Windows\system32\wbadmin.exe,BLUETEAM\ezk,wbadmin  delete catalog -quiet,8212,9828,"wbadmin.exe 4996 RegQueryValue HKCR\Interface\{A2DBE0E9-E0F7-4A8F-9F9B-471C1CD02136}\ProxyStubClsid32\(Default) SUCCESS Type: REG_SZ, Length: 78, Data: {E3633C03-DF7A-41E0-B903-CC349A05E021} 4/14/2022 8:23:39 PM Registry C:\Windows\system32\wbadmin.exe BLUETEAM\ezk wbadmin  delete catalog -quiet 8212 9828",benign
wbadmin.exe,4996,RegCloseKey,HKCR\Interface\{A2DBE0E9-E0F7-4A8F-9F9B-471C1CD02136}\ProxyStubClsid32,SUCCESS,,4/14/2022 8:23:39 PM,Registry,C:\Windows\system32\wbadmin.exe,BLUETEAM\ezk,wbadmin  delete catalog -quiet,8212,9828,wbadmin.exe 4996 RegCloseKey HKCR\Interface\{A2DBE0E9-E0F7-4A8F-9F9B-471C1CD02136}\ProxyStubClsid32 SUCCESS None 4/14/2022 8:23:39 PM Registry C:\Windows\system32\wbadmin.exe BLUETEAM\ezk wbadmin  delete catalog -quiet 8212 9828,benign
wbadmin.exe,4996,RegCloseKey,HKCR\Interface\{A2DBE0E9-E0F7-4A8F-9F9B-471C1CD02136},SUCCESS,,4/14/2022 8:23:39 PM,Registry,C:\Windows\system32\wbadmin.exe,BLUETEAM\ezk,wbadmin  delete catalog -quiet,8212,9828,wbadmin.exe 4996 RegCloseKey HKCR\Interface\{A2DBE0E9-E0F7-4A8F-9F9B-471C1CD02136} SUCCESS None 4/14/2022 8:23:39 PM Registry C:\Windows\system32\wbadmin.exe BLUETEAM\ezk wbadmin  delete catalog -quiet 8212 9828,benign
wbadmin.exe,4996,RegQueryKey,HKCR,SUCCESS,"Query: HandleTags, HandleTags: 0x0",4/14/2022 8:23:39 PM,Registry,C:\Windows\system32\wbadmin.exe,BLUETEAM\ezk,wbadmin  delete catalog -quiet,8212,9828,"wbadmin.exe 4996 RegQueryKey HKCR SUCCESS Query: HandleTags, HandleTags: 0x0 4/14/2022 8:23:39 PM Registry C:\Windows\system32\wbadmin.exe BLUETEAM\ezk wbadmin  delete catalog -quiet 8212 9828",benign
wbadmin.exe,4996,RegOpenKey,HKCR\CLSID\{E3633C03-DF7A-41E0-B903-CC349A05E021},SUCCESS,Desired Access: Read,4/14/2022 8:23:39 PM,Registry,C:\Windows\system32\wbadmin.exe,BLUETEAM\ezk,wbadmin  delete catalog -quiet,8212,9828,wbadmin.exe 4996 RegOpenKey HKCR\CLSID\{E3633C03-DF7A-41E0-B903-CC349A05E021} SUCCESS Desired Access: Read 4/14/2022 8:23:39 PM Registry C:\Windows\system32\wbadmin.exe BLUETEAM\ezk wbadmin  delete catalog -quiet 8212 9828,benign
wbadmin.exe,4996,RegQueryKey,HKCR\CLSID\{E3633C03-DF7A-41E0-B903-CC349A05E021},SUCCESS,"Query: HandleTags, HandleTags: 0x0",4/14/2022 8:23:39 PM,Registry,C:\Windows\system32\wbadmin.exe,BLUETEAM\ezk,wbadmin  delete catalog -quiet,8212,9828,"wbadmin.exe 4996 RegQueryKey HKCR\CLSID\{E3633C03-DF7A-41E0-B903-CC349A05E021} SUCCESS Query: HandleTags, HandleTags: 0x0 4/14/2022 8:23:39 PM Registry C:\Windows\system32\wbadmin.exe BLUETEAM\ezk wbadmin  delete catalog -quiet 8212 9828",benign
wbadmin.exe,4996,RegOpenKey,HKCR\CLSID\{E3633C03-DF7A-41E0-B903-CC349A05E021}\TreatAs,NAME NOT FOUND,Desired Access: Query Value,4/14/2022 8:23:39 PM,Registry,C:\Windows\system32\wbadmin.exe,BLUETEAM\ezk,wbadmin  delete catalog -quiet,8212,9828,wbadmin.exe 4996 RegOpenKey HKCR\CLSID\{E3633C03-DF7A-41E0-B903-CC349A05E021}\TreatAs NAME NOT FOUND Desired Access: Query Value 4/14/2022 8:23:39 PM Registry C:\Windows\system32\wbadmin.exe BLUETEAM\ezk wbadmin  delete catalog -quiet 8212 9828,benign
wbadmin.exe,4996,RegQueryKey,HKCR\CLSID\{E3633C03-DF7A-41E0-B903-CC349A05E021},SUCCESS,Query: Name,4/14/2022 8:23:39 PM,Registry,C:\Windows\system32\wbadmin.exe,BLUETEAM\ezk,wbadmin  delete catalog -quiet,8212,9828,wbadmin.exe 4996 RegQueryKey HKCR\CLSID\{E3633C03-DF7A-41E0-B903-CC349A05E021} SUCCESS Query: Name 4/14/2022 8:23:39 PM Registry C:\Windows\system32\wbadmin.exe BLUETEAM\ezk wbadmin  delete catalog -quiet 8212 9828,benign
wbadmin.exe,4996,RegQueryValue,HKCR\CLSID\{E3633C03-DF7A-41E0-B903-CC349A05E021}\ActivateOnHostFlags,NAME NOT FOUND,Length: 16,4/14/2022 8:23:39 PM,Registry,C:\Windows\system32\wbadmin.exe,BLUETEAM\ezk,wbadmin  delete catalog -quiet,8212,9828,wbadmin.exe 4996 RegQueryValue HKCR\CLSID\{E3633C03-DF7A-41E0-B903-CC349A05E021}\ActivateOnHostFlags NAME NOT FOUND Length: 16 4/14/2022 8:23:39 PM Registry C:\Windows\system32\wbadmin.exe BLUETEAM\ezk wbadmin  delete catalog -quiet 8212 9828,benign
wbadmin.exe,4996,RegOpenKey,HKCR\CLSID\{E3633C03-DF7A-41E0-B903-CC349A05E021}\TreatAs,NAME NOT FOUND,Desired Access: Query Value,4/14/2022 8:23:39 PM,Registry,C:\Windows\system32\wbadmin.exe,BLUETEAM\ezk,wbadmin  delete catalog -quiet,8212,9828,wbadmin.exe 4996 RegOpenKey HKCR\CLSID\{E3633C03-DF7A-41E0-B903-CC349A05E021}\TreatAs NAME NOT FOUND Desired Access: Query Value 4/14/2022 8:23:39 PM Registry C:\Windows\system32\wbadmin.exe BLUETEAM\ezk wbadmin  delete catalog -quiet 8212 9828,benign
wbadmin.exe,4996,RegQueryKey,HKCR\CLSID\{E3633C03-DF7A-41E0-B903-CC349A05E021},SUCCESS,Query: Name,4/14/2022 8:23:39 PM,Registry,C:\Windows\system32\wbadmin.exe,BLUETEAM\ezk,wbadmin  delete catalog -quiet,8212,9828,wbadmin.exe 4996 RegQueryKey HKCR\CLSID\{E3633C03-DF7A-41E0-B903-CC349A05E021} SUCCESS Query: Name 4/14/2022 8:23:39 PM Registry C:\Windows\system32\wbadmin.exe BLUETEAM\ezk wbadmin  delete catalog -quiet 8212 9828,benign
wbadmin.exe,4996,RegQueryValue,HKCR\CLSID\{E3633C03-DF7A-41E0-B903-CC349A05E021}\ActivateOnHostFlags,NAME NOT FOUND,Length: 16,4/14/2022 8:23:39 PM,Registry,C:\Windows\system32\wbadmin.exe,BLUETEAM\ezk,wbadmin  delete catalog -quiet,8212,9828,wbadmin.exe 4996 RegQueryValue HKCR\CLSID\{E3633C03-DF7A-41E0-B903-CC349A05E021}\ActivateOnHostFlags NAME NOT FOUND Length: 16 4/14/2022 8:23:39 PM Registry C:\Windows\system32\wbadmin.exe BLUETEAM\ezk wbadmin  delete catalog -quiet 8212 9828,benign
wbadmin.exe,4996,RegQueryValue,HKCR\CLSID\{E3633C03-DF7A-41E0-B903-CC349A05E021}\(Default),BUFFER OVERFLOW,Length: 12,4/14/2022 8:23:39 PM,Registry,C:\Windows\system32\wbadmin.exe,BLUETEAM\ezk,wbadmin  delete catalog -quiet,8212,9828,wbadmin.exe 4996 RegQueryValue HKCR\CLSID\{E3633C03-DF7A-41E0-B903-CC349A05E021}\(Default) BUFFER OVERFLOW Length: 12 4/14/2022 8:23:39 PM Registry C:\Windows\system32\wbadmin.exe BLUETEAM\ezk wbadmin  delete catalog -quiet 8212 9828,benign
wbadmin.exe,4996,RegOpenKey,HKCR\CLSID\{E3633C03-DF7A-41E0-B903-CC349A05E021},SUCCESS,Desired Access: Read,4/14/2022 8:23:39 PM,Registry,C:\Windows\system32\wbadmin.exe,BLUETEAM\ezk,wbadmin  delete catalog -quiet,8212,9828,wbadmin.exe 4996 RegOpenKey HKCR\CLSID\{E3633C03-DF7A-41E0-B903-CC349A05E021} SUCCESS Desired Access: Read 4/14/2022 8:23:39 PM Registry C:\Windows\system32\wbadmin.exe BLUETEAM\ezk wbadmin  delete catalog -quiet 8212 9828,benign
wbadmin.exe,4996,RegQueryKey,HKCR\CLSID\{E3633C03-DF7A-41E0-B903-CC349A05E021},SUCCESS,"Query: HandleTags, HandleTags: 0x0",4/14/2022 8:23:39 PM,Registry,C:\Windows\system32\wbadmin.exe,BLUETEAM\ezk,wbadmin  delete catalog -quiet,8212,9828,"wbadmin.exe 4996 RegQueryKey HKCR\CLSID\{E3633C03-DF7A-41E0-B903-CC349A05E021} SUCCESS Query: HandleTags, HandleTags: 0x0 4/14/2022 8:23:39 PM Registry C:\Windows\system32\wbadmin.exe BLUETEAM\ezk wbadmin  delete catalog -quiet 8212 9828",benign
wbadmin.exe,4996,RegOpenKey,HKCR\CLSID\{E3633C03-DF7A-41E0-B903-CC349A05E021}\Elevation,NAME NOT FOUND,Desired Access: Read,4/14/2022 8:23:39 PM,Registry,C:\Windows\system32\wbadmin.exe,BLUETEAM\ezk,wbadmin  delete catalog -quiet,8212,9828,wbadmin.exe 4996 RegOpenKey HKCR\CLSID\{E3633C03-DF7A-41E0-B903-CC349A05E021}\Elevation NAME NOT FOUND Desired Access: Read 4/14/2022 8:23:39 PM Registry C:\Windows\system32\wbadmin.exe BLUETEAM\ezk wbadmin  delete catalog -quiet 8212 9828,benign
wbadmin.exe,4996,RegCloseKey,HKCR\CLSID\{E3633C03-DF7A-41E0-B903-CC349A05E021},SUCCESS,,4/14/2022 8:23:39 PM,Registry,C:\Windows\system32\wbadmin.exe,BLUETEAM\ezk,wbadmin  delete catalog -quiet,8212,9828,wbadmin.exe 4996 RegCloseKey HKCR\CLSID\{E3633C03-DF7A-41E0-B903-CC349A05E021} SUCCESS None 4/14/2022 8:23:39 PM Registry C:\Windows\system32\wbadmin.exe BLUETEAM\ezk wbadmin  delete catalog -quiet 8212 9828,benign
wbadmin.exe,4996,RegCloseKey,HKCR\CLSID\{E3633C03-DF7A-41E0-B903-CC349A05E021},SUCCESS,,4/14/2022 8:23:39 PM,Registry,C:\Windows\system32\wbadmin.exe,BLUETEAM\ezk,wbadmin  delete catalog -quiet,8212,9828,wbadmin.exe 4996 RegCloseKey HKCR\CLSID\{E3633C03-DF7A-41E0-B903-CC349A05E021} SUCCESS None 4/14/2022 8:23:39 PM Registry C:\Windows\system32\wbadmin.exe BLUETEAM\ezk wbadmin  delete catalog -quiet 8212 9828,benign
wbadmin.exe,4996,RegQueryKey,HKCR,SUCCESS,"Query: HandleTags, HandleTags: 0x0",4/14/2022 8:23:39 PM,Registry,C:\Windows\system32\wbadmin.exe,BLUETEAM\ezk,wbadmin  delete catalog -quiet,8212,9828,"wbadmin.exe 4996 RegQueryKey HKCR SUCCESS Query: HandleTags, HandleTags: 0x0 4/14/2022 8:23:39 PM Registry C:\Windows\system32\wbadmin.exe BLUETEAM\ezk wbadmin  delete catalog -quiet 8212 9828",benign
wbadmin.exe,4996,RegOpenKey,HKCR\CLSID\{E3633C03-DF7A-41E0-B903-CC349A05E021},SUCCESS,Desired Access: Read,4/14/2022 8:23:39 PM,Registry,C:\Windows\system32\wbadmin.exe,BLUETEAM\ezk,wbadmin  delete catalog -quiet,8212,9828,wbadmin.exe 4996 RegOpenKey HKCR\CLSID\{E3633C03-DF7A-41E0-B903-CC349A05E021} SUCCESS Desired Access: Read 4/14/2022 8:23:39 PM Registry C:\Windows\system32\wbadmin.exe BLUETEAM\ezk wbadmin  delete catalog -quiet 8212 9828,benign
wbadmin.exe,4996,RegQueryKey,HKCR\CLSID\{E3633C03-DF7A-41E0-B903-CC349A05E021},SUCCESS,"Query: HandleTags, HandleTags: 0x0",4/14/2022 8:23:39 PM,Registry,C:\Windows\system32\wbadmin.exe,BLUETEAM\ezk,wbadmin  delete catalog -quiet,8212,9828,"wbadmin.exe 4996 RegQueryKey HKCR\CLSID\{E3633C03-DF7A-41E0-B903-CC349A05E021} SUCCESS Query: HandleTags, HandleTags: 0x0 4/14/2022 8:23:39 PM Registry C:\Windows\system32\wbadmin.exe BLUETEAM\ezk wbadmin  delete catalog -quiet 8212 9828",benign
wbadmin.exe,4996,RegOpenKey,HKCR\CLSID\{E3633C03-DF7A-41E0-B903-CC349A05E021}\TreatAs,NAME NOT FOUND,Desired Access: Read,4/14/2022 8:23:39 PM,Registry,C:\Windows\system32\wbadmin.exe,BLUETEAM\ezk,wbadmin  delete catalog -quiet,8212,9828,wbadmin.exe 4996 RegOpenKey HKCR\CLSID\{E3633C03-DF7A-41E0-B903-CC349A05E021}\TreatAs NAME NOT FOUND Desired Access: Read 4/14/2022 8:23:39 PM Registry C:\Windows\system32\wbadmin.exe BLUETEAM\ezk wbadmin  delete catalog -quiet 8212 9828,benign
wbadmin.exe,4996,RegCloseKey,HKCR\CLSID\{E3633C03-DF7A-41E0-B903-CC349A05E021},SUCCESS,,4/14/2022 8:23:39 PM,Registry,C:\Windows\system32\wbadmin.exe,BLUETEAM\ezk,wbadmin  delete catalog -quiet,8212,9828,wbadmin.exe 4996 RegCloseKey HKCR\CLSID\{E3633C03-DF7A-41E0-B903-CC349A05E021} SUCCESS None 4/14/2022 8:23:39 PM Registry C:\Windows\system32\wbadmin.exe BLUETEAM\ezk wbadmin  delete catalog -quiet 8212 9828,benign
wbadmin.exe,4996,CreateFile,C:\Windows\System32\blb_ps.dll,SUCCESS,"Desired Access: Read Attributes, Disposition: Open, Options: Open Reparse Point, Attributes: n/a, ShareMode: Read, Write, Delete, AllocationSize: n/a, OpenResult: Opened",4/14/2022 8:23:39 PM,File System,C:\Windows\system32\wbadmin.exe,BLUETEAM\ezk,wbadmin  delete catalog -quiet,8212,9828,"wbadmin.exe 4996 CreateFile C:\Windows\System32\blb_ps.dll SUCCESS Desired Access: Read Attributes, Disposition: Open, Options: Open Reparse Point, Attributes: n/a, ShareMode: Read, Write, Delete, AllocationSize: n/a, OpenResult: Opened 4/14/2022 8:23:39 PM File System C:\Windows\system32\wbadmin.exe BLUETEAM\ezk wbadmin  delete catalog -quiet 8212 9828",benign
wbadmin.exe,4996,QueryBasicInformationFile,C:\Windows\System32\blb_ps.dll,SUCCESS,"CreationTime: 12/7/2019 5:10:45 PM, LastAccessTime: 4/14/2022 8:23:39 PM, LastWriteTime: 12/7/2019 5:10:45 PM, ChangeTime: 10/15/2021 2:25:24 PM, FileAttributes: A",4/14/2022 8:23:39 PM,File System,C:\Windows\system32\wbadmin.exe,BLUETEAM\ezk,wbadmin  delete catalog -quiet,8212,9828,"wbadmin.exe 4996 QueryBasicInformationFile C:\Windows\System32\blb_ps.dll SUCCESS CreationTime: 12/7/2019 5:10:45 PM, LastAccessTime: 4/14/2022 8:23:39 PM, LastWriteTime: 12/7/2019 5:10:45 PM, ChangeTime: 10/15/2021 2:25:24 PM, FileAttributes: A 4/14/2022 8:23:39 PM File System C:\Windows\system32\wbadmin.exe BLUETEAM\ezk wbadmin  delete catalog -quiet 8212 9828",benign
wbadmin.exe,4996,CloseFile,C:\Windows\System32\blb_ps.dll,SUCCESS,,4/14/2022 8:23:39 PM,File System,C:\Windows\system32\wbadmin.exe,BLUETEAM\ezk,wbadmin  delete catalog -quiet,8212,9828,wbadmin.exe 4996 CloseFile C:\Windows\System32\blb_ps.dll SUCCESS None 4/14/2022 8:23:39 PM File System C:\Windows\system32\wbadmin.exe BLUETEAM\ezk wbadmin  delete catalog -quiet 8212 9828,benign
wbadmin.exe,4996,CreateFile,C:\Windows\System32\blb_ps.dll,SUCCESS,"Desired Access: Read Data/List Directory, Execute/Traverse, Synchronize, Disposition: Open, Options: Synchronous IO Non-Alert, Non-Directory File, Attributes: n/a, ShareMode: Read, Delete, AllocationSize: n/a, OpenResult: Opened",4/14/2022 8:23:39 PM,File System,C:\Windows\system32\wbadmin.exe,BLUETEAM\ezk,wbadmin  delete catalog -quiet,8212,9828,"wbadmin.exe 4996 CreateFile C:\Windows\System32\blb_ps.dll SUCCESS Desired Access: Read Data/List Directory, Execute/Traverse, Synchronize, Disposition: Open, Options: Synchronous IO Non-Alert, Non-Directory File, Attributes: n/a, ShareMode: Read, Delete, AllocationSize: n/a, OpenResult: Opened 4/14/2022 8:23:39 PM File System C:\Windows\system32\wbadmin.exe BLUETEAM\ezk wbadmin  delete catalog -quiet 8212 9828",benign
wbadmin.exe,4996,CloseFile,C:\Windows\System32\blb_ps.dll,SUCCESS,,4/14/2022 8:23:39 PM,File System,C:\Windows\system32\wbadmin.exe,BLUETEAM\ezk,wbadmin  delete catalog -quiet,8212,9828,wbadmin.exe 4996 CloseFile C:\Windows\System32\blb_ps.dll SUCCESS None 4/14/2022 8:23:39 PM File System C:\Windows\system32\wbadmin.exe BLUETEAM\ezk wbadmin  delete catalog -quiet 8212 9828,benign
wbadmin.exe,4996,RegQueryKey,HKCR,SUCCESS,"Query: HandleTags, HandleTags: 0x0",4/14/2022 8:23:39 PM,Registry,C:\Windows\system32\wbadmin.exe,BLUETEAM\ezk,wbadmin  delete catalog -quiet,8212,9828,"wbadmin.exe 4996 RegQueryKey HKCR SUCCESS Query: HandleTags, HandleTags: 0x0 4/14/2022 8:23:39 PM Registry C:\Windows\system32\wbadmin.exe BLUETEAM\ezk wbadmin  delete catalog -quiet 8212 9828",benign
wbadmin.exe,4996,RegOpenKey,HKLM\Software\Microsoft\Ole,SUCCESS,Desired Access: Read,4/14/2022 8:23:39 PM,Registry,C:\Windows\system32\wbadmin.exe,BLUETEAM\ezk,wbadmin  delete catalog -quiet,8212,9828,wbadmin.exe 4996 RegOpenKey HKLM\Software\Microsoft\Ole SUCCESS Desired Access: Read 4/14/2022 8:23:39 PM Registry C:\Windows\system32\wbadmin.exe BLUETEAM\ezk wbadmin  delete catalog -quiet 8212 9828,benign
wbadmin.exe,4996,RegOpenKey,HKCR\CLSID\{E3633C03-DF7A-41E0-B903-CC349A05E021}\LocalServer,NAME NOT FOUND,Desired Access: Query Value,4/14/2022 8:23:39 PM,Registry,C:\Windows\system32\wbadmin.exe,BLUETEAM\ezk,wbadmin  delete catalog -quiet,8212,9828,wbadmin.exe 4996 RegOpenKey HKCR\CLSID\{E3633C03-DF7A-41E0-B903-CC349A05E021}\LocalServer NAME NOT FOUND Desired Access: Query Value 4/14/2022 8:23:39 PM Registry C:\Windows\system32\wbadmin.exe BLUETEAM\ezk wbadmin  delete catalog -quiet 8212 9828,benign
wbadmin.exe,4996,RegQueryValue,HKCR\CLSID\{E3633C03-DF7A-41E0-B903-CC349A05E021}\AppID,NAME NOT FOUND,Length: 112,4/14/2022 8:23:39 PM,Registry,C:\Windows\system32\wbadmin.exe,BLUETEAM\ezk,wbadmin  delete catalog -quiet,8212,9828,wbadmin.exe 4996 RegQueryValue HKCR\CLSID\{E3633C03-DF7A-41E0-B903-CC349A05E021}\AppID NAME NOT FOUND Length: 112 4/14/2022 8:23:39 PM Registry C:\Windows\system32\wbadmin.exe BLUETEAM\ezk wbadmin  delete catalog -quiet 8212 9828,benign
wbadmin.exe,4996,RegQueryValue,HKCR\CLSID\{E3633C03-DF7A-41E0-B903-CC349A05E021}\(Default),SUCCESS,"Type: REG_SZ, Length: 32, Data: PSFactoryBuffer",4/14/2022 8:23:39 PM,Registry,C:\Windows\system32\wbadmin.exe,BLUETEAM\ezk,wbadmin  delete catalog -quiet,8212,9828,"wbadmin.exe 4996 RegQueryValue HKCR\CLSID\{E3633C03-DF7A-41E0-B903-CC349A05E021}\(Default) SUCCESS Type: REG_SZ, Length: 32, Data: PSFactoryBuffer 4/14/2022 8:23:39 PM Registry C:\Windows\system32\wbadmin.exe BLUETEAM\ezk wbadmin  delete catalog -quiet 8212 9828",benign
wbadmin.exe,4996,RegQueryKey,HKCR\CLSID\{E3633C03-DF7A-41E0-B903-CC349A05E021},SUCCESS,"Query: HandleTags, HandleTags: 0x0",4/14/2022 8:23:39 PM,Registry,C:\Windows\system32\wbadmin.exe,BLUETEAM\ezk,wbadmin  delete catalog -quiet,8212,9828,"wbadmin.exe 4996 RegQueryKey HKCR\CLSID\{E3633C03-DF7A-41E0-B903-CC349A05E021} SUCCESS Query: HandleTags, HandleTags: 0x0 4/14/2022 8:23:39 PM Registry C:\Windows\system32\wbadmin.exe BLUETEAM\ezk wbadmin  delete catalog -quiet 8212 9828",benign
wbadmin.exe,4996,RegOpenKey,HKCR\CLSID\{E3633C03-DF7A-41E0-B903-CC349A05E021}\InprocServer32,SUCCESS,Desired Access: Read,4/14/2022 8:23:39 PM,Registry,C:\Windows\system32\wbadmin.exe,BLUETEAM\ezk,wbadmin  delete catalog -quiet,8212,9828,wbadmin.exe 4996 RegOpenKey HKCR\CLSID\{E3633C03-DF7A-41E0-B903-CC349A05E021}\InprocServer32 SUCCESS Desired Access: Read 4/14/2022 8:23:39 PM Registry C:\Windows\system32\wbadmin.exe BLUETEAM\ezk wbadmin  delete catalog -quiet 8212 9828,benign
wbadmin.exe,4996,RegQueryValue,HKCR\CLSID\{E3633C03-DF7A-41E0-B903-CC349A05E021}\InProcServer32\InprocServer32,NAME NOT FOUND,Length: 12,4/14/2022 8:23:39 PM,Registry,C:\Windows\system32\wbadmin.exe,BLUETEAM\ezk,wbadmin  delete catalog -quiet,8212,9828,wbadmin.exe 4996 RegQueryValue HKCR\CLSID\{E3633C03-DF7A-41E0-B903-CC349A05E021}\InProcServer32\InprocServer32 NAME NOT FOUND Length: 12 4/14/2022 8:23:39 PM Registry C:\Windows\system32\wbadmin.exe BLUETEAM\ezk wbadmin  delete catalog -quiet 8212 9828,benign
wbadmin.exe,4996,RegQueryValue,HKCR\CLSID\{E3633C03-DF7A-41E0-B903-CC349A05E021}\InProcServer32\(Default),BUFFER OVERFLOW,Length: 12,4/14/2022 8:23:39 PM,Registry,C:\Windows\system32\wbadmin.exe,BLUETEAM\ezk,wbadmin  delete catalog -quiet,8212,9828,wbadmin.exe 4996 RegQueryValue HKCR\CLSID\{E3633C03-DF7A-41E0-B903-CC349A05E021}\InProcServer32\(Default) BUFFER OVERFLOW Length: 12 4/14/2022 8:23:39 PM Registry C:\Windows\system32\wbadmin.exe BLUETEAM\ezk wbadmin  delete catalog -quiet 8212 9828,benign
wbadmin.exe,4996,RegQueryValue,HKCR\CLSID\{E3633C03-DF7A-41E0-B903-CC349A05E021}\InProcServer32\(Default),SUCCESS,"Type: REG_EXPAND_SZ, Length: 66, Data: %systemroot%\system32\blb_ps.dll",4/14/2022 8:23:39 PM,Registry,C:\Windows\system32\wbadmin.exe,BLUETEAM\ezk,wbadmin  delete catalog -quiet,8212,9828,"wbadmin.exe 4996 RegQueryValue HKCR\CLSID\{E3633C03-DF7A-41E0-B903-CC349A05E021}\InProcServer32\(Default) SUCCESS Type: REG_EXPAND_SZ, Length: 66, Data: %systemroot%\system32\blb_ps.dll 4/14/2022 8:23:39 PM Registry C:\Windows\system32\wbadmin.exe BLUETEAM\ezk wbadmin  delete catalog -quiet 8212 9828",benign
wbadmin.exe,4996,RegQueryValue,HKCR\CLSID\{E3633C03-DF7A-41E0-B903-CC349A05E021}\InProcServer32\(Default),SUCCESS,"Type: REG_EXPAND_SZ, Length: 66, Data: %systemroot%\system32\blb_ps.dll",4/14/2022 8:23:39 PM,Registry,C:\Windows\system32\wbadmin.exe,BLUETEAM\ezk,wbadmin  delete catalog -quiet,8212,9828,"wbadmin.exe 4996 RegQueryValue HKCR\CLSID\{E3633C03-DF7A-41E0-B903-CC349A05E021}\InProcServer32\(Default) SUCCESS Type: REG_EXPAND_SZ, Length: 66, Data: %systemroot%\system32\blb_ps.dll 4/14/2022 8:23:39 PM Registry C:\Windows\system32\wbadmin.exe BLUETEAM\ezk wbadmin  delete catalog -quiet 8212 9828",benign
wbadmin.exe,4996,RegQueryValue,HKCR\CLSID\{E3633C03-DF7A-41E0-B903-CC349A05E021}\InProcServer32\ThreadingModel,SUCCESS,"Type: REG_SZ, Length: 10, Data: Both",4/14/2022 8:23:39 PM,Registry,C:\Windows\system32\wbadmin.exe,BLUETEAM\ezk,wbadmin  delete catalog -quiet,8212,9828,"wbadmin.exe 4996 RegQueryValue HKCR\CLSID\{E3633C03-DF7A-41E0-B903-CC349A05E021}\InProcServer32\ThreadingModel SUCCESS Type: REG_SZ, Length: 10, Data: Both 4/14/2022 8:23:39 PM Registry C:\Windows\system32\wbadmin.exe BLUETEAM\ezk wbadmin  delete catalog -quiet 8212 9828",benign
wbadmin.exe,4996,RegCloseKey,HKCR\CLSID\{E3633C03-DF7A-41E0-B903-CC349A05E021}\InProcServer32,SUCCESS,,4/14/2022 8:23:39 PM,Registry,C:\Windows\system32\wbadmin.exe,BLUETEAM\ezk,wbadmin  delete catalog -quiet,8212,9828,wbadmin.exe 4996 RegCloseKey HKCR\CLSID\{E3633C03-DF7A-41E0-B903-CC349A05E021}\InProcServer32 SUCCESS None 4/14/2022 8:23:39 PM Registry C:\Windows\system32\wbadmin.exe BLUETEAM\ezk wbadmin  delete catalog -quiet 8212 9828,benign
wbadmin.exe,4996,RegQueryKey,HKCR\CLSID\{E3633C03-DF7A-41E0-B903-CC349A05E021},SUCCESS,"Query: HandleTags, HandleTags: 0x0",4/14/2022 8:23:39 PM,Registry,C:\Windows\system32\wbadmin.exe,BLUETEAM\ezk,wbadmin  delete catalog -quiet,8212,9828,"wbadmin.exe 4996 RegQueryKey HKCR\CLSID\{E3633C03-DF7A-41E0-B903-CC349A05E021} SUCCESS Query: HandleTags, HandleTags: 0x0 4/14/2022 8:23:39 PM Registry C:\Windows\system32\wbadmin.exe BLUETEAM\ezk wbadmin  delete catalog -quiet 8212 9828",benign
wbadmin.exe,4996,RegOpenKey,HKCR\CLSID\{E3633C03-DF7A-41E0-B903-CC349A05E021}\InprocHandler32,NAME NOT FOUND,Desired Access: Query Value,4/14/2022 8:23:39 PM,Registry,C:\Windows\system32\wbadmin.exe,BLUETEAM\ezk,wbadmin  delete catalog -quiet,8212,9828,wbadmin.exe 4996 RegOpenKey HKCR\CLSID\{E3633C03-DF7A-41E0-B903-CC349A05E021}\InprocHandler32 NAME NOT FOUND Desired Access: Query Value 4/14/2022 8:23:39 PM Registry C:\Windows\system32\wbadmin.exe BLUETEAM\ezk wbadmin  delete catalog -quiet 8212 9828,benign
wbadmin.exe,4996,RegQueryKey,HKCR\CLSID\{E3633C03-DF7A-41E0-B903-CC349A05E021},SUCCESS,"Query: HandleTags, HandleTags: 0x0",4/14/2022 8:23:39 PM,Registry,C:\Windows\system32\wbadmin.exe,BLUETEAM\ezk,wbadmin  delete catalog -quiet,8212,9828,"wbadmin.exe 4996 RegQueryKey HKCR\CLSID\{E3633C03-DF7A-41E0-B903-CC349A05E021} SUCCESS Query: HandleTags, HandleTags: 0x0 4/14/2022 8:23:39 PM Registry C:\Windows\system32\wbadmin.exe BLUETEAM\ezk wbadmin  delete catalog -quiet 8212 9828",benign
wbadmin.exe,4996,RegOpenKey,HKCR\CLSID\{E3633C03-DF7A-41E0-B903-CC349A05E021}\InprocHandler,NAME NOT FOUND,Desired Access: Query Value,4/14/2022 8:23:39 PM,Registry,C:\Windows\system32\wbadmin.exe,BLUETEAM\ezk,wbadmin  delete catalog -quiet,8212,9828,wbadmin.exe 4996 RegOpenKey HKCR\CLSID\{E3633C03-DF7A-41E0-B903-CC349A05E021}\InprocHandler NAME NOT FOUND Desired Access: Query Value 4/14/2022 8:23:39 PM Registry C:\Windows\system32\wbadmin.exe BLUETEAM\ezk wbadmin  delete catalog -quiet 8212 9828,benign
wbadmin.exe,4996,RegQueryKey,HKCR\CLSID\{E3633C03-DF7A-41E0-B903-CC349A05E021},SUCCESS,"Query: HandleTags, HandleTags: 0x0",4/14/2022 8:23:39 PM,Registry,C:\Windows\system32\wbadmin.exe,BLUETEAM\ezk,wbadmin  delete catalog -quiet,8212,9828,"wbadmin.exe 4996 RegQueryKey HKCR\CLSID\{E3633C03-DF7A-41E0-B903-CC349A05E021} SUCCESS Query: HandleTags, HandleTags: 0x0 4/14/2022 8:23:39 PM Registry C:\Windows\system32\wbadmin.exe BLUETEAM\ezk wbadmin  delete catalog -quiet 8212 9828",benign
wbadmin.exe,4996,RegOpenKey,HKCR\CLSID\{E3633C03-DF7A-41E0-B903-CC349A05E021}\LocalServer32,NAME NOT FOUND,Desired Access: Read,4/14/2022 8:23:39 PM,Registry,C:\Windows\system32\wbadmin.exe,BLUETEAM\ezk,wbadmin  delete catalog -quiet,8212,9828,wbadmin.exe 4996 RegOpenKey HKCR\CLSID\{E3633C03-DF7A-41E0-B903-CC349A05E021}\LocalServer32 NAME NOT FOUND Desired Access: Read 4/14/2022 8:23:39 PM Registry C:\Windows\system32\wbadmin.exe BLUETEAM\ezk wbadmin  delete catalog -quiet 8212 9828,benign
wbadmin.exe,4996,RegQueryKey,HKCR\CLSID\{E3633C03-DF7A-41E0-B903-CC349A05E021},SUCCESS,"Query: HandleTags, HandleTags: 0x0",4/14/2022 8:23:39 PM,Registry,C:\Windows\system32\wbadmin.exe,BLUETEAM\ezk,wbadmin  delete catalog -quiet,8212,9828,"wbadmin.exe 4996 RegQueryKey HKCR\CLSID\{E3633C03-DF7A-41E0-B903-CC349A05E021} SUCCESS Query: HandleTags, HandleTags: 0x0 4/14/2022 8:23:39 PM Registry C:\Windows\system32\wbadmin.exe BLUETEAM\ezk wbadmin  delete catalog -quiet 8212 9828",benign
wbadmin.exe,4996,RegQueryKey,HKLM,SUCCESS,"Query: HandleTags, HandleTags: 0x0",4/14/2022 8:23:39 PM,Registry,C:\Windows\system32\wbadmin.exe,BLUETEAM\ezk,wbadmin  delete catalog -quiet,8212,9828,"wbadmin.exe 4996 RegQueryKey HKLM SUCCESS Query: HandleTags, HandleTags: 0x0 4/14/2022 8:23:39 PM Registry C:\Windows\system32\wbadmin.exe BLUETEAM\ezk wbadmin  delete catalog -quiet 8212 9828",benign
wbadmin.exe,4996,RegCloseKey,HKCR\Interface\{00000134-0000-0000-C000-000000000046},SUCCESS,,4/14/2022 8:23:39 PM,Registry,C:\Windows\system32\wbadmin.exe,BLUETEAM\ezk,wbadmin  delete catalog -quiet,8212,9828,wbadmin.exe 4996 RegCloseKey HKCR\Interface\{00000134-0000-0000-C000-000000000046} SUCCESS None 4/14/2022 8:23:39 PM Registry C:\Windows\system32\wbadmin.exe BLUETEAM\ezk wbadmin  delete catalog -quiet 8212 9828,benign
wbadmin.exe,4996,RegCloseKey,HKCR\Interface\{00000134-0000-0000-C000-000000000046}\ProxyStubClsid32,SUCCESS,,4/14/2022 8:23:39 PM,Registry,C:\Windows\system32\wbadmin.exe,BLUETEAM\ezk,wbadmin  delete catalog -quiet,8212,9828,wbadmin.exe 4996 RegCloseKey HKCR\Interface\{00000134-0000-0000-C000-000000000046}\ProxyStubClsid32 SUCCESS None 4/14/2022 8:23:39 PM Registry C:\Windows\system32\wbadmin.exe BLUETEAM\ezk wbadmin  delete catalog -quiet 8212 9828,benign
wbadmin.exe,4996,RegQueryKey,HKCR,SUCCESS,"Query: HandleTags, HandleTags: 0x0",4/14/2022 8:23:39 PM,Registry,C:\Windows\system32\wbadmin.exe,BLUETEAM\ezk,wbadmin  delete catalog -quiet,8212,9828,"wbadmin.exe 4996 RegQueryKey HKCR SUCCESS Query: HandleTags, HandleTags: 0x0 4/14/2022 8:23:39 PM Registry C:\Windows\system32\wbadmin.exe BLUETEAM\ezk wbadmin  delete catalog -quiet 8212 9828",benign
wbadmin.exe,4996,RegQueryKey,HKCR,SUCCESS,Query: Name,4/14/2022 8:23:39 PM,Registry,C:\Windows\system32\wbadmin.exe,BLUETEAM\ezk,wbadmin  delete catalog -quiet,8212,9828,wbadmin.exe 4996 RegQueryKey HKCR SUCCESS Query: Name 4/14/2022 8:23:39 PM Registry C:\Windows\system32\wbadmin.exe BLUETEAM\ezk wbadmin  delete catalog -quiet 8212 9828,benign
wbadmin.exe,4996,RegOpenKey,HKCR\AppID\wbadmin.exe,NAME NOT FOUND,Desired Access: Read,4/14/2022 8:23:39 PM,Registry,C:\Windows\system32\wbadmin.exe,BLUETEAM\ezk,wbadmin  delete catalog -quiet,8212,9828,wbadmin.exe 4996 RegOpenKey HKCR\AppID\wbadmin.exe NAME NOT FOUND Desired Access: Read 4/14/2022 8:23:39 PM Registry C:\Windows\system32\wbadmin.exe BLUETEAM\ezk wbadmin  delete catalog -quiet 8212 9828,benign
wbadmin.exe,4996,RegOpenKey,HKLM\System\CurrentControlSet\Control\Lsa,REPARSE,Desired Access: Query Value,4/14/2022 8:23:39 PM,Registry,C:\Windows\system32\wbadmin.exe,BLUETEAM\ezk,wbadmin  delete catalog -quiet,8212,9828,wbadmin.exe 4996 RegOpenKey HKLM\System\CurrentControlSet\Control\Lsa REPARSE Desired Access: Query Value 4/14/2022 8:23:39 PM Registry C:\Windows\system32\wbadmin.exe BLUETEAM\ezk wbadmin  delete catalog -quiet 8212 9828,benign
wbadmin.exe,4996,RegOpenKey,HKLM\System\CurrentControlSet\Control\Lsa,SUCCESS,Desired Access: Query Value,4/14/2022 8:23:39 PM,Registry,C:\Windows\system32\wbadmin.exe,BLUETEAM\ezk,wbadmin  delete catalog -quiet,8212,9828,wbadmin.exe 4996 RegOpenKey HKLM\System\CurrentControlSet\Control\Lsa SUCCESS Desired Access: Query Value 4/14/2022 8:23:39 PM Registry C:\Windows\system32\wbadmin.exe BLUETEAM\ezk wbadmin  delete catalog -quiet 8212 9828,benign
wbadmin.exe,4996,RegQueryValue,HKLM\System\CurrentControlSet\Control\Lsa\AnonymousAppContainerImpersonationLevelCheck,NAME NOT FOUND,Length: 80,4/14/2022 8:23:39 PM,Registry,C:\Windows\system32\wbadmin.exe,BLUETEAM\ezk,wbadmin  delete catalog -quiet,8212,9828,wbadmin.exe 4996 RegQueryValue HKLM\System\CurrentControlSet\Control\Lsa\AnonymousAppContainerImpersonationLevelCheck NAME NOT FOUND Length: 80 4/14/2022 8:23:39 PM Registry C:\Windows\system32\wbadmin.exe BLUETEAM\ezk wbadmin  delete catalog -quiet 8212 9828,benign
wbadmin.exe,4996,RegCloseKey,HKLM\System\CurrentControlSet\Control\Lsa,SUCCESS,,4/14/2022 8:23:39 PM,Registry,C:\Windows\system32\wbadmin.exe,BLUETEAM\ezk,wbadmin  delete catalog -quiet,8212,9828,wbadmin.exe 4996 RegCloseKey HKLM\System\CurrentControlSet\Control\Lsa SUCCESS None 4/14/2022 8:23:39 PM Registry C:\Windows\system32\wbadmin.exe BLUETEAM\ezk wbadmin  delete catalog -quiet 8212 9828,benign
wbadmin.exe,4996,RegOpenKey,HKLM\System\CurrentControlSet\Control\Lsa,REPARSE,Desired Access: Query Value,4/14/2022 8:23:39 PM,Registry,C:\Windows\system32\wbadmin.exe,BLUETEAM\ezk,wbadmin  delete catalog -quiet,8212,9828,wbadmin.exe 4996 RegOpenKey HKLM\System\CurrentControlSet\Control\Lsa REPARSE Desired Access: Query Value 4/14/2022 8:23:39 PM Registry C:\Windows\system32\wbadmin.exe BLUETEAM\ezk wbadmin  delete catalog -quiet 8212 9828,benign
wbadmin.exe,4996,RegOpenKey,HKLM\System\CurrentControlSet\Control\Lsa,SUCCESS,Desired Access: Query Value,4/14/2022 8:23:39 PM,Registry,C:\Windows\system32\wbadmin.exe,BLUETEAM\ezk,wbadmin  delete catalog -quiet,8212,9828,wbadmin.exe 4996 RegOpenKey HKLM\System\CurrentControlSet\Control\Lsa SUCCESS Desired Access: Query Value 4/14/2022 8:23:39 PM Registry C:\Windows\system32\wbadmin.exe BLUETEAM\ezk wbadmin  delete catalog -quiet 8212 9828,benign
wbadmin.exe,4996,RegQueryValue,HKLM\System\CurrentControlSet\Control\Lsa\EveryoneIncludesAnonymous,SUCCESS,"Type: REG_DWORD, Length: 4, Data: 0",4/14/2022 8:23:39 PM,Registry,C:\Windows\system32\wbadmin.exe,BLUETEAM\ezk,wbadmin  delete catalog -quiet,8212,9828,"wbadmin.exe 4996 RegQueryValue HKLM\System\CurrentControlSet\Control\Lsa\EveryoneIncludesAnonymous SUCCESS Type: REG_DWORD, Length: 4, Data: 0 4/14/2022 8:23:39 PM Registry C:\Windows\system32\wbadmin.exe BLUETEAM\ezk wbadmin  delete catalog -quiet 8212 9828",benign
wbadmin.exe,4996,RegCloseKey,HKLM\System\CurrentControlSet\Control\Lsa,SUCCESS,,4/14/2022 8:23:39 PM,Registry,C:\Windows\system32\wbadmin.exe,BLUETEAM\ezk,wbadmin  delete catalog -quiet,8212,9828,wbadmin.exe 4996 RegCloseKey HKLM\System\CurrentControlSet\Control\Lsa SUCCESS None 4/14/2022 8:23:39 PM Registry C:\Windows\system32\wbadmin.exe BLUETEAM\ezk wbadmin  delete catalog -quiet 8212 9828,benign
wbadmin.exe,4996,RegOpenKey,HKLM\Software\Microsoft\Rpc\Extensions,SUCCESS,Desired Access: Read,4/14/2022 8:23:39 PM,Registry,C:\Windows\system32\wbadmin.exe,BLUETEAM\ezk,wbadmin  delete catalog -quiet,8212,9828,wbadmin.exe 4996 RegOpenKey HKLM\Software\Microsoft\Rpc\Extensions SUCCESS Desired Access: Read 4/14/2022 8:23:39 PM Registry C:\Windows\system32\wbadmin.exe BLUETEAM\ezk wbadmin  delete catalog -quiet 8212 9828,benign
wbadmin.exe,4996,RegQueryValue,HKLM\SOFTWARE\Microsoft\Rpc\Extensions\NdrOleExtDLL,SUCCESS,"Type: REG_EXPAND_SZ, Length: 24, Data: combase.dll",4/14/2022 8:23:39 PM,Registry,C:\Windows\system32\wbadmin.exe,BLUETEAM\ezk,wbadmin  delete catalog -quiet,8212,9828,"wbadmin.exe 4996 RegQueryValue HKLM\SOFTWARE\Microsoft\Rpc\Extensions\NdrOleExtDLL SUCCESS Type: REG_EXPAND_SZ, Length: 24, Data: combase.dll 4/14/2022 8:23:39 PM Registry C:\Windows\system32\wbadmin.exe BLUETEAM\ezk wbadmin  delete catalog -quiet 8212 9828",benign
wbadmin.exe,4996,RegCloseKey,HKLM\SOFTWARE\Microsoft\Rpc\Extensions,SUCCESS,,4/14/2022 8:23:39 PM,Registry,C:\Windows\system32\wbadmin.exe,BLUETEAM\ezk,wbadmin  delete catalog -quiet,8212,9828,wbadmin.exe 4996 RegCloseKey HKLM\SOFTWARE\Microsoft\Rpc\Extensions SUCCESS None 4/14/2022 8:23:39 PM Registry C:\Windows\system32\wbadmin.exe BLUETEAM\ezk wbadmin  delete catalog -quiet 8212 9828,benign
wbadmin.exe,4996,ReadFile,C:\Windows\System32\en-US\wbadmin.exe.mui,SUCCESS,"Offset: 147,456, Length: 32,768, I/O Flags: Non-cached, Paging I/O, Synchronous Paging I/O, Priority: Normal",4/14/2022 8:23:39 PM,File System,C:\Windows\system32\wbadmin.exe,BLUETEAM\ezk,wbadmin  delete catalog -quiet,8212,9828,"wbadmin.exe 4996 ReadFile C:\Windows\System32\en-US\wbadmin.exe.mui SUCCESS Offset: 147,456, Length: 32,768, I/O Flags: Non-cached, Paging I/O, Synchronous Paging I/O, Priority: Normal 4/14/2022 8:23:39 PM File System C:\Windows\system32\wbadmin.exe BLUETEAM\ezk wbadmin  delete catalog -quiet 8212 9828",benign
wbadmin.exe,4996,RegOpenKey,HKCR\AppID\wbadmin.exe,NAME NOT FOUND,Desired Access: Read,4/14/2022 8:23:39 PM,Registry,C:\Windows\system32\wbadmin.exe,BLUETEAM\ezk,wbadmin  delete catalog -quiet,8212,9828,wbadmin.exe 4996 RegOpenKey HKCR\AppID\wbadmin.exe NAME NOT FOUND Desired Access: Read 4/14/2022 8:23:39 PM Registry C:\Windows\system32\wbadmin.exe BLUETEAM\ezk wbadmin  delete catalog -quiet 8212 9828,benign
wbadmin.exe,4996,RegQueryKey,HKLM,SUCCESS,"Query: HandleTags, HandleTags: 0x0",4/14/2022 8:23:39 PM,Registry,C:\Windows\system32\wbadmin.exe,BLUETEAM\ezk,wbadmin  delete catalog -quiet,8212,9828,"wbadmin.exe 4996 RegQueryKey HKLM SUCCESS Query: HandleTags, HandleTags: 0x0 4/14/2022 8:23:39 PM Registry C:\Windows\system32\wbadmin.exe BLUETEAM\ezk wbadmin  delete catalog -quiet 8212 9828",benign
wbadmin.exe,4996,RegQueryKey,HKCR,SUCCESS,"Query: HandleTags, HandleTags: 0x0",4/14/2022 8:23:39 PM,Registry,C:\Windows\system32\wbadmin.exe,BLUETEAM\ezk,wbadmin  delete catalog -quiet,8212,9828,"wbadmin.exe 4996 RegQueryKey HKCR SUCCESS Query: HandleTags, HandleTags: 0x0 4/14/2022 8:23:39 PM Registry C:\Windows\system32\wbadmin.exe BLUETEAM\ezk wbadmin  delete catalog -quiet 8212 9828",benign
wbadmin.exe,4996,RegQueryKey,HKLM,SUCCESS,"Query: HandleTags, HandleTags: 0x0",4/14/2022 8:23:39 PM,Registry,C:\Windows\system32\wbadmin.exe,BLUETEAM\ezk,wbadmin  delete catalog -quiet,8212,9828,"wbadmin.exe 4996 RegQueryKey HKLM SUCCESS Query: HandleTags, HandleTags: 0x0 4/14/2022 8:23:39 PM Registry C:\Windows\system32\wbadmin.exe BLUETEAM\ezk wbadmin  delete catalog -quiet 8212 9828",benign
wbadmin.exe,4996,RegQueryValue,HKLM\System\CurrentControlSet\Control\Lsa\FipsAlgorithmPolicy\MDMEnabled,NAME NOT FOUND,Length: 20,4/14/2022 8:23:39 PM,Registry,C:\Windows\system32\wbadmin.exe,BLUETEAM\ezk,wbadmin  delete catalog -quiet,8212,9828,wbadmin.exe 4996 RegQueryValue HKLM\System\CurrentControlSet\Control\Lsa\FipsAlgorithmPolicy\MDMEnabled NAME NOT FOUND Length: 20 4/14/2022 8:23:39 PM Registry C:\Windows\system32\wbadmin.exe BLUETEAM\ezk wbadmin  delete catalog -quiet 8212 9828,benign
wbadmin.exe,4996,RegCloseKey,HKLM\System\CurrentControlSet\Control\Lsa\FipsAlgorithmPolicy,SUCCESS,,4/14/2022 8:23:39 PM,Registry,C:\Windows\system32\wbadmin.exe,BLUETEAM\ezk,wbadmin  delete catalog -quiet,8212,9828,wbadmin.exe 4996 RegCloseKey HKLM\System\CurrentControlSet\Control\Lsa\FipsAlgorithmPolicy SUCCESS None 4/14/2022 8:23:39 PM Registry C:\Windows\system32\wbadmin.exe BLUETEAM\ezk wbadmin  delete catalog -quiet 8212 9828,benign
wbadmin.exe,4996,RegCloseKey,HKLM\System\CurrentControlSet\Control\Lsa,SUCCESS,,4/14/2022 8:23:39 PM,Registry,C:\Windows\system32\wbadmin.exe,BLUETEAM\ezk,wbadmin  delete catalog -quiet,8212,9828,wbadmin.exe 4996 RegCloseKey HKLM\System\CurrentControlSet\Control\Lsa SUCCESS None 4/14/2022 8:23:39 PM Registry C:\Windows\system32\wbadmin.exe BLUETEAM\ezk wbadmin  delete catalog -quiet 8212 9828,benign
wbadmin.exe,4996,RegOpenKey,HKLM\SYSTEM\CurrentControlSet\Policies\Microsoft\Cryptography\Configuration,REPARSE,Desired Access: Query Value,4/14/2022 8:23:39 PM,Registry,C:\Windows\system32\wbadmin.exe,BLUETEAM\ezk,wbadmin  delete catalog -quiet,8212,9828,wbadmin.exe 4996 RegOpenKey HKLM\SYSTEM\CurrentControlSet\Policies\Microsoft\Cryptography\Configuration REPARSE Desired Access: Query Value 4/14/2022 8:23:39 PM Registry C:\Windows\system32\wbadmin.exe BLUETEAM\ezk wbadmin  delete catalog -quiet 8212 9828,benign
wbadmin.exe,4996,RegOpenKey,HKLM\System\CurrentControlSet\Policies\Microsoft\Cryptography\Configuration,NAME NOT FOUND,Desired Access: Query Value,4/14/2022 8:23:39 PM,Registry,C:\Windows\system32\wbadmin.exe,BLUETEAM\ezk,wbadmin  delete catalog -quiet,8212,9828,wbadmin.exe 4996 RegOpenKey HKLM\System\CurrentControlSet\Policies\Microsoft\Cryptography\Configuration NAME NOT FOUND Desired Access: Query Value 4/14/2022 8:23:39 PM Registry C:\Windows\system32\wbadmin.exe BLUETEAM\ezk wbadmin  delete catalog -quiet 8212 9828,benign
wbadmin.exe,4996,RegOpenKey,HKLM\SOFTWARE\Policies\Microsoft\Windows\Appx,SUCCESS,Desired Access: Read,4/14/2022 8:23:39 PM,Registry,C:\Windows\system32\wbadmin.exe,BLUETEAM\ezk,wbadmin  delete catalog -quiet,8212,9828,wbadmin.exe 4996 RegOpenKey HKLM\SOFTWARE\Policies\Microsoft\Windows\Appx SUCCESS Desired Access: Read 4/14/2022 8:23:39 PM Registry C:\Windows\system32\wbadmin.exe BLUETEAM\ezk wbadmin  delete catalog -quiet 8212 9828,benign
wbadmin.exe,4996,RegQueryValue,HKLM\SOFTWARE\Policies\Microsoft\Windows\Appx\AllowDevelopmentWithoutDevLicense,NAME NOT FOUND,Length: 24,4/14/2022 8:23:39 PM,Registry,C:\Windows\system32\wbadmin.exe,BLUETEAM\ezk,wbadmin  delete catalog -quiet,8212,9828,wbadmin.exe 4996 RegQueryValue HKLM\SOFTWARE\Policies\Microsoft\Windows\Appx\AllowDevelopmentWithoutDevLicense NAME NOT FOUND Length: 24 4/14/2022 8:23:39 PM Registry C:\Windows\system32\wbadmin.exe BLUETEAM\ezk wbadmin  delete catalog -quiet 8212 9828,benign
wbadmin.exe,4996,RegCloseKey,HKLM\SOFTWARE\Policies\Microsoft\Windows\Appx,SUCCESS,,4/14/2022 8:23:39 PM,Registry,C:\Windows\system32\wbadmin.exe,BLUETEAM\ezk,wbadmin  delete catalog -quiet,8212,9828,wbadmin.exe 4996 RegCloseKey HKLM\SOFTWARE\Policies\Microsoft\Windows\Appx SUCCESS None 4/14/2022 8:23:39 PM Registry C:\Windows\system32\wbadmin.exe BLUETEAM\ezk wbadmin  delete catalog -quiet 8212 9828,benign
wbadmin.exe,4996,RegOpenKey,HKLM\SOFTWARE\Microsoft\Windows\CurrentVersion\AppModelUnlock,SUCCESS,Desired Access: Read,4/14/2022 8:23:39 PM,Registry,C:\Windows\system32\wbadmin.exe,BLUETEAM\ezk,wbadmin  delete catalog -quiet,8212,9828,wbadmin.exe 4996 RegOpenKey HKLM\SOFTWARE\Microsoft\Windows\CurrentVersion\AppModelUnlock SUCCESS Desired Access: Read 4/14/2022 8:23:39 PM Registry C:\Windows\system32\wbadmin.exe BLUETEAM\ezk wbadmin  delete catalog -quiet 8212 9828,benign
wbadmin.exe,4996,RegQueryValue,HKLM\SOFTWARE\Microsoft\Windows\CurrentVersion\AppModelUnlock\AllowDevelopmentWithoutDevLicense,NAME NOT FOUND,Length: 24,4/14/2022 8:23:39 PM,Registry,C:\Windows\system32\wbadmin.exe,BLUETEAM\ezk,wbadmin  delete catalog -quiet,8212,9828,wbadmin.exe 4996 RegQueryValue HKLM\SOFTWARE\Microsoft\Windows\CurrentVersion\AppModelUnlock\AllowDevelopmentWithoutDevLicense NAME NOT FOUND Length: 24 4/14/2022 8:23:39 PM Registry C:\Windows\system32\wbadmin.exe BLUETEAM\ezk wbadmin  delete catalog -quiet 8212 9828,benign
wbadmin.exe,4996,RegCloseKey,HKLM\SOFTWARE\Microsoft\Windows\CurrentVersion\AppModelUnlock,SUCCESS,,4/14/2022 8:23:39 PM,Registry,C:\Windows\system32\wbadmin.exe,BLUETEAM\ezk,wbadmin  delete catalog -quiet,8212,9828,wbadmin.exe 4996 RegCloseKey HKLM\SOFTWARE\Microsoft\Windows\CurrentVersion\AppModelUnlock SUCCESS None 4/14/2022 8:23:39 PM Registry C:\Windows\system32\wbadmin.exe BLUETEAM\ezk wbadmin  delete catalog -quiet 8212 9828,benign
wbadmin.exe,4996,RegQueryKey,HKLM,SUCCESS,"Query: HandleTags, HandleTags: 0x0",4/14/2022 8:23:39 PM,Registry,C:\Windows\system32\wbadmin.exe,BLUETEAM\ezk,wbadmin  delete catalog -quiet,8212,9828,"wbadmin.exe 4996 RegQueryKey HKLM SUCCESS Query: HandleTags, HandleTags: 0x0 4/14/2022 8:23:39 PM Registry C:\Windows\system32\wbadmin.exe BLUETEAM\ezk wbadmin  delete catalog -quiet 8212 9828",benign
wbadmin.exe,4996,RegOpenKey,HKLM\Software\Microsoft\OLE\AppCompat,SUCCESS,Desired Access: Read,4/14/2022 8:23:39 PM,Registry,C:\Windows\system32\wbadmin.exe,BLUETEAM\ezk,wbadmin  delete catalog -quiet,8212,9828,wbadmin.exe 4996 RegOpenKey HKLM\Software\Microsoft\OLE\AppCompat SUCCESS Desired Access: Read 4/14/2022 8:23:39 PM Registry C:\Windows\system32\wbadmin.exe BLUETEAM\ezk wbadmin  delete catalog -quiet 8212 9828,benign
wbadmin.exe,4996,RegQueryValue,HKLM\SOFTWARE\Microsoft\Ole\AppCompat\RaiseActivationAuthenticationLevel,NAME NOT FOUND,Length: 16,4/14/2022 8:23:39 PM,Registry,C:\Windows\system32\wbadmin.exe,BLUETEAM\ezk,wbadmin  delete catalog -quiet,8212,9828,wbadmin.exe 4996 RegQueryValue HKLM\SOFTWARE\Microsoft\Ole\AppCompat\RaiseActivationAuthenticationLevel NAME NOT FOUND Length: 16 4/14/2022 8:23:39 PM Registry C:\Windows\system32\wbadmin.exe BLUETEAM\ezk wbadmin  delete catalog -quiet 8212 9828,benign
wbadmin.exe,4996,RegCloseKey,HKLM\SOFTWARE\Microsoft\Ole\AppCompat,SUCCESS,,4/14/2022 8:23:39 PM,Registry,C:\Windows\system32\wbadmin.exe,BLUETEAM\ezk,wbadmin  delete catalog -quiet,8212,9828,wbadmin.exe 4996 RegCloseKey HKLM\SOFTWARE\Microsoft\Ole\AppCompat SUCCESS None 4/14/2022 8:23:39 PM Registry C:\Windows\system32\wbadmin.exe BLUETEAM\ezk wbadmin  delete catalog -quiet 8212 9828,benign
wbadmin.exe,4996,RegOpenKey,HKCR,SUCCESS,"Desired Access: Maximum Allowed, Granted Access: All Access",4/14/2022 8:23:39 PM,Registry,C:\Windows\system32\wbadmin.exe,BLUETEAM\ezk,wbadmin  delete catalog -quiet,8212,9828,"wbadmin.exe 4996 RegOpenKey HKCR SUCCESS Desired Access: Maximum Allowed, Granted Access: All Access 4/14/2022 8:23:39 PM Registry C:\Windows\system32\wbadmin.exe BLUETEAM\ezk wbadmin  delete catalog -quiet 8212 9828",benign
wbadmin.exe,4996,RegOpenKey,HKCU\Software\Policies\Microsoft\Windows\Control Panel\Desktop,NAME NOT FOUND,Desired Access: Read,4/14/2022 8:23:39 PM,Registry,C:\Windows\system32\wbadmin.exe,BLUETEAM\ezk,wbadmin  delete catalog -quiet,8212,9828,wbadmin.exe 4996 RegOpenKey HKCU\Software\Policies\Microsoft\Windows\Control Panel\Desktop NAME NOT FOUND Desired Access: Read 4/14/2022 8:23:39 PM Registry C:\Windows\system32\wbadmin.exe BLUETEAM\ezk wbadmin  delete catalog -quiet 8212 9828,benign
wbadmin.exe,4996,RegOpenKey,HKLM\System\CurrentControlSet\Control\MiniNT,NAME NOT FOUND,Desired Access: Read,4/14/2022 8:23:39 PM,Registry,C:\Windows\system32\wbadmin.exe,BLUETEAM\ezk,wbadmin  delete catalog -quiet,8212,9828,wbadmin.exe 4996 RegOpenKey HKLM\System\CurrentControlSet\Control\MiniNT NAME NOT FOUND Desired Access: Read 4/14/2022 8:23:39 PM Registry C:\Windows\system32\wbadmin.exe BLUETEAM\ezk wbadmin  delete catalog -quiet 8212 9828,benign
wbadmin.exe,4996,RegOpenKey,HKCR,SUCCESS,"Desired Access: Maximum Allowed, Granted Access: All Access",4/14/2022 8:23:39 PM,Registry,C:\Windows\system32\wbadmin.exe,BLUETEAM\ezk,wbadmin  delete catalog -quiet,8212,9828,"wbadmin.exe 4996 RegOpenKey HKCR SUCCESS Desired Access: Maximum Allowed, Granted Access: All Access 4/14/2022 8:23:39 PM Registry C:\Windows\system32\wbadmin.exe BLUETEAM\ezk wbadmin  delete catalog -quiet 8212 9828",benign
wbadmin.exe,4996,RegCloseKey,HKCR\CLSID\{37734C4D-FFA8-4139-9AAC-60FBE55BF3DF},SUCCESS,,4/14/2022 8:23:39 PM,Registry,C:\Windows\system32\wbadmin.exe,BLUETEAM\ezk,wbadmin  delete catalog -quiet,8212,9828,wbadmin.exe 4996 RegCloseKey HKCR\CLSID\{37734C4D-FFA8-4139-9AAC-60FBE55BF3DF} SUCCESS None 4/14/2022 8:23:39 PM Registry C:\Windows\system32\wbadmin.exe BLUETEAM\ezk wbadmin  delete catalog -quiet 8212 9828,benign
wbadmin.exe,4996,RegQueryKey,HKLM,SUCCESS,"Query: HandleTags, HandleTags: 0x0",4/14/2022 8:23:39 PM,Registry,C:\Windows\system32\wbadmin.exe,BLUETEAM\ezk,wbadmin  delete catalog -quiet,8212,9828,"wbadmin.exe 4996 RegQueryKey HKLM SUCCESS Query: HandleTags, HandleTags: 0x0 4/14/2022 8:23:39 PM Registry C:\Windows\system32\wbadmin.exe BLUETEAM\ezk wbadmin  delete catalog -quiet 8212 9828",benign
wbadmin.exe,4996,RegOpenKey,HKLM\Software\Microsoft\OLE,SUCCESS,Desired Access: Read,4/14/2022 8:23:39 PM,Registry,C:\Windows\system32\wbadmin.exe,BLUETEAM\ezk,wbadmin  delete catalog -quiet,8212,9828,wbadmin.exe 4996 RegOpenKey HKLM\Software\Microsoft\OLE SUCCESS Desired Access: Read 4/14/2022 8:23:39 PM Registry C:\Windows\system32\wbadmin.exe BLUETEAM\ezk wbadmin  delete catalog -quiet 8212 9828,benign
wbadmin.exe,4996,RegQueryValue,HKLM\SOFTWARE\Microsoft\Ole\MaxSxSHashCount,NAME NOT FOUND,Length: 16,4/14/2022 8:23:39 PM,Registry,C:\Windows\system32\wbadmin.exe,BLUETEAM\ezk,wbadmin  delete catalog -quiet,8212,9828,wbadmin.exe 4996 RegQueryValue HKLM\SOFTWARE\Microsoft\Ole\MaxSxSHashCount NAME NOT FOUND Length: 16 4/14/2022 8:23:39 PM Registry C:\Windows\system32\wbadmin.exe BLUETEAM\ezk wbadmin  delete catalog -quiet 8212 9828,benign
wbadmin.exe,4996,RegCloseKey,HKLM\SOFTWARE\Microsoft\Ole,SUCCESS,,4/14/2022 8:23:39 PM,Registry,C:\Windows\system32\wbadmin.exe,BLUETEAM\ezk,wbadmin  delete catalog -quiet,8212,9828,wbadmin.exe 4996 RegCloseKey HKLM\SOFTWARE\Microsoft\Ole SUCCESS None 4/14/2022 8:23:39 PM Registry C:\Windows\system32\wbadmin.exe BLUETEAM\ezk wbadmin  delete catalog -quiet 8212 9828,benign
wbadmin.exe,4996,CreateFile,C:\Windows\System32\rpcss.dll,SUCCESS,"Desired Access: Read Attributes, Disposition: Open, Options: Open Reparse Point, Attributes: n/a, ShareMode: Read, Write, Delete, AllocationSize: n/a, OpenResult: Opened",4/14/2022 8:23:39 PM,File System,C:\Windows\system32\wbadmin.exe,BLUETEAM\ezk,wbadmin  delete catalog -quiet,8212,9828,"wbadmin.exe 4996 CreateFile C:\Windows\System32\rpcss.dll SUCCESS Desired Access: Read Attributes, Disposition: Open, Options: Open Reparse Point, Attributes: n/a, ShareMode: Read, Write, Delete, AllocationSize: n/a, OpenResult: Opened 4/14/2022 8:23:39 PM File System C:\Windows\system32\wbadmin.exe BLUETEAM\ezk wbadmin  delete catalog -quiet 8212 9828",benign
wbadmin.exe,4996,QueryBasicInformationFile,C:\Windows\System32\rpcss.dll,SUCCESS,"CreationTime: 9/22/2021 5:22:05 PM, LastAccessTime: 4/14/2022 8:23:39 PM, LastWriteTime: 9/22/2021 5:22:05 PM, ChangeTime: 10/15/2021 2:25:23 PM, FileAttributes: A",4/14/2022 8:23:39 PM,File System,C:\Windows\system32\wbadmin.exe,BLUETEAM\ezk,wbadmin  delete catalog -quiet,8212,9828,"wbadmin.exe 4996 QueryBasicInformationFile C:\Windows\System32\rpcss.dll SUCCESS CreationTime: 9/22/2021 5:22:05 PM, LastAccessTime: 4/14/2022 8:23:39 PM, LastWriteTime: 9/22/2021 5:22:05 PM, ChangeTime: 10/15/2021 2:25:23 PM, FileAttributes: A 4/14/2022 8:23:39 PM File System C:\Windows\system32\wbadmin.exe BLUETEAM\ezk wbadmin  delete catalog -quiet 8212 9828",benign
wbadmin.exe,4996,CloseFile,C:\Windows\System32\rpcss.dll,SUCCESS,,4/14/2022 8:23:39 PM,File System,C:\Windows\system32\wbadmin.exe,BLUETEAM\ezk,wbadmin  delete catalog -quiet,8212,9828,wbadmin.exe 4996 CloseFile C:\Windows\System32\rpcss.dll SUCCESS None 4/14/2022 8:23:39 PM File System C:\Windows\system32\wbadmin.exe BLUETEAM\ezk wbadmin  delete catalog -quiet 8212 9828,benign
wbadmin.exe,4996,CreateFile,C:\Windows\System32\rpcss.dll,SUCCESS,"Desired Access: Read Data/List Directory, Synchronize, Disposition: Open, Options: Synchronous IO Non-Alert, Non-Directory File, Attributes: n/a, ShareMode: Read, Delete, AllocationSize: n/a, OpenResult: Opened",4/14/2022 8:23:39 PM,File System,C:\Windows\system32\wbadmin.exe,BLUETEAM\ezk,wbadmin  delete catalog -quiet,8212,9828,"wbadmin.exe 4996 CreateFile C:\Windows\System32\rpcss.dll SUCCESS Desired Access: Read Data/List Directory, Synchronize, Disposition: Open, Options: Synchronous IO Non-Alert, Non-Directory File, Attributes: n/a, ShareMode: Read, Delete, AllocationSize: n/a, OpenResult: Opened 4/14/2022 8:23:39 PM File System C:\Windows\system32\wbadmin.exe BLUETEAM\ezk wbadmin  delete catalog -quiet 8212 9828",benign
wbadmin.exe,4996,CloseFile,C:\Windows\System32\rpcss.dll,SUCCESS,,4/14/2022 8:23:39 PM,File System,C:\Windows\system32\wbadmin.exe,BLUETEAM\ezk,wbadmin  delete catalog -quiet,8212,9828,wbadmin.exe 4996 CloseFile C:\Windows\System32\rpcss.dll SUCCESS None 4/14/2022 8:23:39 PM File System C:\Windows\system32\wbadmin.exe BLUETEAM\ezk wbadmin  delete catalog -quiet 8212 9828,benign
wbadmin.exe,4996,RegQueryKey,HKCR,SUCCESS,"Query: HandleTags, HandleTags: 0x0",4/14/2022 8:23:39 PM,Registry,C:\Windows\system32\wbadmin.exe,BLUETEAM\ezk,wbadmin  delete catalog -quiet,8212,9828,"wbadmin.exe 4996 RegQueryKey HKCR SUCCESS Query: HandleTags, HandleTags: 0x0 4/14/2022 8:23:39 PM Registry C:\Windows\system32\wbadmin.exe BLUETEAM\ezk wbadmin  delete catalog -quiet 8212 9828",benign
wbadmin.exe,4996,RegOpenKey,HKCR\Interface\{00000134-0000-0000-C000-000000000046},SUCCESS,Desired Access: Read,4/14/2022 8:23:39 PM,Registry,C:\Windows\system32\wbadmin.exe,BLUETEAM\ezk,wbadmin  delete catalog -quiet,8212,9828,wbadmin.exe 4996 RegOpenKey HKCR\Interface\{00000134-0000-0000-C000-000000000046} SUCCESS Desired Access: Read 4/14/2022 8:23:39 PM Registry C:\Windows\system32\wbadmin.exe BLUETEAM\ezk wbadmin  delete catalog -quiet 8212 9828,benign
wbadmin.exe,4996,RegQueryKey,HKCR\Interface\{00000134-0000-0000-C000-000000000046},SUCCESS,"Query: HandleTags, HandleTags: 0x0",4/14/2022 8:23:39 PM,Registry,C:\Windows\system32\wbadmin.exe,BLUETEAM\ezk,wbadmin  delete catalog -quiet,8212,9828,"wbadmin.exe 4996 RegQueryKey HKCR\Interface\{00000134-0000-0000-C000-000000000046} SUCCESS Query: HandleTags, HandleTags: 0x0 4/14/2022 8:23:39 PM Registry C:\Windows\system32\wbadmin.exe BLUETEAM\ezk wbadmin  delete catalog -quiet 8212 9828",benign
wbadmin.exe,4996,RegOpenKey,HKCR\Interface\{00000134-0000-0000-C000-000000000046}\ProxyStubClsid32,SUCCESS,Desired Access: Read,4/14/2022 8:23:39 PM,Registry,C:\Windows\system32\wbadmin.exe,BLUETEAM\ezk,wbadmin  delete catalog -quiet,8212,9828,wbadmin.exe 4996 RegOpenKey HKCR\Interface\{00000134-0000-0000-C000-000000000046}\ProxyStubClsid32 SUCCESS Desired Access: Read 4/14/2022 8:23:39 PM Registry C:\Windows\system32\wbadmin.exe BLUETEAM\ezk wbadmin  delete catalog -quiet 8212 9828,benign
wbadmin.exe,4996,RegQueryValue,HKCR\Interface\{00000134-0000-0000-C000-000000000046}\ProxyStubClsid32\(Default),SUCCESS,"Type: REG_SZ, Length: 78, Data: {00000320-0000-0000-C000-000000000046}",4/14/2022 8:23:39 PM,Registry,C:\Windows\system32\wbadmin.exe,BLUETEAM\ezk,wbadmin  delete catalog -quiet,8212,9828,"wbadmin.exe 4996 RegQueryValue HKCR\Interface\{00000134-0000-0000-C000-000000000046}\ProxyStubClsid32\(Default) SUCCESS Type: REG_SZ, Length: 78, Data: {00000320-0000-0000-C000-000000000046} 4/14/2022 8:23:39 PM Registry C:\Windows\system32\wbadmin.exe BLUETEAM\ezk wbadmin  delete catalog -quiet 8212 9828",benign
wbadmin.exe,4996,RegOpenKey,HKCR\CLSID\{37734C4D-FFA8-4139-9AAC-60FBE55BF3DF}\InprocHandler,NAME NOT FOUND,Desired Access: Query Value,4/14/2022 8:23:39 PM,Registry,C:\Windows\system32\wbadmin.exe,BLUETEAM\ezk,wbadmin  delete catalog -quiet,8212,9828,wbadmin.exe 4996 RegOpenKey HKCR\CLSID\{37734C4D-FFA8-4139-9AAC-60FBE55BF3DF}\InprocHandler NAME NOT FOUND Desired Access: Query Value 4/14/2022 8:23:39 PM Registry C:\Windows\system32\wbadmin.exe BLUETEAM\ezk wbadmin  delete catalog -quiet 8212 9828,benign
wbadmin.exe,4996,RegQueryKey,HKLM,SUCCESS,"Query: HandleTags, HandleTags: 0x0",4/14/2022 8:23:39 PM,Registry,C:\Windows\system32\wbadmin.exe,BLUETEAM\ezk,wbadmin  delete catalog -quiet,8212,9828,"wbadmin.exe 4996 RegQueryKey HKLM SUCCESS Query: HandleTags, HandleTags: 0x0 4/14/2022 8:23:39 PM Registry C:\Windows\system32\wbadmin.exe BLUETEAM\ezk wbadmin  delete catalog -quiet 8212 9828",benign
wbadmin.exe,4996,RegQueryKey,HKCR\CLSID\{37734C4D-FFA8-4139-9AAC-60FBE55BF3DF},SUCCESS,"Query: HandleTags, HandleTags: 0x0",4/14/2022 8:23:39 PM,Registry,C:\Windows\system32\wbadmin.exe,BLUETEAM\ezk,wbadmin  delete catalog -quiet,8212,9828,"wbadmin.exe 4996 RegQueryKey HKCR\CLSID\{37734C4D-FFA8-4139-9AAC-60FBE55BF3DF} SUCCESS Query: HandleTags, HandleTags: 0x0 4/14/2022 8:23:39 PM Registry C:\Windows\system32\wbadmin.exe BLUETEAM\ezk wbadmin  delete catalog -quiet 8212 9828",benign
wbadmin.exe,4996,RegQueryKey,HKCR\CLSID\{37734C4D-FFA8-4139-9AAC-60FBE55BF3DF},SUCCESS,"Query: HandleTags, HandleTags: 0x0",4/14/2022 8:23:39 PM,Registry,C:\Windows\system32\wbadmin.exe,BLUETEAM\ezk,wbadmin  delete catalog -quiet,8212,9828,"wbadmin.exe 4996 RegQueryKey HKCR\CLSID\{37734C4D-FFA8-4139-9AAC-60FBE55BF3DF} SUCCESS Query: HandleTags, HandleTags: 0x0 4/14/2022 8:23:39 PM Registry C:\Windows\system32\wbadmin.exe BLUETEAM\ezk wbadmin  delete catalog -quiet 8212 9828",benign
wbadmin.exe,4996,RegQueryKey,HKLM,SUCCESS,"Query: HandleTags, HandleTags: 0x0",4/14/2022 8:23:39 PM,Registry,C:\Windows\system32\wbadmin.exe,BLUETEAM\ezk,wbadmin  delete catalog -quiet,8212,9828,"wbadmin.exe 4996 RegQueryKey HKLM SUCCESS Query: HandleTags, HandleTags: 0x0 4/14/2022 8:23:39 PM Registry C:\Windows\system32\wbadmin.exe BLUETEAM\ezk wbadmin  delete catalog -quiet 8212 9828",benign
wbadmin.exe,4996,RegOpenKey,HKLM\Software\Microsoft\COM3,SUCCESS,Desired Access: Read,4/14/2022 8:23:39 PM,Registry,C:\Windows\system32\wbadmin.exe,BLUETEAM\ezk,wbadmin  delete catalog -quiet,8212,9828,wbadmin.exe 4996 RegOpenKey HKLM\Software\Microsoft\COM3 SUCCESS Desired Access: Read 4/14/2022 8:23:39 PM Registry C:\Windows\system32\wbadmin.exe BLUETEAM\ezk wbadmin  delete catalog -quiet 8212 9828,benign
wbadmin.exe,4996,RegQueryValue,HKLM\SOFTWARE\Microsoft\COM3\Com+Enabled,SUCCESS,"Type: REG_DWORD, Length: 4, Data: 1",4/14/2022 8:23:39 PM,Registry,C:\Windows\system32\wbadmin.exe,BLUETEAM\ezk,wbadmin  delete catalog -quiet,8212,9828,"wbadmin.exe 4996 RegQueryValue HKLM\SOFTWARE\Microsoft\COM3\Com+Enabled SUCCESS Type: REG_DWORD, Length: 4, Data: 1 4/14/2022 8:23:39 PM Registry C:\Windows\system32\wbadmin.exe BLUETEAM\ezk wbadmin  delete catalog -quiet 8212 9828",benign
wbadmin.exe,4996,RegCloseKey,HKLM\SOFTWARE\Microsoft\COM3,SUCCESS,,4/14/2022 8:23:39 PM,Registry,C:\Windows\system32\wbadmin.exe,BLUETEAM\ezk,wbadmin  delete catalog -quiet,8212,9828,wbadmin.exe 4996 RegCloseKey HKLM\SOFTWARE\Microsoft\COM3 SUCCESS None 4/14/2022 8:23:39 PM Registry C:\Windows\system32\wbadmin.exe BLUETEAM\ezk wbadmin  delete catalog -quiet 8212 9828,benign
wbadmin.exe,4996,CreateFile,C:\Windows\Registration\R000000000006.clb,SUCCESS,"Desired Access: Generic Read, Disposition: Open, Options: Synchronous IO Non-Alert, Non-Directory File, Attributes: n/a, ShareMode: Read, AllocationSize: n/a, OpenResult: Opened",4/14/2022 8:23:39 PM,File System,C:\Windows\system32\wbadmin.exe,BLUETEAM\ezk,wbadmin  delete catalog -quiet,8212,9828,"wbadmin.exe 4996 CreateFile C:\Windows\Registration\R000000000006.clb SUCCESS Desired Access: Generic Read, Disposition: Open, Options: Synchronous IO Non-Alert, Non-Directory File, Attributes: n/a, ShareMode: Read, AllocationSize: n/a, OpenResult: Opened 4/14/2022 8:23:39 PM File System C:\Windows\system32\wbadmin.exe BLUETEAM\ezk wbadmin  delete catalog -quiet 8212 9828",benign
wbadmin.exe,4996,RegQueryKey,HKCR,SUCCESS,"Query: HandleTags, HandleTags: 0x0",4/14/2022 8:23:39 PM,Registry,C:\Windows\system32\wbadmin.exe,BLUETEAM\ezk,wbadmin  delete catalog -quiet,8212,9828,"wbadmin.exe 4996 RegQueryKey HKCR SUCCESS Query: HandleTags, HandleTags: 0x0 4/14/2022 8:23:39 PM Registry C:\Windows\system32\wbadmin.exe BLUETEAM\ezk wbadmin  delete catalog -quiet 8212 9828",benign
wbadmin.exe,4996,RegOpenKey,HKCR\CLSID\{37734C4D-FFA8-4139-9AAC-60FBE55BF3DF},SUCCESS,Desired Access: Read,4/14/2022 8:23:39 PM,Registry,C:\Windows\system32\wbadmin.exe,BLUETEAM\ezk,wbadmin  delete catalog -quiet,8212,9828,wbadmin.exe 4996 RegOpenKey HKCR\CLSID\{37734C4D-FFA8-4139-9AAC-60FBE55BF3DF} SUCCESS Desired Access: Read 4/14/2022 8:23:39 PM Registry C:\Windows\system32\wbadmin.exe BLUETEAM\ezk wbadmin  delete catalog -quiet 8212 9828,benign
wbadmin.exe,4996,RegQueryKey,HKCR\CLSID\{37734C4D-FFA8-4139-9AAC-60FBE55BF3DF},SUCCESS,"Query: HandleTags, HandleTags: 0x0",4/14/2022 8:23:39 PM,Registry,C:\Windows\system32\wbadmin.exe,BLUETEAM\ezk,wbadmin  delete catalog -quiet,8212,9828,"wbadmin.exe 4996 RegQueryKey HKCR\CLSID\{37734C4D-FFA8-4139-9AAC-60FBE55BF3DF} SUCCESS Query: HandleTags, HandleTags: 0x0 4/14/2022 8:23:39 PM Registry C:\Windows\system32\wbadmin.exe BLUETEAM\ezk wbadmin  delete catalog -quiet 8212 9828",benign
wbadmin.exe,4996,RegOpenKey,HKCR\CLSID\{37734C4D-FFA8-4139-9AAC-60FBE55BF3DF}\TreatAs,NAME NOT FOUND,Desired Access: Query Value,4/14/2022 8:23:39 PM,Registry,C:\Windows\system32\wbadmin.exe,BLUETEAM\ezk,wbadmin  delete catalog -quiet,8212,9828,wbadmin.exe 4996 RegOpenKey HKCR\CLSID\{37734C4D-FFA8-4139-9AAC-60FBE55BF3DF}\TreatAs NAME NOT FOUND Desired Access: Query Value 4/14/2022 8:23:39 PM Registry C:\Windows\system32\wbadmin.exe BLUETEAM\ezk wbadmin  delete catalog -quiet 8212 9828,benign
wbadmin.exe,4996,RegQueryKey,HKCR\CLSID\{37734C4D-FFA8-4139-9AAC-60FBE55BF3DF},SUCCESS,Query: Name,4/14/2022 8:23:39 PM,Registry,C:\Windows\system32\wbadmin.exe,BLUETEAM\ezk,wbadmin  delete catalog -quiet,8212,9828,wbadmin.exe 4996 RegQueryKey HKCR\CLSID\{37734C4D-FFA8-4139-9AAC-60FBE55BF3DF} SUCCESS Query: Name 4/14/2022 8:23:39 PM Registry C:\Windows\system32\wbadmin.exe BLUETEAM\ezk wbadmin  delete catalog -quiet 8212 9828,benign
wbadmin.exe,4996,RegQueryValue,HKCR\CLSID\{37734C4D-FFA8-4139-9AAC-60FBE55BF3DF}\ActivateOnHostFlags,NAME NOT FOUND,Length: 16,4/14/2022 8:23:39 PM,Registry,C:\Windows\system32\wbadmin.exe,BLUETEAM\ezk,wbadmin  delete catalog -quiet,8212,9828,wbadmin.exe 4996 RegQueryValue HKCR\CLSID\{37734C4D-FFA8-4139-9AAC-60FBE55BF3DF}\ActivateOnHostFlags NAME NOT FOUND Length: 16 4/14/2022 8:23:39 PM Registry C:\Windows\system32\wbadmin.exe BLUETEAM\ezk wbadmin  delete catalog -quiet 8212 9828,benign
wbadmin.exe,4996,RegQueryValue,HKCR\CLSID\{37734C4D-FFA8-4139-9AAC-60FBE55BF3DF}\(Default),BUFFER OVERFLOW,Length: 12,4/14/2022 8:23:39 PM,Registry,C:\Windows\system32\wbadmin.exe,BLUETEAM\ezk,wbadmin  delete catalog -quiet,8212,9828,wbadmin.exe 4996 RegQueryValue HKCR\CLSID\{37734C4D-FFA8-4139-9AAC-60FBE55BF3DF}\(Default) BUFFER OVERFLOW Length: 12 4/14/2022 8:23:39 PM Registry C:\Windows\system32\wbadmin.exe BLUETEAM\ezk wbadmin  delete catalog -quiet 8212 9828,benign
wbadmin.exe,4996,RegQueryValue,HKCR\CLSID\{37734C4D-FFA8-4139-9AAC-60FBE55BF3DF}\(Default),SUCCESS,"Type: REG_SZ, Length: 32, Data: BlbEngine Class",4/14/2022 8:23:39 PM,Registry,C:\Windows\system32\wbadmin.exe,BLUETEAM\ezk,wbadmin  delete catalog -quiet,8212,9828,"wbadmin.exe 4996 RegQueryValue HKCR\CLSID\{37734C4D-FFA8-4139-9AAC-60FBE55BF3DF}\(Default) SUCCESS Type: REG_SZ, Length: 32, Data: BlbEngine Class 4/14/2022 8:23:39 PM Registry C:\Windows\system32\wbadmin.exe BLUETEAM\ezk wbadmin  delete catalog -quiet 8212 9828",benign
wbadmin.exe,4996,RegQueryKey,HKCR\CLSID\{37734C4D-FFA8-4139-9AAC-60FBE55BF3DF},SUCCESS,"Query: HandleTags, HandleTags: 0x0",4/14/2022 8:23:39 PM,Registry,C:\Windows\system32\wbadmin.exe,BLUETEAM\ezk,wbadmin  delete catalog -quiet,8212,9828,"wbadmin.exe 4996 RegQueryKey HKCR\CLSID\{37734C4D-FFA8-4139-9AAC-60FBE55BF3DF} SUCCESS Query: HandleTags, HandleTags: 0x0 4/14/2022 8:23:39 PM Registry C:\Windows\system32\wbadmin.exe BLUETEAM\ezk wbadmin  delete catalog -quiet 8212 9828",benign
wbadmin.exe,4996,RegOpenKey,HKCR\CLSID\{37734C4D-FFA8-4139-9AAC-60FBE55BF3DF}\InprocServer32,NAME NOT FOUND,Desired Access: Read,4/14/2022 8:23:39 PM,Registry,C:\Windows\system32\wbadmin.exe,BLUETEAM\ezk,wbadmin  delete catalog -quiet,8212,9828,wbadmin.exe 4996 RegOpenKey HKCR\CLSID\{37734C4D-FFA8-4139-9AAC-60FBE55BF3DF}\InprocServer32 NAME NOT FOUND Desired Access: Read 4/14/2022 8:23:39 PM Registry C:\Windows\system32\wbadmin.exe BLUETEAM\ezk wbadmin  delete catalog -quiet 8212 9828,benign
wbadmin.exe,4996,RegOpenKey,HKCR\CLSID\{37734C4D-FFA8-4139-9AAC-60FBE55BF3DF}\InprocHandler32,NAME NOT FOUND,Desired Access: Query Value,4/14/2022 8:23:39 PM,Registry,C:\Windows\system32\wbadmin.exe,BLUETEAM\ezk,wbadmin  delete catalog -quiet,8212,9828,wbadmin.exe 4996 RegOpenKey HKCR\CLSID\{37734C4D-FFA8-4139-9AAC-60FBE55BF3DF}\InprocHandler32 NAME NOT FOUND Desired Access: Query Value 4/14/2022 8:23:39 PM Registry C:\Windows\system32\wbadmin.exe BLUETEAM\ezk wbadmin  delete catalog -quiet 8212 9828,benign
wbadmin.exe,4996,RegOpenKey,HKLM\Software\Policies\Microsoft\Windows\Control Panel\Desktop,NAME NOT FOUND,Desired Access: Read,4/14/2022 8:23:39 PM,Registry,C:\Windows\system32\wbadmin.exe,BLUETEAM\ezk,wbadmin  delete catalog -quiet,8212,9828,wbadmin.exe 4996 RegOpenKey HKLM\Software\Policies\Microsoft\Windows\Control Panel\Desktop NAME NOT FOUND Desired Access: Read 4/14/2022 8:23:39 PM Registry C:\Windows\system32\wbadmin.exe BLUETEAM\ezk wbadmin  delete catalog -quiet 8212 9828,benign
wbadmin.exe,4996,RegCloseKey,HKCU,SUCCESS,,4/14/2022 8:23:39 PM,Registry,C:\Windows\system32\wbadmin.exe,BLUETEAM\ezk,wbadmin  delete catalog -quiet,8212,9828,wbadmin.exe 4996 RegCloseKey HKCU SUCCESS None 4/14/2022 8:23:39 PM Registry C:\Windows\system32\wbadmin.exe BLUETEAM\ezk wbadmin  delete catalog -quiet 8212 9828,benign
wbadmin.exe,4996,RegCloseKey,HKLM\SOFTWARE\Microsoft\Windows NT\CurrentVersion\GRE_Initialize,SUCCESS,,4/14/2022 8:23:39 PM,Registry,C:\Windows\system32\wbadmin.exe,BLUETEAM\ezk,wbadmin  delete catalog -quiet,8212,9828,wbadmin.exe 4996 RegCloseKey HKLM\SOFTWARE\Microsoft\Windows NT\CurrentVersion\GRE_Initialize SUCCESS None 4/14/2022 8:23:39 PM Registry C:\Windows\system32\wbadmin.exe BLUETEAM\ezk wbadmin  delete catalog -quiet 8212 9828,benign
cmd.exe,9828,RegOpenKey,HKCU\Software\Policies\Microsoft\Windows\System,NAME NOT FOUND,Desired Access: Read,4/14/2022 8:23:39 PM,Registry,C:\Windows\system32\cmd.exe,BLUETEAM\ezk,cmd.exe /C wbadmin delete catalog -quiet,2376,9856,cmd.exe 9828 RegOpenKey HKCU\Software\Policies\Microsoft\Windows\System NAME NOT FOUND Desired Access: Read 4/14/2022 8:23:39 PM Registry C:\Windows\system32\cmd.exe BLUETEAM\ezk cmd.exe /C wbadmin delete catalog -quiet 2376 9856,benign
cmd.exe,9828,RegQueryKey,HKLM,SUCCESS,"Query: HandleTags, HandleTags: 0x0",4/14/2022 8:23:39 PM,Registry,C:\Windows\system32\cmd.exe,BLUETEAM\ezk,cmd.exe /C wbadmin delete catalog -quiet,2376,9856,"cmd.exe 9828 RegQueryKey HKLM SUCCESS Query: HandleTags, HandleTags: 0x0 4/14/2022 8:23:39 PM Registry C:\Windows\system32\cmd.exe BLUETEAM\ezk cmd.exe /C wbadmin delete catalog -quiet 2376 9856",benign
cmd.exe,9828,RegOpenKey,HKLM\Software\Microsoft\Command Processor,SUCCESS,"Desired Access: Maximum Allowed, Granted Access: All Access",4/14/2022 8:23:39 PM,Registry,C:\Windows\system32\cmd.exe,BLUETEAM\ezk,cmd.exe /C wbadmin delete catalog -quiet,2376,9856,"cmd.exe 9828 RegOpenKey HKLM\Software\Microsoft\Command Processor SUCCESS Desired Access: Maximum Allowed, Granted Access: All Access 4/14/2022 8:23:39 PM Registry C:\Windows\system32\cmd.exe BLUETEAM\ezk cmd.exe /C wbadmin delete catalog -quiet 2376 9856",benign
cmd.exe,9828,RegQueryValue,HKLM\SOFTWARE\Microsoft\Command Processor\DisableUNCCheck,NAME NOT FOUND,Length: 144,4/14/2022 8:23:39 PM,Registry,C:\Windows\system32\cmd.exe,BLUETEAM\ezk,cmd.exe /C wbadmin delete catalog -quiet,2376,9856,cmd.exe 9828 RegQueryValue HKLM\SOFTWARE\Microsoft\Command Processor\DisableUNCCheck NAME NOT FOUND Length: 144 4/14/2022 8:23:39 PM Registry C:\Windows\system32\cmd.exe BLUETEAM\ezk cmd.exe /C wbadmin delete catalog -quiet 2376 9856,benign
cmd.exe,9828,RegQueryValue,HKLM\SOFTWARE\Microsoft\Command Processor\EnableExtensions,SUCCESS,"Type: REG_DWORD, Length: 4, Data: 1",4/14/2022 8:23:39 PM,Registry,C:\Windows\system32\cmd.exe,BLUETEAM\ezk,cmd.exe /C wbadmin delete catalog -quiet,2376,9856,"cmd.exe 9828 RegQueryValue HKLM\SOFTWARE\Microsoft\Command Processor\EnableExtensions SUCCESS Type: REG_DWORD, Length: 4, Data: 1 4/14/2022 8:23:39 PM Registry C:\Windows\system32\cmd.exe BLUETEAM\ezk cmd.exe /C wbadmin delete catalog -quiet 2376 9856",benign
cmd.exe,9828,RegQueryValue,HKLM\SOFTWARE\Microsoft\Command Processor\DelayedExpansion,NAME NOT FOUND,Length: 144,4/14/2022 8:23:39 PM,Registry,C:\Windows\system32\cmd.exe,BLUETEAM\ezk,cmd.exe /C wbadmin delete catalog -quiet,2376,9856,cmd.exe 9828 RegQueryValue HKLM\SOFTWARE\Microsoft\Command Processor\DelayedExpansion NAME NOT FOUND Length: 144 4/14/2022 8:23:39 PM Registry C:\Windows\system32\cmd.exe BLUETEAM\ezk cmd.exe /C wbadmin delete catalog -quiet 2376 9856,benign
cmd.exe,9828,RegQueryKey,HKCU,SUCCESS,"Query: HandleTags, HandleTags: 0x0",4/14/2022 8:23:39 PM,Registry,C:\Windows\system32\cmd.exe,BLUETEAM\ezk,cmd.exe /C wbadmin delete catalog -quiet,2376,9856,"cmd.exe 9828 RegQueryKey HKCU SUCCESS Query: HandleTags, HandleTags: 0x0 4/14/2022 8:23:39 PM Registry C:\Windows\system32\cmd.exe BLUETEAM\ezk cmd.exe /C wbadmin delete catalog -quiet 2376 9856",benign
cmd.exe,9828,RegQueryValue,HKLM\SOFTWARE\Microsoft\Command Processor\DefaultColor,SUCCESS,"Type: REG_DWORD, Length: 4, Data: 0",4/14/2022 8:23:39 PM,Registry,C:\Windows\system32\cmd.exe,BLUETEAM\ezk,cmd.exe /C wbadmin delete catalog -quiet,2376,9856,"cmd.exe 9828 RegQueryValue HKLM\SOFTWARE\Microsoft\Command Processor\DefaultColor SUCCESS Type: REG_DWORD, Length: 4, Data: 0 4/14/2022 8:23:39 PM Registry C:\Windows\system32\cmd.exe BLUETEAM\ezk cmd.exe /C wbadmin delete catalog -quiet 2376 9856",benign
cmd.exe,9828,RegQueryValue,HKLM\SOFTWARE\Microsoft\Command Processor\PathCompletionChar,SUCCESS,"Type: REG_DWORD, Length: 4, Data: 9",4/14/2022 8:23:39 PM,Registry,C:\Windows\system32\cmd.exe,BLUETEAM\ezk,cmd.exe /C wbadmin delete catalog -quiet,2376,9856,"cmd.exe 9828 RegQueryValue HKLM\SOFTWARE\Microsoft\Command Processor\PathCompletionChar SUCCESS Type: REG_DWORD, Length: 4, Data: 9 4/14/2022 8:23:39 PM Registry C:\Windows\system32\cmd.exe BLUETEAM\ezk cmd.exe /C wbadmin delete catalog -quiet 2376 9856",benign
cmd.exe,9828,RegQueryValue,HKLM\SOFTWARE\Microsoft\Command Processor\AutoRun,NAME NOT FOUND,Length: 144,4/14/2022 8:23:39 PM,Registry,C:\Windows\system32\cmd.exe,BLUETEAM\ezk,cmd.exe /C wbadmin delete catalog -quiet,2376,9856,cmd.exe 9828 RegQueryValue HKLM\SOFTWARE\Microsoft\Command Processor\AutoRun NAME NOT FOUND Length: 144 4/14/2022 8:23:39 PM Registry C:\Windows\system32\cmd.exe BLUETEAM\ezk cmd.exe /C wbadmin delete catalog -quiet 2376 9856,benign
cmd.exe,9828,RegCloseKey,HKLM\SOFTWARE\Microsoft\Command Processor,SUCCESS,,4/14/2022 8:23:39 PM,Registry,C:\Windows\system32\cmd.exe,BLUETEAM\ezk,cmd.exe /C wbadmin delete catalog -quiet,2376,9856,cmd.exe 9828 RegCloseKey HKLM\SOFTWARE\Microsoft\Command Processor SUCCESS None 4/14/2022 8:23:39 PM Registry C:\Windows\system32\cmd.exe BLUETEAM\ezk cmd.exe /C wbadmin delete catalog -quiet 2376 9856,benign
cmd.exe,9828,RegQueryKey,HKCU,SUCCESS,"Query: HandleTags, HandleTags: 0x0",4/14/2022 8:23:39 PM,Registry,C:\Windows\system32\cmd.exe,BLUETEAM\ezk,cmd.exe /C wbadmin delete catalog -quiet,2376,9856,"cmd.exe 9828 RegQueryKey HKCU SUCCESS Query: HandleTags, HandleTags: 0x0 4/14/2022 8:23:39 PM Registry C:\Windows\system32\cmd.exe BLUETEAM\ezk cmd.exe /C wbadmin delete catalog -quiet 2376 9856",benign
cmd.exe,9828,RegOpenKey,HKCU\Software\Microsoft\Command Processor,NAME NOT FOUND,Desired Access: Maximum Allowed,4/14/2022 8:23:39 PM,Registry,C:\Windows\system32\cmd.exe,BLUETEAM\ezk,cmd.exe /C wbadmin delete catalog -quiet,2376,9856,cmd.exe 9828 RegOpenKey HKCU\Software\Microsoft\Command Processor NAME NOT FOUND Desired Access: Maximum Allowed 4/14/2022 8:23:39 PM Registry C:\Windows\system32\cmd.exe BLUETEAM\ezk cmd.exe /C wbadmin delete catalog -quiet 2376 9856,benign
cmd.exe,9828,CreateFile,C:\Windows\System32,SUCCESS,"Desired Access: Read Attributes, Disposition: Open, Options: Open Reparse Point, Attributes: n/a, ShareMode: Read, Write, Delete, AllocationSize: n/a, OpenResult: Opened",4/14/2022 8:23:39 PM,File System,C:\Windows\system32\cmd.exe,BLUETEAM\ezk,cmd.exe /C wbadmin delete catalog -quiet,2376,9856,"cmd.exe 9828 CreateFile C:\Windows\System32 SUCCESS Desired Access: Read Attributes, Disposition: Open, Options: Open Reparse Point, Attributes: n/a, ShareMode: Read, Write, Delete, AllocationSize: n/a, OpenResult: Opened 4/14/2022 8:23:39 PM File System C:\Windows\system32\cmd.exe BLUETEAM\ezk cmd.exe /C wbadmin delete catalog -quiet 2376 9856",benign
cmd.exe,9828,RegQueryValue,HKLM\SOFTWARE\Microsoft\Command Processor\CompletionChar,SUCCESS,"Type: REG_DWORD, Length: 4, Data: 9",4/14/2022 8:23:39 PM,Registry,C:\Windows\system32\cmd.exe,BLUETEAM\ezk,cmd.exe /C wbadmin delete catalog -quiet,2376,9856,"cmd.exe 9828 RegQueryValue HKLM\SOFTWARE\Microsoft\Command Processor\CompletionChar SUCCESS Type: REG_DWORD, Length: 4, Data: 9 4/14/2022 8:23:39 PM Registry C:\Windows\system32\cmd.exe BLUETEAM\ezk cmd.exe /C wbadmin delete catalog -quiet 2376 9856",benign
cmd.exe,9828,RegOpenKey,HKCU,SUCCESS,"Desired Access: Maximum Allowed, Granted Access: All Access",4/14/2022 8:23:39 PM,Registry,C:\Windows\system32\cmd.exe,BLUETEAM\ezk,cmd.exe /C wbadmin delete catalog -quiet,2376,9856,"cmd.exe 9828 RegOpenKey HKCU SUCCESS Desired Access: Maximum Allowed, Granted Access: All Access 4/14/2022 8:23:39 PM Registry C:\Windows\system32\cmd.exe BLUETEAM\ezk cmd.exe /C wbadmin delete catalog -quiet 2376 9856",benign
cmd.exe,9828,RegCloseKey,HKCU,SUCCESS,,4/14/2022 8:23:39 PM,Registry,C:\Windows\system32\cmd.exe,BLUETEAM\ezk,cmd.exe /C wbadmin delete catalog -quiet,2376,9856,cmd.exe 9828 RegCloseKey HKCU SUCCESS None 4/14/2022 8:23:39 PM Registry C:\Windows\system32\cmd.exe BLUETEAM\ezk cmd.exe /C wbadmin delete catalog -quiet 2376 9856,benign
cmd.exe,9828,RegOpenKey,HKCU\Control Panel\Desktop\LanguageConfiguration,NAME NOT FOUND,Desired Access: Read,4/14/2022 8:23:39 PM,Registry,C:\Windows\system32\cmd.exe,BLUETEAM\ezk,cmd.exe /C wbadmin delete catalog -quiet,2376,9856,cmd.exe 9828 RegOpenKey HKCU\Control Panel\Desktop\LanguageConfiguration NAME NOT FOUND Desired Access: Read 4/14/2022 8:23:39 PM Registry C:\Windows\system32\cmd.exe BLUETEAM\ezk cmd.exe /C wbadmin delete catalog -quiet 2376 9856,benign
cmd.exe,9828,RegOpenKey,HKCU\Control Panel\Desktop\MuiCached,SUCCESS,Desired Access: Read,4/14/2022 8:23:39 PM,Registry,C:\Windows\system32\cmd.exe,BLUETEAM\ezk,cmd.exe /C wbadmin delete catalog -quiet,2376,9856,cmd.exe 9828 RegOpenKey HKCU\Control Panel\Desktop\MuiCached SUCCESS Desired Access: Read 4/14/2022 8:23:39 PM Registry C:\Windows\system32\cmd.exe BLUETEAM\ezk cmd.exe /C wbadmin delete catalog -quiet 2376 9856,benign
cmd.exe,9828,RegQueryValue,HKCU\Control Panel\Desktop\MuiCached\MachinePreferredUILanguages,BUFFER OVERFLOW,Length: 12,4/14/2022 8:23:39 PM,Registry,C:\Windows\system32\cmd.exe,BLUETEAM\ezk,cmd.exe /C wbadmin delete catalog -quiet,2376,9856,cmd.exe 9828 RegQueryValue HKCU\Control Panel\Desktop\MuiCached\MachinePreferredUILanguages BUFFER OVERFLOW Length: 12 4/14/2022 8:23:39 PM Registry C:\Windows\system32\cmd.exe BLUETEAM\ezk cmd.exe /C wbadmin delete catalog -quiet 2376 9856,benign
cmd.exe,9828,RegQueryValue,HKCU\Control Panel\Desktop\MuiCached\MachinePreferredUILanguages,SUCCESS,"Type: REG_MULTI_SZ, Length: 12, Data: en-US",4/14/2022 8:23:39 PM,Registry,C:\Windows\system32\cmd.exe,BLUETEAM\ezk,cmd.exe /C wbadmin delete catalog -quiet,2376,9856,"cmd.exe 9828 RegQueryValue HKCU\Control Panel\Desktop\MuiCached\MachinePreferredUILanguages SUCCESS Type: REG_MULTI_SZ, Length: 12, Data: en-US 4/14/2022 8:23:39 PM Registry C:\Windows\system32\cmd.exe BLUETEAM\ezk cmd.exe /C wbadmin delete catalog -quiet 2376 9856",benign
cmd.exe,9828,RegCloseKey,HKCU\Control Panel\Desktop\MuiCached,SUCCESS,,4/14/2022 8:23:39 PM,Registry,C:\Windows\system32\cmd.exe,BLUETEAM\ezk,cmd.exe /C wbadmin delete catalog -quiet,2376,9856,cmd.exe 9828 RegCloseKey HKCU\Control Panel\Desktop\MuiCached SUCCESS None 4/14/2022 8:23:39 PM Registry C:\Windows\system32\cmd.exe BLUETEAM\ezk cmd.exe /C wbadmin delete catalog -quiet 2376 9856,benign
cmd.exe,9828,RegCloseKey,HKCU,SUCCESS,,4/14/2022 8:23:39 PM,Registry,C:\Windows\system32\cmd.exe,BLUETEAM\ezk,cmd.exe /C wbadmin delete catalog -quiet,2376,9856,cmd.exe 9828 RegCloseKey HKCU SUCCESS None 4/14/2022 8:23:39 PM Registry C:\Windows\system32\cmd.exe BLUETEAM\ezk cmd.exe /C wbadmin delete catalog -quiet 2376 9856,benign
cmd.exe,9828,RegOpenKey,HKLM\Software\Policies\Microsoft\MUI\Settings,NAME NOT FOUND,Desired Access: Read,4/14/2022 8:23:39 PM,Registry,C:\Windows\system32\cmd.exe,BLUETEAM\ezk,cmd.exe /C wbadmin delete catalog -quiet,2376,9856,cmd.exe 9828 RegOpenKey HKLM\Software\Policies\Microsoft\MUI\Settings NAME NOT FOUND Desired Access: Read 4/14/2022 8:23:39 PM Registry C:\Windows\system32\cmd.exe BLUETEAM\ezk cmd.exe /C wbadmin delete catalog -quiet 2376 9856,benign
cmd.exe,9828,RegOpenKey,HKCU,SUCCESS,"Desired Access: Maximum Allowed, Granted Access: All Access",4/14/2022 8:23:39 PM,Registry,C:\Windows\system32\cmd.exe,BLUETEAM\ezk,cmd.exe /C wbadmin delete catalog -quiet,2376,9856,"cmd.exe 9828 RegOpenKey HKCU SUCCESS Desired Access: Maximum Allowed, Granted Access: All Access 4/14/2022 8:23:39 PM Registry C:\Windows\system32\cmd.exe BLUETEAM\ezk cmd.exe /C wbadmin delete catalog -quiet 2376 9856",benign
cmd.exe,9828,RegOpenKey,HKCU\Software\Policies\Microsoft\Control Panel\Desktop,NAME NOT FOUND,Desired Access: Read,4/14/2022 8:23:39 PM,Registry,C:\Windows\system32\cmd.exe,BLUETEAM\ezk,cmd.exe /C wbadmin delete catalog -quiet,2376,9856,cmd.exe 9828 RegOpenKey HKCU\Software\Policies\Microsoft\Control Panel\Desktop NAME NOT FOUND Desired Access: Read 4/14/2022 8:23:39 PM Registry C:\Windows\system32\cmd.exe BLUETEAM\ezk cmd.exe /C wbadmin delete catalog -quiet 2376 9856,benign
cmd.exe,9828,RegOpenKey,HKCU\Control Panel\Desktop,SUCCESS,Desired Access: Read,4/14/2022 8:23:39 PM,Registry,C:\Windows\system32\cmd.exe,BLUETEAM\ezk,cmd.exe /C wbadmin delete catalog -quiet,2376,9856,cmd.exe 9828 RegOpenKey HKCU\Control Panel\Desktop SUCCESS Desired Access: Read 4/14/2022 8:23:39 PM Registry C:\Windows\system32\cmd.exe BLUETEAM\ezk cmd.exe /C wbadmin delete catalog -quiet 2376 9856,benign
cmd.exe,9828,RegQueryValue,HKCU\Control Panel\Desktop\PreferredUILanguages,NAME NOT FOUND,Length: 12,4/14/2022 8:23:39 PM,Registry,C:\Windows\system32\cmd.exe,BLUETEAM\ezk,cmd.exe /C wbadmin delete catalog -quiet,2376,9856,cmd.exe 9828 RegQueryValue HKCU\Control Panel\Desktop\PreferredUILanguages NAME NOT FOUND Length: 12 4/14/2022 8:23:39 PM Registry C:\Windows\system32\cmd.exe BLUETEAM\ezk cmd.exe /C wbadmin delete catalog -quiet 2376 9856,benign
cmd.exe,9828,RegCloseKey,HKCU\Control Panel\Desktop,SUCCESS,,4/14/2022 8:23:39 PM,Registry,C:\Windows\system32\cmd.exe,BLUETEAM\ezk,cmd.exe /C wbadmin delete catalog -quiet,2376,9856,cmd.exe 9828 RegCloseKey HKCU\Control Panel\Desktop SUCCESS None 4/14/2022 8:23:39 PM Registry C:\Windows\system32\cmd.exe BLUETEAM\ezk cmd.exe /C wbadmin delete catalog -quiet 2376 9856,benign
cmd.exe,9828,RegCloseKey,HKCU,SUCCESS,,4/14/2022 8:23:39 PM,Registry,C:\Windows\system32\cmd.exe,BLUETEAM\ezk,cmd.exe /C wbadmin delete catalog -quiet,2376,9856,cmd.exe 9828 RegCloseKey HKCU SUCCESS None 4/14/2022 8:23:39 PM Registry C:\Windows\system32\cmd.exe BLUETEAM\ezk cmd.exe /C wbadmin delete catalog -quiet 2376 9856,benign
cmd.exe,9828,RegOpenKey,HKLM\Software\Policies\Microsoft\MUI\Settings,NAME NOT FOUND,Desired Access: Read,4/14/2022 8:23:39 PM,Registry,C:\Windows\system32\cmd.exe,BLUETEAM\ezk,cmd.exe /C wbadmin delete catalog -quiet,2376,9856,cmd.exe 9828 RegOpenKey HKLM\Software\Policies\Microsoft\MUI\Settings NAME NOT FOUND Desired Access: Read 4/14/2022 8:23:39 PM Registry C:\Windows\system32\cmd.exe BLUETEAM\ezk cmd.exe /C wbadmin delete catalog -quiet 2376 9856,benign
cmd.exe,9828,RegOpenKey,HKCU,SUCCESS,"Desired Access: Maximum Allowed, Granted Access: All Access",4/14/2022 8:23:39 PM,Registry,C:\Windows\system32\cmd.exe,BLUETEAM\ezk,cmd.exe /C wbadmin delete catalog -quiet,2376,9856,"cmd.exe 9828 RegOpenKey HKCU SUCCESS Desired Access: Maximum Allowed, Granted Access: All Access 4/14/2022 8:23:39 PM Registry C:\Windows\system32\cmd.exe BLUETEAM\ezk cmd.exe /C wbadmin delete catalog -quiet 2376 9856",benign
cmd.exe,9828,RegOpenKey,HKCU\Software\Policies\Microsoft\Control Panel\Desktop,NAME NOT FOUND,Desired Access: Read,4/14/2022 8:23:39 PM,Registry,C:\Windows\system32\cmd.exe,BLUETEAM\ezk,cmd.exe /C wbadmin delete catalog -quiet,2376,9856,cmd.exe 9828 RegOpenKey HKCU\Software\Policies\Microsoft\Control Panel\Desktop NAME NOT FOUND Desired Access: Read 4/14/2022 8:23:39 PM Registry C:\Windows\system32\cmd.exe BLUETEAM\ezk cmd.exe /C wbadmin delete catalog -quiet 2376 9856,benign
cmd.exe,9828,QueryBasicInformationFile,C:\Windows\System32,SUCCESS,"CreationTime: 12/7/2019 5:03:44 PM, LastAccessTime: 4/14/2022 8:23:39 PM, LastWriteTime: 4/8/2022 11:11:04 AM, ChangeTime: 4/8/2022 11:11:04 AM, FileAttributes: D",4/14/2022 8:23:39 PM,File System,C:\Windows\system32\cmd.exe,BLUETEAM\ezk,cmd.exe /C wbadmin delete catalog -quiet,2376,9856,"cmd.exe 9828 QueryBasicInformationFile C:\Windows\System32 SUCCESS CreationTime: 12/7/2019 5:03:44 PM, LastAccessTime: 4/14/2022 8:23:39 PM, LastWriteTime: 4/8/2022 11:11:04 AM, ChangeTime: 4/8/2022 11:11:04 AM, FileAttributes: D 4/14/2022 8:23:39 PM File System C:\Windows\system32\cmd.exe BLUETEAM\ezk cmd.exe /C wbadmin delete catalog -quiet 2376 9856",benign
cmd.exe,9828,CloseFile,C:\Windows\System32,SUCCESS,,4/14/2022 8:23:39 PM,File System,C:\Windows\system32\cmd.exe,BLUETEAM\ezk,cmd.exe /C wbadmin delete catalog -quiet,2376,9856,cmd.exe 9828 CloseFile C:\Windows\System32 SUCCESS None 4/14/2022 8:23:39 PM File System C:\Windows\system32\cmd.exe BLUETEAM\ezk cmd.exe /C wbadmin delete catalog -quiet 2376 9856,benign
cmd.exe,9828,CreateFile,C:\,SUCCESS,"Desired Access: Read Data/List Directory, Synchronize, Disposition: Open, Options: Directory, Synchronous IO Non-Alert, Attributes: n/a, ShareMode: Read, Write, Delete, AllocationSize: n/a, OpenResult: Opened",4/14/2022 8:23:39 PM,File System,C:\Windows\system32\cmd.exe,BLUETEAM\ezk,cmd.exe /C wbadmin delete catalog -quiet,2376,9856,"cmd.exe 9828 CreateFile C:\ SUCCESS Desired Access: Read Data/List Directory, Synchronize, Disposition: Open, Options: Directory, Synchronous IO Non-Alert, Attributes: n/a, ShareMode: Read, Write, Delete, AllocationSize: n/a, OpenResult: Opened 4/14/2022 8:23:39 PM File System C:\Windows\system32\cmd.exe BLUETEAM\ezk cmd.exe /C wbadmin delete catalog -quiet 2376 9856",benign
cmd.exe,9828,QueryDirectory,C:\Windows,SUCCESS,"FileInformationClass: FileBothDirectoryInformation, Filter: Windows, 2: Windows",4/14/2022 8:23:39 PM,File System,C:\Windows\system32\cmd.exe,BLUETEAM\ezk,cmd.exe /C wbadmin delete catalog -quiet,2376,9856,"cmd.exe 9828 QueryDirectory C:\Windows SUCCESS FileInformationClass: FileBothDirectoryInformation, Filter: Windows, 2: Windows 4/14/2022 8:23:39 PM File System C:\Windows\system32\cmd.exe BLUETEAM\ezk cmd.exe /C wbadmin delete catalog -quiet 2376 9856",benign
cmd.exe,9828,QueryDirectory,C:\Windows\System32\wbadmin.COM,NO SUCH FILE,"FileInformationClass: FileFullDirectoryInformation, Filter: wbadmin.COM",4/14/2022 8:23:39 PM,File System,C:\Windows\system32\cmd.exe,BLUETEAM\ezk,cmd.exe /C wbadmin delete catalog -quiet,2376,9856,"cmd.exe 9828 QueryDirectory C:\Windows\System32\wbadmin.COM NO SUCH FILE FileInformationClass: FileFullDirectoryInformation, Filter: wbadmin.COM 4/14/2022 8:23:39 PM File System C:\Windows\system32\cmd.exe BLUETEAM\ezk cmd.exe /C wbadmin delete catalog -quiet 2376 9856",benign
cmd.exe,9828,CloseFile,C:\Windows\System32,SUCCESS,,4/14/2022 8:23:39 PM,File System,C:\Windows\system32\cmd.exe,BLUETEAM\ezk,cmd.exe /C wbadmin delete catalog -quiet,2376,9856,cmd.exe 9828 CloseFile C:\Windows\System32 SUCCESS None 4/14/2022 8:23:39 PM File System C:\Windows\system32\cmd.exe BLUETEAM\ezk cmd.exe /C wbadmin delete catalog -quiet 2376 9856,benign
cmd.exe,9828,CreateFile,C:\Windows\System32,SUCCESS,"Desired Access: Read Data/List Directory, Synchronize, Disposition: Open, Options: Directory, Synchronous IO Non-Alert, Attributes: n/a, ShareMode: Read, Write, Delete, AllocationSize: n/a, OpenResult: Opened",4/14/2022 8:23:39 PM,File System,C:\Windows\system32\cmd.exe,BLUETEAM\ezk,cmd.exe /C wbadmin delete catalog -quiet,2376,9856,"cmd.exe 9828 CreateFile C:\Windows\System32 SUCCESS Desired Access: Read Data/List Directory, Synchronize, Disposition: Open, Options: Directory, Synchronous IO Non-Alert, Attributes: n/a, ShareMode: Read, Write, Delete, AllocationSize: n/a, OpenResult: Opened 4/14/2022 8:23:39 PM File System C:\Windows\system32\cmd.exe BLUETEAM\ezk cmd.exe /C wbadmin delete catalog -quiet 2376 9856",benign
cmd.exe,9828,QueryDirectory,C:\Windows\System32\wbadmin.EXE,SUCCESS,"FileInformationClass: FileFullDirectoryInformation, Filter: wbadmin.EXE, 2: wbadmin.exe",4/14/2022 8:23:39 PM,File System,C:\Windows\system32\cmd.exe,BLUETEAM\ezk,cmd.exe /C wbadmin delete catalog -quiet,2376,9856,"cmd.exe 9828 QueryDirectory C:\Windows\System32\wbadmin.EXE SUCCESS FileInformationClass: FileFullDirectoryInformation, Filter: wbadmin.EXE, 2: wbadmin.exe 4/14/2022 8:23:39 PM File System C:\Windows\system32\cmd.exe BLUETEAM\ezk cmd.exe /C wbadmin delete catalog -quiet 2376 9856",benign
cmd.exe,9828,CloseFile,C:\Windows\System32,SUCCESS,,4/14/2022 8:23:39 PM,File System,C:\Windows\system32\cmd.exe,BLUETEAM\ezk,cmd.exe /C wbadmin delete catalog -quiet,2376,9856,cmd.exe 9828 CloseFile C:\Windows\System32 SUCCESS None 4/14/2022 8:23:39 PM File System C:\Windows\system32\cmd.exe BLUETEAM\ezk cmd.exe /C wbadmin delete catalog -quiet 2376 9856,benign
cmd.exe,9828,RegQueryValue,HKLM\System\CurrentControlSet\Control\Nls\Sorting\Versions\000603xx,SUCCESS,"Type: REG_SZ, Length: 26, Data: kernel32.dll",4/14/2022 8:23:39 PM,Registry,C:\Windows\system32\cmd.exe,BLUETEAM\ezk,cmd.exe /C wbadmin delete catalog -quiet,2376,9856,"cmd.exe 9828 RegQueryValue HKLM\System\CurrentControlSet\Control\Nls\Sorting\Versions\000603xx SUCCESS Type: REG_SZ, Length: 26, Data: kernel32.dll 4/14/2022 8:23:39 PM Registry C:\Windows\system32\cmd.exe BLUETEAM\ezk cmd.exe /C wbadmin delete catalog -quiet 2376 9856",benign
wbadmin.exe,4996,RegOpenKey,HKLM\Software\Microsoft\Windows NT\CurrentVersion\Image File Execution Options\wbadmin.exe,NAME NOT FOUND,Desired Access: Read,4/14/2022 8:23:39 PM,Registry,C:\Windows\system32\wbadmin.exe,BLUETEAM\ezk,wbadmin  delete catalog -quiet,8212,9828,wbadmin.exe 4996 RegOpenKey HKLM\Software\Microsoft\Windows NT\CurrentVersion\Image File Execution Options\wbadmin.exe NAME NOT FOUND Desired Access: Read 4/14/2022 8:23:39 PM Registry C:\Windows\system32\wbadmin.exe BLUETEAM\ezk wbadmin  delete catalog -quiet 8212 9828,benign
cmd.exe,9828,CloseFile,C:\Windows\Globalization\Sorting\SortDefault.nls,SUCCESS,,4/14/2022 8:23:39 PM,File System,C:\Windows\system32\cmd.exe,BLUETEAM\ezk,cmd.exe /C wbadmin delete catalog -quiet,2376,9856,cmd.exe 9828 CloseFile C:\Windows\Globalization\Sorting\SortDefault.nls SUCCESS None 4/14/2022 8:23:39 PM File System C:\Windows\system32\cmd.exe BLUETEAM\ezk cmd.exe /C wbadmin delete catalog -quiet 2376 9856,benign
cmd.exe,9828,RegOpenKey,HKLM\System\CurrentControlSet\Control\Nls\Sorting\Ids,REPARSE,Desired Access: Read,4/14/2022 8:23:39 PM,Registry,C:\Windows\system32\cmd.exe,BLUETEAM\ezk,cmd.exe /C wbadmin delete catalog -quiet,2376,9856,cmd.exe 9828 RegOpenKey HKLM\System\CurrentControlSet\Control\Nls\Sorting\Ids REPARSE Desired Access: Read 4/14/2022 8:23:39 PM Registry C:\Windows\system32\cmd.exe BLUETEAM\ezk cmd.exe /C wbadmin delete catalog -quiet 2376 9856,benign
cmd.exe,9828,RegOpenKey,HKLM\System\CurrentControlSet\Control\Nls\Sorting\Ids,SUCCESS,Desired Access: Read,4/14/2022 8:23:39 PM,Registry,C:\Windows\system32\cmd.exe,BLUETEAM\ezk,cmd.exe /C wbadmin delete catalog -quiet,2376,9856,cmd.exe 9828 RegOpenKey HKLM\System\CurrentControlSet\Control\Nls\Sorting\Ids SUCCESS Desired Access: Read 4/14/2022 8:23:39 PM Registry C:\Windows\system32\cmd.exe BLUETEAM\ezk cmd.exe /C wbadmin delete catalog -quiet 2376 9856,benign
cmd.exe,9828,RegQueryValue,HKLM\System\CurrentControlSet\Control\Nls\Sorting\Ids\en-US,NAME NOT FOUND,Length: 90,4/14/2022 8:23:39 PM,Registry,C:\Windows\system32\cmd.exe,BLUETEAM\ezk,cmd.exe /C wbadmin delete catalog -quiet,2376,9856,cmd.exe 9828 RegQueryValue HKLM\System\CurrentControlSet\Control\Nls\Sorting\Ids\en-US NAME NOT FOUND Length: 90 4/14/2022 8:23:39 PM Registry C:\Windows\system32\cmd.exe BLUETEAM\ezk cmd.exe /C wbadmin delete catalog -quiet 2376 9856,benign
cmd.exe,9828,RegQueryValue,HKLM\System\CurrentControlSet\Control\Nls\Sorting\Ids\en,NAME NOT FOUND,Length: 90,4/14/2022 8:23:39 PM,Registry,C:\Windows\system32\cmd.exe,BLUETEAM\ezk,cmd.exe /C wbadmin delete catalog -quiet,2376,9856,cmd.exe 9828 RegQueryValue HKLM\System\CurrentControlSet\Control\Nls\Sorting\Ids\en NAME NOT FOUND Length: 90 4/14/2022 8:23:39 PM Registry C:\Windows\system32\cmd.exe BLUETEAM\ezk cmd.exe /C wbadmin delete catalog -quiet 2376 9856,benign
cmd.exe,9828,CreateFile,C:\Windows\System32,SUCCESS,"Desired Access: Read Attributes, Disposition: Open, Options: Open Reparse Point, Attributes: n/a, ShareMode: Read, Write, Delete, AllocationSize: n/a, OpenResult: Opened",4/14/2022 8:23:39 PM,File System,C:\Windows\system32\cmd.exe,BLUETEAM\ezk,cmd.exe /C wbadmin delete catalog -quiet,2376,9856,"cmd.exe 9828 CreateFile C:\Windows\System32 SUCCESS Desired Access: Read Attributes, Disposition: Open, Options: Open Reparse Point, Attributes: n/a, ShareMode: Read, Write, Delete, AllocationSize: n/a, OpenResult: Opened 4/14/2022 8:23:39 PM File System C:\Windows\system32\cmd.exe BLUETEAM\ezk cmd.exe /C wbadmin delete catalog -quiet 2376 9856",benign
cmd.exe,9828,QueryBasicInformationFile,C:\Windows\System32,SUCCESS,"CreationTime: 12/7/2019 5:03:44 PM, LastAccessTime: 4/14/2022 8:23:39 PM, LastWriteTime: 4/8/2022 11:11:04 AM, ChangeTime: 4/8/2022 11:11:04 AM, FileAttributes: D",4/14/2022 8:23:39 PM,File System,C:\Windows\system32\cmd.exe,BLUETEAM\ezk,cmd.exe /C wbadmin delete catalog -quiet,2376,9856,"cmd.exe 9828 QueryBasicInformationFile C:\Windows\System32 SUCCESS CreationTime: 12/7/2019 5:03:44 PM, LastAccessTime: 4/14/2022 8:23:39 PM, LastWriteTime: 4/8/2022 11:11:04 AM, ChangeTime: 4/8/2022 11:11:04 AM, FileAttributes: D 4/14/2022 8:23:39 PM File System C:\Windows\system32\cmd.exe BLUETEAM\ezk cmd.exe /C wbadmin delete catalog -quiet 2376 9856",benign
cmd.exe,9828,CloseFile,C:\Windows\System32,SUCCESS,,4/14/2022 8:23:39 PM,File System,C:\Windows\system32\cmd.exe,BLUETEAM\ezk,cmd.exe /C wbadmin delete catalog -quiet,2376,9856,cmd.exe 9828 CloseFile C:\Windows\System32 SUCCESS None 4/14/2022 8:23:39 PM File System C:\Windows\system32\cmd.exe BLUETEAM\ezk cmd.exe /C wbadmin delete catalog -quiet 2376 9856,benign
cmd.exe,9828,CreateFile,C:\Windows\System32,SUCCESS,"Desired Access: Read Data/List Directory, Synchronize, Disposition: Open, Options: Directory, Synchronous IO Non-Alert, Attributes: n/a, ShareMode: Read, Write, Delete, AllocationSize: n/a, OpenResult: Opened",4/14/2022 8:23:39 PM,File System,C:\Windows\system32\cmd.exe,BLUETEAM\ezk,cmd.exe /C wbadmin delete catalog -quiet,2376,9856,"cmd.exe 9828 CreateFile C:\Windows\System32 SUCCESS Desired Access: Read Data/List Directory, Synchronize, Disposition: Open, Options: Directory, Synchronous IO Non-Alert, Attributes: n/a, ShareMode: Read, Write, Delete, AllocationSize: n/a, OpenResult: Opened 4/14/2022 8:23:39 PM File System C:\Windows\system32\cmd.exe BLUETEAM\ezk cmd.exe /C wbadmin delete catalog -quiet 2376 9856",benign
cmd.exe,9828,RegOpenKey,HKCU,SUCCESS,"Desired Access: Maximum Allowed, Granted Access: All Access",4/14/2022 8:23:39 PM,Registry,C:\Windows\system32\cmd.exe,BLUETEAM\ezk,cmd.exe /C wbadmin delete catalog -quiet,2376,9856,"cmd.exe 9828 RegOpenKey HKCU SUCCESS Desired Access: Maximum Allowed, Granted Access: All Access 4/14/2022 8:23:39 PM Registry C:\Windows\system32\cmd.exe BLUETEAM\ezk cmd.exe /C wbadmin delete catalog -quiet 2376 9856",benign
cmd.exe,9828,CloseFile,C:\Windows\System32,SUCCESS,,4/14/2022 8:23:39 PM,File System,C:\Windows\system32\cmd.exe,BLUETEAM\ezk,cmd.exe /C wbadmin delete catalog -quiet,2376,9856,cmd.exe 9828 CloseFile C:\Windows\System32 SUCCESS None 4/14/2022 8:23:39 PM File System C:\Windows\system32\cmd.exe BLUETEAM\ezk cmd.exe /C wbadmin delete catalog -quiet 2376 9856,benign
cmd.exe,9828,CreateFile,C:\Windows\System32,SUCCESS,"Desired Access: Read Data/List Directory, Synchronize, Disposition: Open, Options: Directory, Synchronous IO Non-Alert, Attributes: n/a, ShareMode: Read, Write, Delete, AllocationSize: n/a, OpenResult: Opened",4/14/2022 8:23:39 PM,File System,C:\Windows\system32\cmd.exe,BLUETEAM\ezk,cmd.exe /C wbadmin delete catalog -quiet,2376,9856,"cmd.exe 9828 CreateFile C:\Windows\System32 SUCCESS Desired Access: Read Data/List Directory, Synchronize, Disposition: Open, Options: Directory, Synchronous IO Non-Alert, Attributes: n/a, ShareMode: Read, Write, Delete, AllocationSize: n/a, OpenResult: Opened 4/14/2022 8:23:39 PM File System C:\Windows\system32\cmd.exe BLUETEAM\ezk cmd.exe /C wbadmin delete catalog -quiet 2376 9856",benign
cmd.exe,9828,CloseFile,C:\,SUCCESS,,4/14/2022 8:23:39 PM,File System,C:\Windows\system32\cmd.exe,BLUETEAM\ezk,cmd.exe /C wbadmin delete catalog -quiet,2376,9856,cmd.exe 9828 CloseFile C:\ SUCCESS None 4/14/2022 8:23:39 PM File System C:\Windows\system32\cmd.exe BLUETEAM\ezk cmd.exe /C wbadmin delete catalog -quiet 2376 9856,benign
cmd.exe,9828,CreateFile,C:\Windows,SUCCESS,"Desired Access: Read Data/List Directory, Synchronize, Disposition: Open, Options: Directory, Synchronous IO Non-Alert, Attributes: n/a, ShareMode: Read, Write, Delete, AllocationSize: n/a, OpenResult: Opened",4/14/2022 8:23:39 PM,File System,C:\Windows\system32\cmd.exe,BLUETEAM\ezk,cmd.exe /C wbadmin delete catalog -quiet,2376,9856,"cmd.exe 9828 CreateFile C:\Windows SUCCESS Desired Access: Read Data/List Directory, Synchronize, Disposition: Open, Options: Directory, Synchronous IO Non-Alert, Attributes: n/a, ShareMode: Read, Write, Delete, AllocationSize: n/a, OpenResult: Opened 4/14/2022 8:23:39 PM File System C:\Windows\system32\cmd.exe BLUETEAM\ezk cmd.exe /C wbadmin delete catalog -quiet 2376 9856",benign
cmd.exe,9828,QueryDirectory,C:\Windows\system32,SUCCESS,"FileInformationClass: FileBothDirectoryInformation, Filter: system32, 2: System32",4/14/2022 8:23:39 PM,File System,C:\Windows\system32\cmd.exe,BLUETEAM\ezk,cmd.exe /C wbadmin delete catalog -quiet,2376,9856,"cmd.exe 9828 QueryDirectory C:\Windows\system32 SUCCESS FileInformationClass: FileBothDirectoryInformation, Filter: system32, 2: System32 4/14/2022 8:23:39 PM File System C:\Windows\system32\cmd.exe BLUETEAM\ezk cmd.exe /C wbadmin delete catalog -quiet 2376 9856",benign
cmd.exe,9828,CloseFile,C:\Windows,SUCCESS,,4/14/2022 8:23:39 PM,File System,C:\Windows\system32\cmd.exe,BLUETEAM\ezk,cmd.exe /C wbadmin delete catalog -quiet,2376,9856,cmd.exe 9828 CloseFile C:\Windows SUCCESS None 4/14/2022 8:23:39 PM File System C:\Windows\system32\cmd.exe BLUETEAM\ezk cmd.exe /C wbadmin delete catalog -quiet 2376 9856,benign
cmd.exe,9828,CreateFile,C:\Windows\System32,SUCCESS,"Desired Access: Read Attributes, Disposition: Open, Options: Open Reparse Point, Attributes: n/a, ShareMode: Read, Write, Delete, AllocationSize: n/a, OpenResult: Opened",4/14/2022 8:23:39 PM,File System,C:\Windows\system32\cmd.exe,BLUETEAM\ezk,cmd.exe /C wbadmin delete catalog -quiet,2376,9856,"cmd.exe 9828 CreateFile C:\Windows\System32 SUCCESS Desired Access: Read Attributes, Disposition: Open, Options: Open Reparse Point, Attributes: n/a, ShareMode: Read, Write, Delete, AllocationSize: n/a, OpenResult: Opened 4/14/2022 8:23:39 PM File System C:\Windows\system32\cmd.exe BLUETEAM\ezk cmd.exe /C wbadmin delete catalog -quiet 2376 9856",benign
cmd.exe,9828,QueryBasicInformationFile,C:\Windows\System32,SUCCESS,"CreationTime: 12/7/2019 5:03:44 PM, LastAccessTime: 4/14/2022 8:23:39 PM, LastWriteTime: 4/8/2022 11:11:04 AM, ChangeTime: 4/8/2022 11:11:04 AM, FileAttributes: D",4/14/2022 8:23:39 PM,File System,C:\Windows\system32\cmd.exe,BLUETEAM\ezk,cmd.exe /C wbadmin delete catalog -quiet,2376,9856,"cmd.exe 9828 QueryBasicInformationFile C:\Windows\System32 SUCCESS CreationTime: 12/7/2019 5:03:44 PM, LastAccessTime: 4/14/2022 8:23:39 PM, LastWriteTime: 4/8/2022 11:11:04 AM, ChangeTime: 4/8/2022 11:11:04 AM, FileAttributes: D 4/14/2022 8:23:39 PM File System C:\Windows\system32\cmd.exe BLUETEAM\ezk cmd.exe /C wbadmin delete catalog -quiet 2376 9856",benign
cmd.exe,9828,CloseFile,C:\Windows\System32,SUCCESS,,4/14/2022 8:23:39 PM,File System,C:\Windows\system32\cmd.exe,BLUETEAM\ezk,cmd.exe /C wbadmin delete catalog -quiet,2376,9856,cmd.exe 9828 CloseFile C:\Windows\System32 SUCCESS None 4/14/2022 8:23:39 PM File System C:\Windows\system32\cmd.exe BLUETEAM\ezk cmd.exe /C wbadmin delete catalog -quiet 2376 9856,benign
cmd.exe,9828,RegOpenKey,HKLM\System\CurrentControlSet\Control\Nls\CustomLocale,REPARSE,Desired Access: Read,4/14/2022 8:23:39 PM,Registry,C:\Windows\system32\cmd.exe,BLUETEAM\ezk,cmd.exe /C wbadmin delete catalog -quiet,2376,9856,cmd.exe 9828 RegOpenKey HKLM\System\CurrentControlSet\Control\Nls\CustomLocale REPARSE Desired Access: Read 4/14/2022 8:23:39 PM Registry C:\Windows\system32\cmd.exe BLUETEAM\ezk cmd.exe /C wbadmin delete catalog -quiet 2376 9856,benign
cmd.exe,9828,RegOpenKey,HKLM\System\CurrentControlSet\Control\Nls\CustomLocale,SUCCESS,Desired Access: Read,4/14/2022 8:23:39 PM,Registry,C:\Windows\system32\cmd.exe,BLUETEAM\ezk,cmd.exe /C wbadmin delete catalog -quiet,2376,9856,cmd.exe 9828 RegOpenKey HKLM\System\CurrentControlSet\Control\Nls\CustomLocale SUCCESS Desired Access: Read 4/14/2022 8:23:39 PM Registry C:\Windows\system32\cmd.exe BLUETEAM\ezk cmd.exe /C wbadmin delete catalog -quiet 2376 9856,benign
cmd.exe,9828,RegQueryValue,HKLM\System\CurrentControlSet\Control\Nls\CustomLocale\en-US,NAME NOT FOUND,Length: 532,4/14/2022 8:23:39 PM,Registry,C:\Windows\system32\cmd.exe,BLUETEAM\ezk,cmd.exe /C wbadmin delete catalog -quiet,2376,9856,cmd.exe 9828 RegQueryValue HKLM\System\CurrentControlSet\Control\Nls\CustomLocale\en-US NAME NOT FOUND Length: 532 4/14/2022 8:23:39 PM Registry C:\Windows\system32\cmd.exe BLUETEAM\ezk cmd.exe /C wbadmin delete catalog -quiet 2376 9856,benign
cmd.exe,9828,RegCloseKey,HKLM\System\CurrentControlSet\Control\Nls\CustomLocale,SUCCESS,,4/14/2022 8:23:39 PM,Registry,C:\Windows\system32\cmd.exe,BLUETEAM\ezk,cmd.exe /C wbadmin delete catalog -quiet,2376,9856,cmd.exe 9828 RegCloseKey HKLM\System\CurrentControlSet\Control\Nls\CustomLocale SUCCESS None 4/14/2022 8:23:39 PM Registry C:\Windows\system32\cmd.exe BLUETEAM\ezk cmd.exe /C wbadmin delete catalog -quiet 2376 9856,benign
cmd.exe,9828,RegOpenKey,HKLM\System\CurrentControlSet\Control\Nls\ExtendedLocale,REPARSE,Desired Access: Read,4/14/2022 8:23:39 PM,Registry,C:\Windows\system32\cmd.exe,BLUETEAM\ezk,cmd.exe /C wbadmin delete catalog -quiet,2376,9856,cmd.exe 9828 RegOpenKey HKLM\System\CurrentControlSet\Control\Nls\ExtendedLocale REPARSE Desired Access: Read 4/14/2022 8:23:39 PM Registry C:\Windows\system32\cmd.exe BLUETEAM\ezk cmd.exe /C wbadmin delete catalog -quiet 2376 9856,benign
cmd.exe,9828,RegOpenKey,HKLM\System\CurrentControlSet\Control\Nls\ExtendedLocale,SUCCESS,Desired Access: Read,4/14/2022 8:23:39 PM,Registry,C:\Windows\system32\cmd.exe,BLUETEAM\ezk,cmd.exe /C wbadmin delete catalog -quiet,2376,9856,cmd.exe 9828 RegOpenKey HKLM\System\CurrentControlSet\Control\Nls\ExtendedLocale SUCCESS Desired Access: Read 4/14/2022 8:23:39 PM Registry C:\Windows\system32\cmd.exe BLUETEAM\ezk cmd.exe /C wbadmin delete catalog -quiet 2376 9856,benign
cmd.exe,9828,RegQueryValue,HKLM\System\CurrentControlSet\Control\Nls\ExtendedLocale\en-US,NAME NOT FOUND,Length: 532,4/14/2022 8:23:39 PM,Registry,C:\Windows\system32\cmd.exe,BLUETEAM\ezk,cmd.exe /C wbadmin delete catalog -quiet,2376,9856,cmd.exe 9828 RegQueryValue HKLM\System\CurrentControlSet\Control\Nls\ExtendedLocale\en-US NAME NOT FOUND Length: 532 4/14/2022 8:23:39 PM Registry C:\Windows\system32\cmd.exe BLUETEAM\ezk cmd.exe /C wbadmin delete catalog -quiet 2376 9856,benign
cmd.exe,9828,RegCloseKey,HKLM\System\CurrentControlSet\Control\Nls\ExtendedLocale,SUCCESS,,4/14/2022 8:23:39 PM,Registry,C:\Windows\system32\cmd.exe,BLUETEAM\ezk,cmd.exe /C wbadmin delete catalog -quiet,2376,9856,cmd.exe 9828 RegCloseKey HKLM\System\CurrentControlSet\Control\Nls\ExtendedLocale SUCCESS None 4/14/2022 8:23:39 PM Registry C:\Windows\system32\cmd.exe BLUETEAM\ezk cmd.exe /C wbadmin delete catalog -quiet 2376 9856,benign
cmd.exe,9828,QueryDirectory,C:\Windows\System32\wbadmin.*,SUCCESS,"FileInformationClass: FileFullDirectoryInformation, Filter: wbadmin.*, 2: wbadmin.exe",4/14/2022 8:23:39 PM,File System,C:\Windows\system32\cmd.exe,BLUETEAM\ezk,cmd.exe /C wbadmin delete catalog -quiet,2376,9856,"cmd.exe 9828 QueryDirectory C:\Windows\System32\wbadmin.* SUCCESS FileInformationClass: FileFullDirectoryInformation, Filter: wbadmin.*, 2: wbadmin.exe 4/14/2022 8:23:39 PM File System C:\Windows\system32\cmd.exe BLUETEAM\ezk cmd.exe /C wbadmin delete catalog -quiet 2376 9856",benign
cmd.exe,9828,RegOpenKey,HKLM\Software\Policies\Microsoft\MUI\Settings,NAME NOT FOUND,Desired Access: Read,4/14/2022 8:23:39 PM,Registry,C:\Windows\system32\cmd.exe,BLUETEAM\ezk,cmd.exe /C wbadmin delete catalog -quiet,2376,9856,cmd.exe 9828 RegOpenKey HKLM\Software\Policies\Microsoft\MUI\Settings NAME NOT FOUND Desired Access: Read 4/14/2022 8:23:39 PM Registry C:\Windows\system32\cmd.exe BLUETEAM\ezk cmd.exe /C wbadmin delete catalog -quiet 2376 9856,benign
cmd.exe,9828,RegCloseKey,HKCU,SUCCESS,,4/14/2022 8:23:39 PM,Registry,C:\Windows\system32\cmd.exe,BLUETEAM\ezk,cmd.exe /C wbadmin delete catalog -quiet,2376,9856,cmd.exe 9828 RegCloseKey HKCU SUCCESS None 4/14/2022 8:23:39 PM Registry C:\Windows\system32\cmd.exe BLUETEAM\ezk cmd.exe /C wbadmin delete catalog -quiet 2376 9856,benign
cmd.exe,9828,RegCloseKey,HKCU\Control Panel\Desktop,SUCCESS,,4/14/2022 8:23:39 PM,Registry,C:\Windows\system32\cmd.exe,BLUETEAM\ezk,cmd.exe /C wbadmin delete catalog -quiet,2376,9856,cmd.exe 9828 RegCloseKey HKCU\Control Panel\Desktop SUCCESS None 4/14/2022 8:23:39 PM Registry C:\Windows\system32\cmd.exe BLUETEAM\ezk cmd.exe /C wbadmin delete catalog -quiet 2376 9856,benign
cmd.exe,9828,RegOpenKey,HKLM\System\CurrentControlSet\Control\FileSystem\,REPARSE,Desired Access: Read,4/14/2022 8:23:39 PM,Registry,C:\Windows\system32\cmd.exe,BLUETEAM\ezk,cmd.exe /C wbadmin delete catalog -quiet,2376,9856,cmd.exe 9828 RegOpenKey HKLM\System\CurrentControlSet\Control\FileSystem\ REPARSE Desired Access: Read 4/14/2022 8:23:39 PM Registry C:\Windows\system32\cmd.exe BLUETEAM\ezk cmd.exe /C wbadmin delete catalog -quiet 2376 9856,benign
cmd.exe,9828,RegOpenKey,HKLM\System\CurrentControlSet\Control\FileSystem,SUCCESS,Desired Access: Read,4/14/2022 8:23:39 PM,Registry,C:\Windows\system32\cmd.exe,BLUETEAM\ezk,cmd.exe /C wbadmin delete catalog -quiet,2376,9856,cmd.exe 9828 RegOpenKey HKLM\System\CurrentControlSet\Control\FileSystem SUCCESS Desired Access: Read 4/14/2022 8:23:39 PM Registry C:\Windows\system32\cmd.exe BLUETEAM\ezk cmd.exe /C wbadmin delete catalog -quiet 2376 9856,benign
cmd.exe,9828,RegQueryValue,HKLM\System\CurrentControlSet\Control\FileSystem\LongPathsEnabled,SUCCESS,"Type: REG_DWORD, Length: 4, Data: 0",4/14/2022 8:23:39 PM,Registry,C:\Windows\system32\cmd.exe,BLUETEAM\ezk,cmd.exe /C wbadmin delete catalog -quiet,2376,9856,"cmd.exe 9828 RegQueryValue HKLM\System\CurrentControlSet\Control\FileSystem\LongPathsEnabled SUCCESS Type: REG_DWORD, Length: 4, Data: 0 4/14/2022 8:23:39 PM Registry C:\Windows\system32\cmd.exe BLUETEAM\ezk cmd.exe /C wbadmin delete catalog -quiet 2376 9856",benign
cmd.exe,9828,RegCloseKey,HKLM\System\CurrentControlSet\Control\FileSystem,SUCCESS,,4/14/2022 8:23:39 PM,Registry,C:\Windows\system32\cmd.exe,BLUETEAM\ezk,cmd.exe /C wbadmin delete catalog -quiet,2376,9856,cmd.exe 9828 RegCloseKey HKLM\System\CurrentControlSet\Control\FileSystem SUCCESS None 4/14/2022 8:23:39 PM Registry C:\Windows\system32\cmd.exe BLUETEAM\ezk cmd.exe /C wbadmin delete catalog -quiet 2376 9856,benign
cmd.exe,9828,RegOpenKey,HKLM\System\CurrentControlSet\Control\Nls\Sorting\Versions,REPARSE,Desired Access: Read,4/14/2022 8:23:39 PM,Registry,C:\Windows\system32\cmd.exe,BLUETEAM\ezk,cmd.exe /C wbadmin delete catalog -quiet,2376,9856,cmd.exe 9828 RegOpenKey HKLM\System\CurrentControlSet\Control\Nls\Sorting\Versions REPARSE Desired Access: Read 4/14/2022 8:23:39 PM Registry C:\Windows\system32\cmd.exe BLUETEAM\ezk cmd.exe /C wbadmin delete catalog -quiet 2376 9856,benign
cmd.exe,9828,RegOpenKey,HKLM\System\CurrentControlSet\Control\Nls\Sorting\Versions,SUCCESS,Desired Access: Read,4/14/2022 8:23:39 PM,Registry,C:\Windows\system32\cmd.exe,BLUETEAM\ezk,cmd.exe /C wbadmin delete catalog -quiet,2376,9856,cmd.exe 9828 RegOpenKey HKLM\System\CurrentControlSet\Control\Nls\Sorting\Versions SUCCESS Desired Access: Read 4/14/2022 8:23:39 PM Registry C:\Windows\system32\cmd.exe BLUETEAM\ezk cmd.exe /C wbadmin delete catalog -quiet 2376 9856,benign
cmd.exe,9828,RegQueryValue,HKLM\System\CurrentControlSet\Control\Nls\Sorting\Versions\(Default),SUCCESS,"Type: REG_SZ, Length: 18, Data: 00060305",4/14/2022 8:23:39 PM,Registry,C:\Windows\system32\cmd.exe,BLUETEAM\ezk,cmd.exe /C wbadmin delete catalog -quiet,2376,9856,"cmd.exe 9828 RegQueryValue HKLM\System\CurrentControlSet\Control\Nls\Sorting\Versions\(Default) SUCCESS Type: REG_SZ, Length: 18, Data: 00060305 4/14/2022 8:23:39 PM Registry C:\Windows\system32\cmd.exe BLUETEAM\ezk cmd.exe /C wbadmin delete catalog -quiet 2376 9856",benign
cmd.exe,9828,RegQueryValue,HKLM\System\CurrentControlSet\Control\Nls\Sorting\Versions\000603xx,SUCCESS,"Type: REG_SZ, Length: 26, Data: kernel32.dll",4/14/2022 8:23:39 PM,Registry,C:\Windows\system32\cmd.exe,BLUETEAM\ezk,cmd.exe /C wbadmin delete catalog -quiet,2376,9856,"cmd.exe 9828 RegQueryValue HKLM\System\CurrentControlSet\Control\Nls\Sorting\Versions\000603xx SUCCESS Type: REG_SZ, Length: 26, Data: kernel32.dll 4/14/2022 8:23:39 PM Registry C:\Windows\system32\cmd.exe BLUETEAM\ezk cmd.exe /C wbadmin delete catalog -quiet 2376 9856",benign
cmd.exe,9828,RegOpenKey,HKLM\SYSTEM\CurrentControlSet\Control\Session Manager,REPARSE,"Desired Access: Query Value, Enumerate Sub Keys",4/14/2022 8:23:39 PM,Registry,C:\Windows\system32\cmd.exe,BLUETEAM\ezk,cmd.exe /C wbadmin delete catalog -quiet,2376,9856,"cmd.exe 9828 RegOpenKey HKLM\SYSTEM\CurrentControlSet\Control\Session Manager REPARSE Desired Access: Query Value, Enumerate Sub Keys 4/14/2022 8:23:39 PM Registry C:\Windows\system32\cmd.exe BLUETEAM\ezk cmd.exe /C wbadmin delete catalog -quiet 2376 9856",benign
cmd.exe,9828,RegOpenKey,HKLM\System\CurrentControlSet\Control\Session Manager,SUCCESS,"Desired Access: Query Value, Enumerate Sub Keys",4/14/2022 8:23:39 PM,Registry,C:\Windows\system32\cmd.exe,BLUETEAM\ezk,cmd.exe /C wbadmin delete catalog -quiet,2376,9856,"cmd.exe 9828 RegOpenKey HKLM\System\CurrentControlSet\Control\Session Manager SUCCESS Desired Access: Query Value, Enumerate Sub Keys 4/14/2022 8:23:39 PM Registry C:\Windows\system32\cmd.exe BLUETEAM\ezk cmd.exe /C wbadmin delete catalog -quiet 2376 9856",benign
cmd.exe,9828,RegQueryValue,HKLM\System\CurrentControlSet\Control\Session Manager\ResourcePolicies,NAME NOT FOUND,Length: 24,4/14/2022 8:23:39 PM,Registry,C:\Windows\system32\cmd.exe,BLUETEAM\ezk,cmd.exe /C wbadmin delete catalog -quiet,2376,9856,cmd.exe 9828 RegQueryValue HKLM\System\CurrentControlSet\Control\Session Manager\ResourcePolicies NAME NOT FOUND Length: 24 4/14/2022 8:23:39 PM Registry C:\Windows\system32\cmd.exe BLUETEAM\ezk cmd.exe /C wbadmin delete catalog -quiet 2376 9856,benign
cmd.exe,9828,RegCloseKey,HKLM\System\CurrentControlSet\Control\Session Manager,SUCCESS,,4/14/2022 8:23:39 PM,Registry,C:\Windows\system32\cmd.exe,BLUETEAM\ezk,cmd.exe /C wbadmin delete catalog -quiet,2376,9856,cmd.exe 9828 RegCloseKey HKLM\System\CurrentControlSet\Control\Session Manager SUCCESS None 4/14/2022 8:23:39 PM Registry C:\Windows\system32\cmd.exe BLUETEAM\ezk cmd.exe /C wbadmin delete catalog -quiet 2376 9856,benign
cmd.exe,9828,RegOpenKey,HKLM\SYSTEM\CurrentControlSet\Control\Session Manager,REPARSE,"Desired Access: Query Value, Enumerate Sub Keys",4/14/2022 8:23:39 PM,Registry,C:\Windows\system32\cmd.exe,BLUETEAM\ezk,cmd.exe /C wbadmin delete catalog -quiet,2376,9856,"cmd.exe 9828 RegOpenKey HKLM\SYSTEM\CurrentControlSet\Control\Session Manager REPARSE Desired Access: Query Value, Enumerate Sub Keys 4/14/2022 8:23:39 PM Registry C:\Windows\system32\cmd.exe BLUETEAM\ezk cmd.exe /C wbadmin delete catalog -quiet 2376 9856",benign
cmd.exe,9828,RegOpenKey,HKLM\System\CurrentControlSet\Control\Session Manager,SUCCESS,"Desired Access: Query Value, Enumerate Sub Keys",4/14/2022 8:23:39 PM,Registry,C:\Windows\system32\cmd.exe,BLUETEAM\ezk,cmd.exe /C wbadmin delete catalog -quiet,2376,9856,"cmd.exe 9828 RegOpenKey HKLM\System\CurrentControlSet\Control\Session Manager SUCCESS Desired Access: Query Value, Enumerate Sub Keys 4/14/2022 8:23:39 PM Registry C:\Windows\system32\cmd.exe BLUETEAM\ezk cmd.exe /C wbadmin delete catalog -quiet 2376 9856",benign
cmd.exe,9828,RegQueryValue,HKLM\System\CurrentControlSet\Control\Session Manager\ResourcePolicies,NAME NOT FOUND,Length: 24,4/14/2022 8:23:39 PM,Registry,C:\Windows\system32\cmd.exe,BLUETEAM\ezk,cmd.exe /C wbadmin delete catalog -quiet,2376,9856,cmd.exe 9828 RegQueryValue HKLM\System\CurrentControlSet\Control\Session Manager\ResourcePolicies NAME NOT FOUND Length: 24 4/14/2022 8:23:39 PM Registry C:\Windows\system32\cmd.exe BLUETEAM\ezk cmd.exe /C wbadmin delete catalog -quiet 2376 9856,benign
cmd.exe,9828,RegOpenKey,HKCU\Software\Policies\Microsoft\Windows\Safer\CodeIdentifiers,NAME NOT FOUND,Desired Access: Query Value,4/14/2022 8:23:39 PM,Registry,C:\Windows\system32\cmd.exe,BLUETEAM\ezk,cmd.exe /C wbadmin delete catalog -quiet,2376,9856,cmd.exe 9828 RegOpenKey HKCU\Software\Policies\Microsoft\Windows\Safer\CodeIdentifiers NAME NOT FOUND Desired Access: Query Value 4/14/2022 8:23:39 PM Registry C:\Windows\system32\cmd.exe BLUETEAM\ezk cmd.exe /C wbadmin delete catalog -quiet 2376 9856,benign
cmd.exe,9828,RegCloseKey,HKLM\System\CurrentControlSet\Control\Session Manager,SUCCESS,,4/14/2022 8:23:39 PM,Registry,C:\Windows\system32\cmd.exe,BLUETEAM\ezk,cmd.exe /C wbadmin delete catalog -quiet,2376,9856,cmd.exe 9828 RegCloseKey HKLM\System\CurrentControlSet\Control\Session Manager SUCCESS None 4/14/2022 8:23:39 PM Registry C:\Windows\system32\cmd.exe BLUETEAM\ezk cmd.exe /C wbadmin delete catalog -quiet 2376 9856,benign
cmd.exe,9828,RegCloseKey,HKLM\SOFTWARE\Policies\Microsoft\Windows\safer\codeidentifiers,SUCCESS,,4/14/2022 8:23:39 PM,Registry,C:\Windows\system32\cmd.exe,BLUETEAM\ezk,cmd.exe /C wbadmin delete catalog -quiet,2376,9856,cmd.exe 9828 RegCloseKey HKLM\SOFTWARE\Policies\Microsoft\Windows\safer\codeidentifiers SUCCESS None 4/14/2022 8:23:39 PM Registry C:\Windows\system32\cmd.exe BLUETEAM\ezk cmd.exe /C wbadmin delete catalog -quiet 2376 9856,benign
cmd.exe,9828,RegOpenKey,HKLM\Software\Policies\Microsoft\Windows\Safer\CodeIdentifiers,SUCCESS,Desired Access: Query Value,4/14/2022 8:23:39 PM,Registry,C:\Windows\system32\cmd.exe,BLUETEAM\ezk,cmd.exe /C wbadmin delete catalog -quiet,2376,9856,cmd.exe 9828 RegOpenKey HKLM\Software\Policies\Microsoft\Windows\Safer\CodeIdentifiers SUCCESS Desired Access: Query Value 4/14/2022 8:23:39 PM Registry C:\Windows\system32\cmd.exe BLUETEAM\ezk cmd.exe /C wbadmin delete catalog -quiet 2376 9856,benign
cmd.exe,9828,RegOpenKey,HKLM\System\CurrentControlSet\Control\Session Manager,REPARSE,Desired Access: Query Value,4/14/2022 8:23:39 PM,Registry,C:\Windows\system32\cmd.exe,BLUETEAM\ezk,cmd.exe /C wbadmin delete catalog -quiet,2376,9856,cmd.exe 9828 RegOpenKey HKLM\System\CurrentControlSet\Control\Session Manager REPARSE Desired Access: Query Value 4/14/2022 8:23:39 PM Registry C:\Windows\system32\cmd.exe BLUETEAM\ezk cmd.exe /C wbadmin delete catalog -quiet 2376 9856,benign
cmd.exe,9828,RegOpenKey,HKLM\System\CurrentControlSet\Control\Session Manager,SUCCESS,Desired Access: Query Value,4/14/2022 8:23:39 PM,Registry,C:\Windows\system32\cmd.exe,BLUETEAM\ezk,cmd.exe /C wbadmin delete catalog -quiet,2376,9856,cmd.exe 9828 RegOpenKey HKLM\System\CurrentControlSet\Control\Session Manager SUCCESS Desired Access: Query Value 4/14/2022 8:23:39 PM Registry C:\Windows\system32\cmd.exe BLUETEAM\ezk cmd.exe /C wbadmin delete catalog -quiet 2376 9856,benign
cmd.exe,9828,RegQueryValue,HKLM\System\CurrentControlSet\Control\Session Manager\RaiseExceptionOnPossibleDeadlock,NAME NOT FOUND,Length: 80,4/14/2022 8:23:39 PM,Registry,C:\Windows\system32\cmd.exe,BLUETEAM\ezk,cmd.exe /C wbadmin delete catalog -quiet,2376,9856,cmd.exe 9828 RegQueryValue HKLM\System\CurrentControlSet\Control\Session Manager\RaiseExceptionOnPossibleDeadlock NAME NOT FOUND Length: 80 4/14/2022 8:23:39 PM Registry C:\Windows\system32\cmd.exe BLUETEAM\ezk cmd.exe /C wbadmin delete catalog -quiet 2376 9856,benign
cmd.exe,9828,RegCloseKey,HKLM\System\CurrentControlSet\Control\Session Manager,SUCCESS,,4/14/2022 8:23:39 PM,Registry,C:\Windows\system32\cmd.exe,BLUETEAM\ezk,cmd.exe /C wbadmin delete catalog -quiet,2376,9856,cmd.exe 9828 RegCloseKey HKLM\System\CurrentControlSet\Control\Session Manager SUCCESS None 4/14/2022 8:23:39 PM Registry C:\Windows\system32\cmd.exe BLUETEAM\ezk cmd.exe /C wbadmin delete catalog -quiet 2376 9856,benign
cmd.exe,9828,RegOpenKey,HKLM\SYSTEM\CurrentControlSet\Control\Session Manager\Segment Heap,REPARSE,Desired Access: Query Value,4/14/2022 8:23:39 PM,Registry,C:\Windows\system32\cmd.exe,BLUETEAM\ezk,cmd.exe /C wbadmin delete catalog -quiet,2376,9856,cmd.exe 9828 RegOpenKey HKLM\SYSTEM\CurrentControlSet\Control\Session Manager\Segment Heap REPARSE Desired Access: Query Value 4/14/2022 8:23:39 PM Registry C:\Windows\system32\cmd.exe BLUETEAM\ezk cmd.exe /C wbadmin delete catalog -quiet 2376 9856,benign
cmd.exe,9828,RegOpenKey,HKLM\System\CurrentControlSet\Control\Session Manager\Segment Heap,NAME NOT FOUND,Desired Access: Query Value,4/14/2022 8:23:39 PM,Registry,C:\Windows\system32\cmd.exe,BLUETEAM\ezk,cmd.exe /C wbadmin delete catalog -quiet,2376,9856,cmd.exe 9828 RegOpenKey HKLM\System\CurrentControlSet\Control\Session Manager\Segment Heap NAME NOT FOUND Desired Access: Query Value 4/14/2022 8:23:39 PM Registry C:\Windows\system32\cmd.exe BLUETEAM\ezk cmd.exe /C wbadmin delete catalog -quiet 2376 9856,benign
cmd.exe,9828,RegOpenKey,HKLM\SYSTEM\CurrentControlSet\Control\Session Manager,REPARSE,"Desired Access: Query Value, Enumerate Sub Keys",4/14/2022 8:23:39 PM,Registry,C:\Windows\system32\cmd.exe,BLUETEAM\ezk,cmd.exe /C wbadmin delete catalog -quiet,2376,9856,"cmd.exe 9828 RegOpenKey HKLM\SYSTEM\CurrentControlSet\Control\Session Manager REPARSE Desired Access: Query Value, Enumerate Sub Keys 4/14/2022 8:23:39 PM Registry C:\Windows\system32\cmd.exe BLUETEAM\ezk cmd.exe /C wbadmin delete catalog -quiet 2376 9856",benign
cmd.exe,9828,RegOpenKey,HKLM\System\CurrentControlSet\Control\Session Manager,SUCCESS,"Desired Access: Query Value, Enumerate Sub Keys",4/14/2022 8:23:39 PM,Registry,C:\Windows\system32\cmd.exe,BLUETEAM\ezk,cmd.exe /C wbadmin delete catalog -quiet,2376,9856,"cmd.exe 9828 RegOpenKey HKLM\System\CurrentControlSet\Control\Session Manager SUCCESS Desired Access: Query Value, Enumerate Sub Keys 4/14/2022 8:23:39 PM Registry C:\Windows\system32\cmd.exe BLUETEAM\ezk cmd.exe /C wbadmin delete catalog -quiet 2376 9856",benign
cmd.exe,9828,RegQueryValue,HKLM\System\CurrentControlSet\Control\Session Manager\ResourcePolicies,NAME NOT FOUND,Length: 24,4/14/2022 8:23:39 PM,Registry,C:\Windows\system32\cmd.exe,BLUETEAM\ezk,cmd.exe /C wbadmin delete catalog -quiet,2376,9856,cmd.exe 9828 RegQueryValue HKLM\System\CurrentControlSet\Control\Session Manager\ResourcePolicies NAME NOT FOUND Length: 24 4/14/2022 8:23:39 PM Registry C:\Windows\system32\cmd.exe BLUETEAM\ezk cmd.exe /C wbadmin delete catalog -quiet 2376 9856,benign
cmd.exe,9828,RegCloseKey,HKLM\System\CurrentControlSet\Control\Session Manager,SUCCESS,,4/14/2022 8:23:39 PM,Registry,C:\Windows\system32\cmd.exe,BLUETEAM\ezk,cmd.exe /C wbadmin delete catalog -quiet,2376,9856,cmd.exe 9828 RegCloseKey HKLM\System\CurrentControlSet\Control\Session Manager SUCCESS None 4/14/2022 8:23:39 PM Registry C:\Windows\system32\cmd.exe BLUETEAM\ezk cmd.exe /C wbadmin delete catalog -quiet 2376 9856,benign
cmd.exe,9828,CreateFile,C:\Windows\System32,SUCCESS,"Desired Access: Execute/Traverse, Synchronize, Disposition: Open, Options: Directory, Synchronous IO Non-Alert, Attributes: n/a, ShareMode: Read, Write, AllocationSize: n/a, OpenResult: Opened",4/14/2022 8:23:39 PM,File System,C:\Windows\system32\cmd.exe,BLUETEAM\ezk,cmd.exe /C wbadmin delete catalog -quiet,2376,9856,"cmd.exe 9828 CreateFile C:\Windows\System32 SUCCESS Desired Access: Execute/Traverse, Synchronize, Disposition: Open, Options: Directory, Synchronous IO Non-Alert, Attributes: n/a, ShareMode: Read, Write, AllocationSize: n/a, OpenResult: Opened 4/14/2022 8:23:39 PM File System C:\Windows\system32\cmd.exe BLUETEAM\ezk cmd.exe /C wbadmin delete catalog -quiet 2376 9856",benign
cmd.exe,9828,RegOpenKey,HKLM\System\CurrentControlSet\Control\SafeBoot\Option,REPARSE,"Desired Access: Query Value, Set Value",4/14/2022 8:23:39 PM,Registry,C:\Windows\system32\cmd.exe,BLUETEAM\ezk,cmd.exe /C wbadmin delete catalog -quiet,2376,9856,"cmd.exe 9828 RegOpenKey HKLM\System\CurrentControlSet\Control\SafeBoot\Option REPARSE Desired Access: Query Value, Set Value 4/14/2022 8:23:39 PM Registry C:\Windows\system32\cmd.exe BLUETEAM\ezk cmd.exe /C wbadmin delete catalog -quiet 2376 9856",benign
cmd.exe,9828,RegOpenKey,HKLM\System\CurrentControlSet\Control\SafeBoot\Option,NAME NOT FOUND,"Desired Access: Query Value, Set Value",4/14/2022 8:23:39 PM,Registry,C:\Windows\system32\cmd.exe,BLUETEAM\ezk,cmd.exe /C wbadmin delete catalog -quiet,2376,9856,"cmd.exe 9828 RegOpenKey HKLM\System\CurrentControlSet\Control\SafeBoot\Option NAME NOT FOUND Desired Access: Query Value, Set Value 4/14/2022 8:23:39 PM Registry C:\Windows\system32\cmd.exe BLUETEAM\ezk cmd.exe /C wbadmin delete catalog -quiet 2376 9856",benign
cmd.exe,9828,RegOpenKey,HKLM\System\CurrentControlSet\Control\Srp\GP\DLL,REPARSE,Desired Access: Read,4/14/2022 8:23:39 PM,Registry,C:\Windows\system32\cmd.exe,BLUETEAM\ezk,cmd.exe /C wbadmin delete catalog -quiet,2376,9856,cmd.exe 9828 RegOpenKey HKLM\System\CurrentControlSet\Control\Srp\GP\DLL REPARSE Desired Access: Read 4/14/2022 8:23:39 PM Registry C:\Windows\system32\cmd.exe BLUETEAM\ezk cmd.exe /C wbadmin delete catalog -quiet 2376 9856,benign
cmd.exe,9828,RegOpenKey,HKLM\System\CurrentControlSet\Control\Srp\GP\DLL,NAME NOT FOUND,Desired Access: Read,4/14/2022 8:23:39 PM,Registry,C:\Windows\system32\cmd.exe,BLUETEAM\ezk,cmd.exe /C wbadmin delete catalog -quiet,2376,9856,cmd.exe 9828 RegOpenKey HKLM\System\CurrentControlSet\Control\Srp\GP\DLL NAME NOT FOUND Desired Access: Read 4/14/2022 8:23:39 PM Registry C:\Windows\system32\cmd.exe BLUETEAM\ezk cmd.exe /C wbadmin delete catalog -quiet 2376 9856,benign
cmd.exe,9828,RegQueryValue,HKLM\SOFTWARE\Policies\Microsoft\Windows\safer\codeidentifiers\TransparentEnabled,NAME NOT FOUND,Length: 80,4/14/2022 8:23:39 PM,Registry,C:\Windows\system32\cmd.exe,BLUETEAM\ezk,cmd.exe /C wbadmin delete catalog -quiet,2376,9856,cmd.exe 9828 RegQueryValue HKLM\SOFTWARE\Policies\Microsoft\Windows\safer\codeidentifiers\TransparentEnabled NAME NOT FOUND Length: 80 4/14/2022 8:23:39 PM Registry C:\Windows\system32\cmd.exe BLUETEAM\ezk cmd.exe /C wbadmin delete catalog -quiet 2376 9856,benign
cmd.exe,9828,RegOpenKey,HKLM\Software\Microsoft\Windows NT\CurrentVersion\Image File Execution Options,SUCCESS,"Desired Access: Query Value, Enumerate Sub Keys",4/14/2022 8:23:39 PM,Registry,C:\Windows\system32\cmd.exe,BLUETEAM\ezk,cmd.exe /C wbadmin delete catalog -quiet,2376,9856,"cmd.exe 9828 RegOpenKey HKLM\Software\Microsoft\Windows NT\CurrentVersion\Image File Execution Options SUCCESS Desired Access: Query Value, Enumerate Sub Keys 4/14/2022 8:23:39 PM Registry C:\Windows\system32\cmd.exe BLUETEAM\ezk cmd.exe /C wbadmin delete catalog -quiet 2376 9856",benign
cmd.exe,9828,RegOpenKey,HKLM,SUCCESS,"Desired Access: Maximum Allowed, Granted Access: All Access",4/14/2022 8:23:39 PM,Registry,C:\Windows\system32\cmd.exe,BLUETEAM\ezk,cmd.exe /C wbadmin delete catalog -quiet,2376,9856,"cmd.exe 9828 RegOpenKey HKLM SUCCESS Desired Access: Maximum Allowed, Granted Access: All Access 4/14/2022 8:23:39 PM Registry C:\Windows\system32\cmd.exe BLUETEAM\ezk cmd.exe /C wbadmin delete catalog -quiet 2376 9856",benign
cmd.exe,9828,RegOpenKey,HKLM\SOFTWARE\Microsoft\OLE,SUCCESS,Desired Access: Read,4/14/2022 8:23:39 PM,Registry,C:\Windows\system32\cmd.exe,BLUETEAM\ezk,cmd.exe /C wbadmin delete catalog -quiet,2376,9856,cmd.exe 9828 RegOpenKey HKLM\SOFTWARE\Microsoft\OLE SUCCESS Desired Access: Read 4/14/2022 8:23:39 PM Registry C:\Windows\system32\cmd.exe BLUETEAM\ezk cmd.exe /C wbadmin delete catalog -quiet 2376 9856,benign
cmd.exe,9828,RegQueryKey,HKLM,SUCCESS,"Query: HandleTags, HandleTags: 0x0",4/14/2022 8:23:39 PM,Registry,C:\Windows\system32\cmd.exe,BLUETEAM\ezk,cmd.exe /C wbadmin delete catalog -quiet,2376,9856,"cmd.exe 9828 RegQueryKey HKLM SUCCESS Query: HandleTags, HandleTags: 0x0 4/14/2022 8:23:39 PM Registry C:\Windows\system32\cmd.exe BLUETEAM\ezk cmd.exe /C wbadmin delete catalog -quiet 2376 9856",benign
cmd.exe,9828,RegOpenKey,HKLM\Software\Microsoft\OLE\Tracing,NAME NOT FOUND,Desired Access: Read,4/14/2022 8:23:39 PM,Registry,C:\Windows\system32\cmd.exe,BLUETEAM\ezk,cmd.exe /C wbadmin delete catalog -quiet,2376,9856,cmd.exe 9828 RegOpenKey HKLM\Software\Microsoft\OLE\Tracing NAME NOT FOUND Desired Access: Read 4/14/2022 8:23:39 PM Registry C:\Windows\system32\cmd.exe BLUETEAM\ezk cmd.exe /C wbadmin delete catalog -quiet 2376 9856,benign
cmd.exe,9828,RegOpenKey,HKCU,SUCCESS,"Desired Access: Maximum Allowed, Granted Access: All Access",4/14/2022 8:23:39 PM,Registry,C:\Windows\system32\cmd.exe,BLUETEAM\ezk,cmd.exe /C wbadmin delete catalog -quiet,2376,9856,"cmd.exe 9828 RegOpenKey HKCU SUCCESS Desired Access: Maximum Allowed, Granted Access: All Access 4/14/2022 8:23:39 PM Registry C:\Windows\system32\cmd.exe BLUETEAM\ezk cmd.exe /C wbadmin delete catalog -quiet 2376 9856",benign
cmd.exe,9828,RegOpenKey,HKCU\Control Panel\Desktop\MuiCached\MachineLanguageConfiguration,NAME NOT FOUND,Desired Access: Read,4/14/2022 8:23:39 PM,Registry,C:\Windows\system32\cmd.exe,BLUETEAM\ezk,cmd.exe /C wbadmin delete catalog -quiet,2376,9856,cmd.exe 9828 RegOpenKey HKCU\Control Panel\Desktop\MuiCached\MachineLanguageConfiguration NAME NOT FOUND Desired Access: Read 4/14/2022 8:23:39 PM Registry C:\Windows\system32\cmd.exe BLUETEAM\ezk cmd.exe /C wbadmin delete catalog -quiet 2376 9856,benign
cmd.exe,9828,RegCloseKey,HKCU,SUCCESS,,4/14/2022 8:23:39 PM,Registry,C:\Windows\system32\cmd.exe,BLUETEAM\ezk,cmd.exe /C wbadmin delete catalog -quiet,2376,9856,cmd.exe 9828 RegCloseKey HKCU SUCCESS None 4/14/2022 8:23:39 PM Registry C:\Windows\system32\cmd.exe BLUETEAM\ezk cmd.exe /C wbadmin delete catalog -quiet 2376 9856,benign
cmd.exe,9828,RegOpenKey,HKLM\Software\Policies\Microsoft\MUI\Settings,NAME NOT FOUND,Desired Access: Read,4/14/2022 8:23:39 PM,Registry,C:\Windows\system32\cmd.exe,BLUETEAM\ezk,cmd.exe /C wbadmin delete catalog -quiet,2376,9856,cmd.exe 9828 RegOpenKey HKLM\Software\Policies\Microsoft\MUI\Settings NAME NOT FOUND Desired Access: Read 4/14/2022 8:23:39 PM Registry C:\Windows\system32\cmd.exe BLUETEAM\ezk cmd.exe /C wbadmin delete catalog -quiet 2376 9856,benign
cmd.exe,9828,RegOpenKey,HKCU,SUCCESS,"Desired Access: Maximum Allowed, Granted Access: All Access",4/14/2022 8:23:39 PM,Registry,C:\Windows\system32\cmd.exe,BLUETEAM\ezk,cmd.exe /C wbadmin delete catalog -quiet,2376,9856,"cmd.exe 9828 RegOpenKey HKCU SUCCESS Desired Access: Maximum Allowed, Granted Access: All Access 4/14/2022 8:23:39 PM Registry C:\Windows\system32\cmd.exe BLUETEAM\ezk cmd.exe /C wbadmin delete catalog -quiet 2376 9856",benign
cmd.exe,9828,RegOpenKey,HKCU\Software\Policies\Microsoft\Control Panel\Desktop,NAME NOT FOUND,Desired Access: Read,4/14/2022 8:23:39 PM,Registry,C:\Windows\system32\cmd.exe,BLUETEAM\ezk,cmd.exe /C wbadmin delete catalog -quiet,2376,9856,cmd.exe 9828 RegOpenKey HKCU\Software\Policies\Microsoft\Control Panel\Desktop NAME NOT FOUND Desired Access: Read 4/14/2022 8:23:39 PM Registry C:\Windows\system32\cmd.exe BLUETEAM\ezk cmd.exe /C wbadmin delete catalog -quiet 2376 9856,benign
cmd.exe,9828,RegOpenKey,HKCU\Control Panel\Desktop\LanguageConfiguration,NAME NOT FOUND,Desired Access: Read,4/14/2022 8:23:39 PM,Registry,C:\Windows\system32\cmd.exe,BLUETEAM\ezk,cmd.exe /C wbadmin delete catalog -quiet,2376,9856,cmd.exe 9828 RegOpenKey HKCU\Control Panel\Desktop\LanguageConfiguration NAME NOT FOUND Desired Access: Read 4/14/2022 8:23:39 PM Registry C:\Windows\system32\cmd.exe BLUETEAM\ezk cmd.exe /C wbadmin delete catalog -quiet 2376 9856,benign
cmd.exe,9828,RegCloseKey,HKCU,SUCCESS,,4/14/2022 8:23:39 PM,Registry,C:\Windows\system32\cmd.exe,BLUETEAM\ezk,cmd.exe /C wbadmin delete catalog -quiet,2376,9856,cmd.exe 9828 RegCloseKey HKCU SUCCESS None 4/14/2022 8:23:39 PM Registry C:\Windows\system32\cmd.exe BLUETEAM\ezk cmd.exe /C wbadmin delete catalog -quiet 2376 9856,benign
cmd.exe,9828,RegOpenKey,HKLM\Software\Policies\Microsoft\MUI\Settings,NAME NOT FOUND,Desired Access: Read,4/14/2022 8:23:39 PM,Registry,C:\Windows\system32\cmd.exe,BLUETEAM\ezk,cmd.exe /C wbadmin delete catalog -quiet,2376,9856,cmd.exe 9828 RegOpenKey HKLM\Software\Policies\Microsoft\MUI\Settings NAME NOT FOUND Desired Access: Read 4/14/2022 8:23:39 PM Registry C:\Windows\system32\cmd.exe BLUETEAM\ezk cmd.exe /C wbadmin delete catalog -quiet 2376 9856,benign
cmd.exe,9828,RegOpenKey,HKCU,SUCCESS,"Desired Access: Maximum Allowed, Granted Access: All Access",4/14/2022 8:23:39 PM,Registry,C:\Windows\system32\cmd.exe,BLUETEAM\ezk,cmd.exe /C wbadmin delete catalog -quiet,2376,9856,"cmd.exe 9828 RegOpenKey HKCU SUCCESS Desired Access: Maximum Allowed, Granted Access: All Access 4/14/2022 8:23:39 PM Registry C:\Windows\system32\cmd.exe BLUETEAM\ezk cmd.exe /C wbadmin delete catalog -quiet 2376 9856",benign
cmd.exe,9828,RegOpenKey,HKCU\Software\Policies\Microsoft\Control Panel\Desktop,NAME NOT FOUND,Desired Access: Read,4/14/2022 8:23:39 PM,Registry,C:\Windows\system32\cmd.exe,BLUETEAM\ezk,cmd.exe /C wbadmin delete catalog -quiet,2376,9856,cmd.exe 9828 RegOpenKey HKCU\Software\Policies\Microsoft\Control Panel\Desktop NAME NOT FOUND Desired Access: Read 4/14/2022 8:23:39 PM Registry C:\Windows\system32\cmd.exe BLUETEAM\ezk cmd.exe /C wbadmin delete catalog -quiet 2376 9856,benign
cmd.exe,9828,RegOpenKey,HKCU\Control Panel\Desktop,SUCCESS,Desired Access: Read,4/14/2022 8:23:39 PM,Registry,C:\Windows\system32\cmd.exe,BLUETEAM\ezk,cmd.exe /C wbadmin delete catalog -quiet,2376,9856,cmd.exe 9828 RegOpenKey HKCU\Control Panel\Desktop SUCCESS Desired Access: Read 4/14/2022 8:23:39 PM Registry C:\Windows\system32\cmd.exe BLUETEAM\ezk cmd.exe /C wbadmin delete catalog -quiet 2376 9856,benign
cmd.exe,9828,RegQueryValue,HKCU\Control Panel\Desktop\PreferredUILanguages,NAME NOT FOUND,Length: 12,4/14/2022 8:23:39 PM,Registry,C:\Windows\system32\cmd.exe,BLUETEAM\ezk,cmd.exe /C wbadmin delete catalog -quiet,2376,9856,cmd.exe 9828 RegQueryValue HKCU\Control Panel\Desktop\PreferredUILanguages NAME NOT FOUND Length: 12 4/14/2022 8:23:39 PM Registry C:\Windows\system32\cmd.exe BLUETEAM\ezk cmd.exe /C wbadmin delete catalog -quiet 2376 9856,benign
cmd.exe,9828,RegOpenKey,HKLM\Software\Microsoft\Ole,SUCCESS,Desired Access: Read,4/14/2022 8:23:39 PM,Registry,C:\Windows\system32\cmd.exe,BLUETEAM\ezk,cmd.exe /C wbadmin delete catalog -quiet,2376,9856,cmd.exe 9828 RegOpenKey HKLM\Software\Microsoft\Ole SUCCESS Desired Access: Read 4/14/2022 8:23:39 PM Registry C:\Windows\system32\cmd.exe BLUETEAM\ezk cmd.exe /C wbadmin delete catalog -quiet 2376 9856,benign
cmd.exe,9828,RegQueryKey,HKLM,SUCCESS,"Query: HandleTags, HandleTags: 0x0",4/14/2022 8:23:39 PM,Registry,C:\Windows\system32\cmd.exe,BLUETEAM\ezk,cmd.exe /C wbadmin delete catalog -quiet,2376,9856,"cmd.exe 9828 RegQueryKey HKLM SUCCESS Query: HandleTags, HandleTags: 0x0 4/14/2022 8:23:39 PM Registry C:\Windows\system32\cmd.exe BLUETEAM\ezk cmd.exe /C wbadmin delete catalog -quiet 2376 9856",benign
cmd.exe,9828,RegQueryKey,HKLM,SUCCESS,"Query: HandleTags, HandleTags: 0x100",4/14/2022 8:23:39 PM,Registry,C:\Windows\system32\cmd.exe,BLUETEAM\ezk,cmd.exe /C wbadmin delete catalog -quiet,2376,9856,"cmd.exe 9828 RegQueryKey HKLM SUCCESS Query: HandleTags, HandleTags: 0x100 4/14/2022 8:23:39 PM Registry C:\Windows\system32\cmd.exe BLUETEAM\ezk cmd.exe /C wbadmin delete catalog -quiet 2376 9856",benign
cmd.exe,9828,RegQueryKey,HKLM,SUCCESS,"Query: HandleTags, HandleTags: 0x100",4/14/2022 8:23:39 PM,Registry,C:\Windows\system32\cmd.exe,BLUETEAM\ezk,cmd.exe /C wbadmin delete catalog -quiet,2376,9856,"cmd.exe 9828 RegQueryKey HKLM SUCCESS Query: HandleTags, HandleTags: 0x100 4/14/2022 8:23:39 PM Registry C:\Windows\system32\cmd.exe BLUETEAM\ezk cmd.exe /C wbadmin delete catalog -quiet 2376 9856",benign
cmd.exe,9828,RegQueryValue,HKLM\SOFTWARE\Microsoft\Ole\PageAllocatorUseSystemHeap,NAME NOT FOUND,Length: 20,4/14/2022 8:23:39 PM,Registry,C:\Windows\system32\cmd.exe,BLUETEAM\ezk,cmd.exe /C wbadmin delete catalog -quiet,2376,9856,cmd.exe 9828 RegQueryValue HKLM\SOFTWARE\Microsoft\Ole\PageAllocatorUseSystemHeap NAME NOT FOUND Length: 20 4/14/2022 8:23:39 PM Registry C:\Windows\system32\cmd.exe BLUETEAM\ezk cmd.exe /C wbadmin delete catalog -quiet 2376 9856,benign
cmd.exe,9828,RegCloseKey,HKLM\SOFTWARE\Microsoft\Ole,SUCCESS,,4/14/2022 8:23:39 PM,Registry,C:\Windows\system32\cmd.exe,BLUETEAM\ezk,cmd.exe /C wbadmin delete catalog -quiet,2376,9856,cmd.exe 9828 RegCloseKey HKLM\SOFTWARE\Microsoft\Ole SUCCESS None 4/14/2022 8:23:39 PM Registry C:\Windows\system32\cmd.exe BLUETEAM\ezk cmd.exe /C wbadmin delete catalog -quiet 2376 9856,benign
cmd.exe,9828,RegQueryKey,HKLM,SUCCESS,"Query: HandleTags, HandleTags: 0x0",4/14/2022 8:23:39 PM,Registry,C:\Windows\system32\cmd.exe,BLUETEAM\ezk,cmd.exe /C wbadmin delete catalog -quiet,2376,9856,"cmd.exe 9828 RegQueryKey HKLM SUCCESS Query: HandleTags, HandleTags: 0x0 4/14/2022 8:23:39 PM Registry C:\Windows\system32\cmd.exe BLUETEAM\ezk cmd.exe /C wbadmin delete catalog -quiet 2376 9856",benign
cmd.exe,9828,RegOpenKey,HKLM\SOFTWARE\Microsoft\OLE,SUCCESS,Desired Access: Read,4/14/2022 8:23:39 PM,Registry,C:\Windows\system32\cmd.exe,BLUETEAM\ezk,cmd.exe /C wbadmin delete catalog -quiet,2376,9856,cmd.exe 9828 RegOpenKey HKLM\SOFTWARE\Microsoft\OLE SUCCESS Desired Access: Read 4/14/2022 8:23:39 PM Registry C:\Windows\system32\cmd.exe BLUETEAM\ezk cmd.exe /C wbadmin delete catalog -quiet 2376 9856,benign
cmd.exe,9828,RegQueryValue,HKLM\SOFTWARE\Microsoft\Ole\PageAllocatorSystemHeapIsPrivate,NAME NOT FOUND,Length: 20,4/14/2022 8:23:39 PM,Registry,C:\Windows\system32\cmd.exe,BLUETEAM\ezk,cmd.exe /C wbadmin delete catalog -quiet,2376,9856,cmd.exe 9828 RegQueryValue HKLM\SOFTWARE\Microsoft\Ole\PageAllocatorSystemHeapIsPrivate NAME NOT FOUND Length: 20 4/14/2022 8:23:39 PM Registry C:\Windows\system32\cmd.exe BLUETEAM\ezk cmd.exe /C wbadmin delete catalog -quiet 2376 9856,benign
cmd.exe,9828,RegCloseKey,HKLM\SOFTWARE\Microsoft\Ole,SUCCESS,,4/14/2022 8:23:39 PM,Registry,C:\Windows\system32\cmd.exe,BLUETEAM\ezk,cmd.exe /C wbadmin delete catalog -quiet,2376,9856,cmd.exe 9828 RegCloseKey HKLM\SOFTWARE\Microsoft\Ole SUCCESS None 4/14/2022 8:23:39 PM Registry C:\Windows\system32\cmd.exe BLUETEAM\ezk cmd.exe /C wbadmin delete catalog -quiet 2376 9856,benign
cmd.exe,9828,RegQueryKey,HKLM,SUCCESS,"Query: HandleTags, HandleTags: 0x0",4/14/2022 8:23:39 PM,Registry,C:\Windows\system32\cmd.exe,BLUETEAM\ezk,cmd.exe /C wbadmin delete catalog -quiet,2376,9856,"cmd.exe 9828 RegQueryKey HKLM SUCCESS Query: HandleTags, HandleTags: 0x0 4/14/2022 8:23:39 PM Registry C:\Windows\system32\cmd.exe BLUETEAM\ezk cmd.exe /C wbadmin delete catalog -quiet 2376 9856",benign
cmd.exe,9828,RegOpenKey,HKLM\SOFTWARE\Microsoft\OLE,SUCCESS,Desired Access: Read,4/14/2022 8:23:39 PM,Registry,C:\Windows\system32\cmd.exe,BLUETEAM\ezk,cmd.exe /C wbadmin delete catalog -quiet,2376,9856,cmd.exe 9828 RegOpenKey HKLM\SOFTWARE\Microsoft\OLE SUCCESS Desired Access: Read 4/14/2022 8:23:39 PM Registry C:\Windows\system32\cmd.exe BLUETEAM\ezk cmd.exe /C wbadmin delete catalog -quiet 2376 9856,benign
cmd.exe,9828,RegQueryValue,HKLM\SOFTWARE\Microsoft\Ole\AggressiveMTATesting,NAME NOT FOUND,Length: 16,4/14/2022 8:23:39 PM,Registry,C:\Windows\system32\cmd.exe,BLUETEAM\ezk,cmd.exe /C wbadmin delete catalog -quiet,2376,9856,cmd.exe 9828 RegQueryValue HKLM\SOFTWARE\Microsoft\Ole\AggressiveMTATesting NAME NOT FOUND Length: 16 4/14/2022 8:23:39 PM Registry C:\Windows\system32\cmd.exe BLUETEAM\ezk cmd.exe /C wbadmin delete catalog -quiet 2376 9856,benign
cmd.exe,9828,RegCloseKey,HKLM\SOFTWARE\Microsoft\Ole,SUCCESS,,4/14/2022 8:23:39 PM,Registry,C:\Windows\system32\cmd.exe,BLUETEAM\ezk,cmd.exe /C wbadmin delete catalog -quiet,2376,9856,cmd.exe 9828 RegCloseKey HKLM\SOFTWARE\Microsoft\Ole SUCCESS None 4/14/2022 8:23:39 PM Registry C:\Windows\system32\cmd.exe BLUETEAM\ezk cmd.exe /C wbadmin delete catalog -quiet 2376 9856,benign
cmd.exe,9828,RegQueryKey,HKLM,SUCCESS,"Query: HandleTags, HandleTags: 0x0",4/14/2022 8:23:39 PM,Registry,C:\Windows\system32\cmd.exe,BLUETEAM\ezk,cmd.exe /C wbadmin delete catalog -quiet,2376,9856,"cmd.exe 9828 RegQueryKey HKLM SUCCESS Query: HandleTags, HandleTags: 0x0 4/14/2022 8:23:39 PM Registry C:\Windows\system32\cmd.exe BLUETEAM\ezk cmd.exe /C wbadmin delete catalog -quiet 2376 9856",benign
cmd.exe,9828,RegOpenKey,HKLM,SUCCESS,Desired Access: Read,4/14/2022 8:23:39 PM,Registry,C:\Windows\system32\cmd.exe,BLUETEAM\ezk,cmd.exe /C wbadmin delete catalog -quiet,2376,9856,cmd.exe 9828 RegOpenKey HKLM SUCCESS Desired Access: Read 4/14/2022 8:23:39 PM Registry C:\Windows\system32\cmd.exe BLUETEAM\ezk cmd.exe /C wbadmin delete catalog -quiet 2376 9856,benign
cmd.exe,9828,RegQueryKey,HKLM,SUCCESS,"Query: HandleTags, HandleTags: 0x100",4/14/2022 8:23:39 PM,Registry,C:\Windows\system32\cmd.exe,BLUETEAM\ezk,cmd.exe /C wbadmin delete catalog -quiet,2376,9856,"cmd.exe 9828 RegQueryKey HKLM SUCCESS Query: HandleTags, HandleTags: 0x100 4/14/2022 8:23:39 PM Registry C:\Windows\system32\cmd.exe BLUETEAM\ezk cmd.exe /C wbadmin delete catalog -quiet 2376 9856",benign
cmd.exe,9828,RegOpenKey,HKLM\Software\Microsoft\Ole\FeatureDevelopmentProperties,NAME NOT FOUND,Desired Access: Read,4/14/2022 8:23:39 PM,Registry,C:\Windows\system32\cmd.exe,BLUETEAM\ezk,cmd.exe /C wbadmin delete catalog -quiet,2376,9856,cmd.exe 9828 RegOpenKey HKLM\Software\Microsoft\Ole\FeatureDevelopmentProperties NAME NOT FOUND Desired Access: Read 4/14/2022 8:23:39 PM Registry C:\Windows\system32\cmd.exe BLUETEAM\ezk cmd.exe /C wbadmin delete catalog -quiet 2376 9856,benign
cmd.exe,9828,RegOpenKey,HKLM\SOFTWARE\Microsoft\AppModel\Lookaside\Packages,NAME NOT FOUND,Desired Access: Read,4/14/2022 8:23:39 PM,Registry,C:\Windows\system32\cmd.exe,BLUETEAM\ezk,cmd.exe /C wbadmin delete catalog -quiet,2376,9856,cmd.exe 9828 RegOpenKey HKLM\SOFTWARE\Microsoft\AppModel\Lookaside\Packages NAME NOT FOUND Desired Access: Read 4/14/2022 8:23:39 PM Registry C:\Windows\system32\cmd.exe BLUETEAM\ezk cmd.exe /C wbadmin delete catalog -quiet 2376 9856,benign
cmd.exe,9828,RegOpenKey,HKLM\Software\Microsoft\Ole\FeatureDevelopmentProperties,NAME NOT FOUND,Desired Access: Read,4/14/2022 8:23:39 PM,Registry,C:\Windows\system32\cmd.exe,BLUETEAM\ezk,cmd.exe /C wbadmin delete catalog -quiet,2376,9856,cmd.exe 9828 RegOpenKey HKLM\Software\Microsoft\Ole\FeatureDevelopmentProperties NAME NOT FOUND Desired Access: Read 4/14/2022 8:23:39 PM Registry C:\Windows\system32\cmd.exe BLUETEAM\ezk cmd.exe /C wbadmin delete catalog -quiet 2376 9856,benign
cmd.exe,9828,RegOpenKey,HKLM\SOFTWARE\Microsoft\Windows NT\CurrentVersion\Image File Execution Options\wbadmin.exe,NAME NOT FOUND,"Desired Access: Query Value, Enumerate Sub Keys",4/14/2022 8:23:39 PM,Registry,C:\Windows\system32\cmd.exe,BLUETEAM\ezk,cmd.exe /C wbadmin delete catalog -quiet,2376,9856,"cmd.exe 9828 RegOpenKey HKLM\SOFTWARE\Microsoft\Windows NT\CurrentVersion\Image File Execution Options\wbadmin.exe NAME NOT FOUND Desired Access: Query Value, Enumerate Sub Keys 4/14/2022 8:23:39 PM Registry C:\Windows\system32\cmd.exe BLUETEAM\ezk cmd.exe /C wbadmin delete catalog -quiet 2376 9856",benign
cmd.exe,9828,CreateFile,C:\Windows\Globalization\Sorting\SortDefault.nls,SUCCESS,"Desired Access: Generic Read, Disposition: Open, Options: Synchronous IO Non-Alert, Non-Directory File, Attributes: N, ShareMode: Read, AllocationSize: n/a, OpenResult: Opened",4/14/2022 8:23:39 PM,File System,C:\Windows\system32\cmd.exe,BLUETEAM\ezk,cmd.exe /C wbadmin delete catalog -quiet,2376,9856,"cmd.exe 9828 CreateFile C:\Windows\Globalization\Sorting\SortDefault.nls SUCCESS Desired Access: Generic Read, Disposition: Open, Options: Synchronous IO Non-Alert, Non-Directory File, Attributes: N, ShareMode: Read, AllocationSize: n/a, OpenResult: Opened 4/14/2022 8:23:39 PM File System C:\Windows\system32\cmd.exe BLUETEAM\ezk cmd.exe /C wbadmin delete catalog -quiet 2376 9856",benign
cmd.exe,9828,CreateFile,C:\Windows\System32\wbadmin.exe,SUCCESS,"Desired Access: Read Data/List Directory, Execute/Traverse, Read Attributes, Synchronize, Disposition: Open, Options: Synchronous IO Non-Alert, Non-Directory File, Attributes: N, ShareMode: Read, Delete, AllocationSize: n/a, OpenResult: Opened",4/14/2022 8:23:39 PM,File System,C:\Windows\system32\cmd.exe,BLUETEAM\ezk,cmd.exe /C wbadmin delete catalog -quiet,2376,9856,"cmd.exe 9828 CreateFile C:\Windows\System32\wbadmin.exe SUCCESS Desired Access: Read Data/List Directory, Execute/Traverse, Read Attributes, Synchronize, Disposition: Open, Options: Synchronous IO Non-Alert, Non-Directory File, Attributes: N, ShareMode: Read, Delete, AllocationSize: n/a, OpenResult: Opened 4/14/2022 8:23:39 PM File System C:\Windows\system32\cmd.exe BLUETEAM\ezk cmd.exe /C wbadmin delete catalog -quiet 2376 9856",benign
wbadmin.exe,4996,CloseFile,C:\Windows\System32\credui.dll,SUCCESS,,4/14/2022 8:23:39 PM,File System,C:\Windows\system32\wbadmin.exe,BLUETEAM\ezk,wbadmin  delete catalog -quiet,8212,9828,wbadmin.exe 4996 CloseFile C:\Windows\System32\credui.dll SUCCESS None 4/14/2022 8:23:39 PM File System C:\Windows\system32\wbadmin.exe BLUETEAM\ezk wbadmin  delete catalog -quiet 8212 9828,benign
wbadmin.exe,4996,RegOpenKey,HKLM\System\CurrentControlSet\Control\Nls\Sorting\Versions,REPARSE,Desired Access: Read,4/14/2022 8:23:39 PM,Registry,C:\Windows\system32\wbadmin.exe,BLUETEAM\ezk,wbadmin  delete catalog -quiet,8212,9828,wbadmin.exe 4996 RegOpenKey HKLM\System\CurrentControlSet\Control\Nls\Sorting\Versions REPARSE Desired Access: Read 4/14/2022 8:23:39 PM Registry C:\Windows\system32\wbadmin.exe BLUETEAM\ezk wbadmin  delete catalog -quiet 8212 9828,benign
wbadmin.exe,4996,RegOpenKey,HKLM\System\CurrentControlSet\Control\Nls\Sorting\Versions,SUCCESS,Desired Access: Read,4/14/2022 8:23:39 PM,Registry,C:\Windows\system32\wbadmin.exe,BLUETEAM\ezk,wbadmin  delete catalog -quiet,8212,9828,wbadmin.exe 4996 RegOpenKey HKLM\System\CurrentControlSet\Control\Nls\Sorting\Versions SUCCESS Desired Access: Read 4/14/2022 8:23:39 PM Registry C:\Windows\system32\wbadmin.exe BLUETEAM\ezk wbadmin  delete catalog -quiet 8212 9828,benign
wbadmin.exe,4996,RegQueryValue,HKLM\System\CurrentControlSet\Control\Nls\Sorting\Versions\(Default),SUCCESS,"Type: REG_SZ, Length: 18, Data: 00060305",4/14/2022 8:23:39 PM,Registry,C:\Windows\system32\wbadmin.exe,BLUETEAM\ezk,wbadmin  delete catalog -quiet,8212,9828,"wbadmin.exe 4996 RegQueryValue HKLM\System\CurrentControlSet\Control\Nls\Sorting\Versions\(Default) SUCCESS Type: REG_SZ, Length: 18, Data: 00060305 4/14/2022 8:23:39 PM Registry C:\Windows\system32\wbadmin.exe BLUETEAM\ezk wbadmin  delete catalog -quiet 8212 9828",benign
wbadmin.exe,4996,RegQueryValue,HKLM\System\CurrentControlSet\Control\Nls\Sorting\Versions\000603xx,SUCCESS,"Type: REG_SZ, Length: 26, Data: kernel32.dll",4/14/2022 8:23:39 PM,Registry,C:\Windows\system32\wbadmin.exe,BLUETEAM\ezk,wbadmin  delete catalog -quiet,8212,9828,"wbadmin.exe 4996 RegQueryValue HKLM\System\CurrentControlSet\Control\Nls\Sorting\Versions\000603xx SUCCESS Type: REG_SZ, Length: 26, Data: kernel32.dll 4/14/2022 8:23:39 PM Registry C:\Windows\system32\wbadmin.exe BLUETEAM\ezk wbadmin  delete catalog -quiet 8212 9828",benign
wbadmin.exe,4996,RegOpenKey,HKLM\SYSTEM\CurrentControlSet\Control\Session Manager,REPARSE,"Desired Access: Query Value, Enumerate Sub Keys",4/14/2022 8:23:39 PM,Registry,C:\Windows\system32\wbadmin.exe,BLUETEAM\ezk,wbadmin  delete catalog -quiet,8212,9828,"wbadmin.exe 4996 RegOpenKey HKLM\SYSTEM\CurrentControlSet\Control\Session Manager REPARSE Desired Access: Query Value, Enumerate Sub Keys 4/14/2022 8:23:39 PM Registry C:\Windows\system32\wbadmin.exe BLUETEAM\ezk wbadmin  delete catalog -quiet 8212 9828",benign
wbadmin.exe,4996,CreateFile,C:\Windows\System32\credui.dll,SUCCESS,"Desired Access: Read Data/List Directory, Execute/Traverse, Synchronize, Disposition: Open, Options: Synchronous IO Non-Alert, Non-Directory File, Attributes: n/a, ShareMode: Read, Delete, AllocationSize: n/a, OpenResult: Opened",4/14/2022 8:23:39 PM,File System,C:\Windows\system32\wbadmin.exe,BLUETEAM\ezk,wbadmin  delete catalog -quiet,8212,9828,"wbadmin.exe 4996 CreateFile C:\Windows\System32\credui.dll SUCCESS Desired Access: Read Data/List Directory, Execute/Traverse, Synchronize, Disposition: Open, Options: Synchronous IO Non-Alert, Non-Directory File, Attributes: n/a, ShareMode: Read, Delete, AllocationSize: n/a, OpenResult: Opened 4/14/2022 8:23:39 PM File System C:\Windows\system32\wbadmin.exe BLUETEAM\ezk wbadmin  delete catalog -quiet 8212 9828",benign
wbadmin.exe,4996,RegOpenKey,HKLM\System\CurrentControlSet\Control\Session Manager,SUCCESS,"Desired Access: Query Value, Enumerate Sub Keys",4/14/2022 8:23:39 PM,Registry,C:\Windows\system32\wbadmin.exe,BLUETEAM\ezk,wbadmin  delete catalog -quiet,8212,9828,"wbadmin.exe 4996 RegOpenKey HKLM\System\CurrentControlSet\Control\Session Manager SUCCESS Desired Access: Query Value, Enumerate Sub Keys 4/14/2022 8:23:39 PM Registry C:\Windows\system32\wbadmin.exe BLUETEAM\ezk wbadmin  delete catalog -quiet 8212 9828",benign
wbadmin.exe,4996,RegCloseKey,HKLM\System\CurrentControlSet\Control\Session Manager,SUCCESS,,4/14/2022 8:23:39 PM,Registry,C:\Windows\system32\wbadmin.exe,BLUETEAM\ezk,wbadmin  delete catalog -quiet,8212,9828,wbadmin.exe 4996 RegCloseKey HKLM\System\CurrentControlSet\Control\Session Manager SUCCESS None 4/14/2022 8:23:39 PM Registry C:\Windows\system32\wbadmin.exe BLUETEAM\ezk wbadmin  delete catalog -quiet 8212 9828,benign
wbadmin.exe,4996,RegOpenKey,HKLM,SUCCESS,"Desired Access: Maximum Allowed, Granted Access: All Access",4/14/2022 8:23:39 PM,Registry,C:\Windows\system32\wbadmin.exe,BLUETEAM\ezk,wbadmin  delete catalog -quiet,8212,9828,"wbadmin.exe 4996 RegOpenKey HKLM SUCCESS Desired Access: Maximum Allowed, Granted Access: All Access 4/14/2022 8:23:39 PM Registry C:\Windows\system32\wbadmin.exe BLUETEAM\ezk wbadmin  delete catalog -quiet 8212 9828",benign
wbadmin.exe,4996,RegQueryKey,HKLM,SUCCESS,"Query: HandleTags, HandleTags: 0x0",4/14/2022 8:23:39 PM,Registry,C:\Windows\system32\wbadmin.exe,BLUETEAM\ezk,wbadmin  delete catalog -quiet,8212,9828,"wbadmin.exe 4996 RegQueryKey HKLM SUCCESS Query: HandleTags, HandleTags: 0x0 4/14/2022 8:23:39 PM Registry C:\Windows\system32\wbadmin.exe BLUETEAM\ezk wbadmin  delete catalog -quiet 8212 9828",benign
wbadmin.exe,4996,RegOpenKey,HKLM\SOFTWARE\Microsoft\OLE,SUCCESS,Desired Access: Read,4/14/2022 8:23:39 PM,Registry,C:\Windows\system32\wbadmin.exe,BLUETEAM\ezk,wbadmin  delete catalog -quiet,8212,9828,wbadmin.exe 4996 RegOpenKey HKLM\SOFTWARE\Microsoft\OLE SUCCESS Desired Access: Read 4/14/2022 8:23:39 PM Registry C:\Windows\system32\wbadmin.exe BLUETEAM\ezk wbadmin  delete catalog -quiet 8212 9828,benign
wbadmin.exe,4996,RegQueryValue,HKLM\SOFTWARE\Microsoft\Ole\PageAllocatorUseSystemHeap,NAME NOT FOUND,Length: 20,4/14/2022 8:23:39 PM,Registry,C:\Windows\system32\wbadmin.exe,BLUETEAM\ezk,wbadmin  delete catalog -quiet,8212,9828,wbadmin.exe 4996 RegQueryValue HKLM\SOFTWARE\Microsoft\Ole\PageAllocatorUseSystemHeap NAME NOT FOUND Length: 20 4/14/2022 8:23:39 PM Registry C:\Windows\system32\wbadmin.exe BLUETEAM\ezk wbadmin  delete catalog -quiet 8212 9828,benign
wbadmin.exe,4996,RegCloseKey,HKLM\SOFTWARE\Microsoft\Ole,SUCCESS,,4/14/2022 8:23:39 PM,Registry,C:\Windows\system32\wbadmin.exe,BLUETEAM\ezk,wbadmin  delete catalog -quiet,8212,9828,wbadmin.exe 4996 RegCloseKey HKLM\SOFTWARE\Microsoft\Ole SUCCESS None 4/14/2022 8:23:39 PM Registry C:\Windows\system32\wbadmin.exe BLUETEAM\ezk wbadmin  delete catalog -quiet 8212 9828,benign
wbadmin.exe,4996,RegQueryValue,HKLM\System\CurrentControlSet\Control\Session Manager\ResourcePolicies,NAME NOT FOUND,Length: 24,4/14/2022 8:23:39 PM,Registry,C:\Windows\system32\wbadmin.exe,BLUETEAM\ezk,wbadmin  delete catalog -quiet,8212,9828,wbadmin.exe 4996 RegQueryValue HKLM\System\CurrentControlSet\Control\Session Manager\ResourcePolicies NAME NOT FOUND Length: 24 4/14/2022 8:23:39 PM Registry C:\Windows\system32\wbadmin.exe BLUETEAM\ezk wbadmin  delete catalog -quiet 8212 9828,benign
wbadmin.exe,4996,CloseFile,C:\Windows\System32\credui.dll,SUCCESS,,4/14/2022 8:23:39 PM,File System,C:\Windows\system32\wbadmin.exe,BLUETEAM\ezk,wbadmin  delete catalog -quiet,8212,9828,wbadmin.exe 4996 CloseFile C:\Windows\System32\credui.dll SUCCESS None 4/14/2022 8:23:39 PM File System C:\Windows\system32\wbadmin.exe BLUETEAM\ezk wbadmin  delete catalog -quiet 8212 9828,benign
wbadmin.exe,4996,QueryBasicInformationFile,C:\Windows\System32\credui.dll,SUCCESS,"CreationTime: 9/22/2021 5:22:11 PM, LastAccessTime: 4/14/2022 8:17:48 PM, LastWriteTime: 9/22/2021 5:22:11 PM, ChangeTime: 10/15/2021 2:25:23 PM, FileAttributes: A",4/14/2022 8:23:39 PM,File System,C:\Windows\system32\wbadmin.exe,BLUETEAM\ezk,wbadmin  delete catalog -quiet,8212,9828,"wbadmin.exe 4996 QueryBasicInformationFile C:\Windows\System32\credui.dll SUCCESS CreationTime: 9/22/2021 5:22:11 PM, LastAccessTime: 4/14/2022 8:17:48 PM, LastWriteTime: 9/22/2021 5:22:11 PM, ChangeTime: 10/15/2021 2:25:23 PM, FileAttributes: A 4/14/2022 8:23:39 PM File System C:\Windows\system32\wbadmin.exe BLUETEAM\ezk wbadmin  delete catalog -quiet 8212 9828",benign
wbadmin.exe,4996,CreateFile,C:\Windows\System32\credui.dll,SUCCESS,"Desired Access: Read Attributes, Disposition: Open, Options: Open Reparse Point, Attributes: n/a, ShareMode: Read, Write, Delete, AllocationSize: n/a, OpenResult: Opened",4/14/2022 8:23:39 PM,File System,C:\Windows\system32\wbadmin.exe,BLUETEAM\ezk,wbadmin  delete catalog -quiet,8212,9828,"wbadmin.exe 4996 CreateFile C:\Windows\System32\credui.dll SUCCESS Desired Access: Read Attributes, Disposition: Open, Options: Open Reparse Point, Attributes: n/a, ShareMode: Read, Write, Delete, AllocationSize: n/a, OpenResult: Opened 4/14/2022 8:23:39 PM File System C:\Windows\system32\wbadmin.exe BLUETEAM\ezk wbadmin  delete catalog -quiet 8212 9828",benign
wbadmin.exe,4996,RegOpenKey,HKLM\Software\Policies\Microsoft\Windows\Safer\CodeIdentifiers,SUCCESS,Desired Access: Query Value,4/14/2022 8:23:39 PM,Registry,C:\Windows\system32\wbadmin.exe,BLUETEAM\ezk,wbadmin  delete catalog -quiet,8212,9828,wbadmin.exe 4996 RegOpenKey HKLM\Software\Policies\Microsoft\Windows\Safer\CodeIdentifiers SUCCESS Desired Access: Query Value 4/14/2022 8:23:39 PM Registry C:\Windows\system32\wbadmin.exe BLUETEAM\ezk wbadmin  delete catalog -quiet 8212 9828,benign
wbadmin.exe,4996,RegQueryValue,HKLM\SOFTWARE\Policies\Microsoft\Windows\safer\codeidentifiers\TransparentEnabled,NAME NOT FOUND,Length: 80,4/14/2022 8:23:39 PM,Registry,C:\Windows\system32\wbadmin.exe,BLUETEAM\ezk,wbadmin  delete catalog -quiet,8212,9828,wbadmin.exe 4996 RegQueryValue HKLM\SOFTWARE\Policies\Microsoft\Windows\safer\codeidentifiers\TransparentEnabled NAME NOT FOUND Length: 80 4/14/2022 8:23:39 PM Registry C:\Windows\system32\wbadmin.exe BLUETEAM\ezk wbadmin  delete catalog -quiet 8212 9828,benign
wbadmin.exe,4996,RegCloseKey,HKLM\SOFTWARE\Policies\Microsoft\Windows\safer\codeidentifiers,SUCCESS,,4/14/2022 8:23:39 PM,Registry,C:\Windows\system32\wbadmin.exe,BLUETEAM\ezk,wbadmin  delete catalog -quiet,8212,9828,wbadmin.exe 4996 RegCloseKey HKLM\SOFTWARE\Policies\Microsoft\Windows\safer\codeidentifiers SUCCESS None 4/14/2022 8:23:39 PM Registry C:\Windows\system32\wbadmin.exe BLUETEAM\ezk wbadmin  delete catalog -quiet 8212 9828,benign
wbadmin.exe,4996,RegOpenKey,HKCU\Software\Policies\Microsoft\Windows\Safer\CodeIdentifiers,NAME NOT FOUND,Desired Access: Query Value,4/14/2022 8:23:39 PM,Registry,C:\Windows\system32\wbadmin.exe,BLUETEAM\ezk,wbadmin  delete catalog -quiet,8212,9828,wbadmin.exe 4996 RegOpenKey HKCU\Software\Policies\Microsoft\Windows\Safer\CodeIdentifiers NAME NOT FOUND Desired Access: Query Value 4/14/2022 8:23:39 PM Registry C:\Windows\system32\wbadmin.exe BLUETEAM\ezk wbadmin  delete catalog -quiet 8212 9828,benign
wbadmin.exe,4996,RegOpenKey,HKLM\System\CurrentControlSet\Control\FileSystem\,REPARSE,Desired Access: Read,4/14/2022 8:23:39 PM,Registry,C:\Windows\system32\wbadmin.exe,BLUETEAM\ezk,wbadmin  delete catalog -quiet,8212,9828,wbadmin.exe 4996 RegOpenKey HKLM\System\CurrentControlSet\Control\FileSystem\ REPARSE Desired Access: Read 4/14/2022 8:23:39 PM Registry C:\Windows\system32\wbadmin.exe BLUETEAM\ezk wbadmin  delete catalog -quiet 8212 9828,benign
wbadmin.exe,4996,RegOpenKey,HKLM\System\CurrentControlSet\Control\FileSystem,SUCCESS,Desired Access: Read,4/14/2022 8:23:39 PM,Registry,C:\Windows\system32\wbadmin.exe,BLUETEAM\ezk,wbadmin  delete catalog -quiet,8212,9828,wbadmin.exe 4996 RegOpenKey HKLM\System\CurrentControlSet\Control\FileSystem SUCCESS Desired Access: Read 4/14/2022 8:23:39 PM Registry C:\Windows\system32\wbadmin.exe BLUETEAM\ezk wbadmin  delete catalog -quiet 8212 9828,benign
wbadmin.exe,4996,RegQueryValue,HKLM\System\CurrentControlSet\Control\FileSystem\LongPathsEnabled,SUCCESS,"Type: REG_DWORD, Length: 4, Data: 0",4/14/2022 8:23:39 PM,Registry,C:\Windows\system32\wbadmin.exe,BLUETEAM\ezk,wbadmin  delete catalog -quiet,8212,9828,"wbadmin.exe 4996 RegQueryValue HKLM\System\CurrentControlSet\Control\FileSystem\LongPathsEnabled SUCCESS Type: REG_DWORD, Length: 4, Data: 0 4/14/2022 8:23:39 PM Registry C:\Windows\system32\wbadmin.exe BLUETEAM\ezk wbadmin  delete catalog -quiet 8212 9828",benign
wbadmin.exe,4996,RegCloseKey,HKLM\System\CurrentControlSet\Control\FileSystem,SUCCESS,,4/14/2022 8:23:39 PM,Registry,C:\Windows\system32\wbadmin.exe,BLUETEAM\ezk,wbadmin  delete catalog -quiet,8212,9828,wbadmin.exe 4996 RegCloseKey HKLM\System\CurrentControlSet\Control\FileSystem SUCCESS None 4/14/2022 8:23:39 PM Registry C:\Windows\system32\wbadmin.exe BLUETEAM\ezk wbadmin  delete catalog -quiet 8212 9828,benign
wbadmin.exe,4996,RegOpenKey,HKLM\SYSTEM\CurrentControlSet\Control\Session Manager,REPARSE,"Desired Access: Query Value, Enumerate Sub Keys",4/14/2022 8:23:39 PM,Registry,C:\Windows\system32\wbadmin.exe,BLUETEAM\ezk,wbadmin  delete catalog -quiet,8212,9828,"wbadmin.exe 4996 RegOpenKey HKLM\SYSTEM\CurrentControlSet\Control\Session Manager REPARSE Desired Access: Query Value, Enumerate Sub Keys 4/14/2022 8:23:39 PM Registry C:\Windows\system32\wbadmin.exe BLUETEAM\ezk wbadmin  delete catalog -quiet 8212 9828",benign
cmd.exe,9828,RegOpenKey,HKLM\Software\Microsoft\Wow64\x86\xtajit,NAME NOT FOUND,Desired Access: Query Value,4/14/2022 8:23:39 PM,Registry,C:\Windows\system32\cmd.exe,BLUETEAM\ezk,cmd.exe /C wbadmin delete catalog -quiet,2376,9856,cmd.exe 9828 RegOpenKey HKLM\Software\Microsoft\Wow64\x86\xtajit NAME NOT FOUND Desired Access: Query Value 4/14/2022 8:23:39 PM Registry C:\Windows\system32\cmd.exe BLUETEAM\ezk cmd.exe /C wbadmin delete catalog -quiet 2376 9856,benign
wbadmin.exe,4996,RegQueryValue,HKLM\System\CurrentControlSet\Control\Session Manager\ResourcePolicies,NAME NOT FOUND,Length: 24,4/14/2022 8:23:39 PM,Registry,C:\Windows\system32\wbadmin.exe,BLUETEAM\ezk,wbadmin  delete catalog -quiet,8212,9828,wbadmin.exe 4996 RegQueryValue HKLM\System\CurrentControlSet\Control\Session Manager\ResourcePolicies NAME NOT FOUND Length: 24 4/14/2022 8:23:39 PM Registry C:\Windows\system32\wbadmin.exe BLUETEAM\ezk wbadmin  delete catalog -quiet 8212 9828,benign
wbadmin.exe,4996,RegCloseKey,HKLM\System\CurrentControlSet\Control\Session Manager,SUCCESS,,4/14/2022 8:23:39 PM,Registry,C:\Windows\system32\wbadmin.exe,BLUETEAM\ezk,wbadmin  delete catalog -quiet,8212,9828,wbadmin.exe 4996 RegCloseKey HKLM\System\CurrentControlSet\Control\Session Manager SUCCESS None 4/14/2022 8:23:39 PM Registry C:\Windows\system32\wbadmin.exe BLUETEAM\ezk wbadmin  delete catalog -quiet 8212 9828,benign
wbadmin.exe,4996,RegOpenKey,HKLM\System\CurrentControlSet\Control\Session Manager,REPARSE,Desired Access: Query Value,4/14/2022 8:23:39 PM,Registry,C:\Windows\system32\wbadmin.exe,BLUETEAM\ezk,wbadmin  delete catalog -quiet,8212,9828,wbadmin.exe 4996 RegOpenKey HKLM\System\CurrentControlSet\Control\Session Manager REPARSE Desired Access: Query Value 4/14/2022 8:23:39 PM Registry C:\Windows\system32\wbadmin.exe BLUETEAM\ezk wbadmin  delete catalog -quiet 8212 9828,benign
wbadmin.exe,4996,RegOpenKey,HKLM\System\CurrentControlSet\Control\Session Manager,SUCCESS,Desired Access: Query Value,4/14/2022 8:23:39 PM,Registry,C:\Windows\system32\wbadmin.exe,BLUETEAM\ezk,wbadmin  delete catalog -quiet,8212,9828,wbadmin.exe 4996 RegOpenKey HKLM\System\CurrentControlSet\Control\Session Manager SUCCESS Desired Access: Query Value 4/14/2022 8:23:39 PM Registry C:\Windows\system32\wbadmin.exe BLUETEAM\ezk wbadmin  delete catalog -quiet 8212 9828,benign
wbadmin.exe,4996,RegQueryValue,HKLM\System\CurrentControlSet\Control\Session Manager\SafeDllSearchMode,NAME NOT FOUND,Length: 16,4/14/2022 8:23:39 PM,Registry,C:\Windows\system32\wbadmin.exe,BLUETEAM\ezk,wbadmin  delete catalog -quiet,8212,9828,wbadmin.exe 4996 RegQueryValue HKLM\System\CurrentControlSet\Control\Session Manager\SafeDllSearchMode NAME NOT FOUND Length: 16 4/14/2022 8:23:39 PM Registry C:\Windows\system32\wbadmin.exe BLUETEAM\ezk wbadmin  delete catalog -quiet 8212 9828,benign
wbadmin.exe,4996,RegQueryKey,HKLM,SUCCESS,"Query: HandleTags, HandleTags: 0x0",4/14/2022 8:23:39 PM,Registry,C:\Windows\system32\wbadmin.exe,BLUETEAM\ezk,wbadmin  delete catalog -quiet,8212,9828,"wbadmin.exe 4996 RegQueryKey HKLM SUCCESS Query: HandleTags, HandleTags: 0x0 4/14/2022 8:23:39 PM Registry C:\Windows\system32\wbadmin.exe BLUETEAM\ezk wbadmin  delete catalog -quiet 8212 9828",benign
wbadmin.exe,4996,RegOpenKey,HKLM\SOFTWARE\Microsoft\OLE,SUCCESS,Desired Access: Read,4/14/2022 8:23:39 PM,Registry,C:\Windows\system32\wbadmin.exe,BLUETEAM\ezk,wbadmin  delete catalog -quiet,8212,9828,wbadmin.exe 4996 RegOpenKey HKLM\SOFTWARE\Microsoft\OLE SUCCESS Desired Access: Read 4/14/2022 8:23:39 PM Registry C:\Windows\system32\wbadmin.exe BLUETEAM\ezk wbadmin  delete catalog -quiet 8212 9828,benign
wbadmin.exe,4996,RegQueryValue,HKLM\SOFTWARE\Microsoft\Ole\PageAllocatorSystemHeapIsPrivate,NAME NOT FOUND,Length: 20,4/14/2022 8:23:39 PM,Registry,C:\Windows\system32\wbadmin.exe,BLUETEAM\ezk,wbadmin  delete catalog -quiet,8212,9828,wbadmin.exe 4996 RegQueryValue HKLM\SOFTWARE\Microsoft\Ole\PageAllocatorSystemHeapIsPrivate NAME NOT FOUND Length: 20 4/14/2022 8:23:39 PM Registry C:\Windows\system32\wbadmin.exe BLUETEAM\ezk wbadmin  delete catalog -quiet 8212 9828,benign
wbadmin.exe,4996,RegCloseKey,HKLM\SOFTWARE\Microsoft\Ole,SUCCESS,,4/14/2022 8:23:39 PM,Registry,C:\Windows\system32\wbadmin.exe,BLUETEAM\ezk,wbadmin  delete catalog -quiet,8212,9828,wbadmin.exe 4996 RegCloseKey HKLM\SOFTWARE\Microsoft\Ole SUCCESS None 4/14/2022 8:23:39 PM Registry C:\Windows\system32\wbadmin.exe BLUETEAM\ezk wbadmin  delete catalog -quiet 8212 9828,benign
wbadmin.exe,4996,CloseFile,C:\Windows\System32\imm32.dll,SUCCESS,,4/14/2022 8:23:39 PM,File System,C:\Windows\system32\wbadmin.exe,BLUETEAM\ezk,wbadmin  delete catalog -quiet,8212,9828,wbadmin.exe 4996 CloseFile C:\Windows\System32\imm32.dll SUCCESS None 4/14/2022 8:23:39 PM File System C:\Windows\system32\wbadmin.exe BLUETEAM\ezk wbadmin  delete catalog -quiet 8212 9828,benign
wbadmin.exe,4996,RegOpenKey,HKLM\System\CurrentControlSet\Control\Error Message Instrument\,REPARSE,Desired Access: Read,4/14/2022 8:23:39 PM,Registry,C:\Windows\system32\wbadmin.exe,BLUETEAM\ezk,wbadmin  delete catalog -quiet,8212,9828,wbadmin.exe 4996 RegOpenKey HKLM\System\CurrentControlSet\Control\Error Message Instrument\ REPARSE Desired Access: Read 4/14/2022 8:23:39 PM Registry C:\Windows\system32\wbadmin.exe BLUETEAM\ezk wbadmin  delete catalog -quiet 8212 9828,benign
wbadmin.exe,4996,RegOpenKey,HKLM\System\CurrentControlSet\Control\Error Message Instrument,NAME NOT FOUND,Desired Access: Read,4/14/2022 8:23:39 PM,Registry,C:\Windows\system32\wbadmin.exe,BLUETEAM\ezk,wbadmin  delete catalog -quiet,8212,9828,wbadmin.exe 4996 RegOpenKey HKLM\System\CurrentControlSet\Control\Error Message Instrument NAME NOT FOUND Desired Access: Read 4/14/2022 8:23:39 PM Registry C:\Windows\system32\wbadmin.exe BLUETEAM\ezk wbadmin  delete catalog -quiet 8212 9828,benign
wbadmin.exe,4996,RegOpenKey,HKLM\Software\Microsoft\Windows NT\CurrentVersion\Image File Execution Options,SUCCESS,"Desired Access: Query Value, Enumerate Sub Keys",4/14/2022 8:23:39 PM,Registry,C:\Windows\system32\wbadmin.exe,BLUETEAM\ezk,wbadmin  delete catalog -quiet,8212,9828,"wbadmin.exe 4996 RegOpenKey HKLM\Software\Microsoft\Windows NT\CurrentVersion\Image File Execution Options SUCCESS Desired Access: Query Value, Enumerate Sub Keys 4/14/2022 8:23:39 PM Registry C:\Windows\system32\wbadmin.exe BLUETEAM\ezk wbadmin  delete catalog -quiet 8212 9828",benign
wbadmin.exe,4996,RegOpenKey,HKLM\SOFTWARE\Microsoft\Windows NT\CurrentVersion\Image File Execution Options\wbadmin.exe,NAME NOT FOUND,"Desired Access: Query Value, Enumerate Sub Keys",4/14/2022 8:23:39 PM,Registry,C:\Windows\system32\wbadmin.exe,BLUETEAM\ezk,wbadmin  delete catalog -quiet,8212,9828,"wbadmin.exe 4996 RegOpenKey HKLM\SOFTWARE\Microsoft\Windows NT\CurrentVersion\Image File Execution Options\wbadmin.exe NAME NOT FOUND Desired Access: Query Value, Enumerate Sub Keys 4/14/2022 8:23:39 PM Registry C:\Windows\system32\wbadmin.exe BLUETEAM\ezk wbadmin  delete catalog -quiet 8212 9828",benign
wbadmin.exe,4996,RegOpenKey,HKLM\Software\Policies\Microsoft\Windows\Display,NAME NOT FOUND,Desired Access: Read,4/14/2022 8:23:39 PM,Registry,C:\Windows\system32\wbadmin.exe,BLUETEAM\ezk,wbadmin  delete catalog -quiet,8212,9828,wbadmin.exe 4996 RegOpenKey HKLM\Software\Policies\Microsoft\Windows\Display NAME NOT FOUND Desired Access: Read 4/14/2022 8:23:39 PM Registry C:\Windows\system32\wbadmin.exe BLUETEAM\ezk wbadmin  delete catalog -quiet 8212 9828,benign
wbadmin.exe,4996,RegOpenKey,HKLM\Software\Policies\Microsoft\Windows\Display,NAME NOT FOUND,Desired Access: Read,4/14/2022 8:23:39 PM,Registry,C:\Windows\system32\wbadmin.exe,BLUETEAM\ezk,wbadmin  delete catalog -quiet,8212,9828,wbadmin.exe 4996 RegOpenKey HKLM\Software\Policies\Microsoft\Windows\Display NAME NOT FOUND Desired Access: Read 4/14/2022 8:23:39 PM Registry C:\Windows\system32\wbadmin.exe BLUETEAM\ezk wbadmin  delete catalog -quiet 8212 9828,benign
wbadmin.exe,4996,RegOpenKey,HKLM\SOFTWARE\Microsoft\Windows NT\CurrentVersion\Image File Execution Options\wbadmin.exe,NAME NOT FOUND,"Desired Access: Query Value, Enumerate Sub Keys",4/14/2022 8:23:39 PM,Registry,C:\Windows\system32\wbadmin.exe,BLUETEAM\ezk,wbadmin  delete catalog -quiet,8212,9828,"wbadmin.exe 4996 RegOpenKey HKLM\SOFTWARE\Microsoft\Windows NT\CurrentVersion\Image File Execution Options\wbadmin.exe NAME NOT FOUND Desired Access: Query Value, Enumerate Sub Keys 4/14/2022 8:23:39 PM Registry C:\Windows\system32\wbadmin.exe BLUETEAM\ezk wbadmin  delete catalog -quiet 8212 9828",benign
wbadmin.exe,4996,RegOpenKey,HKLM\Software\Policies\Microsoft\Windows\Display,NAME NOT FOUND,Desired Access: Read,4/14/2022 8:23:39 PM,Registry,C:\Windows\system32\wbadmin.exe,BLUETEAM\ezk,wbadmin  delete catalog -quiet,8212,9828,wbadmin.exe 4996 RegOpenKey HKLM\Software\Policies\Microsoft\Windows\Display NAME NOT FOUND Desired Access: Read 4/14/2022 8:23:39 PM Registry C:\Windows\system32\wbadmin.exe BLUETEAM\ezk wbadmin  delete catalog -quiet 8212 9828,benign
wbadmin.exe,4996,RegOpenKey,HKLM\Software\Policies\Microsoft\Windows\Display,NAME NOT FOUND,Desired Access: Read,4/14/2022 8:23:39 PM,Registry,C:\Windows\system32\wbadmin.exe,BLUETEAM\ezk,wbadmin  delete catalog -quiet,8212,9828,wbadmin.exe 4996 RegOpenKey HKLM\Software\Policies\Microsoft\Windows\Display NAME NOT FOUND Desired Access: Read 4/14/2022 8:23:39 PM Registry C:\Windows\system32\wbadmin.exe BLUETEAM\ezk wbadmin  delete catalog -quiet 8212 9828,benign
wbadmin.exe,4996,RegOpenKey,HKLM\Software\Microsoft\Windows NT\CurrentVersion\GRE_Initialize,SUCCESS,Desired Access: Read,4/14/2022 8:23:39 PM,Registry,C:\Windows\system32\wbadmin.exe,BLUETEAM\ezk,wbadmin  delete catalog -quiet,8212,9828,wbadmin.exe 4996 RegOpenKey HKLM\Software\Microsoft\Windows NT\CurrentVersion\GRE_Initialize SUCCESS Desired Access: Read 4/14/2022 8:23:39 PM Registry C:\Windows\system32\wbadmin.exe BLUETEAM\ezk wbadmin  delete catalog -quiet 8212 9828,benign
wbadmin.exe,4996,RegQueryValue,HKLM\SOFTWARE\Microsoft\Windows NT\CurrentVersion\GRE_Initialize\DisableMetaFiles,NAME NOT FOUND,Length: 20,4/14/2022 8:23:39 PM,Registry,C:\Windows\system32\wbadmin.exe,BLUETEAM\ezk,wbadmin  delete catalog -quiet,8212,9828,wbadmin.exe 4996 RegQueryValue HKLM\SOFTWARE\Microsoft\Windows NT\CurrentVersion\GRE_Initialize\DisableMetaFiles NAME NOT FOUND Length: 20 4/14/2022 8:23:39 PM Registry C:\Windows\system32\wbadmin.exe BLUETEAM\ezk wbadmin  delete catalog -quiet 8212 9828,benign
wbadmin.exe,4996,RegCloseKey,HKLM\SOFTWARE\Microsoft\Windows NT\CurrentVersion\GRE_Initialize,SUCCESS,,4/14/2022 8:23:39 PM,Registry,C:\Windows\system32\wbadmin.exe,BLUETEAM\ezk,wbadmin  delete catalog -quiet,8212,9828,wbadmin.exe 4996 RegCloseKey HKLM\SOFTWARE\Microsoft\Windows NT\CurrentVersion\GRE_Initialize SUCCESS None 4/14/2022 8:23:39 PM Registry C:\Windows\system32\wbadmin.exe BLUETEAM\ezk wbadmin  delete catalog -quiet 8212 9828,benign
wbadmin.exe,4996,RegOpenKey,HKLM\Software\Microsoft\Windows NT\CurrentVersion\GRE_Initialize,SUCCESS,Desired Access: Read,4/14/2022 8:23:39 PM,Registry,C:\Windows\system32\wbadmin.exe,BLUETEAM\ezk,wbadmin  delete catalog -quiet,8212,9828,wbadmin.exe 4996 RegOpenKey HKLM\Software\Microsoft\Windows NT\CurrentVersion\GRE_Initialize SUCCESS Desired Access: Read 4/14/2022 8:23:39 PM Registry C:\Windows\system32\wbadmin.exe BLUETEAM\ezk wbadmin  delete catalog -quiet 8212 9828,benign
wbadmin.exe,4996,RegQueryValue,HKLM\SOFTWARE\Microsoft\Windows NT\CurrentVersion\GRE_Initialize\DisableUmpdBufferSizeCheck,NAME NOT FOUND,Length: 20,4/14/2022 8:23:39 PM,Registry,C:\Windows\system32\wbadmin.exe,BLUETEAM\ezk,wbadmin  delete catalog -quiet,8212,9828,wbadmin.exe 4996 RegQueryValue HKLM\SOFTWARE\Microsoft\Windows NT\CurrentVersion\GRE_Initialize\DisableUmpdBufferSizeCheck NAME NOT FOUND Length: 20 4/14/2022 8:23:39 PM Registry C:\Windows\system32\wbadmin.exe BLUETEAM\ezk wbadmin  delete catalog -quiet 8212 9828,benign
wbadmin.exe,4996,CreateFile,C:\Windows\System32\imm32.dll,SUCCESS,"Desired Access: Read Data/List Directory, Synchronize, Disposition: Open, Options: Synchronous IO Non-Alert, Non-Directory File, Attributes: n/a, ShareMode: Read, Delete, AllocationSize: n/a, OpenResult: Opened",4/14/2022 8:23:39 PM,File System,C:\Windows\system32\wbadmin.exe,BLUETEAM\ezk,wbadmin  delete catalog -quiet,8212,9828,"wbadmin.exe 4996 CreateFile C:\Windows\System32\imm32.dll SUCCESS Desired Access: Read Data/List Directory, Synchronize, Disposition: Open, Options: Synchronous IO Non-Alert, Non-Directory File, Attributes: n/a, ShareMode: Read, Delete, AllocationSize: n/a, OpenResult: Opened 4/14/2022 8:23:39 PM File System C:\Windows\system32\wbadmin.exe BLUETEAM\ezk wbadmin  delete catalog -quiet 8212 9828",benign
wbadmin.exe,4996,RegOpenKey,HKLM\System\CurrentControlSet\Control\Srp\GP\DLL,NAME NOT FOUND,Desired Access: Read,4/14/2022 8:23:39 PM,Registry,C:\Windows\system32\wbadmin.exe,BLUETEAM\ezk,wbadmin  delete catalog -quiet,8212,9828,wbadmin.exe 4996 RegOpenKey HKLM\System\CurrentControlSet\Control\Srp\GP\DLL NAME NOT FOUND Desired Access: Read 4/14/2022 8:23:39 PM Registry C:\Windows\system32\wbadmin.exe BLUETEAM\ezk wbadmin  delete catalog -quiet 8212 9828,benign
wbadmin.exe,4996,CloseFile,C:\Windows\System32\imm32.dll,SUCCESS,,4/14/2022 8:23:39 PM,File System,C:\Windows\system32\wbadmin.exe,BLUETEAM\ezk,wbadmin  delete catalog -quiet,8212,9828,wbadmin.exe 4996 CloseFile C:\Windows\System32\imm32.dll SUCCESS None 4/14/2022 8:23:39 PM File System C:\Windows\system32\wbadmin.exe BLUETEAM\ezk wbadmin  delete catalog -quiet 8212 9828,benign
wbadmin.exe,4996,CreateFile,C:\Windows\System32\imm32.dll,SUCCESS,"Desired Access: Read Attributes, Disposition: Open, Options: Open Reparse Point, Attributes: n/a, ShareMode: Read, Write, Delete, AllocationSize: n/a, OpenResult: Opened",4/14/2022 8:23:39 PM,File System,C:\Windows\system32\wbadmin.exe,BLUETEAM\ezk,wbadmin  delete catalog -quiet,8212,9828,"wbadmin.exe 4996 CreateFile C:\Windows\System32\imm32.dll SUCCESS Desired Access: Read Attributes, Disposition: Open, Options: Open Reparse Point, Attributes: n/a, ShareMode: Read, Write, Delete, AllocationSize: n/a, OpenResult: Opened 4/14/2022 8:23:39 PM File System C:\Windows\system32\wbadmin.exe BLUETEAM\ezk wbadmin  delete catalog -quiet 8212 9828",benign
wbadmin.exe,4996,RegQueryKey,HKLM,SUCCESS,"Query: HandleTags, HandleTags: 0x0",4/14/2022 8:23:39 PM,Registry,C:\Windows\system32\wbadmin.exe,BLUETEAM\ezk,wbadmin  delete catalog -quiet,8212,9828,"wbadmin.exe 4996 RegQueryKey HKLM SUCCESS Query: HandleTags, HandleTags: 0x0 4/14/2022 8:23:39 PM Registry C:\Windows\system32\wbadmin.exe BLUETEAM\ezk wbadmin  delete catalog -quiet 8212 9828",benign
wbadmin.exe,4996,RegOpenKey,HKLM\SOFTWARE\Microsoft\OLE,SUCCESS,Desired Access: Read,4/14/2022 8:23:39 PM,Registry,C:\Windows\system32\wbadmin.exe,BLUETEAM\ezk,wbadmin  delete catalog -quiet,8212,9828,wbadmin.exe 4996 RegOpenKey HKLM\SOFTWARE\Microsoft\OLE SUCCESS Desired Access: Read 4/14/2022 8:23:39 PM Registry C:\Windows\system32\wbadmin.exe BLUETEAM\ezk wbadmin  delete catalog -quiet 8212 9828,benign
wbadmin.exe,4996,RegQueryValue,HKLM\SOFTWARE\Microsoft\Ole\AggressiveMTATesting,NAME NOT FOUND,Length: 16,4/14/2022 8:23:39 PM,Registry,C:\Windows\system32\wbadmin.exe,BLUETEAM\ezk,wbadmin  delete catalog -quiet,8212,9828,wbadmin.exe 4996 RegQueryValue HKLM\SOFTWARE\Microsoft\Ole\AggressiveMTATesting NAME NOT FOUND Length: 16 4/14/2022 8:23:39 PM Registry C:\Windows\system32\wbadmin.exe BLUETEAM\ezk wbadmin  delete catalog -quiet 8212 9828,benign
wbadmin.exe,4996,RegCloseKey,HKLM\SOFTWARE\Microsoft\Ole,SUCCESS,,4/14/2022 8:23:39 PM,Registry,C:\Windows\system32\wbadmin.exe,BLUETEAM\ezk,wbadmin  delete catalog -quiet,8212,9828,wbadmin.exe 4996 RegCloseKey HKLM\SOFTWARE\Microsoft\Ole SUCCESS None 4/14/2022 8:23:39 PM Registry C:\Windows\system32\wbadmin.exe BLUETEAM\ezk wbadmin  delete catalog -quiet 8212 9828,benign
wbadmin.exe,4996,RegQueryKey,HKLM,SUCCESS,"Query: HandleTags, HandleTags: 0x0",4/14/2022 8:23:39 PM,Registry,C:\Windows\system32\wbadmin.exe,BLUETEAM\ezk,wbadmin  delete catalog -quiet,8212,9828,"wbadmin.exe 4996 RegQueryKey HKLM SUCCESS Query: HandleTags, HandleTags: 0x0 4/14/2022 8:23:39 PM Registry C:\Windows\system32\wbadmin.exe BLUETEAM\ezk wbadmin  delete catalog -quiet 8212 9828",benign
wbadmin.exe,4996,RegOpenKey,HKLM,SUCCESS,Desired Access: Read,4/14/2022 8:23:39 PM,Registry,C:\Windows\system32\wbadmin.exe,BLUETEAM\ezk,wbadmin  delete catalog -quiet,8212,9828,wbadmin.exe 4996 RegOpenKey HKLM SUCCESS Desired Access: Read 4/14/2022 8:23:39 PM Registry C:\Windows\system32\wbadmin.exe BLUETEAM\ezk wbadmin  delete catalog -quiet 8212 9828,benign
wbadmin.exe,4996,RegQueryKey,HKLM,SUCCESS,"Query: HandleTags, HandleTags: 0x100",4/14/2022 8:23:39 PM,Registry,C:\Windows\system32\wbadmin.exe,BLUETEAM\ezk,wbadmin  delete catalog -quiet,8212,9828,"wbadmin.exe 4996 RegQueryKey HKLM SUCCESS Query: HandleTags, HandleTags: 0x100 4/14/2022 8:23:39 PM Registry C:\Windows\system32\wbadmin.exe BLUETEAM\ezk wbadmin  delete catalog -quiet 8212 9828",benign
wbadmin.exe,4996,RegOpenKey,HKLM\Software\Microsoft\Ole\FeatureDevelopmentProperties,NAME NOT FOUND,Desired Access: Read,4/14/2022 8:23:39 PM,Registry,C:\Windows\system32\wbadmin.exe,BLUETEAM\ezk,wbadmin  delete catalog -quiet,8212,9828,wbadmin.exe 4996 RegOpenKey HKLM\Software\Microsoft\Ole\FeatureDevelopmentProperties NAME NOT FOUND Desired Access: Read 4/14/2022 8:23:39 PM Registry C:\Windows\system32\wbadmin.exe BLUETEAM\ezk wbadmin  delete catalog -quiet 8212 9828,benign
wbadmin.exe,4996,RegOpenKey,HKLM\SOFTWARE\Microsoft\AppModel\Lookaside\Packages,NAME NOT FOUND,Desired Access: Read,4/14/2022 8:23:39 PM,Registry,C:\Windows\system32\wbadmin.exe,BLUETEAM\ezk,wbadmin  delete catalog -quiet,8212,9828,wbadmin.exe 4996 RegOpenKey HKLM\SOFTWARE\Microsoft\AppModel\Lookaside\Packages NAME NOT FOUND Desired Access: Read 4/14/2022 8:23:39 PM Registry C:\Windows\system32\wbadmin.exe BLUETEAM\ezk wbadmin  delete catalog -quiet 8212 9828,benign
wbadmin.exe,4996,RegQueryKey,HKLM,SUCCESS,"Query: HandleTags, HandleTags: 0x100",4/14/2022 8:23:39 PM,Registry,C:\Windows\system32\wbadmin.exe,BLUETEAM\ezk,wbadmin  delete catalog -quiet,8212,9828,"wbadmin.exe 4996 RegQueryKey HKLM SUCCESS Query: HandleTags, HandleTags: 0x100 4/14/2022 8:23:39 PM Registry C:\Windows\system32\wbadmin.exe BLUETEAM\ezk wbadmin  delete catalog -quiet 8212 9828",benign
wbadmin.exe,4996,RegOpenKey,HKLM\Software\Microsoft\Ole\FeatureDevelopmentProperties,NAME NOT FOUND,Desired Access: Read,4/14/2022 8:23:39 PM,Registry,C:\Windows\system32\wbadmin.exe,BLUETEAM\ezk,wbadmin  delete catalog -quiet,8212,9828,wbadmin.exe 4996 RegOpenKey HKLM\Software\Microsoft\Ole\FeatureDevelopmentProperties NAME NOT FOUND Desired Access: Read 4/14/2022 8:23:39 PM Registry C:\Windows\system32\wbadmin.exe BLUETEAM\ezk wbadmin  delete catalog -quiet 8212 9828,benign
wbadmin.exe,4996,RegQueryKey,HKLM,SUCCESS,"Query: HandleTags, HandleTags: 0x100",4/14/2022 8:23:39 PM,Registry,C:\Windows\system32\wbadmin.exe,BLUETEAM\ezk,wbadmin  delete catalog -quiet,8212,9828,"wbadmin.exe 4996 RegQueryKey HKLM SUCCESS Query: HandleTags, HandleTags: 0x100 4/14/2022 8:23:39 PM Registry C:\Windows\system32\wbadmin.exe BLUETEAM\ezk wbadmin  delete catalog -quiet 8212 9828",benign
wbadmin.exe,4996,RegOpenKey,HKLM\Software\Microsoft\Ole,SUCCESS,Desired Access: Read,4/14/2022 8:23:39 PM,Registry,C:\Windows\system32\wbadmin.exe,BLUETEAM\ezk,wbadmin  delete catalog -quiet,8212,9828,wbadmin.exe 4996 RegOpenKey HKLM\Software\Microsoft\Ole SUCCESS Desired Access: Read 4/14/2022 8:23:39 PM Registry C:\Windows\system32\wbadmin.exe BLUETEAM\ezk wbadmin  delete catalog -quiet 8212 9828,benign
wbadmin.exe,4996,RegQueryKey,HKLM,SUCCESS,"Query: HandleTags, HandleTags: 0x0",4/14/2022 8:23:39 PM,Registry,C:\Windows\system32\wbadmin.exe,BLUETEAM\ezk,wbadmin  delete catalog -quiet,8212,9828,"wbadmin.exe 4996 RegQueryKey HKLM SUCCESS Query: HandleTags, HandleTags: 0x0 4/14/2022 8:23:39 PM Registry C:\Windows\system32\wbadmin.exe BLUETEAM\ezk wbadmin  delete catalog -quiet 8212 9828",benign
wbadmin.exe,4996,RegOpenKey,HKLM\Software\Microsoft\OLE\Tracing,NAME NOT FOUND,Desired Access: Read,4/14/2022 8:23:39 PM,Registry,C:\Windows\system32\wbadmin.exe,BLUETEAM\ezk,wbadmin  delete catalog -quiet,8212,9828,wbadmin.exe 4996 RegOpenKey HKLM\Software\Microsoft\OLE\Tracing NAME NOT FOUND Desired Access: Read 4/14/2022 8:23:39 PM Registry C:\Windows\system32\wbadmin.exe BLUETEAM\ezk wbadmin  delete catalog -quiet 8212 9828,benign
wbadmin.exe,4996,QueryBasicInformationFile,C:\Windows\System32\imm32.dll,SUCCESS,"CreationTime: 9/22/2021 5:22:10 PM, LastAccessTime: 4/14/2022 8:23:14 PM, LastWriteTime: 9/22/2021 5:22:10 PM, ChangeTime: 10/15/2021 2:25:23 PM, FileAttributes: A",4/14/2022 8:23:39 PM,File System,C:\Windows\system32\wbadmin.exe,BLUETEAM\ezk,wbadmin  delete catalog -quiet,8212,9828,"wbadmin.exe 4996 QueryBasicInformationFile C:\Windows\System32\imm32.dll SUCCESS CreationTime: 9/22/2021 5:22:10 PM, LastAccessTime: 4/14/2022 8:23:14 PM, LastWriteTime: 9/22/2021 5:22:10 PM, ChangeTime: 10/15/2021 2:25:23 PM, FileAttributes: A 4/14/2022 8:23:39 PM File System C:\Windows\system32\wbadmin.exe BLUETEAM\ezk wbadmin  delete catalog -quiet 8212 9828",benign
wbadmin.exe,4996,RegOpenKey,HKLM\System\CurrentControlSet\Control\Srp\GP\DLL,REPARSE,Desired Access: Read,4/14/2022 8:23:39 PM,Registry,C:\Windows\system32\wbadmin.exe,BLUETEAM\ezk,wbadmin  delete catalog -quiet,8212,9828,wbadmin.exe 4996 RegOpenKey HKLM\System\CurrentControlSet\Control\Srp\GP\DLL REPARSE Desired Access: Read 4/14/2022 8:23:39 PM Registry C:\Windows\system32\wbadmin.exe BLUETEAM\ezk wbadmin  delete catalog -quiet 8212 9828,benign
wbadmin.exe,4996,RegOpenKey,HKLM\System\CurrentControlSet\Control\Session Manager,SUCCESS,"Desired Access: Query Value, Enumerate Sub Keys",4/14/2022 8:23:39 PM,Registry,C:\Windows\system32\wbadmin.exe,BLUETEAM\ezk,wbadmin  delete catalog -quiet,8212,9828,"wbadmin.exe 4996 RegOpenKey HKLM\System\CurrentControlSet\Control\Session Manager SUCCESS Desired Access: Query Value, Enumerate Sub Keys 4/14/2022 8:23:39 PM Registry C:\Windows\system32\wbadmin.exe BLUETEAM\ezk wbadmin  delete catalog -quiet 8212 9828",benign
wbadmin.exe,4996,RegOpenKey,HKLM\System\CurrentControlSet\Control\SafeBoot\Option,REPARSE,"Desired Access: Query Value, Set Value",4/14/2022 8:23:39 PM,Registry,C:\Windows\system32\wbadmin.exe,BLUETEAM\ezk,wbadmin  delete catalog -quiet,8212,9828,"wbadmin.exe 4996 RegOpenKey HKLM\System\CurrentControlSet\Control\SafeBoot\Option REPARSE Desired Access: Query Value, Set Value 4/14/2022 8:23:39 PM Registry C:\Windows\system32\wbadmin.exe BLUETEAM\ezk wbadmin  delete catalog -quiet 8212 9828",benign
cmd.exe,9828,ReadFile,C:\Windows\System32\wbadmin.exe,SUCCESS,"Offset: 262,144, Length: 67,584, I/O Flags: Non-cached, Paging I/O, Synchronous Paging I/O, Priority: Normal",4/14/2022 8:23:39 PM,File System,C:\Windows\system32\cmd.exe,BLUETEAM\ezk,cmd.exe /C wbadmin delete catalog -quiet,2376,9856,"cmd.exe 9828 ReadFile C:\Windows\System32\wbadmin.exe SUCCESS Offset: 262,144, Length: 67,584, I/O Flags: Non-cached, Paging I/O, Synchronous Paging I/O, Priority: Normal 4/14/2022 8:23:39 PM File System C:\Windows\system32\cmd.exe BLUETEAM\ezk cmd.exe /C wbadmin delete catalog -quiet 2376 9856",benign
cmd.exe,9828,CloseFile,C:\Windows\System32\wbadmin.exe,SUCCESS,,4/14/2022 8:23:39 PM,File System,C:\Windows\system32\cmd.exe,BLUETEAM\ezk,cmd.exe /C wbadmin delete catalog -quiet,2376,9856,cmd.exe 9828 CloseFile C:\Windows\System32\wbadmin.exe SUCCESS None 4/14/2022 8:23:39 PM File System C:\Windows\system32\cmd.exe BLUETEAM\ezk cmd.exe /C wbadmin delete catalog -quiet 2376 9856,benign
cmd.exe,9828,Process Create,C:\Windows\system32\wbadmin.exe,SUCCESS,"PID: 4996, Command line: wbadmin  delete catalog -quiet",4/14/2022 8:23:39 PM,Process,C:\Windows\system32\cmd.exe,BLUETEAM\ezk,cmd.exe /C wbadmin delete catalog -quiet,2376,9856,"cmd.exe 9828 Process Create C:\Windows\system32\wbadmin.exe SUCCESS PID: 4996, Command line: wbadmin  delete catalog -quiet 4/14/2022 8:23:39 PM Process C:\Windows\system32\cmd.exe BLUETEAM\ezk cmd.exe /C wbadmin delete catalog -quiet 2376 9856",benign
cmd.exe,9828,RegOpenKey,HKLM\System\CurrentControlSet\Control\Session Manager\AppCertDlls,REPARSE,Desired Access: Query Value,4/14/2022 8:23:39 PM,Registry,C:\Windows\system32\cmd.exe,BLUETEAM\ezk,cmd.exe /C wbadmin delete catalog -quiet,2376,9856,cmd.exe 9828 RegOpenKey HKLM\System\CurrentControlSet\Control\Session Manager\AppCertDlls REPARSE Desired Access: Query Value 4/14/2022 8:23:39 PM Registry C:\Windows\system32\cmd.exe BLUETEAM\ezk cmd.exe /C wbadmin delete catalog -quiet 2376 9856,benign
cmd.exe,9828,RegOpenKey,HKLM\System\CurrentControlSet\Control\Session Manager\AppCertDlls,NAME NOT FOUND,Desired Access: Query Value,4/14/2022 8:23:39 PM,Registry,C:\Windows\system32\cmd.exe,BLUETEAM\ezk,cmd.exe /C wbadmin delete catalog -quiet,2376,9856,cmd.exe 9828 RegOpenKey HKLM\System\CurrentControlSet\Control\Session Manager\AppCertDlls NAME NOT FOUND Desired Access: Query Value 4/14/2022 8:23:39 PM Registry C:\Windows\system32\cmd.exe BLUETEAM\ezk cmd.exe /C wbadmin delete catalog -quiet 2376 9856,benign
wbadmin.exe,4996,RegOpenKey,HKLM\System\CurrentControlSet\Control\SafeBoot\Option,NAME NOT FOUND,"Desired Access: Query Value, Set Value",4/14/2022 8:23:39 PM,Registry,C:\Windows\system32\wbadmin.exe,BLUETEAM\ezk,wbadmin  delete catalog -quiet,8212,9828,"wbadmin.exe 4996 RegOpenKey HKLM\System\CurrentControlSet\Control\SafeBoot\Option NAME NOT FOUND Desired Access: Query Value, Set Value 4/14/2022 8:23:39 PM Registry C:\Windows\system32\wbadmin.exe BLUETEAM\ezk wbadmin  delete catalog -quiet 8212 9828",benign
cmd.exe,9828,RegOpenKey,HKLM\System\CurrentControlSet\Control\SafeBoot\Option,NAME NOT FOUND,"Desired Access: Query Value, Set Value",4/14/2022 8:23:39 PM,Registry,C:\Windows\system32\cmd.exe,BLUETEAM\ezk,cmd.exe /C wbadmin delete catalog -quiet,2376,9856,"cmd.exe 9828 RegOpenKey HKLM\System\CurrentControlSet\Control\SafeBoot\Option NAME NOT FOUND Desired Access: Query Value, Set Value 4/14/2022 8:23:39 PM Registry C:\Windows\system32\cmd.exe BLUETEAM\ezk cmd.exe /C wbadmin delete catalog -quiet 2376 9856",benign
cmd.exe,9828,RegOpenKey,HKLM\Software\Policies\Microsoft\Windows\Safer\CodeIdentifiers,SUCCESS,Desired Access: Query Value,4/14/2022 8:23:39 PM,Registry,C:\Windows\system32\cmd.exe,BLUETEAM\ezk,cmd.exe /C wbadmin delete catalog -quiet,2376,9856,cmd.exe 9828 RegOpenKey HKLM\Software\Policies\Microsoft\Windows\Safer\CodeIdentifiers SUCCESS Desired Access: Query Value 4/14/2022 8:23:39 PM Registry C:\Windows\system32\cmd.exe BLUETEAM\ezk cmd.exe /C wbadmin delete catalog -quiet 2376 9856,benign
cmd.exe,9828,RegQueryValue,HKLM\SOFTWARE\Policies\Microsoft\Windows\safer\codeidentifiers\TransparentEnabled,NAME NOT FOUND,Length: 80,4/14/2022 8:23:39 PM,Registry,C:\Windows\system32\cmd.exe,BLUETEAM\ezk,cmd.exe /C wbadmin delete catalog -quiet,2376,9856,cmd.exe 9828 RegQueryValue HKLM\SOFTWARE\Policies\Microsoft\Windows\safer\codeidentifiers\TransparentEnabled NAME NOT FOUND Length: 80 4/14/2022 8:23:39 PM Registry C:\Windows\system32\cmd.exe BLUETEAM\ezk cmd.exe /C wbadmin delete catalog -quiet 2376 9856,benign
cmd.exe,9828,RegQueryValue,HKLM\SOFTWARE\Policies\Microsoft\Windows\safer\codeidentifiers\AuthenticodeEnabled,SUCCESS,"Type: REG_DWORD, Length: 4, Data: 0",4/14/2022 8:23:39 PM,Registry,C:\Windows\system32\cmd.exe,BLUETEAM\ezk,cmd.exe /C wbadmin delete catalog -quiet,2376,9856,"cmd.exe 9828 RegQueryValue HKLM\SOFTWARE\Policies\Microsoft\Windows\safer\codeidentifiers\AuthenticodeEnabled SUCCESS Type: REG_DWORD, Length: 4, Data: 0 4/14/2022 8:23:39 PM Registry C:\Windows\system32\cmd.exe BLUETEAM\ezk cmd.exe /C wbadmin delete catalog -quiet 2376 9856",benign
cmd.exe,9828,RegCloseKey,HKLM\SOFTWARE\Policies\Microsoft\Windows\safer\codeidentifiers,SUCCESS,,4/14/2022 8:23:39 PM,Registry,C:\Windows\system32\cmd.exe,BLUETEAM\ezk,cmd.exe /C wbadmin delete catalog -quiet,2376,9856,cmd.exe 9828 RegCloseKey HKLM\SOFTWARE\Policies\Microsoft\Windows\safer\codeidentifiers SUCCESS None 4/14/2022 8:23:39 PM Registry C:\Windows\system32\cmd.exe BLUETEAM\ezk cmd.exe /C wbadmin delete catalog -quiet 2376 9856,benign
cmd.exe,9828,RegOpenKey,HKCU\Software\Policies\Microsoft\Windows\Safer\CodeIdentifiers,NAME NOT FOUND,Desired Access: Query Value,4/14/2022 8:23:39 PM,Registry,C:\Windows\system32\cmd.exe,BLUETEAM\ezk,cmd.exe /C wbadmin delete catalog -quiet,2376,9856,cmd.exe 9828 RegOpenKey HKCU\Software\Policies\Microsoft\Windows\Safer\CodeIdentifiers NAME NOT FOUND Desired Access: Query Value 4/14/2022 8:23:39 PM Registry C:\Windows\system32\cmd.exe BLUETEAM\ezk cmd.exe /C wbadmin delete catalog -quiet 2376 9856,benign
cmd.exe,9828,RegOpenKey,HKCU\Software\Microsoft\Windows\CurrentVersion\Explorer\Shell Folders,SUCCESS,Desired Access: Query Value,4/14/2022 8:23:39 PM,Registry,C:\Windows\system32\cmd.exe,BLUETEAM\ezk,cmd.exe /C wbadmin delete catalog -quiet,2376,9856,cmd.exe 9828 RegOpenKey HKCU\Software\Microsoft\Windows\CurrentVersion\Explorer\Shell Folders SUCCESS Desired Access: Query Value 4/14/2022 8:23:39 PM Registry C:\Windows\system32\cmd.exe BLUETEAM\ezk cmd.exe /C wbadmin delete catalog -quiet 2376 9856,benign
cmd.exe,9828,RegQueryValue,HKCU\SOFTWARE\Microsoft\Windows\CurrentVersion\Explorer\Shell Folders\Cache,SUCCESS,"Type: REG_SZ, Length: 110, Data: C:\Users\ezk\AppData\Local\Microsoft\Windows\INetCache",4/14/2022 8:23:39 PM,Registry,C:\Windows\system32\cmd.exe,BLUETEAM\ezk,cmd.exe /C wbadmin delete catalog -quiet,2376,9856,"cmd.exe 9828 RegQueryValue HKCU\SOFTWARE\Microsoft\Windows\CurrentVersion\Explorer\Shell Folders\Cache SUCCESS Type: REG_SZ, Length: 110, Data: C:\Users\ezk\AppData\Local\Microsoft\Windows\INetCache 4/14/2022 8:23:39 PM Registry C:\Windows\system32\cmd.exe BLUETEAM\ezk cmd.exe /C wbadmin delete catalog -quiet 2376 9856",benign
cmd.exe,9828,RegCloseKey,HKCU\SOFTWARE\Microsoft\Windows\CurrentVersion\Explorer\Shell Folders,SUCCESS,,4/14/2022 8:23:39 PM,Registry,C:\Windows\system32\cmd.exe,BLUETEAM\ezk,cmd.exe /C wbadmin delete catalog -quiet,2376,9856,cmd.exe 9828 RegCloseKey HKCU\SOFTWARE\Microsoft\Windows\CurrentVersion\Explorer\Shell Folders SUCCESS None 4/14/2022 8:23:39 PM Registry C:\Windows\system32\cmd.exe BLUETEAM\ezk cmd.exe /C wbadmin delete catalog -quiet 2376 9856,benign
cmd.exe,9828,ReadFile,C:\Windows\System32\wbadmin.exe,SUCCESS,"Offset: 131,072, Length: 131,072, I/O Flags: Non-cached, Paging I/O, Synchronous Paging I/O, Priority: Normal",4/14/2022 8:23:39 PM,File System,C:\Windows\system32\cmd.exe,BLUETEAM\ezk,cmd.exe /C wbadmin delete catalog -quiet,2376,9856,"cmd.exe 9828 ReadFile C:\Windows\System32\wbadmin.exe SUCCESS Offset: 131,072, Length: 131,072, I/O Flags: Non-cached, Paging I/O, Synchronous Paging I/O, Priority: Normal 4/14/2022 8:23:39 PM File System C:\Windows\system32\cmd.exe BLUETEAM\ezk cmd.exe /C wbadmin delete catalog -quiet 2376 9856",benign
cmd.exe,9828,RegOpenKey,HKCU\Software\Microsoft\Windows NT\CurrentVersion,SUCCESS,Desired Access: Enumerate Sub Keys,4/14/2022 8:23:39 PM,Registry,C:\Windows\system32\cmd.exe,BLUETEAM\ezk,cmd.exe /C wbadmin delete catalog -quiet,2376,9856,cmd.exe 9828 RegOpenKey HKCU\Software\Microsoft\Windows NT\CurrentVersion SUCCESS Desired Access: Enumerate Sub Keys 4/14/2022 8:23:39 PM Registry C:\Windows\system32\cmd.exe BLUETEAM\ezk cmd.exe /C wbadmin delete catalog -quiet 2376 9856,benign
cmd.exe,9828,ReadFile,C:\Windows\System32\wbadmin.exe,SUCCESS,"Offset: 65,536, Length: 65,536, I/O Flags: Non-cached, Paging I/O, Synchronous Paging I/O, Priority: Normal",4/14/2022 8:23:39 PM,File System,C:\Windows\system32\cmd.exe,BLUETEAM\ezk,cmd.exe /C wbadmin delete catalog -quiet,2376,9856,"cmd.exe 9828 ReadFile C:\Windows\System32\wbadmin.exe SUCCESS Offset: 65,536, Length: 65,536, I/O Flags: Non-cached, Paging I/O, Synchronous Paging I/O, Priority: Normal 4/14/2022 8:23:39 PM File System C:\Windows\system32\cmd.exe BLUETEAM\ezk cmd.exe /C wbadmin delete catalog -quiet 2376 9856",benign
cmd.exe,9828,ReadFile,C:\Windows\System32\wbadmin.exe,SUCCESS,"Offset: 0, Length: 32,768, I/O Flags: Non-cached, Paging I/O, Synchronous Paging I/O, Priority: Normal",4/14/2022 8:23:39 PM,File System,C:\Windows\system32\cmd.exe,BLUETEAM\ezk,cmd.exe /C wbadmin delete catalog -quiet,2376,9856,"cmd.exe 9828 ReadFile C:\Windows\System32\wbadmin.exe SUCCESS Offset: 0, Length: 32,768, I/O Flags: Non-cached, Paging I/O, Synchronous Paging I/O, Priority: Normal 4/14/2022 8:23:39 PM File System C:\Windows\system32\cmd.exe BLUETEAM\ezk cmd.exe /C wbadmin delete catalog -quiet 2376 9856",benign
cmd.exe,9828,ReadFile,C:\Windows\System32\wbadmin.exe,SUCCESS,"Offset: 0, Length: 4,096, I/O Flags: Non-cached, Paging I/O, Synchronous Paging I/O, Priority: Normal",4/14/2022 8:23:39 PM,File System,C:\Windows\system32\cmd.exe,BLUETEAM\ezk,cmd.exe /C wbadmin delete catalog -quiet,2376,9856,"cmd.exe 9828 ReadFile C:\Windows\System32\wbadmin.exe SUCCESS Offset: 0, Length: 4,096, I/O Flags: Non-cached, Paging I/O, Synchronous Paging I/O, Priority: Normal 4/14/2022 8:23:39 PM File System C:\Windows\system32\cmd.exe BLUETEAM\ezk cmd.exe /C wbadmin delete catalog -quiet 2376 9856",benign
cmd.exe,9828,ReadFile,C:\Windows\System32\wbadmin.exe,SUCCESS,"Offset: 301,568, Length: 16,384, I/O Flags: Non-cached, Paging I/O, Synchronous Paging I/O, Priority: Normal",4/14/2022 8:23:39 PM,File System,C:\Windows\system32\cmd.exe,BLUETEAM\ezk,cmd.exe /C wbadmin delete catalog -quiet,2376,9856,"cmd.exe 9828 ReadFile C:\Windows\System32\wbadmin.exe SUCCESS Offset: 301,568, Length: 16,384, I/O Flags: Non-cached, Paging I/O, Synchronous Paging I/O, Priority: Normal 4/14/2022 8:23:39 PM File System C:\Windows\system32\cmd.exe BLUETEAM\ezk cmd.exe /C wbadmin delete catalog -quiet 2376 9856",benign
cmd.exe,9828,ReadFile,C:\Windows\System32\wbadmin.exe,SUCCESS,"Offset: 268,800, Length: 16,384, I/O Flags: Non-cached, Paging I/O, Synchronous Paging I/O, Priority: Normal",4/14/2022 8:23:39 PM,File System,C:\Windows\system32\cmd.exe,BLUETEAM\ezk,cmd.exe /C wbadmin delete catalog -quiet,2376,9856,"cmd.exe 9828 ReadFile C:\Windows\System32\wbadmin.exe SUCCESS Offset: 268,800, Length: 16,384, I/O Flags: Non-cached, Paging I/O, Synchronous Paging I/O, Priority: Normal 4/14/2022 8:23:39 PM File System C:\Windows\system32\cmd.exe BLUETEAM\ezk cmd.exe /C wbadmin delete catalog -quiet 2376 9856",benign
cmd.exe,9828,ReadFile,C:\Windows\System32\wbadmin.exe,SUCCESS,"Offset: 329,216, Length: 512, I/O Flags: Non-cached, Paging I/O, Synchronous Paging I/O, Priority: Normal",4/14/2022 8:23:39 PM,File System,C:\Windows\system32\cmd.exe,BLUETEAM\ezk,cmd.exe /C wbadmin delete catalog -quiet,2376,9856,"cmd.exe 9828 ReadFile C:\Windows\System32\wbadmin.exe SUCCESS Offset: 329,216, Length: 512, I/O Flags: Non-cached, Paging I/O, Synchronous Paging I/O, Priority: Normal 4/14/2022 8:23:39 PM File System C:\Windows\system32\cmd.exe BLUETEAM\ezk cmd.exe /C wbadmin delete catalog -quiet 2376 9856",benign
cmd.exe,9828,RegOpenKey,HKLM\SOFTWARE\Microsoft\Windows NT\CurrentVersion\Image File Execution Options\wbadmin.exe,NAME NOT FOUND,"Desired Access: Query Value, Enumerate Sub Keys",4/14/2022 8:23:39 PM,Registry,C:\Windows\system32\cmd.exe,BLUETEAM\ezk,cmd.exe /C wbadmin delete catalog -quiet,2376,9856,"cmd.exe 9828 RegOpenKey HKLM\SOFTWARE\Microsoft\Windows NT\CurrentVersion\Image File Execution Options\wbadmin.exe NAME NOT FOUND Desired Access: Query Value, Enumerate Sub Keys 4/14/2022 8:23:39 PM Registry C:\Windows\system32\cmd.exe BLUETEAM\ezk cmd.exe /C wbadmin delete catalog -quiet 2376 9856",benign
cmd.exe,9828,ReadFile,C:\Windows\System32\wbadmin.exe,SUCCESS,"Offset: 326,656, Length: 2,560, I/O Flags: Non-cached, Paging I/O, Synchronous Paging I/O, Priority: Normal",4/14/2022 8:23:39 PM,File System,C:\Windows\system32\cmd.exe,BLUETEAM\ezk,cmd.exe /C wbadmin delete catalog -quiet,2376,9856,"cmd.exe 9828 ReadFile C:\Windows\System32\wbadmin.exe SUCCESS Offset: 326,656, Length: 2,560, I/O Flags: Non-cached, Paging I/O, Synchronous Paging I/O, Priority: Normal 4/14/2022 8:23:39 PM File System C:\Windows\system32\cmd.exe BLUETEAM\ezk cmd.exe /C wbadmin delete catalog -quiet 2376 9856",benign
cmd.exe,9828,RegOpenKey,HKLM\System\CurrentControlSet\Services\bam\State\UserSettings\S-1-5-21-4065680934-2604657585-3199708412-1106,SUCCESS,Desired Access: All Access,4/14/2022 8:23:39 PM,Registry,C:\Windows\system32\cmd.exe,BLUETEAM\ezk,cmd.exe /C wbadmin delete catalog -quiet,2376,9856,cmd.exe 9828 RegOpenKey HKLM\System\CurrentControlSet\Services\bam\State\UserSettings\S-1-5-21-4065680934-2604657585-3199708412-1106 SUCCESS Desired Access: All Access 4/14/2022 8:23:39 PM Registry C:\Windows\system32\cmd.exe BLUETEAM\ezk cmd.exe /C wbadmin delete catalog -quiet 2376 9856,benign
cmd.exe,9828,RegQueryValue,HKLM\System\CurrentControlSet\Services\bam\State\UserSettings\S-1-5-21-4065680934-2604657585-3199708412-1106\\Device\HarddiskVolume3\Windows\System32\wbadmin.exe,NAME NOT FOUND,Length: 40,4/14/2022 8:23:39 PM,Registry,C:\Windows\system32\cmd.exe,BLUETEAM\ezk,cmd.exe /C wbadmin delete catalog -quiet,2376,9856,cmd.exe 9828 RegQueryValue HKLM\System\CurrentControlSet\Services\bam\State\UserSettings\S-1-5-21-4065680934-2604657585-3199708412-1106\\Device\HarddiskVolume3\Windows\System32\wbadmin.exe NAME NOT FOUND Length: 40 4/14/2022 8:23:39 PM Registry C:\Windows\system32\cmd.exe BLUETEAM\ezk cmd.exe /C wbadmin delete catalog -quiet 2376 9856,benign
cmd.exe,9828,RegCloseKey,HKLM\System\CurrentControlSet\Services\bam\State\UserSettings\S-1-5-21-4065680934-2604657585-3199708412-1106,SUCCESS,,4/14/2022 8:23:39 PM,Registry,C:\Windows\system32\cmd.exe,BLUETEAM\ezk,cmd.exe /C wbadmin delete catalog -quiet,2376,9856,cmd.exe 9828 RegCloseKey HKLM\System\CurrentControlSet\Services\bam\State\UserSettings\S-1-5-21-4065680934-2604657585-3199708412-1106 SUCCESS None 4/14/2022 8:23:39 PM Registry C:\Windows\system32\cmd.exe BLUETEAM\ezk cmd.exe /C wbadmin delete catalog -quiet 2376 9856,benign
cmd.exe,9828,RegOpenKey,HKLM\SYSTEM\CurrentControlSet\Control\Session Manager\BAM,REPARSE,Desired Access: Query Value,4/14/2022 8:23:39 PM,Registry,C:\Windows\system32\cmd.exe,BLUETEAM\ezk,cmd.exe /C wbadmin delete catalog -quiet,2376,9856,cmd.exe 9828 RegOpenKey HKLM\SYSTEM\CurrentControlSet\Control\Session Manager\BAM REPARSE Desired Access: Query Value 4/14/2022 8:23:39 PM Registry C:\Windows\system32\cmd.exe BLUETEAM\ezk cmd.exe /C wbadmin delete catalog -quiet 2376 9856,benign
cmd.exe,9828,RegOpenKey,HKLM\System\CurrentControlSet\Control\Session Manager\BAM,NAME NOT FOUND,Desired Access: Query Value,4/14/2022 8:23:39 PM,Registry,C:\Windows\system32\cmd.exe,BLUETEAM\ezk,cmd.exe /C wbadmin delete catalog -quiet,2376,9856,cmd.exe 9828 RegOpenKey HKLM\System\CurrentControlSet\Control\Session Manager\BAM NAME NOT FOUND Desired Access: Query Value 4/14/2022 8:23:39 PM Registry C:\Windows\system32\cmd.exe BLUETEAM\ezk cmd.exe /C wbadmin delete catalog -quiet 2376 9856,benign
cmd.exe,9828,CreateFile,C:\Windows\System32\wbadmin.exe,SUCCESS,"Desired Access: Read Attributes, Disposition: Open, Options: Non-Directory File, Attributes: n/a, ShareMode: Read, Write, AllocationSize: n/a, OpenResult: Opened",4/14/2022 8:23:39 PM,File System,C:\Windows\system32\cmd.exe,BLUETEAM\ezk,cmd.exe /C wbadmin delete catalog -quiet,2376,9856,"cmd.exe 9828 CreateFile C:\Windows\System32\wbadmin.exe SUCCESS Desired Access: Read Attributes, Disposition: Open, Options: Non-Directory File, Attributes: n/a, ShareMode: Read, Write, AllocationSize: n/a, OpenResult: Opened 4/14/2022 8:23:39 PM File System C:\Windows\system32\cmd.exe BLUETEAM\ezk cmd.exe /C wbadmin delete catalog -quiet 2376 9856",benign
cmd.exe,9828,CloseFile,C:\Windows\System32\wbadmin.exe,SUCCESS,,4/14/2022 8:23:39 PM,File System,C:\Windows\system32\cmd.exe,BLUETEAM\ezk,cmd.exe /C wbadmin delete catalog -quiet,2376,9856,cmd.exe 9828 CloseFile C:\Windows\System32\wbadmin.exe SUCCESS None 4/14/2022 8:23:39 PM File System C:\Windows\system32\cmd.exe BLUETEAM\ezk cmd.exe /C wbadmin delete catalog -quiet 2376 9856,benign
cmd.exe,9828,CreateFile,C:\Windows\System32\wbadmin.exe,SUCCESS,"Desired Access: Read Data/List Directory, Read Attributes, Synchronize, Disposition: Open, Options: Sequential Access, Synchronous IO Alert, Non-Directory File, Attributes: N, ShareMode: Read, Delete, AllocationSize: n/a, OpenResult: Opened",4/14/2022 8:23:39 PM,File System,C:\Windows\system32\cmd.exe,BLUETEAM\ezk,cmd.exe /C wbadmin delete catalog -quiet,2376,9856,"cmd.exe 9828 CreateFile C:\Windows\System32\wbadmin.exe SUCCESS Desired Access: Read Data/List Directory, Read Attributes, Synchronize, Disposition: Open, Options: Sequential Access, Synchronous IO Alert, Non-Directory File, Attributes: N, ShareMode: Read, Delete, AllocationSize: n/a, OpenResult: Opened 4/14/2022 8:23:39 PM File System C:\Windows\system32\cmd.exe BLUETEAM\ezk cmd.exe /C wbadmin delete catalog -quiet 2376 9856",benign
cmd.exe,9828,QueryAllInformationFile,C:\Windows\System32\wbadmin.exe,SUCCESS,"CreationTime: 9/22/2021 5:24:08 PM, LastAccessTime: 9/23/2021 3:34:20 PM, LastWriteTime: 9/22/2021 5:24:08 PM, ChangeTime: 10/15/2021 2:25:24 PM, FileAttributes: A, AllocationSize: 331,776, EndOfFile: 329,728, NumberOfLinks: 2, DeletePending: False, Directory: False, IndexNumber: 0x1000000039a72, EaSize: 244, Access: Read Data/List Directory, Read Attributes, Synchronize, Position: 0, Mode: Sequential Access, Synchronous IO Alert, AlignmentRequirement: Long",4/14/2022 8:23:39 PM,File System,C:\Windows\system32\cmd.exe,BLUETEAM\ezk,cmd.exe /C wbadmin delete catalog -quiet,2376,9856,"cmd.exe 9828 QueryAllInformationFile C:\Windows\System32\wbadmin.exe SUCCESS CreationTime: 9/22/2021 5:24:08 PM, LastAccessTime: 9/23/2021 3:34:20 PM, LastWriteTime: 9/22/2021 5:24:08 PM, ChangeTime: 10/15/2021 2:25:24 PM, FileAttributes: A, AllocationSize: 331,776, EndOfFile: 329,728, NumberOfLinks: 2, DeletePending: False, Directory: False, IndexNumber: 0x1000000039a72, EaSize: 244, Access: Read Data/List Directory, Read Attributes, Synchronize, Position: 0, Mode: Sequential Access, Synchronous IO Alert, AlignmentRequirement: Long 4/14/2022 8:23:39 PM File System C:\Windows\system32\cmd.exe BLUETEAM\ezk cmd.exe /C wbadmin delete catalog -quiet 2376 9856",benign
cmd.exe,9828,ReadFile,C:\Windows\System32\wbadmin.exe,SUCCESS,"Offset: 32,768, Length: 32,768, I/O Flags: Non-cached, Paging I/O, Synchronous Paging I/O, Priority: Normal",4/14/2022 8:23:39 PM,File System,C:\Windows\system32\cmd.exe,BLUETEAM\ezk,cmd.exe /C wbadmin delete catalog -quiet,2376,9856,"cmd.exe 9828 ReadFile C:\Windows\System32\wbadmin.exe SUCCESS Offset: 32,768, Length: 32,768, I/O Flags: Non-cached, Paging I/O, Synchronous Paging I/O, Priority: Normal 4/14/2022 8:23:39 PM File System C:\Windows\system32\cmd.exe BLUETEAM\ezk cmd.exe /C wbadmin delete catalog -quiet 2376 9856",benign
cmd.exe,9828,RegOpenKey,HKCU\SOFTWARE\Microsoft\Windows NT\CurrentVersion\AppCompatFlags\Layers,NAME NOT FOUND,Desired Access: Query Value,4/14/2022 8:23:39 PM,Registry,C:\Windows\system32\cmd.exe,BLUETEAM\ezk,cmd.exe /C wbadmin delete catalog -quiet,2376,9856,cmd.exe 9828 RegOpenKey HKCU\SOFTWARE\Microsoft\Windows NT\CurrentVersion\AppCompatFlags\Layers NAME NOT FOUND Desired Access: Query Value 4/14/2022 8:23:39 PM Registry C:\Windows\system32\cmd.exe BLUETEAM\ezk cmd.exe /C wbadmin delete catalog -quiet 2376 9856,benign
cmd.exe,9828,RegOpenKey,HKLM\System\CurrentControlSet\Control\SafeBoot\Option,REPARSE,"Desired Access: Query Value, Set Value",4/14/2022 8:23:39 PM,Registry,C:\Windows\system32\cmd.exe,BLUETEAM\ezk,cmd.exe /C wbadmin delete catalog -quiet,2376,9856,"cmd.exe 9828 RegOpenKey HKLM\System\CurrentControlSet\Control\SafeBoot\Option REPARSE Desired Access: Query Value, Set Value 4/14/2022 8:23:39 PM Registry C:\Windows\system32\cmd.exe BLUETEAM\ezk cmd.exe /C wbadmin delete catalog -quiet 2376 9856",benign
cmd.exe,9828,QueryBasicInformationFile,C:\Windows\apppatch\sysmain.sdb,SUCCESS,"CreationTime: 9/22/2021 5:21:28 PM, LastAccessTime: 4/14/2022 8:23:15 PM, LastWriteTime: 9/22/2021 5:21:28 PM, ChangeTime: 10/15/2021 2:23:18 PM, FileAttributes: A",4/14/2022 8:23:39 PM,File System,C:\Windows\system32\cmd.exe,BLUETEAM\ezk,cmd.exe /C wbadmin delete catalog -quiet,2376,9856,"cmd.exe 9828 QueryBasicInformationFile C:\Windows\apppatch\sysmain.sdb SUCCESS CreationTime: 9/22/2021 5:21:28 PM, LastAccessTime: 4/14/2022 8:23:15 PM, LastWriteTime: 9/22/2021 5:21:28 PM, ChangeTime: 10/15/2021 2:23:18 PM, FileAttributes: A 4/14/2022 8:23:39 PM File System C:\Windows\system32\cmd.exe BLUETEAM\ezk cmd.exe /C wbadmin delete catalog -quiet 2376 9856",benign
wbadmin.exe,4996,CreateFile,C:\Windows\System32,SUCCESS,"Desired Access: Execute/Traverse, Synchronize, Disposition: Open, Options: Directory, Synchronous IO Non-Alert, Attributes: n/a, ShareMode: Read, Write, AllocationSize: n/a, OpenResult: Opened",4/14/2022 8:23:39 PM,File System,C:\Windows\system32\wbadmin.exe,BLUETEAM\ezk,wbadmin  delete catalog -quiet,8212,9828,"wbadmin.exe 4996 CreateFile C:\Windows\System32 SUCCESS Desired Access: Execute/Traverse, Synchronize, Disposition: Open, Options: Directory, Synchronous IO Non-Alert, Attributes: n/a, ShareMode: Read, Write, AllocationSize: n/a, OpenResult: Opened 4/14/2022 8:23:39 PM File System C:\Windows\system32\wbadmin.exe BLUETEAM\ezk wbadmin  delete catalog -quiet 8212 9828",benign
wbadmin.exe,4996,RegCloseKey,HKLM\System\CurrentControlSet\Control\Session Manager,SUCCESS,,4/14/2022 8:23:39 PM,Registry,C:\Windows\system32\wbadmin.exe,BLUETEAM\ezk,wbadmin  delete catalog -quiet,8212,9828,wbadmin.exe 4996 RegCloseKey HKLM\System\CurrentControlSet\Control\Session Manager SUCCESS None 4/14/2022 8:23:39 PM Registry C:\Windows\system32\wbadmin.exe BLUETEAM\ezk wbadmin  delete catalog -quiet 8212 9828,benign
wbadmin.exe,4996,RegQueryValue,HKLM\System\CurrentControlSet\Control\Session Manager\ResourcePolicies,NAME NOT FOUND,Length: 24,4/14/2022 8:23:39 PM,Registry,C:\Windows\system32\wbadmin.exe,BLUETEAM\ezk,wbadmin  delete catalog -quiet,8212,9828,wbadmin.exe 4996 RegQueryValue HKLM\System\CurrentControlSet\Control\Session Manager\ResourcePolicies NAME NOT FOUND Length: 24 4/14/2022 8:23:39 PM Registry C:\Windows\system32\wbadmin.exe BLUETEAM\ezk wbadmin  delete catalog -quiet 8212 9828,benign
wbadmin.exe,4996,RegOpenKey,HKLM\System\CurrentControlSet\Control\Session Manager,SUCCESS,"Desired Access: Query Value, Enumerate Sub Keys",4/14/2022 8:23:39 PM,Registry,C:\Windows\system32\wbadmin.exe,BLUETEAM\ezk,wbadmin  delete catalog -quiet,8212,9828,"wbadmin.exe 4996 RegOpenKey HKLM\System\CurrentControlSet\Control\Session Manager SUCCESS Desired Access: Query Value, Enumerate Sub Keys 4/14/2022 8:23:39 PM Registry C:\Windows\system32\wbadmin.exe BLUETEAM\ezk wbadmin  delete catalog -quiet 8212 9828",benign
wbadmin.exe,4996,RegOpenKey,HKLM\SYSTEM\CurrentControlSet\Control\Session Manager,REPARSE,"Desired Access: Query Value, Enumerate Sub Keys",4/14/2022 8:23:39 PM,Registry,C:\Windows\system32\wbadmin.exe,BLUETEAM\ezk,wbadmin  delete catalog -quiet,8212,9828,"wbadmin.exe 4996 RegOpenKey HKLM\SYSTEM\CurrentControlSet\Control\Session Manager REPARSE Desired Access: Query Value, Enumerate Sub Keys 4/14/2022 8:23:39 PM Registry C:\Windows\system32\wbadmin.exe BLUETEAM\ezk wbadmin  delete catalog -quiet 8212 9828",benign
wbadmin.exe,4996,RegOpenKey,HKLM\System\CurrentControlSet\Control\Session Manager\Segment Heap,NAME NOT FOUND,Desired Access: Query Value,4/14/2022 8:23:39 PM,Registry,C:\Windows\system32\wbadmin.exe,BLUETEAM\ezk,wbadmin  delete catalog -quiet,8212,9828,wbadmin.exe 4996 RegOpenKey HKLM\System\CurrentControlSet\Control\Session Manager\Segment Heap NAME NOT FOUND Desired Access: Query Value 4/14/2022 8:23:39 PM Registry C:\Windows\system32\wbadmin.exe BLUETEAM\ezk wbadmin  delete catalog -quiet 8212 9828,benign
cmd.exe,9828,CreateFile,C:\Windows\apppatch\sysmain.sdb,SUCCESS,"Desired Access: Generic Read, Disposition: Open, Options: Synchronous IO Non-Alert, Non-Directory File, Attributes: N, ShareMode: Read, AllocationSize: n/a, OpenResult: Opened",4/14/2022 8:23:39 PM,File System,C:\Windows\system32\cmd.exe,BLUETEAM\ezk,cmd.exe /C wbadmin delete catalog -quiet,2376,9856,"cmd.exe 9828 CreateFile C:\Windows\apppatch\sysmain.sdb SUCCESS Desired Access: Generic Read, Disposition: Open, Options: Synchronous IO Non-Alert, Non-Directory File, Attributes: N, ShareMode: Read, AllocationSize: n/a, OpenResult: Opened 4/14/2022 8:23:39 PM File System C:\Windows\system32\cmd.exe BLUETEAM\ezk cmd.exe /C wbadmin delete catalog -quiet 2376 9856",benign
wbadmin.exe,4996,RegCloseKey,HKLM\System\CurrentControlSet\Control\Session Manager,SUCCESS,,4/14/2022 8:23:39 PM,Registry,C:\Windows\system32\wbadmin.exe,BLUETEAM\ezk,wbadmin  delete catalog -quiet,8212,9828,wbadmin.exe 4996 RegCloseKey HKLM\System\CurrentControlSet\Control\Session Manager SUCCESS None 4/14/2022 8:23:39 PM Registry C:\Windows\system32\wbadmin.exe BLUETEAM\ezk wbadmin  delete catalog -quiet 8212 9828,benign
wbadmin.exe,4996,RegQueryValue,HKLM\System\CurrentControlSet\Control\Session Manager\RaiseExceptionOnPossibleDeadlock,NAME NOT FOUND,Length: 80,4/14/2022 8:23:39 PM,Registry,C:\Windows\system32\wbadmin.exe,BLUETEAM\ezk,wbadmin  delete catalog -quiet,8212,9828,wbadmin.exe 4996 RegQueryValue HKLM\System\CurrentControlSet\Control\Session Manager\RaiseExceptionOnPossibleDeadlock NAME NOT FOUND Length: 80 4/14/2022 8:23:39 PM Registry C:\Windows\system32\wbadmin.exe BLUETEAM\ezk wbadmin  delete catalog -quiet 8212 9828,benign
wbadmin.exe,4996,RegOpenKey,HKLM\System\CurrentControlSet\Control\Session Manager,SUCCESS,Desired Access: Query Value,4/14/2022 8:23:39 PM,Registry,C:\Windows\system32\wbadmin.exe,BLUETEAM\ezk,wbadmin  delete catalog -quiet,8212,9828,wbadmin.exe 4996 RegOpenKey HKLM\System\CurrentControlSet\Control\Session Manager SUCCESS Desired Access: Query Value 4/14/2022 8:23:39 PM Registry C:\Windows\system32\wbadmin.exe BLUETEAM\ezk wbadmin  delete catalog -quiet 8212 9828,benign
wbadmin.exe,4996,RegOpenKey,HKLM\System\CurrentControlSet\Control\Session Manager,REPARSE,Desired Access: Query Value,4/14/2022 8:23:39 PM,Registry,C:\Windows\system32\wbadmin.exe,BLUETEAM\ezk,wbadmin  delete catalog -quiet,8212,9828,wbadmin.exe 4996 RegOpenKey HKLM\System\CurrentControlSet\Control\Session Manager REPARSE Desired Access: Query Value 4/14/2022 8:23:39 PM Registry C:\Windows\system32\wbadmin.exe BLUETEAM\ezk wbadmin  delete catalog -quiet 8212 9828,benign
wbadmin.exe,4996,CreateFile,C:\Windows\Prefetch\WBADMIN.EXE-8B85AF67.pf,NAME NOT FOUND,"Desired Access: Generic Read, Disposition: Open, Options: Synchronous IO Non-Alert, Attributes: n/a, ShareMode: None, AllocationSize: n/a",4/14/2022 8:23:39 PM,File System,C:\Windows\system32\wbadmin.exe,BLUETEAM\ezk,wbadmin  delete catalog -quiet,8212,9828,"wbadmin.exe 4996 CreateFile C:\Windows\Prefetch\WBADMIN.EXE-8B85AF67.pf NAME NOT FOUND Desired Access: Generic Read, Disposition: Open, Options: Synchronous IO Non-Alert, Attributes: n/a, ShareMode: None, AllocationSize: n/a 4/14/2022 8:23:39 PM File System C:\Windows\system32\wbadmin.exe BLUETEAM\ezk wbadmin  delete catalog -quiet 8212 9828",benign
wbadmin.exe,4996,Process Start,,SUCCESS,"Parent PID: 9828, Command line: wbadmin  delete catalog -quiet, Current directory: C:\Windows\system32\, Environment: ;	=C:=C:\Windows\System32;	ALLUSERSPROFILE=C:\ProgramData;	APPDATA=C:\Users\ezk\AppData\Roaming;	CommonProgramFiles=C:\Program Files\Common Files;	CommonProgramFiles(x86)=C:\Program Files (x86)\Common Files;	CommonProgramW6432=C:\Program Files\Common Files;	COMPUTERNAME=DESKTOP-BA1RQFC;	ComSpec=C:\Windows\system32\cmd.exe;	DriverData=C:\Windows\System32\Drivers\DriverData;	HOMEDRIVE=C:;	HOMEPATH=\Users\ezk;	LOCALAPPDATA=C:\Users\ezk\AppData\Local;	LOGONSERVER=\\DC02;	NUMBER_OF_PROCESSORS=2;	OneDrive=C:\Users\ezk\OneDrive;	OS=Windows_NT;	Path=C:\Windows\system32;C:\Windows;C:\Windows\System32\Wbem;C:\Windows\System32\WindowsPowerShell\v1.0\;C:\Windows\System32\OpenSSH\;C:\Users\ezk\AppData\Local\Microsoft\WindowsApps;	PATHEXT=.COM;.EXE;.BAT;.CMD;.VBS;.VBE;.JS;.JSE;.WSF;.WSH;.MSC;.CPL;	PROCESSOR_ARCHITECTURE=AMD64;	PROCESSOR_IDENTIFIER=Intel64 Family 6 Model 165 Stepping 5, GenuineIntel;	PROCESSOR_LEVEL=6;	PROCESSOR_REVISION=a505;	ProgramData=C:\ProgramData;	ProgramFiles=C:\Program Files;	ProgramFiles(x86)=C:\Program Files (x86);	ProgramW6432=C:\Program Files;	PROMPT=$P$G;	PSModulePath=C:\Users\ezk\Documents\WindowsPowerShell\Modules;C:\Program Files\WindowsPowerShell\Modules;C:\Windows\system32\WindowsPowerShell\v1.0\Modules;	PUBLIC=C:\Users\Public;	SystemDrive=C:;	SystemRoot=C:\Windows;	TEMP=C:\Users\ezk\AppData\Local\Temp;	TMP=C:\Users\ezk\AppData\Local\Temp;	USERDNSDOMAIN=BLUETEAM.COM;	USERDOMAIN=BLUETEAM;	USERDOMAIN_ROAMINGPROFILE=BLUETEAM;	USERNAME=ezk;	USERPROFILE=C:\Users\ezk;	windir=C:\Windows",4/14/2022 8:23:39 PM,Process,C:\Windows\system32\wbadmin.exe,BLUETEAM\ezk,wbadmin  delete catalog -quiet,2376,9828,"wbadmin.exe 4996 Process Start None SUCCESS Parent PID: 9828, Command line: wbadmin  delete catalog -quiet, Current directory: C:\Windows\system32\, Environment: ;	=C:=C:\Windows\System32;	ALLUSERSPROFILE=C:\ProgramData;	APPDATA=C:\Users\ezk\AppData\Roaming;	CommonProgramFiles=C:\Program Files\Common Files;	CommonProgramFiles(x86)=C:\Program Files (x86)\Common Files;	CommonProgramW6432=C:\Program Files\Common Files;	COMPUTERNAME=DESKTOP-BA1RQFC;	ComSpec=C:\Windows\system32\cmd.exe;	DriverData=C:\Windows\System32\Drivers\DriverData;	HOMEDRIVE=C:;	HOMEPATH=\Users\ezk;	LOCALAPPDATA=C:\Users\ezk\AppData\Local;	LOGONSERVER=\\DC02;	NUMBER_OF_PROCESSORS=2;	OneDrive=C:\Users\ezk\OneDrive;	OS=Windows_NT;	Path=C:\Windows\system32;C:\Windows;C:\Windows\System32\Wbem;C:\Windows\System32\WindowsPowerShell\v1.0\;C:\Windows\System32\OpenSSH\;C:\Users\ezk\AppData\Local\Microsoft\WindowsApps;	PATHEXT=.COM;.EXE;.BAT;.CMD;.VBS;.VBE;.JS;.JSE;.WSF;.WSH;.MSC;.CPL;	PROCESSOR_ARCHITECTURE=AMD64;	PROCESSOR_IDENTIFIER=Intel64 Family 6 Model 165 Stepping 5, GenuineIntel;	PROCESSOR_LEVEL=6;	PROCESSOR_REVISION=a505;	ProgramData=C:\ProgramData;	ProgramFiles=C:\Program Files;	ProgramFiles(x86)=C:\Program Files (x86);	ProgramW6432=C:\Program Files;	PROMPT=$P$G;	PSModulePath=C:\Users\ezk\Documents\WindowsPowerShell\Modules;C:\Program Files\WindowsPowerShell\Modules;C:\Windows\system32\WindowsPowerShell\v1.0\Modules;	PUBLIC=C:\Users\Public;	SystemDrive=C:;	SystemRoot=C:\Windows;	TEMP=C:\Users\ezk\AppData\Local\Temp;	TMP=C:\Users\ezk\AppData\Local\Temp;	USERDNSDOMAIN=BLUETEAM.COM;	USERDOMAIN=BLUETEAM;	USERDOMAIN_ROAMINGPROFILE=BLUETEAM;	USERNAME=ezk;	USERPROFILE=C:\Users\ezk;	windir=C:\Windows 4/14/2022 8:23:39 PM Process C:\Windows\system32\wbadmin.exe BLUETEAM\ezk wbadmin  delete catalog -quiet 2376 9828",malicious
wbadmin.exe,4996,RegOpenKey,HKLM\SYSTEM\CurrentControlSet\Control\Session Manager\Segment Heap,REPARSE,Desired Access: Query Value,4/14/2022 8:23:39 PM,Registry,C:\Windows\system32\wbadmin.exe,BLUETEAM\ezk,wbadmin  delete catalog -quiet,8212,9828,wbadmin.exe 4996 RegOpenKey HKLM\SYSTEM\CurrentControlSet\Control\Session Manager\Segment Heap REPARSE Desired Access: Query Value 4/14/2022 8:23:39 PM Registry C:\Windows\system32\wbadmin.exe BLUETEAM\ezk wbadmin  delete catalog -quiet 8212 9828,benign
cmd.exe,9828,CloseFile,C:\Windows\apppatch\sysmain.sdb,SUCCESS,,4/14/2022 8:23:39 PM,File System,C:\Windows\system32\cmd.exe,BLUETEAM\ezk,cmd.exe /C wbadmin delete catalog -quiet,2376,9856,cmd.exe 9828 CloseFile C:\Windows\apppatch\sysmain.sdb SUCCESS None 4/14/2022 8:23:39 PM File System C:\Windows\system32\cmd.exe BLUETEAM\ezk cmd.exe /C wbadmin delete catalog -quiet 2376 9856,benign
cmd.exe,9828,QueryBasicInformationFile,C:\Windows\System32\wbadmin.exe,SUCCESS,"CreationTime: 9/22/2021 5:24:08 PM, LastAccessTime: 4/14/2022 8:23:39 PM, LastWriteTime: 9/22/2021 5:24:08 PM, ChangeTime: 10/15/2021 2:25:24 PM, FileAttributes: A",4/14/2022 8:23:39 PM,File System,C:\Windows\system32\cmd.exe,BLUETEAM\ezk,cmd.exe /C wbadmin delete catalog -quiet,2376,9856,"cmd.exe 9828 QueryBasicInformationFile C:\Windows\System32\wbadmin.exe SUCCESS CreationTime: 9/22/2021 5:24:08 PM, LastAccessTime: 4/14/2022 8:23:39 PM, LastWriteTime: 9/22/2021 5:24:08 PM, ChangeTime: 10/15/2021 2:25:24 PM, FileAttributes: A 4/14/2022 8:23:39 PM File System C:\Windows\system32\cmd.exe BLUETEAM\ezk cmd.exe /C wbadmin delete catalog -quiet 2376 9856",benign
cmd.exe,9828,QueryBasicInformationFile,C:\Windows\System32\wbadmin.exe,SUCCESS,"CreationTime: 9/22/2021 5:24:08 PM, LastAccessTime: 4/14/2022 8:23:39 PM, LastWriteTime: 9/22/2021 5:24:08 PM, ChangeTime: 10/15/2021 2:25:24 PM, FileAttributes: A",4/14/2022 8:23:39 PM,File System,C:\Windows\system32\cmd.exe,BLUETEAM\ezk,cmd.exe /C wbadmin delete catalog -quiet,2376,9856,"cmd.exe 9828 QueryBasicInformationFile C:\Windows\System32\wbadmin.exe SUCCESS CreationTime: 9/22/2021 5:24:08 PM, LastAccessTime: 4/14/2022 8:23:39 PM, LastWriteTime: 9/22/2021 5:24:08 PM, ChangeTime: 10/15/2021 2:25:24 PM, FileAttributes: A 4/14/2022 8:23:39 PM File System C:\Windows\system32\cmd.exe BLUETEAM\ezk cmd.exe /C wbadmin delete catalog -quiet 2376 9856",benign
cmd.exe,9828,QueryBasicInformationFile,C:\Windows\System32\wbadmin.exe,SUCCESS,"CreationTime: 9/22/2021 5:24:08 PM, LastAccessTime: 4/14/2022 8:23:39 PM, LastWriteTime: 9/22/2021 5:24:08 PM, ChangeTime: 10/15/2021 2:25:24 PM, FileAttributes: A",4/14/2022 8:23:39 PM,File System,C:\Windows\system32\cmd.exe,BLUETEAM\ezk,cmd.exe /C wbadmin delete catalog -quiet,2376,9856,"cmd.exe 9828 QueryBasicInformationFile C:\Windows\System32\wbadmin.exe SUCCESS CreationTime: 9/22/2021 5:24:08 PM, LastAccessTime: 4/14/2022 8:23:39 PM, LastWriteTime: 9/22/2021 5:24:08 PM, ChangeTime: 10/15/2021 2:25:24 PM, FileAttributes: A 4/14/2022 8:23:39 PM File System C:\Windows\system32\cmd.exe BLUETEAM\ezk cmd.exe /C wbadmin delete catalog -quiet 2376 9856",benign
cmd.exe,9828,RegOpenKey,HKLM\Software\Microsoft\Windows\CurrentVersion\SideBySide,SUCCESS,Desired Access: Read,4/14/2022 8:23:39 PM,Registry,C:\Windows\system32\cmd.exe,BLUETEAM\ezk,cmd.exe /C wbadmin delete catalog -quiet,2376,9856,cmd.exe 9828 RegOpenKey HKLM\Software\Microsoft\Windows\CurrentVersion\SideBySide SUCCESS Desired Access: Read 4/14/2022 8:23:39 PM Registry C:\Windows\system32\cmd.exe BLUETEAM\ezk cmd.exe /C wbadmin delete catalog -quiet 2376 9856,benign
cmd.exe,9828,RegQueryValue,HKLM\SOFTWARE\Microsoft\Windows\CurrentVersion\SideBySide\PreferExternalManifest,NAME NOT FOUND,Length: 20,4/14/2022 8:23:39 PM,Registry,C:\Windows\system32\cmd.exe,BLUETEAM\ezk,cmd.exe /C wbadmin delete catalog -quiet,2376,9856,cmd.exe 9828 RegQueryValue HKLM\SOFTWARE\Microsoft\Windows\CurrentVersion\SideBySide\PreferExternalManifest NAME NOT FOUND Length: 20 4/14/2022 8:23:39 PM Registry C:\Windows\system32\cmd.exe BLUETEAM\ezk cmd.exe /C wbadmin delete catalog -quiet 2376 9856,benign
cmd.exe,9828,RegCloseKey,HKLM\SOFTWARE\Microsoft\Windows\CurrentVersion\SideBySide,SUCCESS,,4/14/2022 8:23:39 PM,Registry,C:\Windows\system32\cmd.exe,BLUETEAM\ezk,cmd.exe /C wbadmin delete catalog -quiet,2376,9856,cmd.exe 9828 RegCloseKey HKLM\SOFTWARE\Microsoft\Windows\CurrentVersion\SideBySide SUCCESS None 4/14/2022 8:23:39 PM Registry C:\Windows\system32\cmd.exe BLUETEAM\ezk cmd.exe /C wbadmin delete catalog -quiet 2376 9856,benign
cmd.exe,9828,CloseFile,C:\Windows\System32\wbadmin.exe,SUCCESS,,4/14/2022 8:23:39 PM,File System,C:\Windows\system32\cmd.exe,BLUETEAM\ezk,cmd.exe /C wbadmin delete catalog -quiet,2376,9856,cmd.exe 9828 CloseFile C:\Windows\System32\wbadmin.exe SUCCESS None 4/14/2022 8:23:39 PM File System C:\Windows\system32\cmd.exe BLUETEAM\ezk cmd.exe /C wbadmin delete catalog -quiet 2376 9856,benign
cmd.exe,9828,CloseFile,C:\Windows\System32,SUCCESS,,4/14/2022 8:23:40 PM,File System,C:\Windows\system32\cmd.exe,BLUETEAM\ezk,cmd.exe /C wbadmin delete catalog -quiet,2376,9856,cmd.exe 9828 CloseFile C:\Windows\System32 SUCCESS None 4/14/2022 8:23:40 PM File System C:\Windows\system32\cmd.exe BLUETEAM\ezk cmd.exe /C wbadmin delete catalog -quiet 2376 9856,benign
wbadmin.exe,4996,RegCloseKey,HKLM\SOFTWARE\Microsoft\Windows NT\CurrentVersion\GRE_Initialize,SUCCESS,,4/14/2022 8:23:40 PM,Registry,C:\Windows\system32\wbadmin.exe,BLUETEAM\ezk,wbadmin  delete catalog -quiet,8212,9828,wbadmin.exe 4996 RegCloseKey HKLM\SOFTWARE\Microsoft\Windows NT\CurrentVersion\GRE_Initialize SUCCESS None 4/14/2022 8:23:40 PM Registry C:\Windows\system32\wbadmin.exe BLUETEAM\ezk wbadmin  delete catalog -quiet 8212 9828,benign
wbadmin.exe,4996,RegOpenKey,HKLM\Software\Microsoft\Windows NT\CurrentVersion\GRE_Initialize,SUCCESS,Desired Access: Read,4/14/2022 8:23:40 PM,Registry,C:\Windows\system32\wbadmin.exe,BLUETEAM\ezk,wbadmin  delete catalog -quiet,8212,9828,wbadmin.exe 4996 RegOpenKey HKLM\Software\Microsoft\Windows NT\CurrentVersion\GRE_Initialize SUCCESS Desired Access: Read 4/14/2022 8:23:40 PM Registry C:\Windows\system32\wbadmin.exe BLUETEAM\ezk wbadmin  delete catalog -quiet 8212 9828,benign
wbadmin.exe,4996,RegQueryValue,HKLM\SOFTWARE\Microsoft\Windows NT\CurrentVersion\GRE_Initialize\DisableUmpdBufferSizeCheck,NAME NOT FOUND,Length: 20,4/14/2022 8:23:40 PM,Registry,C:\Windows\system32\wbadmin.exe,BLUETEAM\ezk,wbadmin  delete catalog -quiet,8212,9828,wbadmin.exe 4996 RegQueryValue HKLM\SOFTWARE\Microsoft\Windows NT\CurrentVersion\GRE_Initialize\DisableUmpdBufferSizeCheck NAME NOT FOUND Length: 20 4/14/2022 8:23:40 PM Registry C:\Windows\system32\wbadmin.exe BLUETEAM\ezk wbadmin  delete catalog -quiet 8212 9828,benign
wbadmin.exe,4996,RegCloseKey,HKLM\SOFTWARE\Microsoft\Windows NT\CurrentVersion\GRE_Initialize,SUCCESS,,4/14/2022 8:23:40 PM,Registry,C:\Windows\system32\wbadmin.exe,BLUETEAM\ezk,wbadmin  delete catalog -quiet,8212,9828,wbadmin.exe 4996 RegCloseKey HKLM\SOFTWARE\Microsoft\Windows NT\CurrentVersion\GRE_Initialize SUCCESS None 4/14/2022 8:23:40 PM Registry C:\Windows\system32\wbadmin.exe BLUETEAM\ezk wbadmin  delete catalog -quiet 8212 9828,benign
wbadmin.exe,4996,RegCloseKey,HKLM\SOFTWARE\Microsoft\Ole,SUCCESS,,4/14/2022 8:23:40 PM,Registry,C:\Windows\system32\wbadmin.exe,BLUETEAM\ezk,wbadmin  delete catalog -quiet,8212,9828,wbadmin.exe 4996 RegCloseKey HKLM\SOFTWARE\Microsoft\Ole SUCCESS None 4/14/2022 8:23:40 PM Registry C:\Windows\system32\wbadmin.exe BLUETEAM\ezk wbadmin  delete catalog -quiet 8212 9828,benign
wbadmin.exe,4996,RegCloseKey,HKLM,SUCCESS,,4/14/2022 8:23:40 PM,Registry,C:\Windows\system32\wbadmin.exe,BLUETEAM\ezk,wbadmin  delete catalog -quiet,8212,9828,wbadmin.exe 4996 RegCloseKey HKLM SUCCESS None 4/14/2022 8:23:40 PM Registry C:\Windows\system32\wbadmin.exe BLUETEAM\ezk wbadmin  delete catalog -quiet 8212 9828,benign
wbadmin.exe,4996,RegOpenKey,HKLM\System\CurrentControlSet\Services\bam\State\UserSettings\S-1-5-21-4065680934-2604657585-3199708412-1106,SUCCESS,Desired Access: All Access,4/14/2022 8:23:40 PM,Registry,C:\Windows\system32\wbadmin.exe,BLUETEAM\ezk,wbadmin  delete catalog -quiet,8212,9828,wbadmin.exe 4996 RegOpenKey HKLM\System\CurrentControlSet\Services\bam\State\UserSettings\S-1-5-21-4065680934-2604657585-3199708412-1106 SUCCESS Desired Access: All Access 4/14/2022 8:23:40 PM Registry C:\Windows\system32\wbadmin.exe BLUETEAM\ezk wbadmin  delete catalog -quiet 8212 9828,benign
wbadmin.exe,4996,RegQueryValue,HKLM\System\CurrentControlSet\Services\bam\State\UserSettings\S-1-5-21-4065680934-2604657585-3199708412-1106\\Device\HarddiskVolume3\Windows\System32\wbadmin.exe,NAME NOT FOUND,Length: 40,4/14/2022 8:23:40 PM,Registry,C:\Windows\system32\wbadmin.exe,BLUETEAM\ezk,wbadmin  delete catalog -quiet,8212,9828,wbadmin.exe 4996 RegQueryValue HKLM\System\CurrentControlSet\Services\bam\State\UserSettings\S-1-5-21-4065680934-2604657585-3199708412-1106\\Device\HarddiskVolume3\Windows\System32\wbadmin.exe NAME NOT FOUND Length: 40 4/14/2022 8:23:40 PM Registry C:\Windows\system32\wbadmin.exe BLUETEAM\ezk wbadmin  delete catalog -quiet 8212 9828,benign
wbadmin.exe,4996,RegCloseKey,HKLM\System\CurrentControlSet\Services\bam\State\UserSettings\S-1-5-21-4065680934-2604657585-3199708412-1106,SUCCESS,,4/14/2022 8:23:40 PM,Registry,C:\Windows\system32\wbadmin.exe,BLUETEAM\ezk,wbadmin  delete catalog -quiet,8212,9828,wbadmin.exe 4996 RegCloseKey HKLM\System\CurrentControlSet\Services\bam\State\UserSettings\S-1-5-21-4065680934-2604657585-3199708412-1106 SUCCESS None 4/14/2022 8:23:40 PM Registry C:\Windows\system32\wbadmin.exe BLUETEAM\ezk wbadmin  delete catalog -quiet 8212 9828,benign
wbadmin.exe,4996,CloseFile,C:\Windows\System32,SUCCESS,,4/14/2022 8:23:40 PM,File System,C:\Windows\system32\wbadmin.exe,BLUETEAM\ezk,wbadmin  delete catalog -quiet,8212,9828,wbadmin.exe 4996 CloseFile C:\Windows\System32 SUCCESS None 4/14/2022 8:23:40 PM File System C:\Windows\system32\wbadmin.exe BLUETEAM\ezk wbadmin  delete catalog -quiet 8212 9828,benign
wbadmin.exe,4996,RegCloseKey,HKLM\System\CurrentControlSet\Control\Nls\Sorting\Versions,SUCCESS,,4/14/2022 8:23:40 PM,Registry,C:\Windows\system32\wbadmin.exe,BLUETEAM\ezk,wbadmin  delete catalog -quiet,8212,9828,wbadmin.exe 4996 RegCloseKey HKLM\System\CurrentControlSet\Control\Nls\Sorting\Versions SUCCESS None 4/14/2022 8:23:40 PM Registry C:\Windows\system32\wbadmin.exe BLUETEAM\ezk wbadmin  delete catalog -quiet 8212 9828,benign
wbadmin.exe,4996,RegCloseKey,HKLM\System\CurrentControlSet\Control\Session Manager,SUCCESS,,4/14/2022 8:23:40 PM,Registry,C:\Windows\system32\wbadmin.exe,BLUETEAM\ezk,wbadmin  delete catalog -quiet,8212,9828,wbadmin.exe 4996 RegCloseKey HKLM\System\CurrentControlSet\Control\Session Manager SUCCESS None 4/14/2022 8:23:40 PM Registry C:\Windows\system32\wbadmin.exe BLUETEAM\ezk wbadmin  delete catalog -quiet 8212 9828,benign
wbadmin.exe,4996,RegCloseKey,HKLM,SUCCESS,,4/14/2022 8:23:40 PM,Registry,C:\Windows\system32\wbadmin.exe,BLUETEAM\ezk,wbadmin  delete catalog -quiet,8212,9828,wbadmin.exe 4996 RegCloseKey HKLM SUCCESS None 4/14/2022 8:23:40 PM Registry C:\Windows\system32\wbadmin.exe BLUETEAM\ezk wbadmin  delete catalog -quiet 8212 9828,benign
wbadmin.exe,4996,RegCloseKey,HKLM\SOFTWARE\Microsoft\Windows NT\CurrentVersion\Image File Execution Options,SUCCESS,,4/14/2022 8:23:40 PM,Registry,C:\Windows\system32\wbadmin.exe,BLUETEAM\ezk,wbadmin  delete catalog -quiet,8212,9828,wbadmin.exe 4996 RegCloseKey HKLM\SOFTWARE\Microsoft\Windows NT\CurrentVersion\Image File Execution Options SUCCESS None 4/14/2022 8:23:40 PM Registry C:\Windows\system32\wbadmin.exe BLUETEAM\ezk wbadmin  delete catalog -quiet 8212 9828,benign
wbadmin.exe,4996,CloseFile,C:\Windows\System32\en-US\wbadmin.exe.mui,SUCCESS,,4/14/2022 8:23:40 PM,File System,C:\Windows\system32\wbadmin.exe,BLUETEAM\ezk,wbadmin  delete catalog -quiet,8212,9828,wbadmin.exe 4996 CloseFile C:\Windows\System32\en-US\wbadmin.exe.mui SUCCESS None 4/14/2022 8:23:40 PM File System C:\Windows\system32\wbadmin.exe BLUETEAM\ezk wbadmin  delete catalog -quiet 8212 9828,benign
wbadmin.exe,4996,RegQueryValue,HKLM\SOFTWARE\Microsoft\Windows NT\CurrentVersion\GRE_Initialize\DisableMetaFiles,NAME NOT FOUND,Length: 20,4/14/2022 8:23:40 PM,Registry,C:\Windows\system32\wbadmin.exe,BLUETEAM\ezk,wbadmin  delete catalog -quiet,8212,9828,wbadmin.exe 4996 RegQueryValue HKLM\SOFTWARE\Microsoft\Windows NT\CurrentVersion\GRE_Initialize\DisableMetaFiles NAME NOT FOUND Length: 20 4/14/2022 8:23:40 PM Registry C:\Windows\system32\wbadmin.exe BLUETEAM\ezk wbadmin  delete catalog -quiet 8212 9828,benign
wbadmin.exe,4996,RegOpenKey,HKLM\Software\Microsoft\Windows NT\CurrentVersion\GRE_Initialize,SUCCESS,Desired Access: Read,4/14/2022 8:23:40 PM,Registry,C:\Windows\system32\wbadmin.exe,BLUETEAM\ezk,wbadmin  delete catalog -quiet,8212,9828,wbadmin.exe 4996 RegOpenKey HKLM\Software\Microsoft\Windows NT\CurrentVersion\GRE_Initialize SUCCESS Desired Access: Read 4/14/2022 8:23:40 PM Registry C:\Windows\system32\wbadmin.exe BLUETEAM\ezk wbadmin  delete catalog -quiet 8212 9828,benign
wbadmin.exe,4996,RegOpenKey,HKLM\System\CurrentControlSet\Control\MiniNT,NAME NOT FOUND,Desired Access: Read,4/14/2022 8:23:40 PM,Registry,C:\Windows\system32\wbadmin.exe,BLUETEAM\ezk,wbadmin  delete catalog -quiet,8212,9828,wbadmin.exe 4996 RegOpenKey HKLM\System\CurrentControlSet\Control\MiniNT NAME NOT FOUND Desired Access: Read 4/14/2022 8:23:40 PM Registry C:\Windows\system32\wbadmin.exe BLUETEAM\ezk wbadmin  delete catalog -quiet 8212 9828,benign
wbadmin.exe,4996,RegOpenKey,HKLM\System\CurrentControlSet\Control\MiniNT,NAME NOT FOUND,Desired Access: Read,4/14/2022 8:23:40 PM,Registry,C:\Windows\system32\wbadmin.exe,BLUETEAM\ezk,wbadmin  delete catalog -quiet,8212,9828,wbadmin.exe 4996 RegOpenKey HKLM\System\CurrentControlSet\Control\MiniNT NAME NOT FOUND Desired Access: Read 4/14/2022 8:23:40 PM Registry C:\Windows\system32\wbadmin.exe BLUETEAM\ezk wbadmin  delete catalog -quiet 8212 9828,benign
cmd.exe,9828,RegCloseKey,HKLM\System\CurrentControlSet\Control\Nls\Sorting\Versions,SUCCESS,,4/14/2022 8:23:40 PM,Registry,C:\Windows\system32\cmd.exe,BLUETEAM\ezk,cmd.exe /C wbadmin delete catalog -quiet,2376,9856,cmd.exe 9828 RegCloseKey HKLM\System\CurrentControlSet\Control\Nls\Sorting\Versions SUCCESS None 4/14/2022 8:23:40 PM Registry C:\Windows\system32\cmd.exe BLUETEAM\ezk cmd.exe /C wbadmin delete catalog -quiet 2376 9856,benign
cmd.exe,9828,RegCloseKey,HKLM,SUCCESS,,4/14/2022 8:23:40 PM,Registry,C:\Windows\system32\cmd.exe,BLUETEAM\ezk,cmd.exe /C wbadmin delete catalog -quiet,2376,9856,cmd.exe 9828 RegCloseKey HKLM SUCCESS None 4/14/2022 8:23:40 PM Registry C:\Windows\system32\cmd.exe BLUETEAM\ezk cmd.exe /C wbadmin delete catalog -quiet 2376 9856,benign
cmd.exe,9828,RegCloseKey,HKCU\SOFTWARE\Microsoft\Windows NT\CurrentVersion,SUCCESS,,4/14/2022 8:23:40 PM,Registry,C:\Windows\system32\cmd.exe,BLUETEAM\ezk,cmd.exe /C wbadmin delete catalog -quiet,2376,9856,cmd.exe 9828 RegCloseKey HKCU\SOFTWARE\Microsoft\Windows NT\CurrentVersion SUCCESS None 4/14/2022 8:23:40 PM Registry C:\Windows\system32\cmd.exe BLUETEAM\ezk cmd.exe /C wbadmin delete catalog -quiet 2376 9856,benign
cmd.exe,9828,RegCloseKey,HKCU,SUCCESS,,4/14/2022 8:23:40 PM,Registry,C:\Windows\system32\cmd.exe,BLUETEAM\ezk,cmd.exe /C wbadmin delete catalog -quiet,2376,9856,cmd.exe 9828 RegCloseKey HKCU SUCCESS None 4/14/2022 8:23:40 PM Registry C:\Windows\system32\cmd.exe BLUETEAM\ezk cmd.exe /C wbadmin delete catalog -quiet 2376 9856,benign
cmd.exe,9828,RegCloseKey,HKLM\System\CurrentControlSet\Control\Nls\Sorting\Ids,SUCCESS,,4/14/2022 8:23:40 PM,Registry,C:\Windows\system32\cmd.exe,BLUETEAM\ezk,cmd.exe /C wbadmin delete catalog -quiet,2376,9856,cmd.exe 9828 RegCloseKey HKLM\System\CurrentControlSet\Control\Nls\Sorting\Ids SUCCESS None 4/14/2022 8:23:40 PM Registry C:\Windows\system32\cmd.exe BLUETEAM\ezk cmd.exe /C wbadmin delete catalog -quiet 2376 9856,benign
cmd.exe,9828,RegCloseKey,HKLM\SOFTWARE\Microsoft\Windows NT\CurrentVersion\Image File Execution Options,SUCCESS,,4/14/2022 8:23:40 PM,Registry,C:\Windows\system32\cmd.exe,BLUETEAM\ezk,cmd.exe /C wbadmin delete catalog -quiet,2376,9856,cmd.exe 9828 RegCloseKey HKLM\SOFTWARE\Microsoft\Windows NT\CurrentVersion\Image File Execution Options SUCCESS None 4/14/2022 8:23:40 PM Registry C:\Windows\system32\cmd.exe BLUETEAM\ezk cmd.exe /C wbadmin delete catalog -quiet 2376 9856,benign
cmd.exe,9828,RegSetValue,HKLM\System\CurrentControlSet\Services\bam\State\UserSettings\S-1-5-21-4065680934-2604657585-3199708412-1106\\Device\HarddiskVolume3\Windows\System32\cmd.exe,SUCCESS,"Type: REG_BINARY, Length: 24, Data: 8E 29 4E 79 FA 4F D8 01 00 00 00 00 00 00 00 00",4/14/2022 8:23:40 PM,Registry,C:\Windows\system32\cmd.exe,BLUETEAM\ezk,cmd.exe /C wbadmin delete catalog -quiet,2376,9856,"cmd.exe 9828 RegSetValue HKLM\System\CurrentControlSet\Services\bam\State\UserSettings\S-1-5-21-4065680934-2604657585-3199708412-1106\\Device\HarddiskVolume3\Windows\System32\cmd.exe SUCCESS Type: REG_BINARY, Length: 24, Data: 8E 29 4E 79 FA 4F D8 01 00 00 00 00 00 00 00 00 4/14/2022 8:23:40 PM Registry C:\Windows\system32\cmd.exe BLUETEAM\ezk cmd.exe /C wbadmin delete catalog -quiet 2376 9856",benign
cmd.exe,9828,RegQueryValue,HKLM\System\CurrentControlSet\Services\bam\State\UserSettings\S-1-5-21-4065680934-2604657585-3199708412-1106\\Device\HarddiskVolume3\Windows\System32\cmd.exe,SUCCESS,"Type: REG_BINARY, Length: 24, Data: DE 9B AD 78 FA 4F D8 01 00 00 00 00 00 00 00 00",4/14/2022 8:23:40 PM,Registry,C:\Windows\system32\cmd.exe,BLUETEAM\ezk,cmd.exe /C wbadmin delete catalog -quiet,2376,9856,"cmd.exe 9828 RegQueryValue HKLM\System\CurrentControlSet\Services\bam\State\UserSettings\S-1-5-21-4065680934-2604657585-3199708412-1106\\Device\HarddiskVolume3\Windows\System32\cmd.exe SUCCESS Type: REG_BINARY, Length: 24, Data: DE 9B AD 78 FA 4F D8 01 00 00 00 00 00 00 00 00 4/14/2022 8:23:40 PM Registry C:\Windows\system32\cmd.exe BLUETEAM\ezk cmd.exe /C wbadmin delete catalog -quiet 2376 9856",benign
cmd.exe,9828,RegOpenKey,HKLM\System\CurrentControlSet\Services\bam\State\UserSettings\S-1-5-21-4065680934-2604657585-3199708412-1106,SUCCESS,Desired Access: All Access,4/14/2022 8:23:40 PM,Registry,C:\Windows\system32\cmd.exe,BLUETEAM\ezk,cmd.exe /C wbadmin delete catalog -quiet,2376,9856,cmd.exe 9828 RegOpenKey HKLM\System\CurrentControlSet\Services\bam\State\UserSettings\S-1-5-21-4065680934-2604657585-3199708412-1106 SUCCESS Desired Access: All Access 4/14/2022 8:23:40 PM Registry C:\Windows\system32\cmd.exe BLUETEAM\ezk cmd.exe /C wbadmin delete catalog -quiet 2376 9856,benign
wbadmin.exe,4996,RegCloseKey,HKCR,SUCCESS,,4/14/2022 8:23:40 PM,Registry,C:\Windows\system32\wbadmin.exe,BLUETEAM\ezk,wbadmin  delete catalog -quiet,8212,9828,wbadmin.exe 4996 RegCloseKey HKCR SUCCESS None 4/14/2022 8:23:40 PM Registry C:\Windows\system32\wbadmin.exe BLUETEAM\ezk wbadmin  delete catalog -quiet 8212 9828,benign
cmd.exe,9828,RegCloseKey,HKLM,SUCCESS,,4/14/2022 8:23:40 PM,Registry,C:\Windows\system32\cmd.exe,BLUETEAM\ezk,cmd.exe /C wbadmin delete catalog -quiet,2376,9856,cmd.exe 9828 RegCloseKey HKLM SUCCESS None 4/14/2022 8:23:40 PM Registry C:\Windows\system32\cmd.exe BLUETEAM\ezk cmd.exe /C wbadmin delete catalog -quiet 2376 9856,benign
cmd.exe,9828,RegCloseKey,HKLM\SOFTWARE\Microsoft\Ole,SUCCESS,,4/14/2022 8:23:40 PM,Registry,C:\Windows\system32\cmd.exe,BLUETEAM\ezk,cmd.exe /C wbadmin delete catalog -quiet,2376,9856,cmd.exe 9828 RegCloseKey HKLM\SOFTWARE\Microsoft\Ole SUCCESS None 4/14/2022 8:23:40 PM Registry C:\Windows\system32\cmd.exe BLUETEAM\ezk cmd.exe /C wbadmin delete catalog -quiet 2376 9856,benign
wbadmin.exe,4996,RegQueryKey,HKLM,SUCCESS,"Query: HandleTags, HandleTags: 0x0",4/14/2022 8:23:40 PM,Registry,C:\Windows\system32\wbadmin.exe,BLUETEAM\ezk,wbadmin  delete catalog -quiet,8212,9828,"wbadmin.exe 4996 RegQueryKey HKLM SUCCESS Query: HandleTags, HandleTags: 0x0 4/14/2022 8:23:40 PM Registry C:\Windows\system32\wbadmin.exe BLUETEAM\ezk wbadmin  delete catalog -quiet 8212 9828",benign
cmd.exe,9828,RegCloseKey,HKLM\System\CurrentControlSet\Services\bam\State\UserSettings\S-1-5-21-4065680934-2604657585-3199708412-1106,SUCCESS,,4/14/2022 8:23:40 PM,Registry,C:\Windows\system32\cmd.exe,BLUETEAM\ezk,cmd.exe /C wbadmin delete catalog -quiet,2376,9856,cmd.exe 9828 RegCloseKey HKLM\System\CurrentControlSet\Services\bam\State\UserSettings\S-1-5-21-4065680934-2604657585-3199708412-1106 SUCCESS None 4/14/2022 8:23:40 PM Registry C:\Windows\system32\cmd.exe BLUETEAM\ezk cmd.exe /C wbadmin delete catalog -quiet 2376 9856,benign
wbadmin.exe,4996,RegQueryKey,HKLM,SUCCESS,"Query: HandleTags, HandleTags: 0x0",4/14/2022 8:23:40 PM,Registry,C:\Windows\system32\wbadmin.exe,BLUETEAM\ezk,wbadmin  delete catalog -quiet,8212,9828,"wbadmin.exe 4996 RegQueryKey HKLM SUCCESS Query: HandleTags, HandleTags: 0x0 4/14/2022 8:23:40 PM Registry C:\Windows\system32\wbadmin.exe BLUETEAM\ezk wbadmin  delete catalog -quiet 8212 9828",benign
wbadmin.exe,4996,RegCloseKey,HKCR,SUCCESS,,4/14/2022 8:23:40 PM,Registry,C:\Windows\system32\wbadmin.exe,BLUETEAM\ezk,wbadmin  delete catalog -quiet,8212,9828,wbadmin.exe 4996 RegCloseKey HKCR SUCCESS None 4/14/2022 8:23:40 PM Registry C:\Windows\system32\wbadmin.exe BLUETEAM\ezk wbadmin  delete catalog -quiet 8212 9828,benign
wbadmin.exe,4996,CloseFile,C:\Windows\Registration\R000000000006.clb,SUCCESS,,4/14/2022 8:23:40 PM,File System,C:\Windows\system32\wbadmin.exe,BLUETEAM\ezk,wbadmin  delete catalog -quiet,8212,9828,wbadmin.exe 4996 CloseFile C:\Windows\Registration\R000000000006.clb SUCCESS None 4/14/2022 8:23:40 PM File System C:\Windows\system32\wbadmin.exe BLUETEAM\ezk wbadmin  delete catalog -quiet 8212 9828,benign
