Process Name,PID,Operation,Path,Result,Detail,Date & Time,Event Class,Image Path,User,Command Line,TID,Parent PID,Content,Label
cmd.exe,2128,Process Start,,SUCCESS,"Parent PID: 8028, Command line: cmd.exe /C nltest.exe /dclist:%userdnsdomain%, Current directory: C:\Windows\system32\, Environment: ;	ALLUSERSPROFILE=C:\ProgramData;	APPDATA=C:\Users\ezk\AppData\Roaming;	CommonProgramFiles=C:\Program Files\Common Files;	CommonProgramFiles(x86)=C:\Program Files (x86)\Common Files;	CommonProgramW6432=C:\Program Files\Common Files;	COMPUTERNAME=DESKTOP-BA1RQFC;	ComSpec=C:\Windows\system32\cmd.exe;	DriverData=C:\Windows\System32\Drivers\DriverData;	HOMEDRIVE=C:;	HOMEPATH=\Users\ezk;	LOCALAPPDATA=C:\Users\ezk\AppData\Local;	LOGONSERVER=\\DC02;	NUMBER_OF_PROCESSORS=2;	OneDrive=C:\Users\ezk\OneDrive;	OS=Windows_NT;	Path=C:\Windows\system32;C:\Windows;C:\Windows\System32\Wbem;C:\Windows\System32\WindowsPowerShell\v1.0\;C:\Windows\System32\OpenSSH\;C:\Users\ezk\AppData\Local\Microsoft\WindowsApps;	PATHEXT=.COM;.EXE;.BAT;.CMD;.VBS;.VBE;.JS;.JSE;.WSF;.WSH;.MSC;.CPL;	PROCESSOR_ARCHITECTURE=AMD64;	PROCESSOR_IDENTIFIER=Intel64 Family 6 Model 165 Stepping 5, GenuineIntel;	PROCESSOR_LEVEL=6;	PROCESSOR_REVISION=a505;	ProgramData=C:\ProgramData;	ProgramFiles=C:\Program Files;	ProgramFiles(x86)=C:\Program Files (x86);	ProgramW6432=C:\Program Files;	PSModulePath=C:\Users\ezk\Documents\WindowsPowerShell\Modules;C:\Program Files\WindowsPowerShell\Modules;C:\Windows\system32\WindowsPowerShell\v1.0\Modules;	PUBLIC=C:\Users\Public;	SystemDrive=C:;	SystemRoot=C:\Windows;	TEMP=C:\Users\ezk\AppData\Local\Temp;	TMP=C:\Users\ezk\AppData\Local\Temp;	USERDNSDOMAIN=BLUETEAM.COM;	USERDOMAIN=BLUETEAM;	USERDOMAIN_ROAMINGPROFILE=BLUETEAM;	USERNAME=ezk;	USERPROFILE=C:\Users\ezk;	windir=C:\Windows",4/14/2022 12:34:30 PM,Process,C:\Windows\system32\cmd.exe,BLUETEAM\ezk,cmd.exe /C nltest.exe /dclist:%userdnsdomain%,360,8028,"cmd.exe 2128 Process Start None SUCCESS Parent PID: 8028, Command line: cmd.exe /C nltest.exe /dclist:%userdnsdomain%, Current directory: C:\Windows\system32\, Environment: ;	ALLUSERSPROFILE=C:\ProgramData;	APPDATA=C:\Users\ezk\AppData\Roaming;	CommonProgramFiles=C:\Program Files\Common Files;	CommonProgramFiles(x86)=C:\Program Files (x86)\Common Files;	CommonProgramW6432=C:\Program Files\Common Files;	COMPUTERNAME=DESKTOP-BA1RQFC;	ComSpec=C:\Windows\system32\cmd.exe;	DriverData=C:\Windows\System32\Drivers\DriverData;	HOMEDRIVE=C:;	HOMEPATH=\Users\ezk;	LOCALAPPDATA=C:\Users\ezk\AppData\Local;	LOGONSERVER=\\DC02;	NUMBER_OF_PROCESSORS=2;	OneDrive=C:\Users\ezk\OneDrive;	OS=Windows_NT;	Path=C:\Windows\system32;C:\Windows;C:\Windows\System32\Wbem;C:\Windows\System32\WindowsPowerShell\v1.0\;C:\Windows\System32\OpenSSH\;C:\Users\ezk\AppData\Local\Microsoft\WindowsApps;	PATHEXT=.COM;.EXE;.BAT;.CMD;.VBS;.VBE;.JS;.JSE;.WSF;.WSH;.MSC;.CPL;	PROCESSOR_ARCHITECTURE=AMD64;	PROCESSOR_IDENTIFIER=Intel64 Family 6 Model 165 Stepping 5, GenuineIntel;	PROCESSOR_LEVEL=6;	PROCESSOR_REVISION=a505;	ProgramData=C:\ProgramData;	ProgramFiles=C:\Program Files;	ProgramFiles(x86)=C:\Program Files (x86);	ProgramW6432=C:\Program Files;	PSModulePath=C:\Users\ezk\Documents\WindowsPowerShell\Modules;C:\Program Files\WindowsPowerShell\Modules;C:\Windows\system32\WindowsPowerShell\v1.0\Modules;	PUBLIC=C:\Users\Public;	SystemDrive=C:;	SystemRoot=C:\Windows;	TEMP=C:\Users\ezk\AppData\Local\Temp;	TMP=C:\Users\ezk\AppData\Local\Temp;	USERDNSDOMAIN=BLUETEAM.COM;	USERDOMAIN=BLUETEAM;	USERDOMAIN_ROAMINGPROFILE=BLUETEAM;	USERNAME=ezk;	USERPROFILE=C:\Users\ezk;	windir=C:\Windows 4/14/2022 12:34:30 PM Process C:\Windows\system32\cmd.exe BLUETEAM\ezk cmd.exe /C nltest.exe /dclist:%userdnsdomain% 360 8028",benign
nltest.exe,5768,CreateFile,C:\Windows\System32\dnsapi.dll,SUCCESS,"Desired Access: Read Attributes, Disposition: Open, Options: Open Reparse Point, Attributes: n/a, ShareMode: Read, Write, Delete, AllocationSize: n/a, OpenResult: Opened",4/14/2022 12:34:30 PM,File System,C:\Windows\system32\nltest.exe,BLUETEAM\ezk,nltest.exe  /dclist:BLUETEAM.COM,10756,2128,"nltest.exe 5768 CreateFile C:\Windows\System32\dnsapi.dll SUCCESS Desired Access: Read Attributes, Disposition: Open, Options: Open Reparse Point, Attributes: n/a, ShareMode: Read, Write, Delete, AllocationSize: n/a, OpenResult: Opened 4/14/2022 12:34:30 PM File System C:\Windows\system32\nltest.exe BLUETEAM\ezk nltest.exe  /dclist:BLUETEAM.COM 10756 2128",benign
nltest.exe,5768,QueryBasicInformationFile,C:\Windows\System32\dnsapi.dll,SUCCESS,"CreationTime: 9/22/2021 5:22:05 PM, LastAccessTime: 4/14/2022 12:33:49 PM, LastWriteTime: 9/22/2021 5:22:05 PM, ChangeTime: 10/15/2021 2:25:07 PM, FileAttributes: A",4/14/2022 12:34:30 PM,File System,C:\Windows\system32\nltest.exe,BLUETEAM\ezk,nltest.exe  /dclist:BLUETEAM.COM,10756,2128,"nltest.exe 5768 QueryBasicInformationFile C:\Windows\System32\dnsapi.dll SUCCESS CreationTime: 9/22/2021 5:22:05 PM, LastAccessTime: 4/14/2022 12:33:49 PM, LastWriteTime: 9/22/2021 5:22:05 PM, ChangeTime: 10/15/2021 2:25:07 PM, FileAttributes: A 4/14/2022 12:34:30 PM File System C:\Windows\system32\nltest.exe BLUETEAM\ezk nltest.exe  /dclist:BLUETEAM.COM 10756 2128",benign
nltest.exe,5768,CloseFile,C:\Windows\System32\dnsapi.dll,SUCCESS,,4/14/2022 12:34:30 PM,File System,C:\Windows\system32\nltest.exe,BLUETEAM\ezk,nltest.exe  /dclist:BLUETEAM.COM,10756,2128,nltest.exe 5768 CloseFile C:\Windows\System32\dnsapi.dll SUCCESS None 4/14/2022 12:34:30 PM File System C:\Windows\system32\nltest.exe BLUETEAM\ezk nltest.exe  /dclist:BLUETEAM.COM 10756 2128,benign
nltest.exe,5768,CreateFile,C:\Windows\System32\dnsapi.dll,SUCCESS,"Desired Access: Read Data/List Directory, Execute/Traverse, Synchronize, Disposition: Open, Options: Synchronous IO Non-Alert, Non-Directory File, Attributes: n/a, ShareMode: Read, Delete, AllocationSize: n/a, OpenResult: Opened",4/14/2022 12:34:30 PM,File System,C:\Windows\system32\nltest.exe,BLUETEAM\ezk,nltest.exe  /dclist:BLUETEAM.COM,10756,2128,"nltest.exe 5768 CreateFile C:\Windows\System32\dnsapi.dll SUCCESS Desired Access: Read Data/List Directory, Execute/Traverse, Synchronize, Disposition: Open, Options: Synchronous IO Non-Alert, Non-Directory File, Attributes: n/a, ShareMode: Read, Delete, AllocationSize: n/a, OpenResult: Opened 4/14/2022 12:34:30 PM File System C:\Windows\system32\nltest.exe BLUETEAM\ezk nltest.exe  /dclist:BLUETEAM.COM 10756 2128",benign
nltest.exe,5768,CloseFile,C:\Windows\System32\dnsapi.dll,SUCCESS,,4/14/2022 12:34:30 PM,File System,C:\Windows\system32\nltest.exe,BLUETEAM\ezk,nltest.exe  /dclist:BLUETEAM.COM,10756,2128,nltest.exe 5768 CloseFile C:\Windows\System32\dnsapi.dll SUCCESS None 4/14/2022 12:34:30 PM File System C:\Windows\system32\nltest.exe BLUETEAM\ezk nltest.exe  /dclist:BLUETEAM.COM 10756 2128,benign
nltest.exe,5768,CreateFile,C:\Windows\System32\IPHLPAPI.DLL,SUCCESS,"Desired Access: Read Attributes, Disposition: Open, Options: Open Reparse Point, Attributes: n/a, ShareMode: Read, Write, Delete, AllocationSize: n/a, OpenResult: Opened",4/14/2022 12:34:30 PM,File System,C:\Windows\system32\nltest.exe,BLUETEAM\ezk,nltest.exe  /dclist:BLUETEAM.COM,10756,2128,"nltest.exe 5768 CreateFile C:\Windows\System32\IPHLPAPI.DLL SUCCESS Desired Access: Read Attributes, Disposition: Open, Options: Open Reparse Point, Attributes: n/a, ShareMode: Read, Write, Delete, AllocationSize: n/a, OpenResult: Opened 4/14/2022 12:34:30 PM File System C:\Windows\system32\nltest.exe BLUETEAM\ezk nltest.exe  /dclist:BLUETEAM.COM 10756 2128",benign
nltest.exe,5768,QueryBasicInformationFile,C:\Windows\System32\IPHLPAPI.DLL,SUCCESS,"CreationTime: 9/22/2021 5:22:05 PM, LastAccessTime: 4/14/2022 12:33:49 PM, LastWriteTime: 9/22/2021 5:22:05 PM, ChangeTime: 10/15/2021 2:25:23 PM, FileAttributes: A",4/14/2022 12:34:30 PM,File System,C:\Windows\system32\nltest.exe,BLUETEAM\ezk,nltest.exe  /dclist:BLUETEAM.COM,10756,2128,"nltest.exe 5768 QueryBasicInformationFile C:\Windows\System32\IPHLPAPI.DLL SUCCESS CreationTime: 9/22/2021 5:22:05 PM, LastAccessTime: 4/14/2022 12:33:49 PM, LastWriteTime: 9/22/2021 5:22:05 PM, ChangeTime: 10/15/2021 2:25:23 PM, FileAttributes: A 4/14/2022 12:34:30 PM File System C:\Windows\system32\nltest.exe BLUETEAM\ezk nltest.exe  /dclist:BLUETEAM.COM 10756 2128",benign
nltest.exe,5768,CloseFile,C:\Windows\System32\IPHLPAPI.DLL,SUCCESS,,4/14/2022 12:34:30 PM,File System,C:\Windows\system32\nltest.exe,BLUETEAM\ezk,nltest.exe  /dclist:BLUETEAM.COM,10756,2128,nltest.exe 5768 CloseFile C:\Windows\System32\IPHLPAPI.DLL SUCCESS None 4/14/2022 12:34:30 PM File System C:\Windows\system32\nltest.exe BLUETEAM\ezk nltest.exe  /dclist:BLUETEAM.COM 10756 2128,benign
nltest.exe,5768,CreateFile,C:\Windows\System32\IPHLPAPI.DLL,SUCCESS,"Desired Access: Read Data/List Directory, Execute/Traverse, Synchronize, Disposition: Open, Options: Synchronous IO Non-Alert, Non-Directory File, Attributes: n/a, ShareMode: Read, Delete, AllocationSize: n/a, OpenResult: Opened",4/14/2022 12:34:30 PM,File System,C:\Windows\system32\nltest.exe,BLUETEAM\ezk,nltest.exe  /dclist:BLUETEAM.COM,10756,2128,"nltest.exe 5768 CreateFile C:\Windows\System32\IPHLPAPI.DLL SUCCESS Desired Access: Read Data/List Directory, Execute/Traverse, Synchronize, Disposition: Open, Options: Synchronous IO Non-Alert, Non-Directory File, Attributes: n/a, ShareMode: Read, Delete, AllocationSize: n/a, OpenResult: Opened 4/14/2022 12:34:30 PM File System C:\Windows\system32\nltest.exe BLUETEAM\ezk nltest.exe  /dclist:BLUETEAM.COM 10756 2128",benign
nltest.exe,5768,CloseFile,C:\Windows\System32\IPHLPAPI.DLL,SUCCESS,,4/14/2022 12:34:30 PM,File System,C:\Windows\system32\nltest.exe,BLUETEAM\ezk,nltest.exe  /dclist:BLUETEAM.COM,10756,2128,nltest.exe 5768 CloseFile C:\Windows\System32\IPHLPAPI.DLL SUCCESS None 4/14/2022 12:34:30 PM File System C:\Windows\system32\nltest.exe BLUETEAM\ezk nltest.exe  /dclist:BLUETEAM.COM 10756 2128,benign
nltest.exe,5768,RegQueryKey,HKLM,SUCCESS,"Query: HandleTags, HandleTags: 0x0",4/14/2022 12:34:30 PM,Registry,C:\Windows\system32\nltest.exe,BLUETEAM\ezk,nltest.exe  /dclist:BLUETEAM.COM,10756,2128,"nltest.exe 5768 RegQueryKey HKLM SUCCESS Query: HandleTags, HandleTags: 0x0 4/14/2022 12:34:30 PM Registry C:\Windows\system32\nltest.exe BLUETEAM\ezk nltest.exe  /dclist:BLUETEAM.COM 10756 2128",benign
nltest.exe,5768,RegOpenKey,HKLM\System\CurrentControlSet\Services\Tcpip\Parameters\Interfaces,REPARSE,Desired Access: Read,4/14/2022 12:34:30 PM,Registry,C:\Windows\system32\nltest.exe,BLUETEAM\ezk,nltest.exe  /dclist:BLUETEAM.COM,10756,2128,nltest.exe 5768 RegOpenKey HKLM\System\CurrentControlSet\Services\Tcpip\Parameters\Interfaces REPARSE Desired Access: Read 4/14/2022 12:34:30 PM Registry C:\Windows\system32\nltest.exe BLUETEAM\ezk nltest.exe  /dclist:BLUETEAM.COM 10756 2128,benign
nltest.exe,5768,RegOpenKey,HKLM\System\CurrentControlSet\Services\Tcpip\Parameters\Interfaces,SUCCESS,Desired Access: Read,4/14/2022 12:34:30 PM,Registry,C:\Windows\system32\nltest.exe,BLUETEAM\ezk,nltest.exe  /dclist:BLUETEAM.COM,10756,2128,nltest.exe 5768 RegOpenKey HKLM\System\CurrentControlSet\Services\Tcpip\Parameters\Interfaces SUCCESS Desired Access: Read 4/14/2022 12:34:30 PM Registry C:\Windows\system32\nltest.exe BLUETEAM\ezk nltest.exe  /dclist:BLUETEAM.COM 10756 2128,benign
nltest.exe,5768,RegQueryKey,HKLM,SUCCESS,"Query: HandleTags, HandleTags: 0x0",4/14/2022 12:34:30 PM,Registry,C:\Windows\system32\nltest.exe,BLUETEAM\ezk,nltest.exe  /dclist:BLUETEAM.COM,10756,2128,"nltest.exe 5768 RegQueryKey HKLM SUCCESS Query: HandleTags, HandleTags: 0x0 4/14/2022 12:34:30 PM Registry C:\Windows\system32\nltest.exe BLUETEAM\ezk nltest.exe  /dclist:BLUETEAM.COM 10756 2128",benign
nltest.exe,5768,RegCloseKey,HKLM\System\CurrentControlSet\Services\Tcpip6\Parameters\Winsock,SUCCESS,,4/14/2022 12:34:30 PM,Registry,C:\Windows\system32\nltest.exe,BLUETEAM\ezk,nltest.exe  /dclist:BLUETEAM.COM,10756,2128,nltest.exe 5768 RegCloseKey HKLM\System\CurrentControlSet\Services\Tcpip6\Parameters\Winsock SUCCESS None 4/14/2022 12:34:30 PM Registry C:\Windows\system32\nltest.exe BLUETEAM\ezk nltest.exe  /dclist:BLUETEAM.COM 10756 2128,benign
nltest.exe,5768,RegOpenKey,HKLM\System\CurrentControlSet\Services\Tcpip6\Parameters\Interfaces,REPARSE,Desired Access: Read,4/14/2022 12:34:30 PM,Registry,C:\Windows\system32\nltest.exe,BLUETEAM\ezk,nltest.exe  /dclist:BLUETEAM.COM,10756,2128,nltest.exe 5768 RegOpenKey HKLM\System\CurrentControlSet\Services\Tcpip6\Parameters\Interfaces REPARSE Desired Access: Read 4/14/2022 12:34:30 PM Registry C:\Windows\system32\nltest.exe BLUETEAM\ezk nltest.exe  /dclist:BLUETEAM.COM 10756 2128,benign
nltest.exe,5768,RegQueryKey,HKLM,SUCCESS,"Query: HandleTags, HandleTags: 0x0",4/14/2022 12:34:30 PM,Registry,C:\Windows\system32\nltest.exe,BLUETEAM\ezk,nltest.exe  /dclist:BLUETEAM.COM,10756,2128,"nltest.exe 5768 RegQueryKey HKLM SUCCESS Query: HandleTags, HandleTags: 0x0 4/14/2022 12:34:30 PM Registry C:\Windows\system32\nltest.exe BLUETEAM\ezk nltest.exe  /dclist:BLUETEAM.COM 10756 2128",benign
nltest.exe,5768,RegCreateKey,HKLM\System\CurrentControlSet\Services\Tcpip\Parameters,REPARSE,Desired Access: Read,4/14/2022 12:34:30 PM,Registry,C:\Windows\system32\nltest.exe,BLUETEAM\ezk,nltest.exe  /dclist:BLUETEAM.COM,10756,2128,nltest.exe 5768 RegCreateKey HKLM\System\CurrentControlSet\Services\Tcpip\Parameters REPARSE Desired Access: Read 4/14/2022 12:34:30 PM Registry C:\Windows\system32\nltest.exe BLUETEAM\ezk nltest.exe  /dclist:BLUETEAM.COM 10756 2128,benign
nltest.exe,5768,RegCreateKey,HKLM\System\CurrentControlSet\Services\Tcpip\Parameters,SUCCESS,"Desired Access: Read, Disposition: REG_OPENED_EXISTING_KEY",4/14/2022 12:34:30 PM,Registry,C:\Windows\system32\nltest.exe,BLUETEAM\ezk,nltest.exe  /dclist:BLUETEAM.COM,10756,2128,"nltest.exe 5768 RegCreateKey HKLM\System\CurrentControlSet\Services\Tcpip\Parameters SUCCESS Desired Access: Read, Disposition: REG_OPENED_EXISTING_KEY 4/14/2022 12:34:30 PM Registry C:\Windows\system32\nltest.exe BLUETEAM\ezk nltest.exe  /dclist:BLUETEAM.COM 10756 2128",benign
nltest.exe,5768,RegQueryKey,HKLM,SUCCESS,"Query: HandleTags, HandleTags: 0x0",4/14/2022 12:34:30 PM,Registry,C:\Windows\system32\nltest.exe,BLUETEAM\ezk,nltest.exe  /dclist:BLUETEAM.COM,10756,2128,"nltest.exe 5768 RegQueryKey HKLM SUCCESS Query: HandleTags, HandleTags: 0x0 4/14/2022 12:34:30 PM Registry C:\Windows\system32\nltest.exe BLUETEAM\ezk nltest.exe  /dclist:BLUETEAM.COM 10756 2128",benign
nltest.exe,5768,RegOpenKey,HKLM\SYSTEM\CurrentControlSet\Services\Dnscache\Parameters,REPARSE,Desired Access: Read,4/14/2022 12:34:30 PM,Registry,C:\Windows\system32\nltest.exe,BLUETEAM\ezk,nltest.exe  /dclist:BLUETEAM.COM,10756,2128,nltest.exe 5768 RegOpenKey HKLM\SYSTEM\CurrentControlSet\Services\Dnscache\Parameters REPARSE Desired Access: Read 4/14/2022 12:34:30 PM Registry C:\Windows\system32\nltest.exe BLUETEAM\ezk nltest.exe  /dclist:BLUETEAM.COM 10756 2128,benign
nltest.exe,5768,RegOpenKey,HKLM\System\CurrentControlSet\Services\Dnscache\Parameters,SUCCESS,Desired Access: Read,4/14/2022 12:34:30 PM,Registry,C:\Windows\system32\nltest.exe,BLUETEAM\ezk,nltest.exe  /dclist:BLUETEAM.COM,10756,2128,nltest.exe 5768 RegOpenKey HKLM\System\CurrentControlSet\Services\Dnscache\Parameters SUCCESS Desired Access: Read 4/14/2022 12:34:30 PM Registry C:\Windows\system32\nltest.exe BLUETEAM\ezk nltest.exe  /dclist:BLUETEAM.COM 10756 2128,benign
nltest.exe,5768,RegQueryKey,HKLM,SUCCESS,"Query: HandleTags, HandleTags: 0x0",4/14/2022 12:34:30 PM,Registry,C:\Windows\system32\nltest.exe,BLUETEAM\ezk,nltest.exe  /dclist:BLUETEAM.COM,10756,2128,"nltest.exe 5768 RegQueryKey HKLM SUCCESS Query: HandleTags, HandleTags: 0x0 4/14/2022 12:34:30 PM Registry C:\Windows\system32\nltest.exe BLUETEAM\ezk nltest.exe  /dclist:BLUETEAM.COM 10756 2128",benign
nltest.exe,5768,RegOpenKey,HKLM\Software\Policies\Microsoft\Windows NT\DnsClient,NAME NOT FOUND,Desired Access: Read,4/14/2022 12:34:30 PM,Registry,C:\Windows\system32\nltest.exe,BLUETEAM\ezk,nltest.exe  /dclist:BLUETEAM.COM,10756,2128,nltest.exe 5768 RegOpenKey HKLM\Software\Policies\Microsoft\Windows NT\DnsClient NAME NOT FOUND Desired Access: Read 4/14/2022 12:34:30 PM Registry C:\Windows\system32\nltest.exe BLUETEAM\ezk nltest.exe  /dclist:BLUETEAM.COM 10756 2128,benign
nltest.exe,5768,RegQueryValue,HKLM\System\CurrentControlSet\Services\Tcpip\Parameters\Hostname,BUFFER OVERFLOW,Length: 12,4/14/2022 12:34:30 PM,Registry,C:\Windows\system32\nltest.exe,BLUETEAM\ezk,nltest.exe  /dclist:BLUETEAM.COM,10756,2128,nltest.exe 5768 RegQueryValue HKLM\System\CurrentControlSet\Services\Tcpip\Parameters\Hostname BUFFER OVERFLOW Length: 12 4/14/2022 12:34:30 PM Registry C:\Windows\system32\nltest.exe BLUETEAM\ezk nltest.exe  /dclist:BLUETEAM.COM 10756 2128,benign
nltest.exe,5768,RegQueryValue,HKLM\System\CurrentControlSet\Services\Tcpip\Parameters\Hostname,SUCCESS,"Type: REG_SZ, Length: 32, Data: DESKTOP-BA1RQFC",4/14/2022 12:34:30 PM,Registry,C:\Windows\system32\nltest.exe,BLUETEAM\ezk,nltest.exe  /dclist:BLUETEAM.COM,10756,2128,"nltest.exe 5768 RegQueryValue HKLM\System\CurrentControlSet\Services\Tcpip\Parameters\Hostname SUCCESS Type: REG_SZ, Length: 32, Data: DESKTOP-BA1RQFC 4/14/2022 12:34:30 PM Registry C:\Windows\system32\nltest.exe BLUETEAM\ezk nltest.exe  /dclist:BLUETEAM.COM 10756 2128",benign
nltest.exe,5768,RegCloseKey,HKLM\System\CurrentControlSet\Services\Tcpip\Parameters,SUCCESS,,4/14/2022 12:34:30 PM,Registry,C:\Windows\system32\nltest.exe,BLUETEAM\ezk,nltest.exe  /dclist:BLUETEAM.COM,10756,2128,nltest.exe 5768 RegCloseKey HKLM\System\CurrentControlSet\Services\Tcpip\Parameters SUCCESS None 4/14/2022 12:34:30 PM Registry C:\Windows\system32\nltest.exe BLUETEAM\ezk nltest.exe  /dclist:BLUETEAM.COM 10756 2128,benign
nltest.exe,5768,RegCloseKey,HKLM\System\CurrentControlSet\Services\Dnscache\Parameters,SUCCESS,,4/14/2022 12:34:30 PM,Registry,C:\Windows\system32\nltest.exe,BLUETEAM\ezk,nltest.exe  /dclist:BLUETEAM.COM,10756,2128,nltest.exe 5768 RegCloseKey HKLM\System\CurrentControlSet\Services\Dnscache\Parameters SUCCESS None 4/14/2022 12:34:30 PM Registry C:\Windows\system32\nltest.exe BLUETEAM\ezk nltest.exe  /dclist:BLUETEAM.COM 10756 2128,benign
nltest.exe,5768,RegQueryKey,HKLM,SUCCESS,"Query: HandleTags, HandleTags: 0x0",4/14/2022 12:34:30 PM,Registry,C:\Windows\system32\nltest.exe,BLUETEAM\ezk,nltest.exe  /dclist:BLUETEAM.COM,10756,2128,"nltest.exe 5768 RegQueryKey HKLM SUCCESS Query: HandleTags, HandleTags: 0x0 4/14/2022 12:34:30 PM Registry C:\Windows\system32\nltest.exe BLUETEAM\ezk nltest.exe  /dclist:BLUETEAM.COM 10756 2128",benign
nltest.exe,5768,RegCreateKey,HKLM\System\CurrentControlSet\Services\Tcpip\Parameters,REPARSE,Desired Access: Read,4/14/2022 12:34:30 PM,Registry,C:\Windows\system32\nltest.exe,BLUETEAM\ezk,nltest.exe  /dclist:BLUETEAM.COM,10756,2128,nltest.exe 5768 RegCreateKey HKLM\System\CurrentControlSet\Services\Tcpip\Parameters REPARSE Desired Access: Read 4/14/2022 12:34:30 PM Registry C:\Windows\system32\nltest.exe BLUETEAM\ezk nltest.exe  /dclist:BLUETEAM.COM 10756 2128,benign
nltest.exe,5768,RegOpenKey,HKLM\System\CurrentControlSet\Services\Tcpip6\Parameters\Interfaces,SUCCESS,Desired Access: Read,4/14/2022 12:34:30 PM,Registry,C:\Windows\system32\nltest.exe,BLUETEAM\ezk,nltest.exe  /dclist:BLUETEAM.COM,10756,2128,nltest.exe 5768 RegOpenKey HKLM\System\CurrentControlSet\Services\Tcpip6\Parameters\Interfaces SUCCESS Desired Access: Read 4/14/2022 12:34:30 PM Registry C:\Windows\system32\nltest.exe BLUETEAM\ezk nltest.exe  /dclist:BLUETEAM.COM 10756 2128,benign
nltest.exe,5768,RegQueryValue,HKLM\System\CurrentControlSet\Services\Tcpip6\Parameters\Winsock\UseDelayedAcceptance,SUCCESS,"Type: REG_DWORD, Length: 4, Data: 0",4/14/2022 12:34:30 PM,Registry,C:\Windows\system32\nltest.exe,BLUETEAM\ezk,nltest.exe  /dclist:BLUETEAM.COM,10756,2128,"nltest.exe 5768 RegQueryValue HKLM\System\CurrentControlSet\Services\Tcpip6\Parameters\Winsock\UseDelayedAcceptance SUCCESS Type: REG_DWORD, Length: 4, Data: 0 4/14/2022 12:34:30 PM Registry C:\Windows\system32\nltest.exe BLUETEAM\ezk nltest.exe  /dclist:BLUETEAM.COM 10756 2128",benign
nltest.exe,5768,RegQueryValue,HKLM\System\CurrentControlSet\Services\Tcpip6\Parameters\Winsock\MaxSockaddrLength,SUCCESS,"Type: REG_DWORD, Length: 4, Data: 28",4/14/2022 12:34:30 PM,Registry,C:\Windows\system32\nltest.exe,BLUETEAM\ezk,nltest.exe  /dclist:BLUETEAM.COM,10756,2128,"nltest.exe 5768 RegQueryValue HKLM\System\CurrentControlSet\Services\Tcpip6\Parameters\Winsock\MaxSockaddrLength SUCCESS Type: REG_DWORD, Length: 4, Data: 28 4/14/2022 12:34:30 PM Registry C:\Windows\system32\nltest.exe BLUETEAM\ezk nltest.exe  /dclist:BLUETEAM.COM 10756 2128",benign
nltest.exe,5768,RegQueryValue,HKLM\System\CurrentControlSet\Services\Tcpip6\Parameters\Winsock\MinSockaddrLength,SUCCESS,"Type: REG_DWORD, Length: 4, Data: 28",4/14/2022 12:34:30 PM,Registry,C:\Windows\system32\nltest.exe,BLUETEAM\ezk,nltest.exe  /dclist:BLUETEAM.COM,10756,2128,"nltest.exe 5768 RegQueryValue HKLM\System\CurrentControlSet\Services\Tcpip6\Parameters\Winsock\MinSockaddrLength SUCCESS Type: REG_DWORD, Length: 4, Data: 28 4/14/2022 12:34:30 PM Registry C:\Windows\system32\nltest.exe BLUETEAM\ezk nltest.exe  /dclist:BLUETEAM.COM 10756 2128",benign
nltest.exe,5768,RegQueryValue,HKLM\System\CurrentControlSet\Services\Tcpip\Parameters\Winsock\UseDelayedAcceptance,SUCCESS,"Type: REG_DWORD, Length: 4, Data: 0",4/14/2022 12:34:30 PM,Registry,C:\Windows\system32\nltest.exe,BLUETEAM\ezk,nltest.exe  /dclist:BLUETEAM.COM,10756,2128,"nltest.exe 5768 RegQueryValue HKLM\System\CurrentControlSet\Services\Tcpip\Parameters\Winsock\UseDelayedAcceptance SUCCESS Type: REG_DWORD, Length: 4, Data: 0 4/14/2022 12:34:30 PM Registry C:\Windows\system32\nltest.exe BLUETEAM\ezk nltest.exe  /dclist:BLUETEAM.COM 10756 2128",benign
nltest.exe,5768,RegCloseKey,HKLM\System\CurrentControlSet\Services\Tcpip\Parameters\Winsock,SUCCESS,,4/14/2022 12:34:30 PM,Registry,C:\Windows\system32\nltest.exe,BLUETEAM\ezk,nltest.exe  /dclist:BLUETEAM.COM,10756,2128,nltest.exe 5768 RegCloseKey HKLM\System\CurrentControlSet\Services\Tcpip\Parameters\Winsock SUCCESS None 4/14/2022 12:34:30 PM Registry C:\Windows\system32\nltest.exe BLUETEAM\ezk nltest.exe  /dclist:BLUETEAM.COM 10756 2128,benign
nltest.exe,5768,RegQueryKey,HKLM,SUCCESS,"Query: HandleTags, HandleTags: 0x0",4/14/2022 12:34:30 PM,Registry,C:\Windows\system32\nltest.exe,BLUETEAM\ezk,nltest.exe  /dclist:BLUETEAM.COM,10756,2128,"nltest.exe 5768 RegQueryKey HKLM SUCCESS Query: HandleTags, HandleTags: 0x0 4/14/2022 12:34:30 PM Registry C:\Windows\system32\nltest.exe BLUETEAM\ezk nltest.exe  /dclist:BLUETEAM.COM 10756 2128",benign
nltest.exe,5768,RegOpenKey,HKLM\SYSTEM\CurrentControlSet\Services\Winsock\Parameters,REPARSE,Desired Access: Read,4/14/2022 12:34:30 PM,Registry,C:\Windows\system32\nltest.exe,BLUETEAM\ezk,nltest.exe  /dclist:BLUETEAM.COM,10756,2128,nltest.exe 5768 RegOpenKey HKLM\SYSTEM\CurrentControlSet\Services\Winsock\Parameters REPARSE Desired Access: Read 4/14/2022 12:34:30 PM Registry C:\Windows\system32\nltest.exe BLUETEAM\ezk nltest.exe  /dclist:BLUETEAM.COM 10756 2128,benign
nltest.exe,5768,RegOpenKey,HKLM\System\CurrentControlSet\Services\Winsock\Parameters,SUCCESS,Desired Access: Read,4/14/2022 12:34:30 PM,Registry,C:\Windows\system32\nltest.exe,BLUETEAM\ezk,nltest.exe  /dclist:BLUETEAM.COM,10756,2128,nltest.exe 5768 RegOpenKey HKLM\System\CurrentControlSet\Services\Winsock\Parameters SUCCESS Desired Access: Read 4/14/2022 12:34:30 PM Registry C:\Windows\system32\nltest.exe BLUETEAM\ezk nltest.exe  /dclist:BLUETEAM.COM 10756 2128,benign
nltest.exe,5768,RegQueryValue,HKLM\System\CurrentControlSet\Services\Winsock\Parameters\Transports,BUFFER OVERFLOW,Length: 12,4/14/2022 12:34:30 PM,Registry,C:\Windows\system32\nltest.exe,BLUETEAM\ezk,nltest.exe  /dclist:BLUETEAM.COM,10756,2128,nltest.exe 5768 RegQueryValue HKLM\System\CurrentControlSet\Services\Winsock\Parameters\Transports BUFFER OVERFLOW Length: 12 4/14/2022 12:34:30 PM Registry C:\Windows\system32\nltest.exe BLUETEAM\ezk nltest.exe  /dclist:BLUETEAM.COM 10756 2128,benign
nltest.exe,5768,RegQueryValue,HKLM\System\CurrentControlSet\Services\Winsock\Parameters\Transports,SUCCESS,"Type: REG_MULTI_SZ, Length: 82, Data: Tcpip, Tcpip6, afunix, Psched, vmbus, RFCOMM",4/14/2022 12:34:30 PM,Registry,C:\Windows\system32\nltest.exe,BLUETEAM\ezk,nltest.exe  /dclist:BLUETEAM.COM,10756,2128,"nltest.exe 5768 RegQueryValue HKLM\System\CurrentControlSet\Services\Winsock\Parameters\Transports SUCCESS Type: REG_MULTI_SZ, Length: 82, Data: Tcpip, Tcpip6, afunix, Psched, vmbus, RFCOMM 4/14/2022 12:34:30 PM Registry C:\Windows\system32\nltest.exe BLUETEAM\ezk nltest.exe  /dclist:BLUETEAM.COM 10756 2128",benign
nltest.exe,5768,RegCloseKey,HKLM\System\CurrentControlSet\Services\Winsock\Parameters,SUCCESS,,4/14/2022 12:34:30 PM,Registry,C:\Windows\system32\nltest.exe,BLUETEAM\ezk,nltest.exe  /dclist:BLUETEAM.COM,10756,2128,nltest.exe 5768 RegCloseKey HKLM\System\CurrentControlSet\Services\Winsock\Parameters SUCCESS None 4/14/2022 12:34:30 PM Registry C:\Windows\system32\nltest.exe BLUETEAM\ezk nltest.exe  /dclist:BLUETEAM.COM 10756 2128,benign
nltest.exe,5768,RegQueryKey,HKLM,SUCCESS,"Query: HandleTags, HandleTags: 0x0",4/14/2022 12:34:30 PM,Registry,C:\Windows\system32\nltest.exe,BLUETEAM\ezk,nltest.exe  /dclist:BLUETEAM.COM,10756,2128,"nltest.exe 5768 RegQueryKey HKLM SUCCESS Query: HandleTags, HandleTags: 0x0 4/14/2022 12:34:30 PM Registry C:\Windows\system32\nltest.exe BLUETEAM\ezk nltest.exe  /dclist:BLUETEAM.COM 10756 2128",benign
nltest.exe,5768,RegOpenKey,HKLM\System\CurrentControlSet\Services\Tcpip\Parameters\Winsock,REPARSE,Desired Access: Read,4/14/2022 12:34:30 PM,Registry,C:\Windows\system32\nltest.exe,BLUETEAM\ezk,nltest.exe  /dclist:BLUETEAM.COM,10756,2128,nltest.exe 5768 RegOpenKey HKLM\System\CurrentControlSet\Services\Tcpip\Parameters\Winsock REPARSE Desired Access: Read 4/14/2022 12:34:30 PM Registry C:\Windows\system32\nltest.exe BLUETEAM\ezk nltest.exe  /dclist:BLUETEAM.COM 10756 2128,benign
nltest.exe,5768,RegOpenKey,HKLM\System\CurrentControlSet\Services\Tcpip\Parameters\Winsock,SUCCESS,Desired Access: Read,4/14/2022 12:34:30 PM,Registry,C:\Windows\system32\nltest.exe,BLUETEAM\ezk,nltest.exe  /dclist:BLUETEAM.COM,10756,2128,nltest.exe 5768 RegOpenKey HKLM\System\CurrentControlSet\Services\Tcpip\Parameters\Winsock SUCCESS Desired Access: Read 4/14/2022 12:34:30 PM Registry C:\Windows\system32\nltest.exe BLUETEAM\ezk nltest.exe  /dclist:BLUETEAM.COM 10756 2128,benign
nltest.exe,5768,RegQueryValue,HKLM\System\CurrentControlSet\Services\Tcpip\Parameters\Winsock\Mapping,BUFFER OVERFLOW,Length: 12,4/14/2022 12:34:30 PM,Registry,C:\Windows\system32\nltest.exe,BLUETEAM\ezk,nltest.exe  /dclist:BLUETEAM.COM,10756,2128,nltest.exe 5768 RegQueryValue HKLM\System\CurrentControlSet\Services\Tcpip\Parameters\Winsock\Mapping BUFFER OVERFLOW Length: 12 4/14/2022 12:34:30 PM Registry C:\Windows\system32\nltest.exe BLUETEAM\ezk nltest.exe  /dclist:BLUETEAM.COM 10756 2128,benign
nltest.exe,5768,RegQueryValue,HKLM\System\CurrentControlSet\Services\Tcpip\Parameters\Winsock\Mapping,SUCCESS,"Type: REG_BINARY, Length: 104, Data: 08 00 00 00 03 00 00 00 02 00 00 00 01 00 00 00",4/14/2022 12:34:30 PM,Registry,C:\Windows\system32\nltest.exe,BLUETEAM\ezk,nltest.exe  /dclist:BLUETEAM.COM,10756,2128,"nltest.exe 5768 RegQueryValue HKLM\System\CurrentControlSet\Services\Tcpip\Parameters\Winsock\Mapping SUCCESS Type: REG_BINARY, Length: 104, Data: 08 00 00 00 03 00 00 00 02 00 00 00 01 00 00 00 4/14/2022 12:34:30 PM Registry C:\Windows\system32\nltest.exe BLUETEAM\ezk nltest.exe  /dclist:BLUETEAM.COM 10756 2128",benign
nltest.exe,5768,RegCloseKey,HKLM\System\CurrentControlSet\Services\Tcpip\Parameters\Winsock,SUCCESS,,4/14/2022 12:34:30 PM,Registry,C:\Windows\system32\nltest.exe,BLUETEAM\ezk,nltest.exe  /dclist:BLUETEAM.COM,10756,2128,nltest.exe 5768 RegCloseKey HKLM\System\CurrentControlSet\Services\Tcpip\Parameters\Winsock SUCCESS None 4/14/2022 12:34:30 PM Registry C:\Windows\system32\nltest.exe BLUETEAM\ezk nltest.exe  /dclist:BLUETEAM.COM 10756 2128,benign
nltest.exe,5768,RegQueryKey,HKLM,SUCCESS,"Query: HandleTags, HandleTags: 0x0",4/14/2022 12:34:30 PM,Registry,C:\Windows\system32\nltest.exe,BLUETEAM\ezk,nltest.exe  /dclist:BLUETEAM.COM,10756,2128,"nltest.exe 5768 RegQueryKey HKLM SUCCESS Query: HandleTags, HandleTags: 0x0 4/14/2022 12:34:30 PM Registry C:\Windows\system32\nltest.exe BLUETEAM\ezk nltest.exe  /dclist:BLUETEAM.COM 10756 2128",benign
nltest.exe,5768,RegOpenKey,HKLM\System\CurrentControlSet\Services\Tcpip6\Parameters\Winsock,REPARSE,Desired Access: Read,4/14/2022 12:34:30 PM,Registry,C:\Windows\system32\nltest.exe,BLUETEAM\ezk,nltest.exe  /dclist:BLUETEAM.COM,10756,2128,nltest.exe 5768 RegOpenKey HKLM\System\CurrentControlSet\Services\Tcpip6\Parameters\Winsock REPARSE Desired Access: Read 4/14/2022 12:34:30 PM Registry C:\Windows\system32\nltest.exe BLUETEAM\ezk nltest.exe  /dclist:BLUETEAM.COM 10756 2128,benign
nltest.exe,5768,RegOpenKey,HKLM\System\CurrentControlSet\Services\Tcpip6\Parameters\Winsock,SUCCESS,Desired Access: Read,4/14/2022 12:34:30 PM,Registry,C:\Windows\system32\nltest.exe,BLUETEAM\ezk,nltest.exe  /dclist:BLUETEAM.COM,10756,2128,nltest.exe 5768 RegOpenKey HKLM\System\CurrentControlSet\Services\Tcpip6\Parameters\Winsock SUCCESS Desired Access: Read 4/14/2022 12:34:30 PM Registry C:\Windows\system32\nltest.exe BLUETEAM\ezk nltest.exe  /dclist:BLUETEAM.COM 10756 2128,benign
nltest.exe,5768,RegOpenKey,HKLM\System\CurrentControlSet\Services\Tcpip6\Parameters\Winsock,SUCCESS,Desired Access: Read,4/14/2022 12:34:30 PM,Registry,C:\Windows\system32\nltest.exe,BLUETEAM\ezk,nltest.exe  /dclist:BLUETEAM.COM,10756,2128,nltest.exe 5768 RegOpenKey HKLM\System\CurrentControlSet\Services\Tcpip6\Parameters\Winsock SUCCESS Desired Access: Read 4/14/2022 12:34:30 PM Registry C:\Windows\system32\nltest.exe BLUETEAM\ezk nltest.exe  /dclist:BLUETEAM.COM 10756 2128,benign
nltest.exe,5768,RegOpenKey,HKLM\System\CurrentControlSet\Services\Tcpip6\Parameters\Winsock,REPARSE,Desired Access: Read,4/14/2022 12:34:30 PM,Registry,C:\Windows\system32\nltest.exe,BLUETEAM\ezk,nltest.exe  /dclist:BLUETEAM.COM,10756,2128,nltest.exe 5768 RegOpenKey HKLM\System\CurrentControlSet\Services\Tcpip6\Parameters\Winsock REPARSE Desired Access: Read 4/14/2022 12:34:30 PM Registry C:\Windows\system32\nltest.exe BLUETEAM\ezk nltest.exe  /dclist:BLUETEAM.COM 10756 2128,benign
nltest.exe,5768,RegQueryKey,HKLM,SUCCESS,"Query: HandleTags, HandleTags: 0x0",4/14/2022 12:34:30 PM,Registry,C:\Windows\system32\nltest.exe,BLUETEAM\ezk,nltest.exe  /dclist:BLUETEAM.COM,10756,2128,"nltest.exe 5768 RegQueryKey HKLM SUCCESS Query: HandleTags, HandleTags: 0x0 4/14/2022 12:34:30 PM Registry C:\Windows\system32\nltest.exe BLUETEAM\ezk nltest.exe  /dclist:BLUETEAM.COM 10756 2128",benign
nltest.exe,5768,RegCloseKey,HKLM\System\CurrentControlSet\Services\Winsock\Setup Migration\Providers,SUCCESS,,4/14/2022 12:34:30 PM,Registry,C:\Windows\system32\nltest.exe,BLUETEAM\ezk,nltest.exe  /dclist:BLUETEAM.COM,10756,2128,nltest.exe 5768 RegCloseKey HKLM\System\CurrentControlSet\Services\Winsock\Setup Migration\Providers SUCCESS None 4/14/2022 12:34:30 PM Registry C:\Windows\system32\nltest.exe BLUETEAM\ezk nltest.exe  /dclist:BLUETEAM.COM 10756 2128,benign
nltest.exe,5768,RegCloseKey,HKLM\System\CurrentControlSet\Services\Winsock\Setup Migration\Providers\Tcpip6,SUCCESS,,4/14/2022 12:34:30 PM,Registry,C:\Windows\system32\nltest.exe,BLUETEAM\ezk,nltest.exe  /dclist:BLUETEAM.COM,10756,2128,nltest.exe 5768 RegCloseKey HKLM\System\CurrentControlSet\Services\Winsock\Setup Migration\Providers\Tcpip6 SUCCESS None 4/14/2022 12:34:30 PM Registry C:\Windows\system32\nltest.exe BLUETEAM\ezk nltest.exe  /dclist:BLUETEAM.COM 10756 2128,benign
nltest.exe,5768,RegQueryValue,HKLM\System\CurrentControlSet\Services\Winsock\Setup Migration\Providers\Tcpip6\WinSock 2.0 Provider ID,SUCCESS,"Type: REG_BINARY, Length: 16, Data: C0 B0 EA F9 D4 26 D0 11 BB BF 00 AA 00 6C 34 E4",4/14/2022 12:34:30 PM,Registry,C:\Windows\system32\nltest.exe,BLUETEAM\ezk,nltest.exe  /dclist:BLUETEAM.COM,10756,2128,"nltest.exe 5768 RegQueryValue HKLM\System\CurrentControlSet\Services\Winsock\Setup Migration\Providers\Tcpip6\WinSock 2.0 Provider ID SUCCESS Type: REG_BINARY, Length: 16, Data: C0 B0 EA F9 D4 26 D0 11 BB BF 00 AA 00 6C 34 E4 4/14/2022 12:34:30 PM Registry C:\Windows\system32\nltest.exe BLUETEAM\ezk nltest.exe  /dclist:BLUETEAM.COM 10756 2128",benign
nltest.exe,5768,RegCreateKey,HKLM\System\CurrentControlSet\Services\Tcpip\Parameters,SUCCESS,"Desired Access: Read, Disposition: REG_OPENED_EXISTING_KEY",4/14/2022 12:34:30 PM,Registry,C:\Windows\system32\nltest.exe,BLUETEAM\ezk,nltest.exe  /dclist:BLUETEAM.COM,10756,2128,"nltest.exe 5768 RegCreateKey HKLM\System\CurrentControlSet\Services\Tcpip\Parameters SUCCESS Desired Access: Read, Disposition: REG_OPENED_EXISTING_KEY 4/14/2022 12:34:30 PM Registry C:\Windows\system32\nltest.exe BLUETEAM\ezk nltest.exe  /dclist:BLUETEAM.COM 10756 2128",benign
nltest.exe,5768,RegOpenKey,HKLM\System\CurrentControlSet\Services\Winsock\Setup Migration\Providers\Tcpip6,SUCCESS,Desired Access: Read,4/14/2022 12:34:30 PM,Registry,C:\Windows\system32\nltest.exe,BLUETEAM\ezk,nltest.exe  /dclist:BLUETEAM.COM,10756,2128,nltest.exe 5768 RegOpenKey HKLM\System\CurrentControlSet\Services\Winsock\Setup Migration\Providers\Tcpip6 SUCCESS Desired Access: Read 4/14/2022 12:34:30 PM Registry C:\Windows\system32\nltest.exe BLUETEAM\ezk nltest.exe  /dclist:BLUETEAM.COM 10756 2128,benign
nltest.exe,5768,RegOpenKey,HKLM\System\CurrentControlSet\Services\Winsock\Setup Migration\Providers,SUCCESS,Desired Access: Read,4/14/2022 12:34:30 PM,Registry,C:\Windows\system32\nltest.exe,BLUETEAM\ezk,nltest.exe  /dclist:BLUETEAM.COM,10756,2128,nltest.exe 5768 RegOpenKey HKLM\System\CurrentControlSet\Services\Winsock\Setup Migration\Providers SUCCESS Desired Access: Read 4/14/2022 12:34:30 PM Registry C:\Windows\system32\nltest.exe BLUETEAM\ezk nltest.exe  /dclist:BLUETEAM.COM 10756 2128,benign
nltest.exe,5768,RegOpenKey,HKLM\SYSTEM\CurrentControlSet\Services\Winsock\Setup Migration\Providers,REPARSE,Desired Access: Read,4/14/2022 12:34:30 PM,Registry,C:\Windows\system32\nltest.exe,BLUETEAM\ezk,nltest.exe  /dclist:BLUETEAM.COM,10756,2128,nltest.exe 5768 RegOpenKey HKLM\SYSTEM\CurrentControlSet\Services\Winsock\Setup Migration\Providers REPARSE Desired Access: Read 4/14/2022 12:34:30 PM Registry C:\Windows\system32\nltest.exe BLUETEAM\ezk nltest.exe  /dclist:BLUETEAM.COM 10756 2128,benign
nltest.exe,5768,RegQueryKey,HKLM,SUCCESS,"Query: HandleTags, HandleTags: 0x0",4/14/2022 12:34:30 PM,Registry,C:\Windows\system32\nltest.exe,BLUETEAM\ezk,nltest.exe  /dclist:BLUETEAM.COM,10756,2128,"nltest.exe 5768 RegQueryKey HKLM SUCCESS Query: HandleTags, HandleTags: 0x0 4/14/2022 12:34:30 PM Registry C:\Windows\system32\nltest.exe BLUETEAM\ezk nltest.exe  /dclist:BLUETEAM.COM 10756 2128",benign
nltest.exe,5768,RegCloseKey,HKLM\System\CurrentControlSet\Services\Tcpip6\Parameters\Winsock,SUCCESS,,4/14/2022 12:34:30 PM,Registry,C:\Windows\system32\nltest.exe,BLUETEAM\ezk,nltest.exe  /dclist:BLUETEAM.COM,10756,2128,nltest.exe 5768 RegCloseKey HKLM\System\CurrentControlSet\Services\Tcpip6\Parameters\Winsock SUCCESS None 4/14/2022 12:34:30 PM Registry C:\Windows\system32\nltest.exe BLUETEAM\ezk nltest.exe  /dclist:BLUETEAM.COM 10756 2128,benign
nltest.exe,5768,RegQueryValue,HKLM\System\CurrentControlSet\Services\Tcpip6\Parameters\Winsock\Mapping,SUCCESS,"Type: REG_BINARY, Length: 104, Data: 08 00 00 00 03 00 00 00 17 00 00 00 01 00 00 00",4/14/2022 12:34:30 PM,Registry,C:\Windows\system32\nltest.exe,BLUETEAM\ezk,nltest.exe  /dclist:BLUETEAM.COM,10756,2128,"nltest.exe 5768 RegQueryValue HKLM\System\CurrentControlSet\Services\Tcpip6\Parameters\Winsock\Mapping SUCCESS Type: REG_BINARY, Length: 104, Data: 08 00 00 00 03 00 00 00 17 00 00 00 01 00 00 00 4/14/2022 12:34:30 PM Registry C:\Windows\system32\nltest.exe BLUETEAM\ezk nltest.exe  /dclist:BLUETEAM.COM 10756 2128",benign
nltest.exe,5768,RegQueryValue,HKLM\System\CurrentControlSet\Services\Tcpip6\Parameters\Winsock\Mapping,BUFFER OVERFLOW,Length: 12,4/14/2022 12:34:30 PM,Registry,C:\Windows\system32\nltest.exe,BLUETEAM\ezk,nltest.exe  /dclist:BLUETEAM.COM,10756,2128,nltest.exe 5768 RegQueryValue HKLM\System\CurrentControlSet\Services\Tcpip6\Parameters\Winsock\Mapping BUFFER OVERFLOW Length: 12 4/14/2022 12:34:30 PM Registry C:\Windows\system32\nltest.exe BLUETEAM\ezk nltest.exe  /dclist:BLUETEAM.COM 10756 2128,benign
nltest.exe,5768,RegQueryKey,HKLM\System\CurrentControlSet\Services\Winsock\Setup Migration\Providers,SUCCESS,"Query: HandleTags, HandleTags: 0x0",4/14/2022 12:34:30 PM,Registry,C:\Windows\system32\nltest.exe,BLUETEAM\ezk,nltest.exe  /dclist:BLUETEAM.COM,10756,2128,"nltest.exe 5768 RegQueryKey HKLM\System\CurrentControlSet\Services\Winsock\Setup Migration\Providers SUCCESS Query: HandleTags, HandleTags: 0x0 4/14/2022 12:34:30 PM Registry C:\Windows\system32\nltest.exe BLUETEAM\ezk nltest.exe  /dclist:BLUETEAM.COM 10756 2128",benign
nltest.exe,5768,RegQueryKey,HKLM,SUCCESS,"Query: HandleTags, HandleTags: 0x0",4/14/2022 12:34:30 PM,Registry,C:\Windows\system32\nltest.exe,BLUETEAM\ezk,nltest.exe  /dclist:BLUETEAM.COM,10756,2128,"nltest.exe 5768 RegQueryKey HKLM SUCCESS Query: HandleTags, HandleTags: 0x0 4/14/2022 12:34:30 PM Registry C:\Windows\system32\nltest.exe BLUETEAM\ezk nltest.exe  /dclist:BLUETEAM.COM 10756 2128",benign
nltest.exe,5768,RegOpenKey,HKLM\SYSTEM\CurrentControlSet\Services\Dnscache\Parameters,REPARSE,Desired Access: Read,4/14/2022 12:34:30 PM,Registry,C:\Windows\system32\nltest.exe,BLUETEAM\ezk,nltest.exe  /dclist:BLUETEAM.COM,10756,2128,nltest.exe 5768 RegOpenKey HKLM\SYSTEM\CurrentControlSet\Services\Dnscache\Parameters REPARSE Desired Access: Read 4/14/2022 12:34:30 PM Registry C:\Windows\system32\nltest.exe BLUETEAM\ezk nltest.exe  /dclist:BLUETEAM.COM 10756 2128,benign
nltest.exe,5768,RegOpenKey,HKLM\System\CurrentControlSet\Services\Dnscache\Parameters,SUCCESS,Desired Access: Read,4/14/2022 12:34:30 PM,Registry,C:\Windows\system32\nltest.exe,BLUETEAM\ezk,nltest.exe  /dclist:BLUETEAM.COM,10756,2128,nltest.exe 5768 RegOpenKey HKLM\System\CurrentControlSet\Services\Dnscache\Parameters SUCCESS Desired Access: Read 4/14/2022 12:34:30 PM Registry C:\Windows\system32\nltest.exe BLUETEAM\ezk nltest.exe  /dclist:BLUETEAM.COM 10756 2128,benign
nltest.exe,5768,RegCreateKey,HKLM\System\CurrentControlSet\Services\Tcpip\Parameters,SUCCESS,"Desired Access: Read, Disposition: REG_OPENED_EXISTING_KEY",4/14/2022 12:34:30 PM,Registry,C:\Windows\system32\nltest.exe,BLUETEAM\ezk,nltest.exe  /dclist:BLUETEAM.COM,10756,2128,"nltest.exe 5768 RegCreateKey HKLM\System\CurrentControlSet\Services\Tcpip\Parameters SUCCESS Desired Access: Read, Disposition: REG_OPENED_EXISTING_KEY 4/14/2022 12:34:30 PM Registry C:\Windows\system32\nltest.exe BLUETEAM\ezk nltest.exe  /dclist:BLUETEAM.COM 10756 2128",benign
nltest.exe,5768,RegQueryKey,HKLM,SUCCESS,"Query: HandleTags, HandleTags: 0x0",4/14/2022 12:34:30 PM,Registry,C:\Windows\system32\nltest.exe,BLUETEAM\ezk,nltest.exe  /dclist:BLUETEAM.COM,10756,2128,"nltest.exe 5768 RegQueryKey HKLM SUCCESS Query: HandleTags, HandleTags: 0x0 4/14/2022 12:34:30 PM Registry C:\Windows\system32\nltest.exe BLUETEAM\ezk nltest.exe  /dclist:BLUETEAM.COM 10756 2128",benign
nltest.exe,5768,RegOpenKey,HKLM\SYSTEM\CurrentControlSet\Services\Dnscache\Parameters,REPARSE,Desired Access: Read,4/14/2022 12:34:30 PM,Registry,C:\Windows\system32\nltest.exe,BLUETEAM\ezk,nltest.exe  /dclist:BLUETEAM.COM,10756,2128,nltest.exe 5768 RegOpenKey HKLM\SYSTEM\CurrentControlSet\Services\Dnscache\Parameters REPARSE Desired Access: Read 4/14/2022 12:34:30 PM Registry C:\Windows\system32\nltest.exe BLUETEAM\ezk nltest.exe  /dclist:BLUETEAM.COM 10756 2128,benign
nltest.exe,5768,RegOpenKey,HKLM\System\CurrentControlSet\Services\Dnscache\Parameters,SUCCESS,Desired Access: Read,4/14/2022 12:34:30 PM,Registry,C:\Windows\system32\nltest.exe,BLUETEAM\ezk,nltest.exe  /dclist:BLUETEAM.COM,10756,2128,nltest.exe 5768 RegOpenKey HKLM\System\CurrentControlSet\Services\Dnscache\Parameters SUCCESS Desired Access: Read 4/14/2022 12:34:30 PM Registry C:\Windows\system32\nltest.exe BLUETEAM\ezk nltest.exe  /dclist:BLUETEAM.COM 10756 2128,benign
nltest.exe,5768,RegQueryKey,HKLM,SUCCESS,"Query: HandleTags, HandleTags: 0x0",4/14/2022 12:34:30 PM,Registry,C:\Windows\system32\nltest.exe,BLUETEAM\ezk,nltest.exe  /dclist:BLUETEAM.COM,10756,2128,"nltest.exe 5768 RegQueryKey HKLM SUCCESS Query: HandleTags, HandleTags: 0x0 4/14/2022 12:34:30 PM Registry C:\Windows\system32\nltest.exe BLUETEAM\ezk nltest.exe  /dclist:BLUETEAM.COM 10756 2128",benign
nltest.exe,5768,RegOpenKey,HKLM\Software\Policies\Microsoft\Windows NT\DnsClient,NAME NOT FOUND,Desired Access: Read,4/14/2022 12:34:30 PM,Registry,C:\Windows\system32\nltest.exe,BLUETEAM\ezk,nltest.exe  /dclist:BLUETEAM.COM,10756,2128,nltest.exe 5768 RegOpenKey HKLM\Software\Policies\Microsoft\Windows NT\DnsClient NAME NOT FOUND Desired Access: Read 4/14/2022 12:34:30 PM Registry C:\Windows\system32\nltest.exe BLUETEAM\ezk nltest.exe  /dclist:BLUETEAM.COM 10756 2128,benign
nltest.exe,5768,RegQueryKey,HKLM,SUCCESS,"Query: HandleTags, HandleTags: 0x0",4/14/2022 12:34:30 PM,Registry,C:\Windows\system32\nltest.exe,BLUETEAM\ezk,nltest.exe  /dclist:BLUETEAM.COM,10756,2128,"nltest.exe 5768 RegQueryKey HKLM SUCCESS Query: HandleTags, HandleTags: 0x0 4/14/2022 12:34:30 PM Registry C:\Windows\system32\nltest.exe BLUETEAM\ezk nltest.exe  /dclist:BLUETEAM.COM 10756 2128",benign
nltest.exe,5768,RegOpenKey,HKLM\System\CurrentControlSet\Services\DNS,REPARSE,Desired Access: Query Value,4/14/2022 12:34:30 PM,Registry,C:\Windows\system32\nltest.exe,BLUETEAM\ezk,nltest.exe  /dclist:BLUETEAM.COM,10756,2128,nltest.exe 5768 RegOpenKey HKLM\System\CurrentControlSet\Services\DNS REPARSE Desired Access: Query Value 4/14/2022 12:34:30 PM Registry C:\Windows\system32\nltest.exe BLUETEAM\ezk nltest.exe  /dclist:BLUETEAM.COM 10756 2128,benign
nltest.exe,5768,RegOpenKey,HKLM\System\CurrentControlSet\Services\DNS,NAME NOT FOUND,Desired Access: Query Value,4/14/2022 12:34:30 PM,Registry,C:\Windows\system32\nltest.exe,BLUETEAM\ezk,nltest.exe  /dclist:BLUETEAM.COM,10756,2128,nltest.exe 5768 RegOpenKey HKLM\System\CurrentControlSet\Services\DNS NAME NOT FOUND Desired Access: Query Value 4/14/2022 12:34:30 PM Registry C:\Windows\system32\nltest.exe BLUETEAM\ezk nltest.exe  /dclist:BLUETEAM.COM 10756 2128,benign
nltest.exe,5768,RegQueryValue,HKLM\System\CurrentControlSet\Services\Dnscache\Parameters\QueryAdapterName,NAME NOT FOUND,Length: 16,4/14/2022 12:34:30 PM,Registry,C:\Windows\system32\nltest.exe,BLUETEAM\ezk,nltest.exe  /dclist:BLUETEAM.COM,10756,2128,nltest.exe 5768 RegQueryValue HKLM\System\CurrentControlSet\Services\Dnscache\Parameters\QueryAdapterName NAME NOT FOUND Length: 16 4/14/2022 12:34:30 PM Registry C:\Windows\system32\nltest.exe BLUETEAM\ezk nltest.exe  /dclist:BLUETEAM.COM 10756 2128,benign
nltest.exe,5768,RegQueryValue,HKLM\System\CurrentControlSet\Services\Tcpip\Parameters\DisableAdapterDomainName,NAME NOT FOUND,Length: 16,4/14/2022 12:34:30 PM,Registry,C:\Windows\system32\nltest.exe,BLUETEAM\ezk,nltest.exe  /dclist:BLUETEAM.COM,10756,2128,nltest.exe 5768 RegQueryValue HKLM\System\CurrentControlSet\Services\Tcpip\Parameters\DisableAdapterDomainName NAME NOT FOUND Length: 16 4/14/2022 12:34:30 PM Registry C:\Windows\system32\nltest.exe BLUETEAM\ezk nltest.exe  /dclist:BLUETEAM.COM 10756 2128,benign
nltest.exe,5768,RegQueryValue,HKLM\System\CurrentControlSet\Services\Dnscache\Parameters\UseDomainNameDevolution,NAME NOT FOUND,Length: 16,4/14/2022 12:34:30 PM,Registry,C:\Windows\system32\nltest.exe,BLUETEAM\ezk,nltest.exe  /dclist:BLUETEAM.COM,10756,2128,nltest.exe 5768 RegQueryValue HKLM\System\CurrentControlSet\Services\Dnscache\Parameters\UseDomainNameDevolution NAME NOT FOUND Length: 16 4/14/2022 12:34:30 PM Registry C:\Windows\system32\nltest.exe BLUETEAM\ezk nltest.exe  /dclist:BLUETEAM.COM 10756 2128,benign
nltest.exe,5768,RegQueryValue,HKLM\System\CurrentControlSet\Services\Tcpip\Parameters\UseDomainNameDevolution,SUCCESS,"Type: REG_DWORD, Length: 4, Data: 1",4/14/2022 12:34:30 PM,Registry,C:\Windows\system32\nltest.exe,BLUETEAM\ezk,nltest.exe  /dclist:BLUETEAM.COM,10756,2128,"nltest.exe 5768 RegQueryValue HKLM\System\CurrentControlSet\Services\Tcpip\Parameters\UseDomainNameDevolution SUCCESS Type: REG_DWORD, Length: 4, Data: 1 4/14/2022 12:34:30 PM Registry C:\Windows\system32\nltest.exe BLUETEAM\ezk nltest.exe  /dclist:BLUETEAM.COM 10756 2128",benign
nltest.exe,5768,RegQueryValue,HKLM\System\CurrentControlSet\Services\Dnscache\Parameters\DomainNameDevolutionLevel,NAME NOT FOUND,Length: 16,4/14/2022 12:34:30 PM,Registry,C:\Windows\system32\nltest.exe,BLUETEAM\ezk,nltest.exe  /dclist:BLUETEAM.COM,10756,2128,nltest.exe 5768 RegQueryValue HKLM\System\CurrentControlSet\Services\Dnscache\Parameters\DomainNameDevolutionLevel NAME NOT FOUND Length: 16 4/14/2022 12:34:30 PM Registry C:\Windows\system32\nltest.exe BLUETEAM\ezk nltest.exe  /dclist:BLUETEAM.COM 10756 2128,benign
nltest.exe,5768,RegQueryValue,HKLM\System\CurrentControlSet\Services\Dnscache\Parameters\PrioritizeRecordData,NAME NOT FOUND,Length: 16,4/14/2022 12:34:30 PM,Registry,C:\Windows\system32\nltest.exe,BLUETEAM\ezk,nltest.exe  /dclist:BLUETEAM.COM,10756,2128,nltest.exe 5768 RegQueryValue HKLM\System\CurrentControlSet\Services\Dnscache\Parameters\PrioritizeRecordData NAME NOT FOUND Length: 16 4/14/2022 12:34:30 PM Registry C:\Windows\system32\nltest.exe BLUETEAM\ezk nltest.exe  /dclist:BLUETEAM.COM 10756 2128,benign
nltest.exe,5768,RegQueryValue,HKLM\System\CurrentControlSet\Services\Tcpip\Parameters\PrioritizeRecordData,NAME NOT FOUND,Length: 16,4/14/2022 12:34:30 PM,Registry,C:\Windows\system32\nltest.exe,BLUETEAM\ezk,nltest.exe  /dclist:BLUETEAM.COM,10756,2128,nltest.exe 5768 RegQueryValue HKLM\System\CurrentControlSet\Services\Tcpip\Parameters\PrioritizeRecordData NAME NOT FOUND Length: 16 4/14/2022 12:34:30 PM Registry C:\Windows\system32\nltest.exe BLUETEAM\ezk nltest.exe  /dclist:BLUETEAM.COM 10756 2128,benign
nltest.exe,5768,RegQueryValue,HKLM\System\CurrentControlSet\Services\Dnscache\Parameters\AllowUnqualifiedQuery,NAME NOT FOUND,Length: 16,4/14/2022 12:34:30 PM,Registry,C:\Windows\system32\nltest.exe,BLUETEAM\ezk,nltest.exe  /dclist:BLUETEAM.COM,10756,2128,nltest.exe 5768 RegQueryValue HKLM\System\CurrentControlSet\Services\Dnscache\Parameters\AllowUnqualifiedQuery NAME NOT FOUND Length: 16 4/14/2022 12:34:30 PM Registry C:\Windows\system32\nltest.exe BLUETEAM\ezk nltest.exe  /dclist:BLUETEAM.COM 10756 2128,benign
nltest.exe,5768,RegQueryValue,HKLM\System\CurrentControlSet\Services\Dnscache\Parameters\UseHostsFile,NAME NOT FOUND,Length: 16,4/14/2022 12:34:30 PM,Registry,C:\Windows\system32\nltest.exe,BLUETEAM\ezk,nltest.exe  /dclist:BLUETEAM.COM,10756,2128,nltest.exe 5768 RegQueryValue HKLM\System\CurrentControlSet\Services\Dnscache\Parameters\UseHostsFile NAME NOT FOUND Length: 16 4/14/2022 12:34:30 PM Registry C:\Windows\system32\nltest.exe BLUETEAM\ezk nltest.exe  /dclist:BLUETEAM.COM 10756 2128,benign
nltest.exe,5768,RegQueryValue,HKLM\System\CurrentControlSet\Services\Dnscache\Parameters\QueryIpMatching,NAME NOT FOUND,Length: 16,4/14/2022 12:34:30 PM,Registry,C:\Windows\system32\nltest.exe,BLUETEAM\ezk,nltest.exe  /dclist:BLUETEAM.COM,10756,2128,nltest.exe 5768 RegQueryValue HKLM\System\CurrentControlSet\Services\Dnscache\Parameters\QueryIpMatching NAME NOT FOUND Length: 16 4/14/2022 12:34:30 PM Registry C:\Windows\system32\nltest.exe BLUETEAM\ezk nltest.exe  /dclist:BLUETEAM.COM 10756 2128,benign
nltest.exe,5768,RegQueryValue,HKLM\System\CurrentControlSet\Services\Dnscache\Parameters\DirectAccessQueryOrder,NAME NOT FOUND,Length: 16,4/14/2022 12:34:30 PM,Registry,C:\Windows\system32\nltest.exe,BLUETEAM\ezk,nltest.exe  /dclist:BLUETEAM.COM,10756,2128,nltest.exe 5768 RegQueryValue HKLM\System\CurrentControlSet\Services\Dnscache\Parameters\DirectAccessQueryOrder NAME NOT FOUND Length: 16 4/14/2022 12:34:30 PM Registry C:\Windows\system32\nltest.exe BLUETEAM\ezk nltest.exe  /dclist:BLUETEAM.COM 10756 2128,benign
nltest.exe,5768,RegQueryValue,HKLM\System\CurrentControlSet\Services\Dnscache\Parameters\EnableDAForAllNetworks,NAME NOT FOUND,Length: 16,4/14/2022 12:34:30 PM,Registry,C:\Windows\system32\nltest.exe,BLUETEAM\ezk,nltest.exe  /dclist:BLUETEAM.COM,10756,2128,nltest.exe 5768 RegQueryValue HKLM\System\CurrentControlSet\Services\Dnscache\Parameters\EnableDAForAllNetworks NAME NOT FOUND Length: 16 4/14/2022 12:34:30 PM Registry C:\Windows\system32\nltest.exe BLUETEAM\ezk nltest.exe  /dclist:BLUETEAM.COM 10756 2128,benign
nltest.exe,5768,RegQueryValue,HKLM\System\CurrentControlSet\Services\Dnscache\Parameters\DnsSecureNameQueryFallback,NAME NOT FOUND,Length: 16,4/14/2022 12:34:30 PM,Registry,C:\Windows\system32\nltest.exe,BLUETEAM\ezk,nltest.exe  /dclist:BLUETEAM.COM,10756,2128,nltest.exe 5768 RegQueryValue HKLM\System\CurrentControlSet\Services\Dnscache\Parameters\DnsSecureNameQueryFallback NAME NOT FOUND Length: 16 4/14/2022 12:34:30 PM Registry C:\Windows\system32\nltest.exe BLUETEAM\ezk nltest.exe  /dclist:BLUETEAM.COM 10756 2128,benign
nltest.exe,5768,RegQueryValue,HKLM\System\CurrentControlSet\Services\Dnscache\Parameters\UseEdns,NAME NOT FOUND,Length: 16,4/14/2022 12:34:30 PM,Registry,C:\Windows\system32\nltest.exe,BLUETEAM\ezk,nltest.exe  /dclist:BLUETEAM.COM,10756,2128,nltest.exe 5768 RegQueryValue HKLM\System\CurrentControlSet\Services\Dnscache\Parameters\UseEdns NAME NOT FOUND Length: 16 4/14/2022 12:34:30 PM Registry C:\Windows\system32\nltest.exe BLUETEAM\ezk nltest.exe  /dclist:BLUETEAM.COM 10756 2128,benign
nltest.exe,5768,RegCreateKey,HKLM\System\CurrentControlSet\Services\Tcpip\Parameters,REPARSE,Desired Access: Read,4/14/2022 12:34:30 PM,Registry,C:\Windows\system32\nltest.exe,BLUETEAM\ezk,nltest.exe  /dclist:BLUETEAM.COM,10756,2128,nltest.exe 5768 RegCreateKey HKLM\System\CurrentControlSet\Services\Tcpip\Parameters REPARSE Desired Access: Read 4/14/2022 12:34:30 PM Registry C:\Windows\system32\nltest.exe BLUETEAM\ezk nltest.exe  /dclist:BLUETEAM.COM 10756 2128,benign
nltest.exe,5768,RegQueryValue,HKLM\System\CurrentControlSet\Services\Dnscache\Parameters\WaitForNameErrorOnAll,NAME NOT FOUND,Length: 16,4/14/2022 12:34:30 PM,Registry,C:\Windows\system32\nltest.exe,BLUETEAM\ezk,nltest.exe  /dclist:BLUETEAM.COM,10756,2128,nltest.exe 5768 RegQueryValue HKLM\System\CurrentControlSet\Services\Dnscache\Parameters\WaitForNameErrorOnAll NAME NOT FOUND Length: 16 4/14/2022 12:34:30 PM Registry C:\Windows\system32\nltest.exe BLUETEAM\ezk nltest.exe  /dclist:BLUETEAM.COM 10756 2128,benign
nltest.exe,5768,RegQueryValue,HKLM\System\CurrentControlSet\Services\Dnscache\Parameters\DynamicServerQueryOrder,NAME NOT FOUND,Length: 16,4/14/2022 12:34:30 PM,Registry,C:\Windows\system32\nltest.exe,BLUETEAM\ezk,nltest.exe  /dclist:BLUETEAM.COM,10756,2128,nltest.exe 5768 RegQueryValue HKLM\System\CurrentControlSet\Services\Dnscache\Parameters\DynamicServerQueryOrder NAME NOT FOUND Length: 16 4/14/2022 12:34:30 PM Registry C:\Windows\system32\nltest.exe BLUETEAM\ezk nltest.exe  /dclist:BLUETEAM.COM 10756 2128,benign
nltest.exe,5768,RegQueryValue,HKLM\System\CurrentControlSet\Services\Dnscache\Parameters\ScreenDefaultServers,NAME NOT FOUND,Length: 16,4/14/2022 12:34:30 PM,Registry,C:\Windows\system32\nltest.exe,BLUETEAM\ezk,nltest.exe  /dclist:BLUETEAM.COM,10756,2128,nltest.exe 5768 RegQueryValue HKLM\System\CurrentControlSet\Services\Dnscache\Parameters\ScreenDefaultServers NAME NOT FOUND Length: 16 4/14/2022 12:34:30 PM Registry C:\Windows\system32\nltest.exe BLUETEAM\ezk nltest.exe  /dclist:BLUETEAM.COM 10756 2128,benign
nltest.exe,5768,RegQueryValue,HKLM\System\CurrentControlSet\Services\Dnscache\Parameters\ScreenUnreachableServers,NAME NOT FOUND,Length: 16,4/14/2022 12:34:30 PM,Registry,C:\Windows\system32\nltest.exe,BLUETEAM\ezk,nltest.exe  /dclist:BLUETEAM.COM,10756,2128,nltest.exe 5768 RegQueryValue HKLM\System\CurrentControlSet\Services\Dnscache\Parameters\ScreenUnreachableServers NAME NOT FOUND Length: 16 4/14/2022 12:34:30 PM Registry C:\Windows\system32\nltest.exe BLUETEAM\ezk nltest.exe  /dclist:BLUETEAM.COM 10756 2128,benign
nltest.exe,5768,RegQueryValue,HKLM\System\CurrentControlSet\Services\Dnscache\Parameters\ScreenBadTlds,NAME NOT FOUND,Length: 16,4/14/2022 12:34:30 PM,Registry,C:\Windows\system32\nltest.exe,BLUETEAM\ezk,nltest.exe  /dclist:BLUETEAM.COM,10756,2128,nltest.exe 5768 RegQueryValue HKLM\System\CurrentControlSet\Services\Dnscache\Parameters\ScreenBadTlds NAME NOT FOUND Length: 16 4/14/2022 12:34:30 PM Registry C:\Windows\system32\nltest.exe BLUETEAM\ezk nltest.exe  /dclist:BLUETEAM.COM 10756 2128,benign
nltest.exe,5768,RegQueryValue,HKLM\System\CurrentControlSet\Services\Dnscache\Parameters\AppendToMultiLabelName,NAME NOT FOUND,Length: 16,4/14/2022 12:34:30 PM,Registry,C:\Windows\system32\nltest.exe,BLUETEAM\ezk,nltest.exe  /dclist:BLUETEAM.COM,10756,2128,nltest.exe 5768 RegQueryValue HKLM\System\CurrentControlSet\Services\Dnscache\Parameters\AppendToMultiLabelName NAME NOT FOUND Length: 16 4/14/2022 12:34:30 PM Registry C:\Windows\system32\nltest.exe BLUETEAM\ezk nltest.exe  /dclist:BLUETEAM.COM 10756 2128,benign
nltest.exe,5768,RegQueryValue,HKLM\System\CurrentControlSet\Services\Tcpip\Parameters\AllowUnqualifiedQuery,NAME NOT FOUND,Length: 16,4/14/2022 12:34:30 PM,Registry,C:\Windows\system32\nltest.exe,BLUETEAM\ezk,nltest.exe  /dclist:BLUETEAM.COM,10756,2128,nltest.exe 5768 RegQueryValue HKLM\System\CurrentControlSet\Services\Tcpip\Parameters\AllowUnqualifiedQuery NAME NOT FOUND Length: 16 4/14/2022 12:34:30 PM Registry C:\Windows\system32\nltest.exe BLUETEAM\ezk nltest.exe  /dclist:BLUETEAM.COM 10756 2128,benign
nltest.exe,5768,RegQueryValue,HKLM\System\CurrentControlSet\Services\Dnscache\Parameters\FilterClusterIp,NAME NOT FOUND,Length: 16,4/14/2022 12:34:30 PM,Registry,C:\Windows\system32\nltest.exe,BLUETEAM\ezk,nltest.exe  /dclist:BLUETEAM.COM,10756,2128,nltest.exe 5768 RegQueryValue HKLM\System\CurrentControlSet\Services\Dnscache\Parameters\FilterClusterIp NAME NOT FOUND Length: 16 4/14/2022 12:34:30 PM Registry C:\Windows\system32\nltest.exe BLUETEAM\ezk nltest.exe  /dclist:BLUETEAM.COM 10756 2128,benign
nltest.exe,5768,RegQueryValue,HKLM\System\CurrentControlSet\Services\Tcpip\Parameters\Winsock\MaxSockaddrLength,SUCCESS,"Type: REG_DWORD, Length: 4, Data: 16",4/14/2022 12:34:30 PM,Registry,C:\Windows\system32\nltest.exe,BLUETEAM\ezk,nltest.exe  /dclist:BLUETEAM.COM,10756,2128,"nltest.exe 5768 RegQueryValue HKLM\System\CurrentControlSet\Services\Tcpip\Parameters\Winsock\MaxSockaddrLength SUCCESS Type: REG_DWORD, Length: 4, Data: 16 4/14/2022 12:34:30 PM Registry C:\Windows\system32\nltest.exe BLUETEAM\ezk nltest.exe  /dclist:BLUETEAM.COM 10756 2128",benign
nltest.exe,5768,RegQueryKey,HKLM,SUCCESS,"Query: HandleTags, HandleTags: 0x0",4/14/2022 12:34:30 PM,Registry,C:\Windows\system32\nltest.exe,BLUETEAM\ezk,nltest.exe  /dclist:BLUETEAM.COM,10756,2128,"nltest.exe 5768 RegQueryKey HKLM SUCCESS Query: HandleTags, HandleTags: 0x0 4/14/2022 12:34:30 PM Registry C:\Windows\system32\nltest.exe BLUETEAM\ezk nltest.exe  /dclist:BLUETEAM.COM 10756 2128",benign
nltest.exe,5768,CreateFile,C:\Windows\System32\rasadhlp.dll,SUCCESS,"Desired Access: Read Data/List Directory, Execute/Traverse, Synchronize, Disposition: Open, Options: Synchronous IO Non-Alert, Non-Directory File, Attributes: n/a, ShareMode: Read, Delete, AllocationSize: n/a, OpenResult: Opened",4/14/2022 12:34:30 PM,File System,C:\Windows\system32\nltest.exe,BLUETEAM\ezk,nltest.exe  /dclist:BLUETEAM.COM,10756,2128,"nltest.exe 5768 CreateFile C:\Windows\System32\rasadhlp.dll SUCCESS Desired Access: Read Data/List Directory, Execute/Traverse, Synchronize, Disposition: Open, Options: Synchronous IO Non-Alert, Non-Directory File, Attributes: n/a, ShareMode: Read, Delete, AllocationSize: n/a, OpenResult: Opened 4/14/2022 12:34:30 PM File System C:\Windows\system32\nltest.exe BLUETEAM\ezk nltest.exe  /dclist:BLUETEAM.COM 10756 2128",benign
nltest.exe,5768,RegQueryKey,HKLM,SUCCESS,"Query: HandleTags, HandleTags: 0x0",4/14/2022 12:34:30 PM,Registry,C:\Windows\system32\nltest.exe,BLUETEAM\ezk,nltest.exe  /dclist:BLUETEAM.COM,10756,2128,"nltest.exe 5768 RegQueryKey HKLM SUCCESS Query: HandleTags, HandleTags: 0x0 4/14/2022 12:34:30 PM Registry C:\Windows\system32\nltest.exe BLUETEAM\ezk nltest.exe  /dclist:BLUETEAM.COM 10756 2128",benign
nltest.exe,5768,RegOpenKey,HKLM\Software\Policies\Microsoft\Windows NT\DnsClient,NAME NOT FOUND,Desired Access: Read,4/14/2022 12:34:30 PM,Registry,C:\Windows\system32\nltest.exe,BLUETEAM\ezk,nltest.exe  /dclist:BLUETEAM.COM,10756,2128,nltest.exe 5768 RegOpenKey HKLM\Software\Policies\Microsoft\Windows NT\DnsClient NAME NOT FOUND Desired Access: Read 4/14/2022 12:34:30 PM Registry C:\Windows\system32\nltest.exe BLUETEAM\ezk nltest.exe  /dclist:BLUETEAM.COM 10756 2128,benign
nltest.exe,5768,RegQueryValue,HKLM\System\CurrentControlSet\Services\Tcpip\Parameters\Hostname,BUFFER OVERFLOW,Length: 12,4/14/2022 12:34:30 PM,Registry,C:\Windows\system32\nltest.exe,BLUETEAM\ezk,nltest.exe  /dclist:BLUETEAM.COM,10756,2128,nltest.exe 5768 RegQueryValue HKLM\System\CurrentControlSet\Services\Tcpip\Parameters\Hostname BUFFER OVERFLOW Length: 12 4/14/2022 12:34:30 PM Registry C:\Windows\system32\nltest.exe BLUETEAM\ezk nltest.exe  /dclist:BLUETEAM.COM 10756 2128,benign
nltest.exe,5768,RegQueryValue,HKLM\System\CurrentControlSet\Services\Tcpip\Parameters\Hostname,SUCCESS,"Type: REG_SZ, Length: 32, Data: DESKTOP-BA1RQFC",4/14/2022 12:34:30 PM,Registry,C:\Windows\system32\nltest.exe,BLUETEAM\ezk,nltest.exe  /dclist:BLUETEAM.COM,10756,2128,"nltest.exe 5768 RegQueryValue HKLM\System\CurrentControlSet\Services\Tcpip\Parameters\Hostname SUCCESS Type: REG_SZ, Length: 32, Data: DESKTOP-BA1RQFC 4/14/2022 12:34:30 PM Registry C:\Windows\system32\nltest.exe BLUETEAM\ezk nltest.exe  /dclist:BLUETEAM.COM 10756 2128",benign
nltest.exe,5768,RegCloseKey,HKLM\System\CurrentControlSet\Services\Tcpip\Parameters,SUCCESS,,4/14/2022 12:34:30 PM,Registry,C:\Windows\system32\nltest.exe,BLUETEAM\ezk,nltest.exe  /dclist:BLUETEAM.COM,10756,2128,nltest.exe 5768 RegCloseKey HKLM\System\CurrentControlSet\Services\Tcpip\Parameters SUCCESS None 4/14/2022 12:34:30 PM Registry C:\Windows\system32\nltest.exe BLUETEAM\ezk nltest.exe  /dclist:BLUETEAM.COM 10756 2128,benign
nltest.exe,5768,RegCloseKey,HKLM\System\CurrentControlSet\Services\Dnscache\Parameters,SUCCESS,,4/14/2022 12:34:30 PM,Registry,C:\Windows\system32\nltest.exe,BLUETEAM\ezk,nltest.exe  /dclist:BLUETEAM.COM,10756,2128,nltest.exe 5768 RegCloseKey HKLM\System\CurrentControlSet\Services\Dnscache\Parameters SUCCESS None 4/14/2022 12:34:30 PM Registry C:\Windows\system32\nltest.exe BLUETEAM\ezk nltest.exe  /dclist:BLUETEAM.COM 10756 2128,benign
nltest.exe,5768,RegQueryKey,HKLM,SUCCESS,"Query: HandleTags, HandleTags: 0x0",4/14/2022 12:34:30 PM,Registry,C:\Windows\system32\nltest.exe,BLUETEAM\ezk,nltest.exe  /dclist:BLUETEAM.COM,10756,2128,"nltest.exe 5768 RegQueryKey HKLM SUCCESS Query: HandleTags, HandleTags: 0x0 4/14/2022 12:34:30 PM Registry C:\Windows\system32\nltest.exe BLUETEAM\ezk nltest.exe  /dclist:BLUETEAM.COM 10756 2128",benign
nltest.exe,5768,RegCreateKey,HKLM\System\CurrentControlSet\Services\Tcpip\Parameters,REPARSE,Desired Access: Read,4/14/2022 12:34:30 PM,Registry,C:\Windows\system32\nltest.exe,BLUETEAM\ezk,nltest.exe  /dclist:BLUETEAM.COM,10756,2128,nltest.exe 5768 RegCreateKey HKLM\System\CurrentControlSet\Services\Tcpip\Parameters REPARSE Desired Access: Read 4/14/2022 12:34:30 PM Registry C:\Windows\system32\nltest.exe BLUETEAM\ezk nltest.exe  /dclist:BLUETEAM.COM 10756 2128,benign
nltest.exe,5768,RegCreateKey,HKLM\System\CurrentControlSet\Services\Tcpip\Parameters,SUCCESS,"Desired Access: Read, Disposition: REG_OPENED_EXISTING_KEY",4/14/2022 12:34:30 PM,Registry,C:\Windows\system32\nltest.exe,BLUETEAM\ezk,nltest.exe  /dclist:BLUETEAM.COM,10756,2128,"nltest.exe 5768 RegCreateKey HKLM\System\CurrentControlSet\Services\Tcpip\Parameters SUCCESS Desired Access: Read, Disposition: REG_OPENED_EXISTING_KEY 4/14/2022 12:34:30 PM Registry C:\Windows\system32\nltest.exe BLUETEAM\ezk nltest.exe  /dclist:BLUETEAM.COM 10756 2128",benign
nltest.exe,5768,RegQueryKey,HKLM,SUCCESS,"Query: HandleTags, HandleTags: 0x0",4/14/2022 12:34:30 PM,Registry,C:\Windows\system32\nltest.exe,BLUETEAM\ezk,nltest.exe  /dclist:BLUETEAM.COM,10756,2128,"nltest.exe 5768 RegQueryKey HKLM SUCCESS Query: HandleTags, HandleTags: 0x0 4/14/2022 12:34:30 PM Registry C:\Windows\system32\nltest.exe BLUETEAM\ezk nltest.exe  /dclist:BLUETEAM.COM 10756 2128",benign
nltest.exe,5768,RegOpenKey,HKLM\SYSTEM\CurrentControlSet\Services\Dnscache\Parameters,REPARSE,Desired Access: Read,4/14/2022 12:34:30 PM,Registry,C:\Windows\system32\nltest.exe,BLUETEAM\ezk,nltest.exe  /dclist:BLUETEAM.COM,10756,2128,nltest.exe 5768 RegOpenKey HKLM\SYSTEM\CurrentControlSet\Services\Dnscache\Parameters REPARSE Desired Access: Read 4/14/2022 12:34:30 PM Registry C:\Windows\system32\nltest.exe BLUETEAM\ezk nltest.exe  /dclist:BLUETEAM.COM 10756 2128,benign
nltest.exe,5768,RegOpenKey,HKLM\System\CurrentControlSet\Services\Dnscache\Parameters,SUCCESS,Desired Access: Read,4/14/2022 12:34:30 PM,Registry,C:\Windows\system32\nltest.exe,BLUETEAM\ezk,nltest.exe  /dclist:BLUETEAM.COM,10756,2128,nltest.exe 5768 RegOpenKey HKLM\System\CurrentControlSet\Services\Dnscache\Parameters SUCCESS Desired Access: Read 4/14/2022 12:34:30 PM Registry C:\Windows\system32\nltest.exe BLUETEAM\ezk nltest.exe  /dclist:BLUETEAM.COM 10756 2128,benign
nltest.exe,5768,RegQueryKey,HKLM,SUCCESS,"Query: HandleTags, HandleTags: 0x0",4/14/2022 12:34:30 PM,Registry,C:\Windows\system32\nltest.exe,BLUETEAM\ezk,nltest.exe  /dclist:BLUETEAM.COM,10756,2128,"nltest.exe 5768 RegQueryKey HKLM SUCCESS Query: HandleTags, HandleTags: 0x0 4/14/2022 12:34:30 PM Registry C:\Windows\system32\nltest.exe BLUETEAM\ezk nltest.exe  /dclist:BLUETEAM.COM 10756 2128",benign
nltest.exe,5768,RegOpenKey,HKLM\Software\Policies\Microsoft\Windows NT\DnsClient,NAME NOT FOUND,Desired Access: Read,4/14/2022 12:34:30 PM,Registry,C:\Windows\system32\nltest.exe,BLUETEAM\ezk,nltest.exe  /dclist:BLUETEAM.COM,10756,2128,nltest.exe 5768 RegOpenKey HKLM\Software\Policies\Microsoft\Windows NT\DnsClient NAME NOT FOUND Desired Access: Read 4/14/2022 12:34:30 PM Registry C:\Windows\system32\nltest.exe BLUETEAM\ezk nltest.exe  /dclist:BLUETEAM.COM 10756 2128,benign
nltest.exe,5768,RegQueryKey,HKLM,SUCCESS,"Query: HandleTags, HandleTags: 0x0",4/14/2022 12:34:30 PM,Registry,C:\Windows\system32\nltest.exe,BLUETEAM\ezk,nltest.exe  /dclist:BLUETEAM.COM,10756,2128,"nltest.exe 5768 RegQueryKey HKLM SUCCESS Query: HandleTags, HandleTags: 0x0 4/14/2022 12:34:30 PM Registry C:\Windows\system32\nltest.exe BLUETEAM\ezk nltest.exe  /dclist:BLUETEAM.COM 10756 2128",benign
nltest.exe,5768,RegOpenKey,HKLM\Software\Policies\Microsoft\System\DNSClient,NAME NOT FOUND,Desired Access: Query Value,4/14/2022 12:34:30 PM,Registry,C:\Windows\system32\nltest.exe,BLUETEAM\ezk,nltest.exe  /dclist:BLUETEAM.COM,10756,2128,nltest.exe 5768 RegOpenKey HKLM\Software\Policies\Microsoft\System\DNSClient NAME NOT FOUND Desired Access: Query Value 4/14/2022 12:34:30 PM Registry C:\Windows\system32\nltest.exe BLUETEAM\ezk nltest.exe  /dclist:BLUETEAM.COM 10756 2128,benign
nltest.exe,5768,RegQueryValue,HKLM\System\CurrentControlSet\Services\Tcpip\Parameters\Domain,BUFFER OVERFLOW,Length: 12,4/14/2022 12:34:30 PM,Registry,C:\Windows\system32\nltest.exe,BLUETEAM\ezk,nltest.exe  /dclist:BLUETEAM.COM,10756,2128,nltest.exe 5768 RegQueryValue HKLM\System\CurrentControlSet\Services\Tcpip\Parameters\Domain BUFFER OVERFLOW Length: 12 4/14/2022 12:34:30 PM Registry C:\Windows\system32\nltest.exe BLUETEAM\ezk nltest.exe  /dclist:BLUETEAM.COM 10756 2128,benign
nltest.exe,5768,CloseFile,C:\Windows\System32\rasadhlp.dll,SUCCESS,,4/14/2022 12:34:30 PM,File System,C:\Windows\system32\nltest.exe,BLUETEAM\ezk,nltest.exe  /dclist:BLUETEAM.COM,10756,2128,nltest.exe 5768 CloseFile C:\Windows\System32\rasadhlp.dll SUCCESS None 4/14/2022 12:34:30 PM File System C:\Windows\system32\nltest.exe BLUETEAM\ezk nltest.exe  /dclist:BLUETEAM.COM 10756 2128,benign
nltest.exe,5768,QueryBasicInformationFile,C:\Windows\System32\rasadhlp.dll,SUCCESS,"CreationTime: 9/22/2021 5:22:24 PM, LastAccessTime: 4/14/2022 12:33:09 PM, LastWriteTime: 9/22/2021 5:22:24 PM, ChangeTime: 10/15/2021 2:25:23 PM, FileAttributes: A",4/14/2022 12:34:30 PM,File System,C:\Windows\system32\nltest.exe,BLUETEAM\ezk,nltest.exe  /dclist:BLUETEAM.COM,10756,2128,"nltest.exe 5768 QueryBasicInformationFile C:\Windows\System32\rasadhlp.dll SUCCESS CreationTime: 9/22/2021 5:22:24 PM, LastAccessTime: 4/14/2022 12:33:09 PM, LastWriteTime: 9/22/2021 5:22:24 PM, ChangeTime: 10/15/2021 2:25:23 PM, FileAttributes: A 4/14/2022 12:34:30 PM File System C:\Windows\system32\nltest.exe BLUETEAM\ezk nltest.exe  /dclist:BLUETEAM.COM 10756 2128",benign
nltest.exe,5768,CreateFile,C:\Windows\System32\rasadhlp.dll,SUCCESS,"Desired Access: Read Attributes, Disposition: Open, Options: Open Reparse Point, Attributes: n/a, ShareMode: Read, Write, Delete, AllocationSize: n/a, OpenResult: Opened",4/14/2022 12:34:30 PM,File System,C:\Windows\system32\nltest.exe,BLUETEAM\ezk,nltest.exe  /dclist:BLUETEAM.COM,10756,2128,"nltest.exe 5768 CreateFile C:\Windows\System32\rasadhlp.dll SUCCESS Desired Access: Read Attributes, Disposition: Open, Options: Open Reparse Point, Attributes: n/a, ShareMode: Read, Write, Delete, AllocationSize: n/a, OpenResult: Opened 4/14/2022 12:34:30 PM File System C:\Windows\system32\nltest.exe BLUETEAM\ezk nltest.exe  /dclist:BLUETEAM.COM 10756 2128",benign
nltest.exe,5768,RegCloseKey,HKLM\System\CurrentControlSet\Services\WinSock2\Parameters,SUCCESS,,4/14/2022 12:34:30 PM,Registry,C:\Windows\system32\nltest.exe,BLUETEAM\ezk,nltest.exe  /dclist:BLUETEAM.COM,10756,2128,nltest.exe 5768 RegCloseKey HKLM\System\CurrentControlSet\Services\WinSock2\Parameters SUCCESS None 4/14/2022 12:34:30 PM Registry C:\Windows\system32\nltest.exe BLUETEAM\ezk nltest.exe  /dclist:BLUETEAM.COM 10756 2128,benign
nltest.exe,5768,RegQueryValue,HKLM\System\CurrentControlSet\Services\WinSock2\Parameters\AutodialDLL,SUCCESS,"Type: REG_SZ, Length: 66, Data: C:\Windows\System32\rasadhlp.dll",4/14/2022 12:34:30 PM,Registry,C:\Windows\system32\nltest.exe,BLUETEAM\ezk,nltest.exe  /dclist:BLUETEAM.COM,10756,2128,"nltest.exe 5768 RegQueryValue HKLM\System\CurrentControlSet\Services\WinSock2\Parameters\AutodialDLL SUCCESS Type: REG_SZ, Length: 66, Data: C:\Windows\System32\rasadhlp.dll 4/14/2022 12:34:30 PM Registry C:\Windows\system32\nltest.exe BLUETEAM\ezk nltest.exe  /dclist:BLUETEAM.COM 10756 2128",benign
nltest.exe,5768,RegQueryValue,HKLM\System\CurrentControlSet\Services\WinSock2\Parameters\AutodialDLL,SUCCESS,"Type: REG_SZ, Length: 66, Data: C:\Windows\System32\rasadhlp.dll",4/14/2022 12:34:30 PM,Registry,C:\Windows\system32\nltest.exe,BLUETEAM\ezk,nltest.exe  /dclist:BLUETEAM.COM,10756,2128,"nltest.exe 5768 RegQueryValue HKLM\System\CurrentControlSet\Services\WinSock2\Parameters\AutodialDLL SUCCESS Type: REG_SZ, Length: 66, Data: C:\Windows\System32\rasadhlp.dll 4/14/2022 12:34:30 PM Registry C:\Windows\system32\nltest.exe BLUETEAM\ezk nltest.exe  /dclist:BLUETEAM.COM 10756 2128",benign
nltest.exe,5768,CloseFile,C:\Windows\System32\rasadhlp.dll,SUCCESS,,4/14/2022 12:34:30 PM,File System,C:\Windows\system32\nltest.exe,BLUETEAM\ezk,nltest.exe  /dclist:BLUETEAM.COM,10756,2128,nltest.exe 5768 CloseFile C:\Windows\System32\rasadhlp.dll SUCCESS None 4/14/2022 12:34:30 PM File System C:\Windows\system32\nltest.exe BLUETEAM\ezk nltest.exe  /dclist:BLUETEAM.COM 10756 2128,benign
nltest.exe,5768,RegQueryValue,HKLM\System\CurrentControlSet\Services\WinSock2\Parameters\WinSock_Registry_Version,SUCCESS,"Type: REG_SZ, Length: 8, Data: 2.0",4/14/2022 12:34:30 PM,Registry,C:\Windows\system32\nltest.exe,BLUETEAM\ezk,nltest.exe  /dclist:BLUETEAM.COM,10756,2128,"nltest.exe 5768 RegQueryValue HKLM\System\CurrentControlSet\Services\WinSock2\Parameters\WinSock_Registry_Version SUCCESS Type: REG_SZ, Length: 8, Data: 2.0 4/14/2022 12:34:30 PM Registry C:\Windows\system32\nltest.exe BLUETEAM\ezk nltest.exe  /dclist:BLUETEAM.COM 10756 2128",benign
nltest.exe,5768,RegOpenKey,HKLM\System\CurrentControlSet\Services\WinSock2\Parameters,SUCCESS,Desired Access: All Access,4/14/2022 12:34:30 PM,Registry,C:\Windows\system32\nltest.exe,BLUETEAM\ezk,nltest.exe  /dclist:BLUETEAM.COM,10756,2128,nltest.exe 5768 RegOpenKey HKLM\System\CurrentControlSet\Services\WinSock2\Parameters SUCCESS Desired Access: All Access 4/14/2022 12:34:30 PM Registry C:\Windows\system32\nltest.exe BLUETEAM\ezk nltest.exe  /dclist:BLUETEAM.COM 10756 2128,benign
nltest.exe,5768,RegOpenKey,HKLM\System\CurrentControlSet\Services\WinSock2\Parameters,REPARSE,Desired Access: All Access,4/14/2022 12:34:30 PM,Registry,C:\Windows\system32\nltest.exe,BLUETEAM\ezk,nltest.exe  /dclist:BLUETEAM.COM,10756,2128,nltest.exe 5768 RegOpenKey HKLM\System\CurrentControlSet\Services\WinSock2\Parameters REPARSE Desired Access: All Access 4/14/2022 12:34:30 PM Registry C:\Windows\system32\nltest.exe BLUETEAM\ezk nltest.exe  /dclist:BLUETEAM.COM 10756 2128,benign
nltest.exe,5768,RegQueryKey,HKLM,SUCCESS,"Query: HandleTags, HandleTags: 0x0",4/14/2022 12:34:30 PM,Registry,C:\Windows\system32\nltest.exe,BLUETEAM\ezk,nltest.exe  /dclist:BLUETEAM.COM,10756,2128,"nltest.exe 5768 RegQueryKey HKLM SUCCESS Query: HandleTags, HandleTags: 0x0 4/14/2022 12:34:30 PM Registry C:\Windows\system32\nltest.exe BLUETEAM\ezk nltest.exe  /dclist:BLUETEAM.COM 10756 2128",benign
nltest.exe,5768,RegCloseKey,HKLM\System\CurrentControlSet\Services\Dnscache\Parameters,SUCCESS,,4/14/2022 12:34:30 PM,Registry,C:\Windows\system32\nltest.exe,BLUETEAM\ezk,nltest.exe  /dclist:BLUETEAM.COM,10756,2128,nltest.exe 5768 RegCloseKey HKLM\System\CurrentControlSet\Services\Dnscache\Parameters SUCCESS None 4/14/2022 12:34:30 PM Registry C:\Windows\system32\nltest.exe BLUETEAM\ezk nltest.exe  /dclist:BLUETEAM.COM 10756 2128,benign
nltest.exe,5768,RegCloseKey,HKLM\System\CurrentControlSet\Services\Tcpip\Parameters,SUCCESS,,4/14/2022 12:34:30 PM,Registry,C:\Windows\system32\nltest.exe,BLUETEAM\ezk,nltest.exe  /dclist:BLUETEAM.COM,10756,2128,nltest.exe 5768 RegCloseKey HKLM\System\CurrentControlSet\Services\Tcpip\Parameters SUCCESS None 4/14/2022 12:34:30 PM Registry C:\Windows\system32\nltest.exe BLUETEAM\ezk nltest.exe  /dclist:BLUETEAM.COM 10756 2128,benign
nltest.exe,5768,RegQueryValue,HKLM\System\CurrentControlSet\Services\Tcpip\Parameters\Domain,SUCCESS,"Type: REG_SZ, Length: 26, Data: blueteam.com",4/14/2022 12:34:30 PM,Registry,C:\Windows\system32\nltest.exe,BLUETEAM\ezk,nltest.exe  /dclist:BLUETEAM.COM,10756,2128,"nltest.exe 5768 RegQueryValue HKLM\System\CurrentControlSet\Services\Tcpip\Parameters\Domain SUCCESS Type: REG_SZ, Length: 26, Data: blueteam.com 4/14/2022 12:34:30 PM Registry C:\Windows\system32\nltest.exe BLUETEAM\ezk nltest.exe  /dclist:BLUETEAM.COM 10756 2128",benign
nltest.exe,5768,RegQueryValue,HKLM\System\CurrentControlSet\Services\WinSock2\Parameters\WinSock_Registry_Version,BUFFER OVERFLOW,Length: 16,4/14/2022 12:34:30 PM,Registry,C:\Windows\system32\nltest.exe,BLUETEAM\ezk,nltest.exe  /dclist:BLUETEAM.COM,10756,2128,nltest.exe 5768 RegQueryValue HKLM\System\CurrentControlSet\Services\WinSock2\Parameters\WinSock_Registry_Version BUFFER OVERFLOW Length: 16 4/14/2022 12:34:30 PM Registry C:\Windows\system32\nltest.exe BLUETEAM\ezk nltest.exe  /dclist:BLUETEAM.COM 10756 2128,benign
nltest.exe,5768,RegQueryValue,HKLM\System\CurrentControlSet\Services\Tcpip\Parameters\Winsock\MinSockaddrLength,SUCCESS,"Type: REG_DWORD, Length: 4, Data: 16",4/14/2022 12:34:30 PM,Registry,C:\Windows\system32\nltest.exe,BLUETEAM\ezk,nltest.exe  /dclist:BLUETEAM.COM,10756,2128,"nltest.exe 5768 RegQueryValue HKLM\System\CurrentControlSet\Services\Tcpip\Parameters\Winsock\MinSockaddrLength SUCCESS Type: REG_DWORD, Length: 4, Data: 16 4/14/2022 12:34:30 PM Registry C:\Windows\system32\nltest.exe BLUETEAM\ezk nltest.exe  /dclist:BLUETEAM.COM 10756 2128",benign
nltest.exe,5768,RegOpenKey,HKLM\System\CurrentControlSet\Services\Tcpip\Parameters\Winsock,SUCCESS,Desired Access: Read,4/14/2022 12:34:30 PM,Registry,C:\Windows\system32\nltest.exe,BLUETEAM\ezk,nltest.exe  /dclist:BLUETEAM.COM,10756,2128,nltest.exe 5768 RegOpenKey HKLM\System\CurrentControlSet\Services\Tcpip\Parameters\Winsock SUCCESS Desired Access: Read 4/14/2022 12:34:30 PM Registry C:\Windows\system32\nltest.exe BLUETEAM\ezk nltest.exe  /dclist:BLUETEAM.COM 10756 2128,benign
nltest.exe,5768,RegOpenKey,HKLM\System\CurrentControlSet\Services\Tcpip\Parameters\Winsock,REPARSE,Desired Access: Read,4/14/2022 12:34:30 PM,Registry,C:\Windows\system32\nltest.exe,BLUETEAM\ezk,nltest.exe  /dclist:BLUETEAM.COM,10756,2128,nltest.exe 5768 RegOpenKey HKLM\System\CurrentControlSet\Services\Tcpip\Parameters\Winsock REPARSE Desired Access: Read 4/14/2022 12:34:30 PM Registry C:\Windows\system32\nltest.exe BLUETEAM\ezk nltest.exe  /dclist:BLUETEAM.COM 10756 2128,benign
nltest.exe,5768,RegQueryValue,HKLM\System\CurrentControlSet\Services\WinSock2\Parameters\NameSpace_Catalog5\Catalog_Entries64\000000000004\AddressFamily,NAME NOT FOUND,Length: 16,4/14/2022 12:34:30 PM,Registry,C:\Windows\system32\nltest.exe,BLUETEAM\ezk,nltest.exe  /dclist:BLUETEAM.COM,10756,2128,nltest.exe 5768 RegQueryValue HKLM\System\CurrentControlSet\Services\WinSock2\Parameters\NameSpace_Catalog5\Catalog_Entries64\000000000004\AddressFamily NAME NOT FOUND Length: 16 4/14/2022 12:34:30 PM Registry C:\Windows\system32\nltest.exe BLUETEAM\ezk nltest.exe  /dclist:BLUETEAM.COM 10756 2128,benign
nltest.exe,5768,RegQueryValue,HKLM\System\CurrentControlSet\Services\WinSock2\Parameters\NameSpace_Catalog5\Catalog_Entries64\000000000004\SupportedNameSpace,SUCCESS,"Type: REG_DWORD, Length: 4, Data: 16",4/14/2022 12:34:30 PM,Registry,C:\Windows\system32\nltest.exe,BLUETEAM\ezk,nltest.exe  /dclist:BLUETEAM.COM,10756,2128,"nltest.exe 5768 RegQueryValue HKLM\System\CurrentControlSet\Services\WinSock2\Parameters\NameSpace_Catalog5\Catalog_Entries64\000000000004\SupportedNameSpace SUCCESS Type: REG_DWORD, Length: 4, Data: 16 4/14/2022 12:34:30 PM Registry C:\Windows\system32\nltest.exe BLUETEAM\ezk nltest.exe  /dclist:BLUETEAM.COM 10756 2128",benign
nltest.exe,5768,RegQueryValue,HKLM\System\CurrentControlSet\Services\WinSock2\Parameters\NameSpace_Catalog5\Catalog_Entries64\000000000004\Enabled,SUCCESS,"Type: REG_DWORD, Length: 4, Data: 1",4/14/2022 12:34:30 PM,Registry,C:\Windows\system32\nltest.exe,BLUETEAM\ezk,nltest.exe  /dclist:BLUETEAM.COM,10756,2128,"nltest.exe 5768 RegQueryValue HKLM\System\CurrentControlSet\Services\WinSock2\Parameters\NameSpace_Catalog5\Catalog_Entries64\000000000004\Enabled SUCCESS Type: REG_DWORD, Length: 4, Data: 1 4/14/2022 12:34:30 PM Registry C:\Windows\system32\nltest.exe BLUETEAM\ezk nltest.exe  /dclist:BLUETEAM.COM 10756 2128",benign
nltest.exe,5768,RegQueryValue,HKLM\System\CurrentControlSet\Services\WinSock2\Parameters\NameSpace_Catalog5\Catalog_Entries64\000000000004\Version,SUCCESS,"Type: REG_DWORD, Length: 4, Data: 0",4/14/2022 12:34:30 PM,Registry,C:\Windows\system32\nltest.exe,BLUETEAM\ezk,nltest.exe  /dclist:BLUETEAM.COM,10756,2128,"nltest.exe 5768 RegQueryValue HKLM\System\CurrentControlSet\Services\WinSock2\Parameters\NameSpace_Catalog5\Catalog_Entries64\000000000004\Version SUCCESS Type: REG_DWORD, Length: 4, Data: 0 4/14/2022 12:34:30 PM Registry C:\Windows\system32\nltest.exe BLUETEAM\ezk nltest.exe  /dclist:BLUETEAM.COM 10756 2128",benign
nltest.exe,5768,RegQueryValue,HKLM\System\CurrentControlSet\Services\WinSock2\Parameters\NameSpace_Catalog5\Catalog_Entries64\000000000004\StoresServiceClassInfo,SUCCESS,"Type: REG_DWORD, Length: 4, Data: 0",4/14/2022 12:34:30 PM,Registry,C:\Windows\system32\nltest.exe,BLUETEAM\ezk,nltest.exe  /dclist:BLUETEAM.COM,10756,2128,"nltest.exe 5768 RegQueryValue HKLM\System\CurrentControlSet\Services\WinSock2\Parameters\NameSpace_Catalog5\Catalog_Entries64\000000000004\StoresServiceClassInfo SUCCESS Type: REG_DWORD, Length: 4, Data: 0 4/14/2022 12:34:30 PM Registry C:\Windows\system32\nltest.exe BLUETEAM\ezk nltest.exe  /dclist:BLUETEAM.COM 10756 2128",benign
nltest.exe,5768,RegQueryValue,HKLM\System\CurrentControlSet\Services\WinSock2\Parameters\NameSpace_Catalog5\Catalog_Entries64\000000000004\ProviderInfo,SUCCESS,"Type: REG_BINARY, Length: 0",4/14/2022 12:34:30 PM,Registry,C:\Windows\system32\nltest.exe,BLUETEAM\ezk,nltest.exe  /dclist:BLUETEAM.COM,10756,2128,"nltest.exe 5768 RegQueryValue HKLM\System\CurrentControlSet\Services\WinSock2\Parameters\NameSpace_Catalog5\Catalog_Entries64\000000000004\ProviderInfo SUCCESS Type: REG_BINARY, Length: 0 4/14/2022 12:34:30 PM Registry C:\Windows\system32\nltest.exe BLUETEAM\ezk nltest.exe  /dclist:BLUETEAM.COM 10756 2128",benign
nltest.exe,5768,RegQueryValue,HKLM\System\CurrentControlSet\Services\WinSock2\Parameters\NameSpace_Catalog5\Catalog_Entries64\000000000004\ProviderInfo,SUCCESS,"Type: REG_BINARY, Length: 0",4/14/2022 12:34:30 PM,Registry,C:\Windows\system32\nltest.exe,BLUETEAM\ezk,nltest.exe  /dclist:BLUETEAM.COM,10756,2128,"nltest.exe 5768 RegQueryValue HKLM\System\CurrentControlSet\Services\WinSock2\Parameters\NameSpace_Catalog5\Catalog_Entries64\000000000004\ProviderInfo SUCCESS Type: REG_BINARY, Length: 0 4/14/2022 12:34:30 PM Registry C:\Windows\system32\nltest.exe BLUETEAM\ezk nltest.exe  /dclist:BLUETEAM.COM 10756 2128",benign
nltest.exe,5768,RegCloseKey,HKLM\System\CurrentControlSet\Services\WinSock2\Parameters\NameSpace_Catalog5\Catalog_Entries64\000000000004,SUCCESS,,4/14/2022 12:34:30 PM,Registry,C:\Windows\system32\nltest.exe,BLUETEAM\ezk,nltest.exe  /dclist:BLUETEAM.COM,10756,2128,nltest.exe 5768 RegCloseKey HKLM\System\CurrentControlSet\Services\WinSock2\Parameters\NameSpace_Catalog5\Catalog_Entries64\000000000004 SUCCESS None 4/14/2022 12:34:30 PM Registry C:\Windows\system32\nltest.exe BLUETEAM\ezk nltest.exe  /dclist:BLUETEAM.COM 10756 2128,benign
nltest.exe,5768,RegQueryKey,HKLM\System\CurrentControlSet\Services\WinSock2\Parameters\NameSpace_Catalog5\Catalog_Entries64,SUCCESS,"Query: HandleTags, HandleTags: 0x0",4/14/2022 12:34:30 PM,Registry,C:\Windows\system32\nltest.exe,BLUETEAM\ezk,nltest.exe  /dclist:BLUETEAM.COM,10756,2128,"nltest.exe 5768 RegQueryKey HKLM\System\CurrentControlSet\Services\WinSock2\Parameters\NameSpace_Catalog5\Catalog_Entries64 SUCCESS Query: HandleTags, HandleTags: 0x0 4/14/2022 12:34:30 PM Registry C:\Windows\system32\nltest.exe BLUETEAM\ezk nltest.exe  /dclist:BLUETEAM.COM 10756 2128",benign
nltest.exe,5768,RegOpenKey,HKLM\System\CurrentControlSet\Services\WinSock2\Parameters\NameSpace_Catalog5\Catalog_Entries64\000000000005,SUCCESS,Desired Access: Read,4/14/2022 12:34:30 PM,Registry,C:\Windows\system32\nltest.exe,BLUETEAM\ezk,nltest.exe  /dclist:BLUETEAM.COM,10756,2128,nltest.exe 5768 RegOpenKey HKLM\System\CurrentControlSet\Services\WinSock2\Parameters\NameSpace_Catalog5\Catalog_Entries64\000000000005 SUCCESS Desired Access: Read 4/14/2022 12:34:30 PM Registry C:\Windows\system32\nltest.exe BLUETEAM\ezk nltest.exe  /dclist:BLUETEAM.COM 10756 2128,benign
nltest.exe,5768,RegQueryValue,HKLM\System\CurrentControlSet\Services\WinSock2\Parameters\NameSpace_Catalog5\Catalog_Entries64\000000000005\LibraryPath,SUCCESS,"Type: REG_SZ, Length: 66, Data: %SystemRoot%\system32\NLAapi.dll",4/14/2022 12:34:30 PM,Registry,C:\Windows\system32\nltest.exe,BLUETEAM\ezk,nltest.exe  /dclist:BLUETEAM.COM,10756,2128,"nltest.exe 5768 RegQueryValue HKLM\System\CurrentControlSet\Services\WinSock2\Parameters\NameSpace_Catalog5\Catalog_Entries64\000000000005\LibraryPath SUCCESS Type: REG_SZ, Length: 66, Data: %SystemRoot%\system32\NLAapi.dll 4/14/2022 12:34:30 PM Registry C:\Windows\system32\nltest.exe BLUETEAM\ezk nltest.exe  /dclist:BLUETEAM.COM 10756 2128",benign
nltest.exe,5768,RegQueryValue,HKLM\System\CurrentControlSet\Services\WinSock2\Parameters\NameSpace_Catalog5\Catalog_Entries64\000000000005\LibraryPath,SUCCESS,"Type: REG_SZ, Length: 66, Data: %SystemRoot%\system32\NLAapi.dll",4/14/2022 12:34:30 PM,Registry,C:\Windows\system32\nltest.exe,BLUETEAM\ezk,nltest.exe  /dclist:BLUETEAM.COM,10756,2128,"nltest.exe 5768 RegQueryValue HKLM\System\CurrentControlSet\Services\WinSock2\Parameters\NameSpace_Catalog5\Catalog_Entries64\000000000005\LibraryPath SUCCESS Type: REG_SZ, Length: 66, Data: %SystemRoot%\system32\NLAapi.dll 4/14/2022 12:34:30 PM Registry C:\Windows\system32\nltest.exe BLUETEAM\ezk nltest.exe  /dclist:BLUETEAM.COM 10756 2128",benign
nltest.exe,5768,RegQueryValue,HKLM\System\CurrentControlSet\Services\WinSock2\Parameters\NameSpace_Catalog5\Catalog_Entries64\000000000005\DisplayString,BUFFER OVERFLOW,Length: 12,4/14/2022 12:34:30 PM,Registry,C:\Windows\system32\nltest.exe,BLUETEAM\ezk,nltest.exe  /dclist:BLUETEAM.COM,10756,2128,nltest.exe 5768 RegQueryValue HKLM\System\CurrentControlSet\Services\WinSock2\Parameters\NameSpace_Catalog5\Catalog_Entries64\000000000005\DisplayString BUFFER OVERFLOW Length: 12 4/14/2022 12:34:30 PM Registry C:\Windows\system32\nltest.exe BLUETEAM\ezk nltest.exe  /dclist:BLUETEAM.COM 10756 2128,benign
nltest.exe,5768,RegQueryValue,HKLM\System\CurrentControlSet\Services\WinSock2\Parameters\NameSpace_Catalog5\Catalog_Entries64\000000000005\DisplayString,SUCCESS,"Type: REG_SZ, Length: 80, Data: @%SystemRoot%\system32\nlasvc.dll,-1000",4/14/2022 12:34:30 PM,Registry,C:\Windows\system32\nltest.exe,BLUETEAM\ezk,nltest.exe  /dclist:BLUETEAM.COM,10756,2128,"nltest.exe 5768 RegQueryValue HKLM\System\CurrentControlSet\Services\WinSock2\Parameters\NameSpace_Catalog5\Catalog_Entries64\000000000005\DisplayString SUCCESS Type: REG_SZ, Length: 80, Data: @%SystemRoot%\system32\nlasvc.dll,-1000 4/14/2022 12:34:30 PM Registry C:\Windows\system32\nltest.exe BLUETEAM\ezk nltest.exe  /dclist:BLUETEAM.COM 10756 2128",benign
nltest.exe,5768,RegQueryValue,HKLM\System\CurrentControlSet\Services\WinSock2\Parameters\NameSpace_Catalog5\Catalog_Entries64\000000000005\DisplayString,SUCCESS,"Type: REG_SZ, Length: 80, Data: @%SystemRoot%\system32\nlasvc.dll,-1000",4/14/2022 12:34:30 PM,Registry,C:\Windows\system32\nltest.exe,BLUETEAM\ezk,nltest.exe  /dclist:BLUETEAM.COM,10756,2128,"nltest.exe 5768 RegQueryValue HKLM\System\CurrentControlSet\Services\WinSock2\Parameters\NameSpace_Catalog5\Catalog_Entries64\000000000005\DisplayString SUCCESS Type: REG_SZ, Length: 80, Data: @%SystemRoot%\system32\nlasvc.dll,-1000 4/14/2022 12:34:30 PM Registry C:\Windows\system32\nltest.exe BLUETEAM\ezk nltest.exe  /dclist:BLUETEAM.COM 10756 2128",benign
nltest.exe,5768,RegQueryValue,HKLM\System\CurrentControlSet\Services\WinSock2\Parameters\NameSpace_Catalog5\Catalog_Entries64\000000000005\DisplayString,SUCCESS,"Type: REG_SZ, Length: 80, Data: @%SystemRoot%\system32\nlasvc.dll,-1000",4/14/2022 12:34:30 PM,Registry,C:\Windows\system32\nltest.exe,BLUETEAM\ezk,nltest.exe  /dclist:BLUETEAM.COM,10756,2128,"nltest.exe 5768 RegQueryValue HKLM\System\CurrentControlSet\Services\WinSock2\Parameters\NameSpace_Catalog5\Catalog_Entries64\000000000005\DisplayString SUCCESS Type: REG_SZ, Length: 80, Data: @%SystemRoot%\system32\nlasvc.dll,-1000 4/14/2022 12:34:30 PM Registry C:\Windows\system32\nltest.exe BLUETEAM\ezk nltest.exe  /dclist:BLUETEAM.COM 10756 2128",benign
nltest.exe,5768,RegQueryValue,HKLM\System\CurrentControlSet\Services\WinSock2\Parameters\NameSpace_Catalog5\Catalog_Entries64\000000000005\ProviderId,SUCCESS,"Type: REG_BINARY, Length: 16, Data: 3A 24 42 66 A8 3B A6 4A BA A5 2E 0B D7 1F DD 83",4/14/2022 12:34:30 PM,Registry,C:\Windows\system32\nltest.exe,BLUETEAM\ezk,nltest.exe  /dclist:BLUETEAM.COM,10756,2128,"nltest.exe 5768 RegQueryValue HKLM\System\CurrentControlSet\Services\WinSock2\Parameters\NameSpace_Catalog5\Catalog_Entries64\000000000005\ProviderId SUCCESS Type: REG_BINARY, Length: 16, Data: 3A 24 42 66 A8 3B A6 4A BA A5 2E 0B D7 1F DD 83 4/14/2022 12:34:30 PM Registry C:\Windows\system32\nltest.exe BLUETEAM\ezk nltest.exe  /dclist:BLUETEAM.COM 10756 2128",benign
nltest.exe,5768,RegQueryValue,HKLM\System\CurrentControlSet\Services\WinSock2\Parameters\NameSpace_Catalog5\Catalog_Entries64\000000000006\DisplayString,SUCCESS,"Type: REG_SZ, Length: 86, Data: @%SystemRoot%\system32\wshtcpip.dll,-60103",4/14/2022 12:34:30 PM,Registry,C:\Windows\system32\nltest.exe,BLUETEAM\ezk,nltest.exe  /dclist:BLUETEAM.COM,10756,2128,"nltest.exe 5768 RegQueryValue HKLM\System\CurrentControlSet\Services\WinSock2\Parameters\NameSpace_Catalog5\Catalog_Entries64\000000000006\DisplayString SUCCESS Type: REG_SZ, Length: 86, Data: @%SystemRoot%\system32\wshtcpip.dll,-60103 4/14/2022 12:34:30 PM Registry C:\Windows\system32\nltest.exe BLUETEAM\ezk nltest.exe  /dclist:BLUETEAM.COM 10756 2128",benign
nltest.exe,5768,RegQueryValue,HKLM\System\CurrentControlSet\Services\WinSock2\Parameters\NameSpace_Catalog5\Catalog_Entries64\000000000006\DisplayString,BUFFER OVERFLOW,Length: 12,4/14/2022 12:34:30 PM,Registry,C:\Windows\system32\nltest.exe,BLUETEAM\ezk,nltest.exe  /dclist:BLUETEAM.COM,10756,2128,nltest.exe 5768 RegQueryValue HKLM\System\CurrentControlSet\Services\WinSock2\Parameters\NameSpace_Catalog5\Catalog_Entries64\000000000006\DisplayString BUFFER OVERFLOW Length: 12 4/14/2022 12:34:30 PM Registry C:\Windows\system32\nltest.exe BLUETEAM\ezk nltest.exe  /dclist:BLUETEAM.COM 10756 2128,benign
nltest.exe,5768,RegQueryValue,HKLM\System\CurrentControlSet\Services\WinSock2\Parameters\NameSpace_Catalog5\Catalog_Entries64\000000000006\LibraryPath,SUCCESS,"Type: REG_SZ, Length: 68, Data: %SystemRoot%\System32\mswsock.dll",4/14/2022 12:34:30 PM,Registry,C:\Windows\system32\nltest.exe,BLUETEAM\ezk,nltest.exe  /dclist:BLUETEAM.COM,10756,2128,"nltest.exe 5768 RegQueryValue HKLM\System\CurrentControlSet\Services\WinSock2\Parameters\NameSpace_Catalog5\Catalog_Entries64\000000000006\LibraryPath SUCCESS Type: REG_SZ, Length: 68, Data: %SystemRoot%\System32\mswsock.dll 4/14/2022 12:34:30 PM Registry C:\Windows\system32\nltest.exe BLUETEAM\ezk nltest.exe  /dclist:BLUETEAM.COM 10756 2128",benign
nltest.exe,5768,RegQueryValue,HKLM\System\CurrentControlSet\Services\WinSock2\Parameters\NameSpace_Catalog5\Catalog_Entries64\000000000006\LibraryPath,SUCCESS,"Type: REG_SZ, Length: 68, Data: %SystemRoot%\System32\mswsock.dll",4/14/2022 12:34:30 PM,Registry,C:\Windows\system32\nltest.exe,BLUETEAM\ezk,nltest.exe  /dclist:BLUETEAM.COM,10756,2128,"nltest.exe 5768 RegQueryValue HKLM\System\CurrentControlSet\Services\WinSock2\Parameters\NameSpace_Catalog5\Catalog_Entries64\000000000006\LibraryPath SUCCESS Type: REG_SZ, Length: 68, Data: %SystemRoot%\System32\mswsock.dll 4/14/2022 12:34:30 PM Registry C:\Windows\system32\nltest.exe BLUETEAM\ezk nltest.exe  /dclist:BLUETEAM.COM 10756 2128",benign
nltest.exe,5768,RegOpenKey,HKLM\System\CurrentControlSet\Services\WinSock2\Parameters\NameSpace_Catalog5\Catalog_Entries64\000000000006,SUCCESS,Desired Access: Read,4/14/2022 12:34:30 PM,Registry,C:\Windows\system32\nltest.exe,BLUETEAM\ezk,nltest.exe  /dclist:BLUETEAM.COM,10756,2128,nltest.exe 5768 RegOpenKey HKLM\System\CurrentControlSet\Services\WinSock2\Parameters\NameSpace_Catalog5\Catalog_Entries64\000000000006 SUCCESS Desired Access: Read 4/14/2022 12:34:30 PM Registry C:\Windows\system32\nltest.exe BLUETEAM\ezk nltest.exe  /dclist:BLUETEAM.COM 10756 2128,benign
nltest.exe,5768,RegQueryKey,HKLM\System\CurrentControlSet\Services\WinSock2\Parameters\NameSpace_Catalog5\Catalog_Entries64,SUCCESS,"Query: HandleTags, HandleTags: 0x0",4/14/2022 12:34:30 PM,Registry,C:\Windows\system32\nltest.exe,BLUETEAM\ezk,nltest.exe  /dclist:BLUETEAM.COM,10756,2128,"nltest.exe 5768 RegQueryKey HKLM\System\CurrentControlSet\Services\WinSock2\Parameters\NameSpace_Catalog5\Catalog_Entries64 SUCCESS Query: HandleTags, HandleTags: 0x0 4/14/2022 12:34:30 PM Registry C:\Windows\system32\nltest.exe BLUETEAM\ezk nltest.exe  /dclist:BLUETEAM.COM 10756 2128",benign
nltest.exe,5768,RegQueryValue,HKLM\System\CurrentControlSet\Services\WinSock2\Parameters\NameSpace_Catalog5\Catalog_Entries64\000000000004\ProviderId,SUCCESS,"Type: REG_BINARY, Length: 16, Data: E0 63 AA 06 60 7D FF 41 AF B2 3E E6 D2 D9 39 2D",4/14/2022 12:34:30 PM,Registry,C:\Windows\system32\nltest.exe,BLUETEAM\ezk,nltest.exe  /dclist:BLUETEAM.COM,10756,2128,"nltest.exe 5768 RegQueryValue HKLM\System\CurrentControlSet\Services\WinSock2\Parameters\NameSpace_Catalog5\Catalog_Entries64\000000000004\ProviderId SUCCESS Type: REG_BINARY, Length: 16, Data: E0 63 AA 06 60 7D FF 41 AF B2 3E E6 D2 D9 39 2D 4/14/2022 12:34:30 PM Registry C:\Windows\system32\nltest.exe BLUETEAM\ezk nltest.exe  /dclist:BLUETEAM.COM 10756 2128",benign
nltest.exe,5768,RegCloseKey,HKLM\System\CurrentControlSet\Services\WinSock2\Parameters\NameSpace_Catalog5\Catalog_Entries64\000000000005,SUCCESS,,4/14/2022 12:34:30 PM,Registry,C:\Windows\system32\nltest.exe,BLUETEAM\ezk,nltest.exe  /dclist:BLUETEAM.COM,10756,2128,nltest.exe 5768 RegCloseKey HKLM\System\CurrentControlSet\Services\WinSock2\Parameters\NameSpace_Catalog5\Catalog_Entries64\000000000005 SUCCESS None 4/14/2022 12:34:30 PM Registry C:\Windows\system32\nltest.exe BLUETEAM\ezk nltest.exe  /dclist:BLUETEAM.COM 10756 2128,benign
nltest.exe,5768,RegQueryValue,HKLM\System\CurrentControlSet\Services\WinSock2\Parameters\NameSpace_Catalog5\Catalog_Entries64\000000000005\ProviderInfo,SUCCESS,"Type: REG_BINARY, Length: 0",4/14/2022 12:34:30 PM,Registry,C:\Windows\system32\nltest.exe,BLUETEAM\ezk,nltest.exe  /dclist:BLUETEAM.COM,10756,2128,"nltest.exe 5768 RegQueryValue HKLM\System\CurrentControlSet\Services\WinSock2\Parameters\NameSpace_Catalog5\Catalog_Entries64\000000000005\ProviderInfo SUCCESS Type: REG_BINARY, Length: 0 4/14/2022 12:34:30 PM Registry C:\Windows\system32\nltest.exe BLUETEAM\ezk nltest.exe  /dclist:BLUETEAM.COM 10756 2128",benign
nltest.exe,5768,RegQueryValue,HKLM\System\CurrentControlSet\Services\WinSock2\Parameters\NameSpace_Catalog5\Catalog_Entries64\000000000005\StoresServiceClassInfo,SUCCESS,"Type: REG_DWORD, Length: 4, Data: 0",4/14/2022 12:34:30 PM,Registry,C:\Windows\system32\nltest.exe,BLUETEAM\ezk,nltest.exe  /dclist:BLUETEAM.COM,10756,2128,"nltest.exe 5768 RegQueryValue HKLM\System\CurrentControlSet\Services\WinSock2\Parameters\NameSpace_Catalog5\Catalog_Entries64\000000000005\StoresServiceClassInfo SUCCESS Type: REG_DWORD, Length: 4, Data: 0 4/14/2022 12:34:30 PM Registry C:\Windows\system32\nltest.exe BLUETEAM\ezk nltest.exe  /dclist:BLUETEAM.COM 10756 2128",benign
nltest.exe,5768,RegQueryValue,HKLM\System\CurrentControlSet\Services\WinSock2\Parameters\NameSpace_Catalog5\Catalog_Entries64\000000000005\Version,SUCCESS,"Type: REG_DWORD, Length: 4, Data: 0",4/14/2022 12:34:30 PM,Registry,C:\Windows\system32\nltest.exe,BLUETEAM\ezk,nltest.exe  /dclist:BLUETEAM.COM,10756,2128,"nltest.exe 5768 RegQueryValue HKLM\System\CurrentControlSet\Services\WinSock2\Parameters\NameSpace_Catalog5\Catalog_Entries64\000000000005\Version SUCCESS Type: REG_DWORD, Length: 4, Data: 0 4/14/2022 12:34:30 PM Registry C:\Windows\system32\nltest.exe BLUETEAM\ezk nltest.exe  /dclist:BLUETEAM.COM 10756 2128",benign
nltest.exe,5768,RegQueryValue,HKLM\System\CurrentControlSet\Services\WinSock2\Parameters\NameSpace_Catalog5\Catalog_Entries64\000000000005\Enabled,SUCCESS,"Type: REG_DWORD, Length: 4, Data: 1",4/14/2022 12:34:30 PM,Registry,C:\Windows\system32\nltest.exe,BLUETEAM\ezk,nltest.exe  /dclist:BLUETEAM.COM,10756,2128,"nltest.exe 5768 RegQueryValue HKLM\System\CurrentControlSet\Services\WinSock2\Parameters\NameSpace_Catalog5\Catalog_Entries64\000000000005\Enabled SUCCESS Type: REG_DWORD, Length: 4, Data: 1 4/14/2022 12:34:30 PM Registry C:\Windows\system32\nltest.exe BLUETEAM\ezk nltest.exe  /dclist:BLUETEAM.COM 10756 2128",benign
nltest.exe,5768,RegQueryValue,HKLM\System\CurrentControlSet\Services\WinSock2\Parameters\NameSpace_Catalog5\Catalog_Entries64\000000000005\SupportedNameSpace,SUCCESS,"Type: REG_DWORD, Length: 4, Data: 15",4/14/2022 12:34:30 PM,Registry,C:\Windows\system32\nltest.exe,BLUETEAM\ezk,nltest.exe  /dclist:BLUETEAM.COM,10756,2128,"nltest.exe 5768 RegQueryValue HKLM\System\CurrentControlSet\Services\WinSock2\Parameters\NameSpace_Catalog5\Catalog_Entries64\000000000005\SupportedNameSpace SUCCESS Type: REG_DWORD, Length: 4, Data: 15 4/14/2022 12:34:30 PM Registry C:\Windows\system32\nltest.exe BLUETEAM\ezk nltest.exe  /dclist:BLUETEAM.COM 10756 2128",benign
nltest.exe,5768,RegQueryValue,HKLM\System\CurrentControlSet\Services\WinSock2\Parameters\NameSpace_Catalog5\Catalog_Entries64\000000000005\AddressFamily,NAME NOT FOUND,Length: 16,4/14/2022 12:34:30 PM,Registry,C:\Windows\system32\nltest.exe,BLUETEAM\ezk,nltest.exe  /dclist:BLUETEAM.COM,10756,2128,nltest.exe 5768 RegQueryValue HKLM\System\CurrentControlSet\Services\WinSock2\Parameters\NameSpace_Catalog5\Catalog_Entries64\000000000005\AddressFamily NAME NOT FOUND Length: 16 4/14/2022 12:34:30 PM Registry C:\Windows\system32\nltest.exe BLUETEAM\ezk nltest.exe  /dclist:BLUETEAM.COM 10756 2128,benign
nltest.exe,5768,RegQueryValue,HKLM\System\CurrentControlSet\Services\WinSock2\Parameters\NameSpace_Catalog5\Catalog_Entries64\000000000005\ProviderInfo,SUCCESS,"Type: REG_BINARY, Length: 0",4/14/2022 12:34:30 PM,Registry,C:\Windows\system32\nltest.exe,BLUETEAM\ezk,nltest.exe  /dclist:BLUETEAM.COM,10756,2128,"nltest.exe 5768 RegQueryValue HKLM\System\CurrentControlSet\Services\WinSock2\Parameters\NameSpace_Catalog5\Catalog_Entries64\000000000005\ProviderInfo SUCCESS Type: REG_BINARY, Length: 0 4/14/2022 12:34:30 PM Registry C:\Windows\system32\nltest.exe BLUETEAM\ezk nltest.exe  /dclist:BLUETEAM.COM 10756 2128",benign
nltest.exe,5768,RegQueryValue,HKLM\System\CurrentControlSet\Services\WinSock2\Parameters\NameSpace_Catalog5\Catalog_Entries64\000000000006\DisplayString,SUCCESS,"Type: REG_SZ, Length: 86, Data: @%SystemRoot%\system32\wshtcpip.dll,-60103",4/14/2022 12:34:30 PM,Registry,C:\Windows\system32\nltest.exe,BLUETEAM\ezk,nltest.exe  /dclist:BLUETEAM.COM,10756,2128,"nltest.exe 5768 RegQueryValue HKLM\System\CurrentControlSet\Services\WinSock2\Parameters\NameSpace_Catalog5\Catalog_Entries64\000000000006\DisplayString SUCCESS Type: REG_SZ, Length: 86, Data: @%SystemRoot%\system32\wshtcpip.dll,-60103 4/14/2022 12:34:30 PM Registry C:\Windows\system32\nltest.exe BLUETEAM\ezk nltest.exe  /dclist:BLUETEAM.COM 10756 2128",benign
nltest.exe,5768,RegQueryValue,HKLM\System\CurrentControlSet\Services\WinSock2\Parameters\NameSpace_Catalog5\Catalog_Entries64\000000000004\DisplayString,SUCCESS,"Type: REG_SZ, Length: 40, Data: Bluetooth Namespace",4/14/2022 12:34:30 PM,Registry,C:\Windows\system32\nltest.exe,BLUETEAM\ezk,nltest.exe  /dclist:BLUETEAM.COM,10756,2128,"nltest.exe 5768 RegQueryValue HKLM\System\CurrentControlSet\Services\WinSock2\Parameters\NameSpace_Catalog5\Catalog_Entries64\000000000004\DisplayString SUCCESS Type: REG_SZ, Length: 40, Data: Bluetooth Namespace 4/14/2022 12:34:30 PM Registry C:\Windows\system32\nltest.exe BLUETEAM\ezk nltest.exe  /dclist:BLUETEAM.COM 10756 2128",benign
nltest.exe,5768,RegQueryValue,HKLM\System\CurrentControlSet\Services\WinSock2\Parameters\NameSpace_Catalog5\Catalog_Entries64\000000000004\DisplayString,SUCCESS,"Type: REG_SZ, Length: 40, Data: Bluetooth Namespace",4/14/2022 12:34:30 PM,Registry,C:\Windows\system32\nltest.exe,BLUETEAM\ezk,nltest.exe  /dclist:BLUETEAM.COM,10756,2128,"nltest.exe 5768 RegQueryValue HKLM\System\CurrentControlSet\Services\WinSock2\Parameters\NameSpace_Catalog5\Catalog_Entries64\000000000004\DisplayString SUCCESS Type: REG_SZ, Length: 40, Data: Bluetooth Namespace 4/14/2022 12:34:30 PM Registry C:\Windows\system32\nltest.exe BLUETEAM\ezk nltest.exe  /dclist:BLUETEAM.COM 10756 2128",benign
nltest.exe,5768,RegQueryValue,HKLM\System\CurrentControlSet\Services\WinSock2\Parameters\NameSpace_Catalog5\Catalog_Entries64\000000000002\ProviderId,SUCCESS,"Type: REG_BINARY, Length: 16, Data: CE 89 FE 03 6D 76 76 49 B9 C1 BB 9B C4 2C 7B 4D",4/14/2022 12:34:30 PM,Registry,C:\Windows\system32\nltest.exe,BLUETEAM\ezk,nltest.exe  /dclist:BLUETEAM.COM,10756,2128,"nltest.exe 5768 RegQueryValue HKLM\System\CurrentControlSet\Services\WinSock2\Parameters\NameSpace_Catalog5\Catalog_Entries64\000000000002\ProviderId SUCCESS Type: REG_BINARY, Length: 16, Data: CE 89 FE 03 6D 76 76 49 B9 C1 BB 9B C4 2C 7B 4D 4/14/2022 12:34:30 PM Registry C:\Windows\system32\nltest.exe BLUETEAM\ezk nltest.exe  /dclist:BLUETEAM.COM 10756 2128",benign
nltest.exe,5768,RegQueryValue,HKLM\System\CurrentControlSet\Services\WinSock2\Parameters\NameSpace_Catalog5\Catalog_Entries64\000000000002\AddressFamily,NAME NOT FOUND,Length: 16,4/14/2022 12:34:30 PM,Registry,C:\Windows\system32\nltest.exe,BLUETEAM\ezk,nltest.exe  /dclist:BLUETEAM.COM,10756,2128,nltest.exe 5768 RegQueryValue HKLM\System\CurrentControlSet\Services\WinSock2\Parameters\NameSpace_Catalog5\Catalog_Entries64\000000000002\AddressFamily NAME NOT FOUND Length: 16 4/14/2022 12:34:30 PM Registry C:\Windows\system32\nltest.exe BLUETEAM\ezk nltest.exe  /dclist:BLUETEAM.COM 10756 2128,benign
nltest.exe,5768,RegQueryValue,HKLM\System\CurrentControlSet\Services\WinSock2\Parameters\NameSpace_Catalog5\Catalog_Entries64\000000000002\SupportedNameSpace,SUCCESS,"Type: REG_DWORD, Length: 4, Data: 39",4/14/2022 12:34:30 PM,Registry,C:\Windows\system32\nltest.exe,BLUETEAM\ezk,nltest.exe  /dclist:BLUETEAM.COM,10756,2128,"nltest.exe 5768 RegQueryValue HKLM\System\CurrentControlSet\Services\WinSock2\Parameters\NameSpace_Catalog5\Catalog_Entries64\000000000002\SupportedNameSpace SUCCESS Type: REG_DWORD, Length: 4, Data: 39 4/14/2022 12:34:30 PM Registry C:\Windows\system32\nltest.exe BLUETEAM\ezk nltest.exe  /dclist:BLUETEAM.COM 10756 2128",benign
nltest.exe,5768,RegQueryValue,HKLM\System\CurrentControlSet\Services\WinSock2\Parameters\NameSpace_Catalog5\Catalog_Entries64\000000000002\Enabled,SUCCESS,"Type: REG_DWORD, Length: 4, Data: 1",4/14/2022 12:34:30 PM,Registry,C:\Windows\system32\nltest.exe,BLUETEAM\ezk,nltest.exe  /dclist:BLUETEAM.COM,10756,2128,"nltest.exe 5768 RegQueryValue HKLM\System\CurrentControlSet\Services\WinSock2\Parameters\NameSpace_Catalog5\Catalog_Entries64\000000000002\Enabled SUCCESS Type: REG_DWORD, Length: 4, Data: 1 4/14/2022 12:34:30 PM Registry C:\Windows\system32\nltest.exe BLUETEAM\ezk nltest.exe  /dclist:BLUETEAM.COM 10756 2128",benign
nltest.exe,5768,RegQueryValue,HKLM\System\CurrentControlSet\Services\WinSock2\Parameters\NameSpace_Catalog5\Catalog_Entries64\000000000002\Version,SUCCESS,"Type: REG_DWORD, Length: 4, Data: 0",4/14/2022 12:34:30 PM,Registry,C:\Windows\system32\nltest.exe,BLUETEAM\ezk,nltest.exe  /dclist:BLUETEAM.COM,10756,2128,"nltest.exe 5768 RegQueryValue HKLM\System\CurrentControlSet\Services\WinSock2\Parameters\NameSpace_Catalog5\Catalog_Entries64\000000000002\Version SUCCESS Type: REG_DWORD, Length: 4, Data: 0 4/14/2022 12:34:30 PM Registry C:\Windows\system32\nltest.exe BLUETEAM\ezk nltest.exe  /dclist:BLUETEAM.COM 10756 2128",benign
nltest.exe,5768,RegQueryValue,HKLM\System\CurrentControlSet\Services\WinSock2\Parameters\NameSpace_Catalog5\Catalog_Entries64\000000000002\StoresServiceClassInfo,SUCCESS,"Type: REG_DWORD, Length: 4, Data: 0",4/14/2022 12:34:30 PM,Registry,C:\Windows\system32\nltest.exe,BLUETEAM\ezk,nltest.exe  /dclist:BLUETEAM.COM,10756,2128,"nltest.exe 5768 RegQueryValue HKLM\System\CurrentControlSet\Services\WinSock2\Parameters\NameSpace_Catalog5\Catalog_Entries64\000000000002\StoresServiceClassInfo SUCCESS Type: REG_DWORD, Length: 4, Data: 0 4/14/2022 12:34:30 PM Registry C:\Windows\system32\nltest.exe BLUETEAM\ezk nltest.exe  /dclist:BLUETEAM.COM 10756 2128",benign
nltest.exe,5768,RegQueryValue,HKLM\System\CurrentControlSet\Services\WinSock2\Parameters\NameSpace_Catalog5\Catalog_Entries64\000000000002\ProviderInfo,SUCCESS,"Type: REG_BINARY, Length: 0",4/14/2022 12:34:30 PM,Registry,C:\Windows\system32\nltest.exe,BLUETEAM\ezk,nltest.exe  /dclist:BLUETEAM.COM,10756,2128,"nltest.exe 5768 RegQueryValue HKLM\System\CurrentControlSet\Services\WinSock2\Parameters\NameSpace_Catalog5\Catalog_Entries64\000000000002\ProviderInfo SUCCESS Type: REG_BINARY, Length: 0 4/14/2022 12:34:30 PM Registry C:\Windows\system32\nltest.exe BLUETEAM\ezk nltest.exe  /dclist:BLUETEAM.COM 10756 2128",benign
nltest.exe,5768,RegQueryValue,HKLM\System\CurrentControlSet\Services\WinSock2\Parameters\NameSpace_Catalog5\Catalog_Entries64\000000000002\ProviderInfo,SUCCESS,"Type: REG_BINARY, Length: 0",4/14/2022 12:34:30 PM,Registry,C:\Windows\system32\nltest.exe,BLUETEAM\ezk,nltest.exe  /dclist:BLUETEAM.COM,10756,2128,"nltest.exe 5768 RegQueryValue HKLM\System\CurrentControlSet\Services\WinSock2\Parameters\NameSpace_Catalog5\Catalog_Entries64\000000000002\ProviderInfo SUCCESS Type: REG_BINARY, Length: 0 4/14/2022 12:34:30 PM Registry C:\Windows\system32\nltest.exe BLUETEAM\ezk nltest.exe  /dclist:BLUETEAM.COM 10756 2128",benign
nltest.exe,5768,RegCloseKey,HKLM\System\CurrentControlSet\Services\WinSock2\Parameters\NameSpace_Catalog5\Catalog_Entries64\000000000002,SUCCESS,,4/14/2022 12:34:30 PM,Registry,C:\Windows\system32\nltest.exe,BLUETEAM\ezk,nltest.exe  /dclist:BLUETEAM.COM,10756,2128,nltest.exe 5768 RegCloseKey HKLM\System\CurrentControlSet\Services\WinSock2\Parameters\NameSpace_Catalog5\Catalog_Entries64\000000000002 SUCCESS None 4/14/2022 12:34:30 PM Registry C:\Windows\system32\nltest.exe BLUETEAM\ezk nltest.exe  /dclist:BLUETEAM.COM 10756 2128,benign
nltest.exe,5768,RegQueryKey,HKLM\System\CurrentControlSet\Services\WinSock2\Parameters\NameSpace_Catalog5\Catalog_Entries64,SUCCESS,"Query: HandleTags, HandleTags: 0x0",4/14/2022 12:34:30 PM,Registry,C:\Windows\system32\nltest.exe,BLUETEAM\ezk,nltest.exe  /dclist:BLUETEAM.COM,10756,2128,"nltest.exe 5768 RegQueryKey HKLM\System\CurrentControlSet\Services\WinSock2\Parameters\NameSpace_Catalog5\Catalog_Entries64 SUCCESS Query: HandleTags, HandleTags: 0x0 4/14/2022 12:34:30 PM Registry C:\Windows\system32\nltest.exe BLUETEAM\ezk nltest.exe  /dclist:BLUETEAM.COM 10756 2128",benign
nltest.exe,5768,RegOpenKey,HKLM\System\CurrentControlSet\Services\WinSock2\Parameters\NameSpace_Catalog5\Catalog_Entries64\000000000003,SUCCESS,Desired Access: Read,4/14/2022 12:34:30 PM,Registry,C:\Windows\system32\nltest.exe,BLUETEAM\ezk,nltest.exe  /dclist:BLUETEAM.COM,10756,2128,nltest.exe 5768 RegOpenKey HKLM\System\CurrentControlSet\Services\WinSock2\Parameters\NameSpace_Catalog5\Catalog_Entries64\000000000003 SUCCESS Desired Access: Read 4/14/2022 12:34:30 PM Registry C:\Windows\system32\nltest.exe BLUETEAM\ezk nltest.exe  /dclist:BLUETEAM.COM 10756 2128,benign
nltest.exe,5768,RegQueryValue,HKLM\System\CurrentControlSet\Services\WinSock2\Parameters\NameSpace_Catalog5\Catalog_Entries64\000000000003\LibraryPath,SUCCESS,"Type: REG_SZ, Length: 68, Data: %SystemRoot%\system32\pnrpnsp.dll",4/14/2022 12:34:30 PM,Registry,C:\Windows\system32\nltest.exe,BLUETEAM\ezk,nltest.exe  /dclist:BLUETEAM.COM,10756,2128,"nltest.exe 5768 RegQueryValue HKLM\System\CurrentControlSet\Services\WinSock2\Parameters\NameSpace_Catalog5\Catalog_Entries64\000000000003\LibraryPath SUCCESS Type: REG_SZ, Length: 68, Data: %SystemRoot%\system32\pnrpnsp.dll 4/14/2022 12:34:30 PM Registry C:\Windows\system32\nltest.exe BLUETEAM\ezk nltest.exe  /dclist:BLUETEAM.COM 10756 2128",benign
nltest.exe,5768,RegQueryValue,HKLM\System\CurrentControlSet\Services\WinSock2\Parameters\NameSpace_Catalog5\Catalog_Entries64\000000000003\LibraryPath,SUCCESS,"Type: REG_SZ, Length: 68, Data: %SystemRoot%\system32\pnrpnsp.dll",4/14/2022 12:34:30 PM,Registry,C:\Windows\system32\nltest.exe,BLUETEAM\ezk,nltest.exe  /dclist:BLUETEAM.COM,10756,2128,"nltest.exe 5768 RegQueryValue HKLM\System\CurrentControlSet\Services\WinSock2\Parameters\NameSpace_Catalog5\Catalog_Entries64\000000000003\LibraryPath SUCCESS Type: REG_SZ, Length: 68, Data: %SystemRoot%\system32\pnrpnsp.dll 4/14/2022 12:34:30 PM Registry C:\Windows\system32\nltest.exe BLUETEAM\ezk nltest.exe  /dclist:BLUETEAM.COM 10756 2128",benign
nltest.exe,5768,RegQueryValue,HKLM\System\CurrentControlSet\Services\WinSock2\Parameters\NameSpace_Catalog5\Catalog_Entries64\000000000003\DisplayString,BUFFER OVERFLOW,Length: 12,4/14/2022 12:34:30 PM,Registry,C:\Windows\system32\nltest.exe,BLUETEAM\ezk,nltest.exe  /dclist:BLUETEAM.COM,10756,2128,nltest.exe 5768 RegQueryValue HKLM\System\CurrentControlSet\Services\WinSock2\Parameters\NameSpace_Catalog5\Catalog_Entries64\000000000003\DisplayString BUFFER OVERFLOW Length: 12 4/14/2022 12:34:30 PM Registry C:\Windows\system32\nltest.exe BLUETEAM\ezk nltest.exe  /dclist:BLUETEAM.COM 10756 2128,benign
nltest.exe,5768,RegQueryValue,HKLM\System\CurrentControlSet\Services\WinSock2\Parameters\NameSpace_Catalog5\Catalog_Entries64\000000000003\DisplayString,SUCCESS,"Type: REG_SZ, Length: 82, Data: @%SystemRoot%\system32\pnrpnsp.dll,-1001",4/14/2022 12:34:30 PM,Registry,C:\Windows\system32\nltest.exe,BLUETEAM\ezk,nltest.exe  /dclist:BLUETEAM.COM,10756,2128,"nltest.exe 5768 RegQueryValue HKLM\System\CurrentControlSet\Services\WinSock2\Parameters\NameSpace_Catalog5\Catalog_Entries64\000000000003\DisplayString SUCCESS Type: REG_SZ, Length: 82, Data: @%SystemRoot%\system32\pnrpnsp.dll,-1001 4/14/2022 12:34:30 PM Registry C:\Windows\system32\nltest.exe BLUETEAM\ezk nltest.exe  /dclist:BLUETEAM.COM 10756 2128",benign
nltest.exe,5768,RegQueryValue,HKLM\System\CurrentControlSet\Services\WinSock2\Parameters\NameSpace_Catalog5\Catalog_Entries64\000000000003\DisplayString,SUCCESS,"Type: REG_SZ, Length: 82, Data: @%SystemRoot%\system32\pnrpnsp.dll,-1001",4/14/2022 12:34:30 PM,Registry,C:\Windows\system32\nltest.exe,BLUETEAM\ezk,nltest.exe  /dclist:BLUETEAM.COM,10756,2128,"nltest.exe 5768 RegQueryValue HKLM\System\CurrentControlSet\Services\WinSock2\Parameters\NameSpace_Catalog5\Catalog_Entries64\000000000003\DisplayString SUCCESS Type: REG_SZ, Length: 82, Data: @%SystemRoot%\system32\pnrpnsp.dll,-1001 4/14/2022 12:34:30 PM Registry C:\Windows\system32\nltest.exe BLUETEAM\ezk nltest.exe  /dclist:BLUETEAM.COM 10756 2128",benign
nltest.exe,5768,RegQueryValue,HKLM\System\CurrentControlSet\Services\WinSock2\Parameters\NameSpace_Catalog5\Catalog_Entries64\000000000003\DisplayString,SUCCESS,"Type: REG_SZ, Length: 82, Data: @%SystemRoot%\system32\pnrpnsp.dll,-1001",4/14/2022 12:34:30 PM,Registry,C:\Windows\system32\nltest.exe,BLUETEAM\ezk,nltest.exe  /dclist:BLUETEAM.COM,10756,2128,"nltest.exe 5768 RegQueryValue HKLM\System\CurrentControlSet\Services\WinSock2\Parameters\NameSpace_Catalog5\Catalog_Entries64\000000000003\DisplayString SUCCESS Type: REG_SZ, Length: 82, Data: @%SystemRoot%\system32\pnrpnsp.dll,-1001 4/14/2022 12:34:30 PM Registry C:\Windows\system32\nltest.exe BLUETEAM\ezk nltest.exe  /dclist:BLUETEAM.COM 10756 2128",benign
nltest.exe,5768,RegQueryValue,HKLM\System\CurrentControlSet\Services\WinSock2\Parameters\NameSpace_Catalog5\Catalog_Entries64\000000000004\DisplayString,BUFFER OVERFLOW,Length: 12,4/14/2022 12:34:30 PM,Registry,C:\Windows\system32\nltest.exe,BLUETEAM\ezk,nltest.exe  /dclist:BLUETEAM.COM,10756,2128,nltest.exe 5768 RegQueryValue HKLM\System\CurrentControlSet\Services\WinSock2\Parameters\NameSpace_Catalog5\Catalog_Entries64\000000000004\DisplayString BUFFER OVERFLOW Length: 12 4/14/2022 12:34:30 PM Registry C:\Windows\system32\nltest.exe BLUETEAM\ezk nltest.exe  /dclist:BLUETEAM.COM 10756 2128,benign
nltest.exe,5768,RegQueryValue,HKLM\System\CurrentControlSet\Services\WinSock2\Parameters\NameSpace_Catalog5\Catalog_Entries64\000000000004\LibraryPath,SUCCESS,"Type: REG_SZ, Length: 66, Data: %SystemRoot%\system32\wshbth.dll",4/14/2022 12:34:30 PM,Registry,C:\Windows\system32\nltest.exe,BLUETEAM\ezk,nltest.exe  /dclist:BLUETEAM.COM,10756,2128,"nltest.exe 5768 RegQueryValue HKLM\System\CurrentControlSet\Services\WinSock2\Parameters\NameSpace_Catalog5\Catalog_Entries64\000000000004\LibraryPath SUCCESS Type: REG_SZ, Length: 66, Data: %SystemRoot%\system32\wshbth.dll 4/14/2022 12:34:30 PM Registry C:\Windows\system32\nltest.exe BLUETEAM\ezk nltest.exe  /dclist:BLUETEAM.COM 10756 2128",benign
nltest.exe,5768,RegQueryValue,HKLM\System\CurrentControlSet\Services\WinSock2\Parameters\NameSpace_Catalog5\Catalog_Entries64\000000000004\LibraryPath,SUCCESS,"Type: REG_SZ, Length: 66, Data: %SystemRoot%\system32\wshbth.dll",4/14/2022 12:34:30 PM,Registry,C:\Windows\system32\nltest.exe,BLUETEAM\ezk,nltest.exe  /dclist:BLUETEAM.COM,10756,2128,"nltest.exe 5768 RegQueryValue HKLM\System\CurrentControlSet\Services\WinSock2\Parameters\NameSpace_Catalog5\Catalog_Entries64\000000000004\LibraryPath SUCCESS Type: REG_SZ, Length: 66, Data: %SystemRoot%\system32\wshbth.dll 4/14/2022 12:34:30 PM Registry C:\Windows\system32\nltest.exe BLUETEAM\ezk nltest.exe  /dclist:BLUETEAM.COM 10756 2128",benign
nltest.exe,5768,RegOpenKey,HKLM\System\CurrentControlSet\Services\WinSock2\Parameters\NameSpace_Catalog5\Catalog_Entries64\000000000004,SUCCESS,Desired Access: Read,4/14/2022 12:34:30 PM,Registry,C:\Windows\system32\nltest.exe,BLUETEAM\ezk,nltest.exe  /dclist:BLUETEAM.COM,10756,2128,nltest.exe 5768 RegOpenKey HKLM\System\CurrentControlSet\Services\WinSock2\Parameters\NameSpace_Catalog5\Catalog_Entries64\000000000004 SUCCESS Desired Access: Read 4/14/2022 12:34:30 PM Registry C:\Windows\system32\nltest.exe BLUETEAM\ezk nltest.exe  /dclist:BLUETEAM.COM 10756 2128,benign
nltest.exe,5768,RegQueryKey,HKLM\System\CurrentControlSet\Services\WinSock2\Parameters\NameSpace_Catalog5\Catalog_Entries64,SUCCESS,"Query: HandleTags, HandleTags: 0x0",4/14/2022 12:34:30 PM,Registry,C:\Windows\system32\nltest.exe,BLUETEAM\ezk,nltest.exe  /dclist:BLUETEAM.COM,10756,2128,"nltest.exe 5768 RegQueryKey HKLM\System\CurrentControlSet\Services\WinSock2\Parameters\NameSpace_Catalog5\Catalog_Entries64 SUCCESS Query: HandleTags, HandleTags: 0x0 4/14/2022 12:34:30 PM Registry C:\Windows\system32\nltest.exe BLUETEAM\ezk nltest.exe  /dclist:BLUETEAM.COM 10756 2128",benign
nltest.exe,5768,RegCloseKey,HKLM\System\CurrentControlSet\Services\WinSock2\Parameters\NameSpace_Catalog5\Catalog_Entries64\000000000003,SUCCESS,,4/14/2022 12:34:30 PM,Registry,C:\Windows\system32\nltest.exe,BLUETEAM\ezk,nltest.exe  /dclist:BLUETEAM.COM,10756,2128,nltest.exe 5768 RegCloseKey HKLM\System\CurrentControlSet\Services\WinSock2\Parameters\NameSpace_Catalog5\Catalog_Entries64\000000000003 SUCCESS None 4/14/2022 12:34:30 PM Registry C:\Windows\system32\nltest.exe BLUETEAM\ezk nltest.exe  /dclist:BLUETEAM.COM 10756 2128,benign
nltest.exe,5768,RegQueryValue,HKLM\System\CurrentControlSet\Services\WinSock2\Parameters\NameSpace_Catalog5\Catalog_Entries64\000000000004\DisplayString,SUCCESS,"Type: REG_SZ, Length: 40, Data: Bluetooth Namespace",4/14/2022 12:34:30 PM,Registry,C:\Windows\system32\nltest.exe,BLUETEAM\ezk,nltest.exe  /dclist:BLUETEAM.COM,10756,2128,"nltest.exe 5768 RegQueryValue HKLM\System\CurrentControlSet\Services\WinSock2\Parameters\NameSpace_Catalog5\Catalog_Entries64\000000000004\DisplayString SUCCESS Type: REG_SZ, Length: 40, Data: Bluetooth Namespace 4/14/2022 12:34:30 PM Registry C:\Windows\system32\nltest.exe BLUETEAM\ezk nltest.exe  /dclist:BLUETEAM.COM 10756 2128",benign
nltest.exe,5768,RegQueryValue,HKLM\System\CurrentControlSet\Services\WinSock2\Parameters\NameSpace_Catalog5\Catalog_Entries64\000000000003\ProviderInfo,SUCCESS,"Type: REG_BINARY, Length: 0",4/14/2022 12:34:30 PM,Registry,C:\Windows\system32\nltest.exe,BLUETEAM\ezk,nltest.exe  /dclist:BLUETEAM.COM,10756,2128,"nltest.exe 5768 RegQueryValue HKLM\System\CurrentControlSet\Services\WinSock2\Parameters\NameSpace_Catalog5\Catalog_Entries64\000000000003\ProviderInfo SUCCESS Type: REG_BINARY, Length: 0 4/14/2022 12:34:30 PM Registry C:\Windows\system32\nltest.exe BLUETEAM\ezk nltest.exe  /dclist:BLUETEAM.COM 10756 2128",benign
nltest.exe,5768,RegQueryValue,HKLM\System\CurrentControlSet\Services\WinSock2\Parameters\NameSpace_Catalog5\Catalog_Entries64\000000000003\StoresServiceClassInfo,SUCCESS,"Type: REG_DWORD, Length: 4, Data: 0",4/14/2022 12:34:30 PM,Registry,C:\Windows\system32\nltest.exe,BLUETEAM\ezk,nltest.exe  /dclist:BLUETEAM.COM,10756,2128,"nltest.exe 5768 RegQueryValue HKLM\System\CurrentControlSet\Services\WinSock2\Parameters\NameSpace_Catalog5\Catalog_Entries64\000000000003\StoresServiceClassInfo SUCCESS Type: REG_DWORD, Length: 4, Data: 0 4/14/2022 12:34:30 PM Registry C:\Windows\system32\nltest.exe BLUETEAM\ezk nltest.exe  /dclist:BLUETEAM.COM 10756 2128",benign
nltest.exe,5768,RegQueryValue,HKLM\System\CurrentControlSet\Services\WinSock2\Parameters\NameSpace_Catalog5\Catalog_Entries64\000000000003\Version,SUCCESS,"Type: REG_DWORD, Length: 4, Data: 0",4/14/2022 12:34:30 PM,Registry,C:\Windows\system32\nltest.exe,BLUETEAM\ezk,nltest.exe  /dclist:BLUETEAM.COM,10756,2128,"nltest.exe 5768 RegQueryValue HKLM\System\CurrentControlSet\Services\WinSock2\Parameters\NameSpace_Catalog5\Catalog_Entries64\000000000003\Version SUCCESS Type: REG_DWORD, Length: 4, Data: 0 4/14/2022 12:34:30 PM Registry C:\Windows\system32\nltest.exe BLUETEAM\ezk nltest.exe  /dclist:BLUETEAM.COM 10756 2128",benign
nltest.exe,5768,RegQueryValue,HKLM\System\CurrentControlSet\Services\WinSock2\Parameters\NameSpace_Catalog5\Catalog_Entries64\000000000003\Enabled,SUCCESS,"Type: REG_DWORD, Length: 4, Data: 1",4/14/2022 12:34:30 PM,Registry,C:\Windows\system32\nltest.exe,BLUETEAM\ezk,nltest.exe  /dclist:BLUETEAM.COM,10756,2128,"nltest.exe 5768 RegQueryValue HKLM\System\CurrentControlSet\Services\WinSock2\Parameters\NameSpace_Catalog5\Catalog_Entries64\000000000003\Enabled SUCCESS Type: REG_DWORD, Length: 4, Data: 1 4/14/2022 12:34:30 PM Registry C:\Windows\system32\nltest.exe BLUETEAM\ezk nltest.exe  /dclist:BLUETEAM.COM 10756 2128",benign
nltest.exe,5768,RegQueryValue,HKLM\System\CurrentControlSet\Services\WinSock2\Parameters\NameSpace_Catalog5\Catalog_Entries64\000000000003\SupportedNameSpace,SUCCESS,"Type: REG_DWORD, Length: 4, Data: 38",4/14/2022 12:34:30 PM,Registry,C:\Windows\system32\nltest.exe,BLUETEAM\ezk,nltest.exe  /dclist:BLUETEAM.COM,10756,2128,"nltest.exe 5768 RegQueryValue HKLM\System\CurrentControlSet\Services\WinSock2\Parameters\NameSpace_Catalog5\Catalog_Entries64\000000000003\SupportedNameSpace SUCCESS Type: REG_DWORD, Length: 4, Data: 38 4/14/2022 12:34:30 PM Registry C:\Windows\system32\nltest.exe BLUETEAM\ezk nltest.exe  /dclist:BLUETEAM.COM 10756 2128",benign
nltest.exe,5768,RegQueryValue,HKLM\System\CurrentControlSet\Services\WinSock2\Parameters\NameSpace_Catalog5\Catalog_Entries64\000000000003\AddressFamily,NAME NOT FOUND,Length: 16,4/14/2022 12:34:30 PM,Registry,C:\Windows\system32\nltest.exe,BLUETEAM\ezk,nltest.exe  /dclist:BLUETEAM.COM,10756,2128,nltest.exe 5768 RegQueryValue HKLM\System\CurrentControlSet\Services\WinSock2\Parameters\NameSpace_Catalog5\Catalog_Entries64\000000000003\AddressFamily NAME NOT FOUND Length: 16 4/14/2022 12:34:30 PM Registry C:\Windows\system32\nltest.exe BLUETEAM\ezk nltest.exe  /dclist:BLUETEAM.COM 10756 2128,benign
nltest.exe,5768,RegQueryValue,HKLM\System\CurrentControlSet\Services\WinSock2\Parameters\NameSpace_Catalog5\Catalog_Entries64\000000000003\ProviderId,SUCCESS,"Type: REG_BINARY, Length: 16, Data: CD 89 FE 03 6D 76 76 49 B9 C1 BB 9B C4 2C 7B 4D",4/14/2022 12:34:30 PM,Registry,C:\Windows\system32\nltest.exe,BLUETEAM\ezk,nltest.exe  /dclist:BLUETEAM.COM,10756,2128,"nltest.exe 5768 RegQueryValue HKLM\System\CurrentControlSet\Services\WinSock2\Parameters\NameSpace_Catalog5\Catalog_Entries64\000000000003\ProviderId SUCCESS Type: REG_BINARY, Length: 16, Data: CD 89 FE 03 6D 76 76 49 B9 C1 BB 9B C4 2C 7B 4D 4/14/2022 12:34:30 PM Registry C:\Windows\system32\nltest.exe BLUETEAM\ezk nltest.exe  /dclist:BLUETEAM.COM 10756 2128",benign
nltest.exe,5768,RegQueryValue,HKLM\System\CurrentControlSet\Services\WinSock2\Parameters\NameSpace_Catalog5\Catalog_Entries64\000000000003\ProviderInfo,SUCCESS,"Type: REG_BINARY, Length: 0",4/14/2022 12:34:30 PM,Registry,C:\Windows\system32\nltest.exe,BLUETEAM\ezk,nltest.exe  /dclist:BLUETEAM.COM,10756,2128,"nltest.exe 5768 RegQueryValue HKLM\System\CurrentControlSet\Services\WinSock2\Parameters\NameSpace_Catalog5\Catalog_Entries64\000000000003\ProviderInfo SUCCESS Type: REG_BINARY, Length: 0 4/14/2022 12:34:30 PM Registry C:\Windows\system32\nltest.exe BLUETEAM\ezk nltest.exe  /dclist:BLUETEAM.COM 10756 2128",benign
nltest.exe,5768,RegQueryValue,HKLM\System\CurrentControlSet\Services\Dnscache\Parameters\AddrConfigControl,NAME NOT FOUND,Length: 16,4/14/2022 12:34:30 PM,Registry,C:\Windows\system32\nltest.exe,BLUETEAM\ezk,nltest.exe  /dclist:BLUETEAM.COM,10756,2128,nltest.exe 5768 RegQueryValue HKLM\System\CurrentControlSet\Services\Dnscache\Parameters\AddrConfigControl NAME NOT FOUND Length: 16 4/14/2022 12:34:30 PM Registry C:\Windows\system32\nltest.exe BLUETEAM\ezk nltest.exe  /dclist:BLUETEAM.COM 10756 2128,benign
nltest.exe,5768,RegQueryValue,HKLM\System\CurrentControlSet\Services\WinSock2\Parameters\NameSpace_Catalog5\Catalog_Entries64\000000000006\DisplayString,SUCCESS,"Type: REG_SZ, Length: 86, Data: @%SystemRoot%\system32\wshtcpip.dll,-60103",4/14/2022 12:34:30 PM,Registry,C:\Windows\system32\nltest.exe,BLUETEAM\ezk,nltest.exe  /dclist:BLUETEAM.COM,10756,2128,"nltest.exe 5768 RegQueryValue HKLM\System\CurrentControlSet\Services\WinSock2\Parameters\NameSpace_Catalog5\Catalog_Entries64\000000000006\DisplayString SUCCESS Type: REG_SZ, Length: 86, Data: @%SystemRoot%\system32\wshtcpip.dll,-60103 4/14/2022 12:34:30 PM Registry C:\Windows\system32\nltest.exe BLUETEAM\ezk nltest.exe  /dclist:BLUETEAM.COM 10756 2128",benign
nltest.exe,5768,RegQueryValue,HKLM\System\CurrentControlSet\Services\WinSock2\Parameters\NameSpace_Catalog5\Catalog_Entries64\000000000006\AddressFamily,NAME NOT FOUND,Length: 16,4/14/2022 12:34:30 PM,Registry,C:\Windows\system32\nltest.exe,BLUETEAM\ezk,nltest.exe  /dclist:BLUETEAM.COM,10756,2128,nltest.exe 5768 RegQueryValue HKLM\System\CurrentControlSet\Services\WinSock2\Parameters\NameSpace_Catalog5\Catalog_Entries64\000000000006\AddressFamily NAME NOT FOUND Length: 16 4/14/2022 12:34:30 PM Registry C:\Windows\system32\nltest.exe BLUETEAM\ezk nltest.exe  /dclist:BLUETEAM.COM 10756 2128,benign
nltest.exe,5768,CreateFile,C:\Windows\System32\mswsock.dll,SUCCESS,"Desired Access: Read Attributes, Disposition: Open, Options: Open Reparse Point, Attributes: n/a, ShareMode: Read, Write, Delete, AllocationSize: n/a, OpenResult: Opened",4/14/2022 12:34:30 PM,File System,C:\Windows\system32\nltest.exe,BLUETEAM\ezk,nltest.exe  /dclist:BLUETEAM.COM,10756,2128,"nltest.exe 5768 CreateFile C:\Windows\System32\mswsock.dll SUCCESS Desired Access: Read Attributes, Disposition: Open, Options: Open Reparse Point, Attributes: n/a, ShareMode: Read, Write, Delete, AllocationSize: n/a, OpenResult: Opened 4/14/2022 12:34:30 PM File System C:\Windows\system32\nltest.exe BLUETEAM\ezk nltest.exe  /dclist:BLUETEAM.COM 10756 2128",benign
nltest.exe,5768,QueryBasicInformationFile,C:\Windows\System32\mswsock.dll,SUCCESS,"CreationTime: 9/22/2021 5:22:05 PM, LastAccessTime: 4/14/2022 12:32:34 PM, LastWriteTime: 9/22/2021 5:22:05 PM, ChangeTime: 10/15/2021 2:25:23 PM, FileAttributes: A",4/14/2022 12:34:30 PM,File System,C:\Windows\system32\nltest.exe,BLUETEAM\ezk,nltest.exe  /dclist:BLUETEAM.COM,10756,2128,"nltest.exe 5768 QueryBasicInformationFile C:\Windows\System32\mswsock.dll SUCCESS CreationTime: 9/22/2021 5:22:05 PM, LastAccessTime: 4/14/2022 12:32:34 PM, LastWriteTime: 9/22/2021 5:22:05 PM, ChangeTime: 10/15/2021 2:25:23 PM, FileAttributes: A 4/14/2022 12:34:30 PM File System C:\Windows\system32\nltest.exe BLUETEAM\ezk nltest.exe  /dclist:BLUETEAM.COM 10756 2128",benign
nltest.exe,5768,CloseFile,C:\Windows\System32\mswsock.dll,SUCCESS,,4/14/2022 12:34:30 PM,File System,C:\Windows\system32\nltest.exe,BLUETEAM\ezk,nltest.exe  /dclist:BLUETEAM.COM,10756,2128,nltest.exe 5768 CloseFile C:\Windows\System32\mswsock.dll SUCCESS None 4/14/2022 12:34:30 PM File System C:\Windows\system32\nltest.exe BLUETEAM\ezk nltest.exe  /dclist:BLUETEAM.COM 10756 2128,benign
nltest.exe,5768,CreateFile,C:\Windows\System32\mswsock.dll,SUCCESS,"Desired Access: Read Data/List Directory, Execute/Traverse, Synchronize, Disposition: Open, Options: Synchronous IO Non-Alert, Non-Directory File, Attributes: n/a, ShareMode: Read, Delete, AllocationSize: n/a, OpenResult: Opened",4/14/2022 12:34:30 PM,File System,C:\Windows\system32\nltest.exe,BLUETEAM\ezk,nltest.exe  /dclist:BLUETEAM.COM,10756,2128,"nltest.exe 5768 CreateFile C:\Windows\System32\mswsock.dll SUCCESS Desired Access: Read Data/List Directory, Execute/Traverse, Synchronize, Disposition: Open, Options: Synchronous IO Non-Alert, Non-Directory File, Attributes: n/a, ShareMode: Read, Delete, AllocationSize: n/a, OpenResult: Opened 4/14/2022 12:34:30 PM File System C:\Windows\system32\nltest.exe BLUETEAM\ezk nltest.exe  /dclist:BLUETEAM.COM 10756 2128",benign
nltest.exe,5768,CloseFile,C:\Windows\System32\mswsock.dll,SUCCESS,,4/14/2022 12:34:30 PM,File System,C:\Windows\system32\nltest.exe,BLUETEAM\ezk,nltest.exe  /dclist:BLUETEAM.COM,10756,2128,nltest.exe 5768 CloseFile C:\Windows\System32\mswsock.dll SUCCESS None 4/14/2022 12:34:30 PM File System C:\Windows\system32\nltest.exe BLUETEAM\ezk nltest.exe  /dclist:BLUETEAM.COM 10756 2128,benign
nltest.exe,5768,RegQueryKey,HKLM,SUCCESS,"Query: HandleTags, HandleTags: 0x0",4/14/2022 12:34:30 PM,Registry,C:\Windows\system32\nltest.exe,BLUETEAM\ezk,nltest.exe  /dclist:BLUETEAM.COM,10756,2128,"nltest.exe 5768 RegQueryKey HKLM SUCCESS Query: HandleTags, HandleTags: 0x0 4/14/2022 12:34:30 PM Registry C:\Windows\system32\nltest.exe BLUETEAM\ezk nltest.exe  /dclist:BLUETEAM.COM 10756 2128",benign
nltest.exe,5768,RegOpenKey,HKLM\SYSTEM\CurrentControlSet\Services\WinSock2\Parameters,REPARSE,Desired Access: Read,4/14/2022 12:34:30 PM,Registry,C:\Windows\system32\nltest.exe,BLUETEAM\ezk,nltest.exe  /dclist:BLUETEAM.COM,10756,2128,nltest.exe 5768 RegOpenKey HKLM\SYSTEM\CurrentControlSet\Services\WinSock2\Parameters REPARSE Desired Access: Read 4/14/2022 12:34:30 PM Registry C:\Windows\system32\nltest.exe BLUETEAM\ezk nltest.exe  /dclist:BLUETEAM.COM 10756 2128,benign
nltest.exe,5768,RegOpenKey,HKLM\System\CurrentControlSet\Services\WinSock2\Parameters,SUCCESS,Desired Access: Read,4/14/2022 12:34:30 PM,Registry,C:\Windows\system32\nltest.exe,BLUETEAM\ezk,nltest.exe  /dclist:BLUETEAM.COM,10756,2128,nltest.exe 5768 RegOpenKey HKLM\System\CurrentControlSet\Services\WinSock2\Parameters SUCCESS Desired Access: Read 4/14/2022 12:34:30 PM Registry C:\Windows\system32\nltest.exe BLUETEAM\ezk nltest.exe  /dclist:BLUETEAM.COM 10756 2128,benign
nltest.exe,5768,RegQueryValue,HKLM\System\CurrentControlSet\Services\WinSock2\Parameters\DisableSockPollConnFailureReturn,NAME NOT FOUND,Length: 16,4/14/2022 12:34:30 PM,Registry,C:\Windows\system32\nltest.exe,BLUETEAM\ezk,nltest.exe  /dclist:BLUETEAM.COM,10756,2128,nltest.exe 5768 RegQueryValue HKLM\System\CurrentControlSet\Services\WinSock2\Parameters\DisableSockPollConnFailureReturn NAME NOT FOUND Length: 16 4/14/2022 12:34:30 PM Registry C:\Windows\system32\nltest.exe BLUETEAM\ezk nltest.exe  /dclist:BLUETEAM.COM 10756 2128,benign
nltest.exe,5768,RegCloseKey,HKLM\System\CurrentControlSet\Services\WinSock2\Parameters,SUCCESS,,4/14/2022 12:34:30 PM,Registry,C:\Windows\system32\nltest.exe,BLUETEAM\ezk,nltest.exe  /dclist:BLUETEAM.COM,10756,2128,nltest.exe 5768 RegCloseKey HKLM\System\CurrentControlSet\Services\WinSock2\Parameters SUCCESS None 4/14/2022 12:34:30 PM Registry C:\Windows\system32\nltest.exe BLUETEAM\ezk nltest.exe  /dclist:BLUETEAM.COM 10756 2128,benign
nltest.exe,5768,RegQueryKey,HKLM,SUCCESS,"Query: HandleTags, HandleTags: 0x0",4/14/2022 12:34:30 PM,Registry,C:\Windows\system32\nltest.exe,BLUETEAM\ezk,nltest.exe  /dclist:BLUETEAM.COM,10756,2128,"nltest.exe 5768 RegQueryKey HKLM SUCCESS Query: HandleTags, HandleTags: 0x0 4/14/2022 12:34:30 PM Registry C:\Windows\system32\nltest.exe BLUETEAM\ezk nltest.exe  /dclist:BLUETEAM.COM 10756 2128",benign
nltest.exe,5768,RegOpenKey,HKLM\SYSTEM\CurrentControlSet\Services\Winsock\Parameters,REPARSE,Desired Access: Read,4/14/2022 12:34:30 PM,Registry,C:\Windows\system32\nltest.exe,BLUETEAM\ezk,nltest.exe  /dclist:BLUETEAM.COM,10756,2128,nltest.exe 5768 RegOpenKey HKLM\SYSTEM\CurrentControlSet\Services\Winsock\Parameters REPARSE Desired Access: Read 4/14/2022 12:34:30 PM Registry C:\Windows\system32\nltest.exe BLUETEAM\ezk nltest.exe  /dclist:BLUETEAM.COM 10756 2128,benign
nltest.exe,5768,RegOpenKey,HKLM\System\CurrentControlSet\Services\Winsock\Parameters,SUCCESS,Desired Access: Read,4/14/2022 12:34:30 PM,Registry,C:\Windows\system32\nltest.exe,BLUETEAM\ezk,nltest.exe  /dclist:BLUETEAM.COM,10756,2128,nltest.exe 5768 RegOpenKey HKLM\System\CurrentControlSet\Services\Winsock\Parameters SUCCESS Desired Access: Read 4/14/2022 12:34:30 PM Registry C:\Windows\system32\nltest.exe BLUETEAM\ezk nltest.exe  /dclist:BLUETEAM.COM 10756 2128,benign
nltest.exe,5768,RegQueryValue,HKLM\System\CurrentControlSet\Services\Winsock\Parameters\Transports,BUFFER OVERFLOW,Length: 12,4/14/2022 12:34:30 PM,Registry,C:\Windows\system32\nltest.exe,BLUETEAM\ezk,nltest.exe  /dclist:BLUETEAM.COM,10756,2128,nltest.exe 5768 RegQueryValue HKLM\System\CurrentControlSet\Services\Winsock\Parameters\Transports BUFFER OVERFLOW Length: 12 4/14/2022 12:34:30 PM Registry C:\Windows\system32\nltest.exe BLUETEAM\ezk nltest.exe  /dclist:BLUETEAM.COM 10756 2128,benign
nltest.exe,5768,RegQueryValue,HKLM\System\CurrentControlSet\Services\Winsock\Parameters\Transports,SUCCESS,"Type: REG_MULTI_SZ, Length: 82, Data: Tcpip, Tcpip6, afunix, Psched, vmbus, RFCOMM",4/14/2022 12:34:30 PM,Registry,C:\Windows\system32\nltest.exe,BLUETEAM\ezk,nltest.exe  /dclist:BLUETEAM.COM,10756,2128,"nltest.exe 5768 RegQueryValue HKLM\System\CurrentControlSet\Services\Winsock\Parameters\Transports SUCCESS Type: REG_MULTI_SZ, Length: 82, Data: Tcpip, Tcpip6, afunix, Psched, vmbus, RFCOMM 4/14/2022 12:34:30 PM Registry C:\Windows\system32\nltest.exe BLUETEAM\ezk nltest.exe  /dclist:BLUETEAM.COM 10756 2128",benign
nltest.exe,5768,RegCloseKey,HKLM\System\CurrentControlSet\Services\Winsock\Parameters,SUCCESS,,4/14/2022 12:34:30 PM,Registry,C:\Windows\system32\nltest.exe,BLUETEAM\ezk,nltest.exe  /dclist:BLUETEAM.COM,10756,2128,nltest.exe 5768 RegCloseKey HKLM\System\CurrentControlSet\Services\Winsock\Parameters SUCCESS None 4/14/2022 12:34:30 PM Registry C:\Windows\system32\nltest.exe BLUETEAM\ezk nltest.exe  /dclist:BLUETEAM.COM 10756 2128,benign
nltest.exe,5768,RegQueryKey,HKLM,SUCCESS,"Query: HandleTags, HandleTags: 0x0",4/14/2022 12:34:30 PM,Registry,C:\Windows\system32\nltest.exe,BLUETEAM\ezk,nltest.exe  /dclist:BLUETEAM.COM,10756,2128,"nltest.exe 5768 RegQueryKey HKLM SUCCESS Query: HandleTags, HandleTags: 0x0 4/14/2022 12:34:30 PM Registry C:\Windows\system32\nltest.exe BLUETEAM\ezk nltest.exe  /dclist:BLUETEAM.COM 10756 2128",benign
nltest.exe,5768,RegQueryKey,HKLM,SUCCESS,"Query: HandleTags, HandleTags: 0x0",4/14/2022 12:34:30 PM,Registry,C:\Windows\system32\nltest.exe,BLUETEAM\ezk,nltest.exe  /dclist:BLUETEAM.COM,10756,2128,"nltest.exe 5768 RegQueryKey HKLM SUCCESS Query: HandleTags, HandleTags: 0x0 4/14/2022 12:34:30 PM Registry C:\Windows\system32\nltest.exe BLUETEAM\ezk nltest.exe  /dclist:BLUETEAM.COM 10756 2128",benign
nltest.exe,5768,RegCloseKey,HKLM\System\CurrentControlSet\Services\Winsock\Setup Migration\Providers,SUCCESS,,4/14/2022 12:34:30 PM,Registry,C:\Windows\system32\nltest.exe,BLUETEAM\ezk,nltest.exe  /dclist:BLUETEAM.COM,10756,2128,nltest.exe 5768 RegCloseKey HKLM\System\CurrentControlSet\Services\Winsock\Setup Migration\Providers SUCCESS None 4/14/2022 12:34:30 PM Registry C:\Windows\system32\nltest.exe BLUETEAM\ezk nltest.exe  /dclist:BLUETEAM.COM 10756 2128,benign
nltest.exe,5768,RegCloseKey,HKLM\System\CurrentControlSet\Services\Winsock\Setup Migration\Providers\Tcpip,SUCCESS,,4/14/2022 12:34:30 PM,Registry,C:\Windows\system32\nltest.exe,BLUETEAM\ezk,nltest.exe  /dclist:BLUETEAM.COM,10756,2128,nltest.exe 5768 RegCloseKey HKLM\System\CurrentControlSet\Services\Winsock\Setup Migration\Providers\Tcpip SUCCESS None 4/14/2022 12:34:30 PM Registry C:\Windows\system32\nltest.exe BLUETEAM\ezk nltest.exe  /dclist:BLUETEAM.COM 10756 2128,benign
nltest.exe,5768,RegQueryValue,HKLM\System\CurrentControlSet\Services\Winsock\Setup Migration\Providers\Tcpip\WinSock 2.0 Provider ID,SUCCESS,"Type: REG_BINARY, Length: 16, Data: A0 1A 0F E7 8B AB CF 11 8C A3 00 80 5F 48 A1 92",4/14/2022 12:34:30 PM,Registry,C:\Windows\system32\nltest.exe,BLUETEAM\ezk,nltest.exe  /dclist:BLUETEAM.COM,10756,2128,"nltest.exe 5768 RegQueryValue HKLM\System\CurrentControlSet\Services\Winsock\Setup Migration\Providers\Tcpip\WinSock 2.0 Provider ID SUCCESS Type: REG_BINARY, Length: 16, Data: A0 1A 0F E7 8B AB CF 11 8C A3 00 80 5F 48 A1 92 4/14/2022 12:34:30 PM Registry C:\Windows\system32\nltest.exe BLUETEAM\ezk nltest.exe  /dclist:BLUETEAM.COM 10756 2128",benign
nltest.exe,5768,RegOpenKey,HKLM\System\CurrentControlSet\Services\Winsock\Setup Migration\Providers\Tcpip,SUCCESS,Desired Access: Read,4/14/2022 12:34:30 PM,Registry,C:\Windows\system32\nltest.exe,BLUETEAM\ezk,nltest.exe  /dclist:BLUETEAM.COM,10756,2128,nltest.exe 5768 RegOpenKey HKLM\System\CurrentControlSet\Services\Winsock\Setup Migration\Providers\Tcpip SUCCESS Desired Access: Read 4/14/2022 12:34:30 PM Registry C:\Windows\system32\nltest.exe BLUETEAM\ezk nltest.exe  /dclist:BLUETEAM.COM 10756 2128,benign
nltest.exe,5768,RegQueryKey,HKLM\System\CurrentControlSet\Services\Winsock\Setup Migration\Providers,SUCCESS,"Query: HandleTags, HandleTags: 0x0",4/14/2022 12:34:30 PM,Registry,C:\Windows\system32\nltest.exe,BLUETEAM\ezk,nltest.exe  /dclist:BLUETEAM.COM,10756,2128,"nltest.exe 5768 RegQueryKey HKLM\System\CurrentControlSet\Services\Winsock\Setup Migration\Providers SUCCESS Query: HandleTags, HandleTags: 0x0 4/14/2022 12:34:30 PM Registry C:\Windows\system32\nltest.exe BLUETEAM\ezk nltest.exe  /dclist:BLUETEAM.COM 10756 2128",benign
nltest.exe,5768,RegOpenKey,HKLM\System\CurrentControlSet\Services\Rpc\Linkage,NAME NOT FOUND,Desired Access: Read,4/14/2022 12:34:30 PM,Registry,C:\Windows\system32\nltest.exe,BLUETEAM\ezk,nltest.exe  /dclist:BLUETEAM.COM,10756,2128,nltest.exe 5768 RegOpenKey HKLM\System\CurrentControlSet\Services\Rpc\Linkage NAME NOT FOUND Desired Access: Read 4/14/2022 12:34:30 PM Registry C:\Windows\system32\nltest.exe BLUETEAM\ezk nltest.exe  /dclist:BLUETEAM.COM 10756 2128,benign
nltest.exe,5768,RegOpenKey,HKLM\System\CurrentControlSet\Services\Winsock\Setup Migration\Providers,SUCCESS,Desired Access: Read,4/14/2022 12:34:30 PM,Registry,C:\Windows\system32\nltest.exe,BLUETEAM\ezk,nltest.exe  /dclist:BLUETEAM.COM,10756,2128,nltest.exe 5768 RegOpenKey HKLM\System\CurrentControlSet\Services\Winsock\Setup Migration\Providers SUCCESS Desired Access: Read 4/14/2022 12:34:30 PM Registry C:\Windows\system32\nltest.exe BLUETEAM\ezk nltest.exe  /dclist:BLUETEAM.COM 10756 2128,benign
nltest.exe,5768,RegQueryKey,HKLM,SUCCESS,"Query: HandleTags, HandleTags: 0x0",4/14/2022 12:34:30 PM,Registry,C:\Windows\system32\nltest.exe,BLUETEAM\ezk,nltest.exe  /dclist:BLUETEAM.COM,10756,2128,"nltest.exe 5768 RegQueryKey HKLM SUCCESS Query: HandleTags, HandleTags: 0x0 4/14/2022 12:34:30 PM Registry C:\Windows\system32\nltest.exe BLUETEAM\ezk nltest.exe  /dclist:BLUETEAM.COM 10756 2128",benign
nltest.exe,5768,RegCloseKey,HKLM\System\CurrentControlSet\Services\Tcpip\Parameters\Winsock,SUCCESS,,4/14/2022 12:34:30 PM,Registry,C:\Windows\system32\nltest.exe,BLUETEAM\ezk,nltest.exe  /dclist:BLUETEAM.COM,10756,2128,nltest.exe 5768 RegCloseKey HKLM\System\CurrentControlSet\Services\Tcpip\Parameters\Winsock SUCCESS None 4/14/2022 12:34:30 PM Registry C:\Windows\system32\nltest.exe BLUETEAM\ezk nltest.exe  /dclist:BLUETEAM.COM 10756 2128,benign
nltest.exe,5768,RegQueryValue,HKLM\System\CurrentControlSet\Services\Tcpip\Parameters\Winsock\Mapping,SUCCESS,"Type: REG_BINARY, Length: 104, Data: 08 00 00 00 03 00 00 00 02 00 00 00 01 00 00 00",4/14/2022 12:34:30 PM,Registry,C:\Windows\system32\nltest.exe,BLUETEAM\ezk,nltest.exe  /dclist:BLUETEAM.COM,10756,2128,"nltest.exe 5768 RegQueryValue HKLM\System\CurrentControlSet\Services\Tcpip\Parameters\Winsock\Mapping SUCCESS Type: REG_BINARY, Length: 104, Data: 08 00 00 00 03 00 00 00 02 00 00 00 01 00 00 00 4/14/2022 12:34:30 PM Registry C:\Windows\system32\nltest.exe BLUETEAM\ezk nltest.exe  /dclist:BLUETEAM.COM 10756 2128",benign
nltest.exe,5768,RegQueryValue,HKLM\System\CurrentControlSet\Services\Tcpip\Parameters\Winsock\Mapping,BUFFER OVERFLOW,Length: 12,4/14/2022 12:34:30 PM,Registry,C:\Windows\system32\nltest.exe,BLUETEAM\ezk,nltest.exe  /dclist:BLUETEAM.COM,10756,2128,nltest.exe 5768 RegQueryValue HKLM\System\CurrentControlSet\Services\Tcpip\Parameters\Winsock\Mapping BUFFER OVERFLOW Length: 12 4/14/2022 12:34:30 PM Registry C:\Windows\system32\nltest.exe BLUETEAM\ezk nltest.exe  /dclist:BLUETEAM.COM 10756 2128,benign
nltest.exe,5768,RegOpenKey,HKLM\System\CurrentControlSet\Services\Tcpip\Parameters\Winsock,SUCCESS,Desired Access: Read,4/14/2022 12:34:30 PM,Registry,C:\Windows\system32\nltest.exe,BLUETEAM\ezk,nltest.exe  /dclist:BLUETEAM.COM,10756,2128,nltest.exe 5768 RegOpenKey HKLM\System\CurrentControlSet\Services\Tcpip\Parameters\Winsock SUCCESS Desired Access: Read 4/14/2022 12:34:30 PM Registry C:\Windows\system32\nltest.exe BLUETEAM\ezk nltest.exe  /dclist:BLUETEAM.COM 10756 2128,benign
nltest.exe,5768,RegOpenKey,HKLM\System\CurrentControlSet\Services\Tcpip\Parameters\Winsock,REPARSE,Desired Access: Read,4/14/2022 12:34:30 PM,Registry,C:\Windows\system32\nltest.exe,BLUETEAM\ezk,nltest.exe  /dclist:BLUETEAM.COM,10756,2128,nltest.exe 5768 RegOpenKey HKLM\System\CurrentControlSet\Services\Tcpip\Parameters\Winsock REPARSE Desired Access: Read 4/14/2022 12:34:30 PM Registry C:\Windows\system32\nltest.exe BLUETEAM\ezk nltest.exe  /dclist:BLUETEAM.COM 10756 2128,benign
nltest.exe,5768,RegOpenKey,HKLM\SYSTEM\CurrentControlSet\Services\Winsock\Setup Migration\Providers,REPARSE,Desired Access: Read,4/14/2022 12:34:30 PM,Registry,C:\Windows\system32\nltest.exe,BLUETEAM\ezk,nltest.exe  /dclist:BLUETEAM.COM,10756,2128,nltest.exe 5768 RegOpenKey HKLM\SYSTEM\CurrentControlSet\Services\Winsock\Setup Migration\Providers REPARSE Desired Access: Read 4/14/2022 12:34:30 PM Registry C:\Windows\system32\nltest.exe BLUETEAM\ezk nltest.exe  /dclist:BLUETEAM.COM 10756 2128,benign
nltest.exe,5768,RegQueryValue,HKLM\System\CurrentControlSet\Services\WinSock2\Parameters\NameSpace_Catalog5\Catalog_Entries64\000000000006\ProviderId,SUCCESS,"Type: REG_BINARY, Length: 16, Data: 40 9D 05 22 9E 7E CF 11 AE 5A 00 AA 00 A7 11 2B",4/14/2022 12:34:30 PM,Registry,C:\Windows\system32\nltest.exe,BLUETEAM\ezk,nltest.exe  /dclist:BLUETEAM.COM,10756,2128,"nltest.exe 5768 RegQueryValue HKLM\System\CurrentControlSet\Services\WinSock2\Parameters\NameSpace_Catalog5\Catalog_Entries64\000000000006\ProviderId SUCCESS Type: REG_BINARY, Length: 16, Data: 40 9D 05 22 9E 7E CF 11 AE 5A 00 AA 00 A7 11 2B 4/14/2022 12:34:30 PM Registry C:\Windows\system32\nltest.exe BLUETEAM\ezk nltest.exe  /dclist:BLUETEAM.COM 10756 2128",benign
nltest.exe,5768,RegOpenKey,HKLM\System\CurrentControlSet\Services\Rpc\Linkage,REPARSE,Desired Access: Read,4/14/2022 12:34:30 PM,Registry,C:\Windows\system32\nltest.exe,BLUETEAM\ezk,nltest.exe  /dclist:BLUETEAM.COM,10756,2128,nltest.exe 5768 RegOpenKey HKLM\System\CurrentControlSet\Services\Rpc\Linkage REPARSE Desired Access: Read 4/14/2022 12:34:30 PM Registry C:\Windows\system32\nltest.exe BLUETEAM\ezk nltest.exe  /dclist:BLUETEAM.COM 10756 2128,benign
nltest.exe,5768,RegCloseKey,HKLM\System\CurrentControlSet\Services\WinSock2\Parameters,SUCCESS,,4/14/2022 12:34:30 PM,Registry,C:\Windows\system32\nltest.exe,BLUETEAM\ezk,nltest.exe  /dclist:BLUETEAM.COM,10756,2128,nltest.exe 5768 RegCloseKey HKLM\System\CurrentControlSet\Services\WinSock2\Parameters SUCCESS None 4/14/2022 12:34:30 PM Registry C:\Windows\system32\nltest.exe BLUETEAM\ezk nltest.exe  /dclist:BLUETEAM.COM 10756 2128,benign
nltest.exe,5768,RegQueryValue,HKLM\System\CurrentControlSet\Services\WinSock2\Parameters\NameSpace_Catalog5\Catalog_Entries64\000000000006\SupportedNameSpace,SUCCESS,"Type: REG_DWORD, Length: 4, Data: 12",4/14/2022 12:34:30 PM,Registry,C:\Windows\system32\nltest.exe,BLUETEAM\ezk,nltest.exe  /dclist:BLUETEAM.COM,10756,2128,"nltest.exe 5768 RegQueryValue HKLM\System\CurrentControlSet\Services\WinSock2\Parameters\NameSpace_Catalog5\Catalog_Entries64\000000000006\SupportedNameSpace SUCCESS Type: REG_DWORD, Length: 4, Data: 12 4/14/2022 12:34:30 PM Registry C:\Windows\system32\nltest.exe BLUETEAM\ezk nltest.exe  /dclist:BLUETEAM.COM 10756 2128",benign
nltest.exe,5768,RegQueryValue,HKLM\System\CurrentControlSet\Services\WinSock2\Parameters\NameSpace_Catalog5\Catalog_Entries64\000000000006\Enabled,SUCCESS,"Type: REG_DWORD, Length: 4, Data: 1",4/14/2022 12:34:30 PM,Registry,C:\Windows\system32\nltest.exe,BLUETEAM\ezk,nltest.exe  /dclist:BLUETEAM.COM,10756,2128,"nltest.exe 5768 RegQueryValue HKLM\System\CurrentControlSet\Services\WinSock2\Parameters\NameSpace_Catalog5\Catalog_Entries64\000000000006\Enabled SUCCESS Type: REG_DWORD, Length: 4, Data: 1 4/14/2022 12:34:30 PM Registry C:\Windows\system32\nltest.exe BLUETEAM\ezk nltest.exe  /dclist:BLUETEAM.COM 10756 2128",benign
nltest.exe,5768,RegQueryValue,HKLM\System\CurrentControlSet\Services\WinSock2\Parameters\NameSpace_Catalog5\Catalog_Entries64\000000000006\Version,SUCCESS,"Type: REG_DWORD, Length: 4, Data: 0",4/14/2022 12:34:30 PM,Registry,C:\Windows\system32\nltest.exe,BLUETEAM\ezk,nltest.exe  /dclist:BLUETEAM.COM,10756,2128,"nltest.exe 5768 RegQueryValue HKLM\System\CurrentControlSet\Services\WinSock2\Parameters\NameSpace_Catalog5\Catalog_Entries64\000000000006\Version SUCCESS Type: REG_DWORD, Length: 4, Data: 0 4/14/2022 12:34:30 PM Registry C:\Windows\system32\nltest.exe BLUETEAM\ezk nltest.exe  /dclist:BLUETEAM.COM 10756 2128",benign
nltest.exe,5768,RegQueryValue,HKLM\System\CurrentControlSet\Services\WinSock2\Parameters\NameSpace_Catalog5\Catalog_Entries64\000000000006\StoresServiceClassInfo,SUCCESS,"Type: REG_DWORD, Length: 4, Data: 0",4/14/2022 12:34:30 PM,Registry,C:\Windows\system32\nltest.exe,BLUETEAM\ezk,nltest.exe  /dclist:BLUETEAM.COM,10756,2128,"nltest.exe 5768 RegQueryValue HKLM\System\CurrentControlSet\Services\WinSock2\Parameters\NameSpace_Catalog5\Catalog_Entries64\000000000006\StoresServiceClassInfo SUCCESS Type: REG_DWORD, Length: 4, Data: 0 4/14/2022 12:34:30 PM Registry C:\Windows\system32\nltest.exe BLUETEAM\ezk nltest.exe  /dclist:BLUETEAM.COM 10756 2128",benign
nltest.exe,5768,RegQueryValue,HKLM\System\CurrentControlSet\Services\WinSock2\Parameters\NameSpace_Catalog5\Catalog_Entries64\000000000006\ProviderInfo,SUCCESS,"Type: REG_BINARY, Length: 0",4/14/2022 12:34:30 PM,Registry,C:\Windows\system32\nltest.exe,BLUETEAM\ezk,nltest.exe  /dclist:BLUETEAM.COM,10756,2128,"nltest.exe 5768 RegQueryValue HKLM\System\CurrentControlSet\Services\WinSock2\Parameters\NameSpace_Catalog5\Catalog_Entries64\000000000006\ProviderInfo SUCCESS Type: REG_BINARY, Length: 0 4/14/2022 12:34:30 PM Registry C:\Windows\system32\nltest.exe BLUETEAM\ezk nltest.exe  /dclist:BLUETEAM.COM 10756 2128",benign
nltest.exe,5768,RegQueryValue,HKLM\System\CurrentControlSet\Services\WinSock2\Parameters\NameSpace_Catalog5\Catalog_Entries64\000000000006\ProviderInfo,SUCCESS,"Type: REG_BINARY, Length: 0",4/14/2022 12:34:30 PM,Registry,C:\Windows\system32\nltest.exe,BLUETEAM\ezk,nltest.exe  /dclist:BLUETEAM.COM,10756,2128,"nltest.exe 5768 RegQueryValue HKLM\System\CurrentControlSet\Services\WinSock2\Parameters\NameSpace_Catalog5\Catalog_Entries64\000000000006\ProviderInfo SUCCESS Type: REG_BINARY, Length: 0 4/14/2022 12:34:30 PM Registry C:\Windows\system32\nltest.exe BLUETEAM\ezk nltest.exe  /dclist:BLUETEAM.COM 10756 2128",benign
nltest.exe,5768,RegCloseKey,HKLM\System\CurrentControlSet\Services\WinSock2\Parameters\NameSpace_Catalog5\Catalog_Entries64\000000000006,SUCCESS,,4/14/2022 12:34:30 PM,Registry,C:\Windows\system32\nltest.exe,BLUETEAM\ezk,nltest.exe  /dclist:BLUETEAM.COM,10756,2128,nltest.exe 5768 RegCloseKey HKLM\System\CurrentControlSet\Services\WinSock2\Parameters\NameSpace_Catalog5\Catalog_Entries64\000000000006 SUCCESS None 4/14/2022 12:34:30 PM Registry C:\Windows\system32\nltest.exe BLUETEAM\ezk nltest.exe  /dclist:BLUETEAM.COM 10756 2128,benign
nltest.exe,5768,RegQueryKey,HKLM\System\CurrentControlSet\Services\WinSock2\Parameters\NameSpace_Catalog5\Catalog_Entries64,SUCCESS,"Query: HandleTags, HandleTags: 0x0",4/14/2022 12:34:30 PM,Registry,C:\Windows\system32\nltest.exe,BLUETEAM\ezk,nltest.exe  /dclist:BLUETEAM.COM,10756,2128,"nltest.exe 5768 RegQueryKey HKLM\System\CurrentControlSet\Services\WinSock2\Parameters\NameSpace_Catalog5\Catalog_Entries64 SUCCESS Query: HandleTags, HandleTags: 0x0 4/14/2022 12:34:30 PM Registry C:\Windows\system32\nltest.exe BLUETEAM\ezk nltest.exe  /dclist:BLUETEAM.COM 10756 2128",benign
nltest.exe,5768,RegOpenKey,HKLM\System\CurrentControlSet\Services\WinSock2\Parameters\NameSpace_Catalog5\Catalog_Entries64\000000000007,SUCCESS,Desired Access: Read,4/14/2022 12:34:30 PM,Registry,C:\Windows\system32\nltest.exe,BLUETEAM\ezk,nltest.exe  /dclist:BLUETEAM.COM,10756,2128,nltest.exe 5768 RegOpenKey HKLM\System\CurrentControlSet\Services\WinSock2\Parameters\NameSpace_Catalog5\Catalog_Entries64\000000000007 SUCCESS Desired Access: Read 4/14/2022 12:34:30 PM Registry C:\Windows\system32\nltest.exe BLUETEAM\ezk nltest.exe  /dclist:BLUETEAM.COM 10756 2128,benign
nltest.exe,5768,RegQueryValue,HKLM\System\CurrentControlSet\Services\WinSock2\Parameters\NameSpace_Catalog5\Catalog_Entries64\000000000007\LibraryPath,SUCCESS,"Type: REG_SZ, Length: 66, Data: %SystemRoot%\System32\winrnr.dll",4/14/2022 12:34:30 PM,Registry,C:\Windows\system32\nltest.exe,BLUETEAM\ezk,nltest.exe  /dclist:BLUETEAM.COM,10756,2128,"nltest.exe 5768 RegQueryValue HKLM\System\CurrentControlSet\Services\WinSock2\Parameters\NameSpace_Catalog5\Catalog_Entries64\000000000007\LibraryPath SUCCESS Type: REG_SZ, Length: 66, Data: %SystemRoot%\System32\winrnr.dll 4/14/2022 12:34:30 PM Registry C:\Windows\system32\nltest.exe BLUETEAM\ezk nltest.exe  /dclist:BLUETEAM.COM 10756 2128",benign
nltest.exe,5768,RegQueryValue,HKLM\System\CurrentControlSet\Services\WinSock2\Parameters\NameSpace_Catalog5\Catalog_Entries64\000000000007\LibraryPath,SUCCESS,"Type: REG_SZ, Length: 66, Data: %SystemRoot%\System32\winrnr.dll",4/14/2022 12:34:30 PM,Registry,C:\Windows\system32\nltest.exe,BLUETEAM\ezk,nltest.exe  /dclist:BLUETEAM.COM,10756,2128,"nltest.exe 5768 RegQueryValue HKLM\System\CurrentControlSet\Services\WinSock2\Parameters\NameSpace_Catalog5\Catalog_Entries64\000000000007\LibraryPath SUCCESS Type: REG_SZ, Length: 66, Data: %SystemRoot%\System32\winrnr.dll 4/14/2022 12:34:30 PM Registry C:\Windows\system32\nltest.exe BLUETEAM\ezk nltest.exe  /dclist:BLUETEAM.COM 10756 2128",benign
nltest.exe,5768,RegQueryValue,HKLM\System\CurrentControlSet\Services\WinSock2\Parameters\NameSpace_Catalog5\Catalog_Entries64\000000000007\DisplayString,BUFFER OVERFLOW,Length: 12,4/14/2022 12:34:30 PM,Registry,C:\Windows\system32\nltest.exe,BLUETEAM\ezk,nltest.exe  /dclist:BLUETEAM.COM,10756,2128,nltest.exe 5768 RegQueryValue HKLM\System\CurrentControlSet\Services\WinSock2\Parameters\NameSpace_Catalog5\Catalog_Entries64\000000000007\DisplayString BUFFER OVERFLOW Length: 12 4/14/2022 12:34:30 PM Registry C:\Windows\system32\nltest.exe BLUETEAM\ezk nltest.exe  /dclist:BLUETEAM.COM 10756 2128,benign
nltest.exe,5768,RegQueryValue,HKLM\System\CurrentControlSet\Services\WinSock2\Parameters\NameSpace_Catalog5\Catalog_Entries64\000000000007\DisplayString,SUCCESS,"Type: REG_SZ, Length: 80, Data: @%SystemRoot%\System32\winrnr.dll,-1000",4/14/2022 12:34:30 PM,Registry,C:\Windows\system32\nltest.exe,BLUETEAM\ezk,nltest.exe  /dclist:BLUETEAM.COM,10756,2128,"nltest.exe 5768 RegQueryValue HKLM\System\CurrentControlSet\Services\WinSock2\Parameters\NameSpace_Catalog5\Catalog_Entries64\000000000007\DisplayString SUCCESS Type: REG_SZ, Length: 80, Data: @%SystemRoot%\System32\winrnr.dll,-1000 4/14/2022 12:34:30 PM Registry C:\Windows\system32\nltest.exe BLUETEAM\ezk nltest.exe  /dclist:BLUETEAM.COM 10756 2128",benign
nltest.exe,5768,RegQueryValue,HKLM\System\CurrentControlSet\Services\WinSock2\Parameters\NameSpace_Catalog5\Catalog_Entries64\000000000007\DisplayString,SUCCESS,"Type: REG_SZ, Length: 80, Data: @%SystemRoot%\System32\winrnr.dll,-1000",4/14/2022 12:34:30 PM,Registry,C:\Windows\system32\nltest.exe,BLUETEAM\ezk,nltest.exe  /dclist:BLUETEAM.COM,10756,2128,"nltest.exe 5768 RegQueryValue HKLM\System\CurrentControlSet\Services\WinSock2\Parameters\NameSpace_Catalog5\Catalog_Entries64\000000000007\DisplayString SUCCESS Type: REG_SZ, Length: 80, Data: @%SystemRoot%\System32\winrnr.dll,-1000 4/14/2022 12:34:30 PM Registry C:\Windows\system32\nltest.exe BLUETEAM\ezk nltest.exe  /dclist:BLUETEAM.COM 10756 2128",benign
nltest.exe,5768,RegQueryValue,HKLM\System\CurrentControlSet\Services\WinSock2\Parameters\NameSpace_Catalog5\Catalog_Entries64\000000000007\DisplayString,SUCCESS,"Type: REG_SZ, Length: 80, Data: @%SystemRoot%\System32\winrnr.dll,-1000",4/14/2022 12:34:30 PM,Registry,C:\Windows\system32\nltest.exe,BLUETEAM\ezk,nltest.exe  /dclist:BLUETEAM.COM,10756,2128,"nltest.exe 5768 RegQueryValue HKLM\System\CurrentControlSet\Services\WinSock2\Parameters\NameSpace_Catalog5\Catalog_Entries64\000000000007\DisplayString SUCCESS Type: REG_SZ, Length: 80, Data: @%SystemRoot%\System32\winrnr.dll,-1000 4/14/2022 12:34:30 PM Registry C:\Windows\system32\nltest.exe BLUETEAM\ezk nltest.exe  /dclist:BLUETEAM.COM 10756 2128",benign
nltest.exe,5768,RegQueryValue,HKLM\System\CurrentControlSet\Services\WinSock2\Parameters\NameSpace_Catalog5\Catalog_Entries64\000000000007\ProviderId,SUCCESS,"Type: REG_BINARY, Length: 16, Data: EE 37 26 3B 80 E5 CF 11 A5 55 00 C0 4F D8 D4 AC",4/14/2022 12:34:30 PM,Registry,C:\Windows\system32\nltest.exe,BLUETEAM\ezk,nltest.exe  /dclist:BLUETEAM.COM,10756,2128,"nltest.exe 5768 RegQueryValue HKLM\System\CurrentControlSet\Services\WinSock2\Parameters\NameSpace_Catalog5\Catalog_Entries64\000000000007\ProviderId SUCCESS Type: REG_BINARY, Length: 16, Data: EE 37 26 3B 80 E5 CF 11 A5 55 00 C0 4F D8 D4 AC 4/14/2022 12:34:30 PM Registry C:\Windows\system32\nltest.exe BLUETEAM\ezk nltest.exe  /dclist:BLUETEAM.COM 10756 2128",benign
nltest.exe,5768,RegQueryValue,HKLM\System\CurrentControlSet\Services\WinSock2\Parameters\NameSpace_Catalog5\Catalog_Entries64\000000000007\AddressFamily,NAME NOT FOUND,Length: 16,4/14/2022 12:34:30 PM,Registry,C:\Windows\system32\nltest.exe,BLUETEAM\ezk,nltest.exe  /dclist:BLUETEAM.COM,10756,2128,nltest.exe 5768 RegQueryValue HKLM\System\CurrentControlSet\Services\WinSock2\Parameters\NameSpace_Catalog5\Catalog_Entries64\000000000007\AddressFamily NAME NOT FOUND Length: 16 4/14/2022 12:34:30 PM Registry C:\Windows\system32\nltest.exe BLUETEAM\ezk nltest.exe  /dclist:BLUETEAM.COM 10756 2128,benign
nltest.exe,5768,RegQueryValue,HKLM\System\CurrentControlSet\Services\WinSock2\Parameters\Ws2_32SpinCount,NAME NOT FOUND,Length: 16,4/14/2022 12:34:30 PM,Registry,C:\Windows\system32\nltest.exe,BLUETEAM\ezk,nltest.exe  /dclist:BLUETEAM.COM,10756,2128,nltest.exe 5768 RegQueryValue HKLM\System\CurrentControlSet\Services\WinSock2\Parameters\Ws2_32SpinCount NAME NOT FOUND Length: 16 4/14/2022 12:34:30 PM Registry C:\Windows\system32\nltest.exe BLUETEAM\ezk nltest.exe  /dclist:BLUETEAM.COM 10756 2128,benign
nltest.exe,5768,RegQueryValue,HKLM\System\CurrentControlSet\Services\WinSock2\Parameters\Ws2_32NumHandleBuckets,NAME NOT FOUND,Length: 16,4/14/2022 12:34:30 PM,Registry,C:\Windows\system32\nltest.exe,BLUETEAM\ezk,nltest.exe  /dclist:BLUETEAM.COM,10756,2128,nltest.exe 5768 RegQueryValue HKLM\System\CurrentControlSet\Services\WinSock2\Parameters\Ws2_32NumHandleBuckets NAME NOT FOUND Length: 16 4/14/2022 12:34:30 PM Registry C:\Windows\system32\nltest.exe BLUETEAM\ezk nltest.exe  /dclist:BLUETEAM.COM 10756 2128,benign
nltest.exe,5768,RegOpenKey,HKLM\System\CurrentControlSet\Services\Winsock2\Parameters,SUCCESS,Desired Access: Query Value,4/14/2022 12:34:30 PM,Registry,C:\Windows\system32\nltest.exe,BLUETEAM\ezk,nltest.exe  /dclist:BLUETEAM.COM,10756,2128,nltest.exe 5768 RegOpenKey HKLM\System\CurrentControlSet\Services\Winsock2\Parameters SUCCESS Desired Access: Query Value 4/14/2022 12:34:30 PM Registry C:\Windows\system32\nltest.exe BLUETEAM\ezk nltest.exe  /dclist:BLUETEAM.COM 10756 2128,benign
nltest.exe,5768,RegOpenKey,HKLM\System\CurrentControlSet\Services\Winsock2\Parameters,REPARSE,Desired Access: Query Value,4/14/2022 12:34:30 PM,Registry,C:\Windows\system32\nltest.exe,BLUETEAM\ezk,nltest.exe  /dclist:BLUETEAM.COM,10756,2128,nltest.exe 5768 RegOpenKey HKLM\System\CurrentControlSet\Services\Winsock2\Parameters REPARSE Desired Access: Query Value 4/14/2022 12:34:30 PM Registry C:\Windows\system32\nltest.exe BLUETEAM\ezk nltest.exe  /dclist:BLUETEAM.COM 10756 2128,benign
nltest.exe,5768,RegQueryKey,HKLM,SUCCESS,"Query: HandleTags, HandleTags: 0x0",4/14/2022 12:34:30 PM,Registry,C:\Windows\system32\nltest.exe,BLUETEAM\ezk,nltest.exe  /dclist:BLUETEAM.COM,10756,2128,"nltest.exe 5768 RegQueryKey HKLM SUCCESS Query: HandleTags, HandleTags: 0x0 4/14/2022 12:34:30 PM Registry C:\Windows\system32\nltest.exe BLUETEAM\ezk nltest.exe  /dclist:BLUETEAM.COM 10756 2128",benign
nltest.exe,5768,RegCloseKey,HKLM\System\CurrentControlSet\Services\WinSock2\Parameters,SUCCESS,,4/14/2022 12:34:30 PM,Registry,C:\Windows\system32\nltest.exe,BLUETEAM\ezk,nltest.exe  /dclist:BLUETEAM.COM,10756,2128,nltest.exe 5768 RegCloseKey HKLM\System\CurrentControlSet\Services\WinSock2\Parameters SUCCESS None 4/14/2022 12:34:30 PM Registry C:\Windows\system32\nltest.exe BLUETEAM\ezk nltest.exe  /dclist:BLUETEAM.COM 10756 2128,benign
nltest.exe,5768,RegQueryKey,HKLM,SUCCESS,"Query: HandleTags, HandleTags: 0x0",4/14/2022 12:34:30 PM,Registry,C:\Windows\system32\nltest.exe,BLUETEAM\ezk,nltest.exe  /dclist:BLUETEAM.COM,10756,2128,"nltest.exe 5768 RegQueryKey HKLM SUCCESS Query: HandleTags, HandleTags: 0x0 4/14/2022 12:34:30 PM Registry C:\Windows\system32\nltest.exe BLUETEAM\ezk nltest.exe  /dclist:BLUETEAM.COM 10756 2128",benign
nltest.exe,5768,RegCloseKey,HKLM\System\CurrentControlSet\Services\WinSock2\Parameters\NameSpace_Catalog5\Catalog_Entries64,SUCCESS,,4/14/2022 12:34:30 PM,Registry,C:\Windows\system32\nltest.exe,BLUETEAM\ezk,nltest.exe  /dclist:BLUETEAM.COM,10756,2128,nltest.exe 5768 RegCloseKey HKLM\System\CurrentControlSet\Services\WinSock2\Parameters\NameSpace_Catalog5\Catalog_Entries64 SUCCESS None 4/14/2022 12:34:30 PM Registry C:\Windows\system32\nltest.exe BLUETEAM\ezk nltest.exe  /dclist:BLUETEAM.COM 10756 2128,benign
nltest.exe,5768,RegQueryValue,HKLM\System\CurrentControlSet\Services\WinSock2\Parameters\NameSpace_Catalog5\Catalog_Entries64\000000000007\ProviderInfo,SUCCESS,"Type: REG_BINARY, Length: 0",4/14/2022 12:34:30 PM,Registry,C:\Windows\system32\nltest.exe,BLUETEAM\ezk,nltest.exe  /dclist:BLUETEAM.COM,10756,2128,"nltest.exe 5768 RegQueryValue HKLM\System\CurrentControlSet\Services\WinSock2\Parameters\NameSpace_Catalog5\Catalog_Entries64\000000000007\ProviderInfo SUCCESS Type: REG_BINARY, Length: 0 4/14/2022 12:34:30 PM Registry C:\Windows\system32\nltest.exe BLUETEAM\ezk nltest.exe  /dclist:BLUETEAM.COM 10756 2128",benign
nltest.exe,5768,RegQueryValue,HKLM\System\CurrentControlSet\Services\WinSock2\Parameters\NameSpace_Catalog5\Catalog_Entries64\000000000007\ProviderInfo,SUCCESS,"Type: REG_BINARY, Length: 0",4/14/2022 12:34:30 PM,Registry,C:\Windows\system32\nltest.exe,BLUETEAM\ezk,nltest.exe  /dclist:BLUETEAM.COM,10756,2128,"nltest.exe 5768 RegQueryValue HKLM\System\CurrentControlSet\Services\WinSock2\Parameters\NameSpace_Catalog5\Catalog_Entries64\000000000007\ProviderInfo SUCCESS Type: REG_BINARY, Length: 0 4/14/2022 12:34:30 PM Registry C:\Windows\system32\nltest.exe BLUETEAM\ezk nltest.exe  /dclist:BLUETEAM.COM 10756 2128",benign
nltest.exe,5768,RegQueryValue,HKLM\System\CurrentControlSet\Services\WinSock2\Parameters\NameSpace_Catalog5\Catalog_Entries64\000000000007\StoresServiceClassInfo,SUCCESS,"Type: REG_DWORD, Length: 4, Data: 0",4/14/2022 12:34:30 PM,Registry,C:\Windows\system32\nltest.exe,BLUETEAM\ezk,nltest.exe  /dclist:BLUETEAM.COM,10756,2128,"nltest.exe 5768 RegQueryValue HKLM\System\CurrentControlSet\Services\WinSock2\Parameters\NameSpace_Catalog5\Catalog_Entries64\000000000007\StoresServiceClassInfo SUCCESS Type: REG_DWORD, Length: 4, Data: 0 4/14/2022 12:34:30 PM Registry C:\Windows\system32\nltest.exe BLUETEAM\ezk nltest.exe  /dclist:BLUETEAM.COM 10756 2128",benign
nltest.exe,5768,RegQueryValue,HKLM\System\CurrentControlSet\Services\WinSock2\Parameters\NameSpace_Catalog5\Catalog_Entries64\000000000007\Version,SUCCESS,"Type: REG_DWORD, Length: 4, Data: 0",4/14/2022 12:34:30 PM,Registry,C:\Windows\system32\nltest.exe,BLUETEAM\ezk,nltest.exe  /dclist:BLUETEAM.COM,10756,2128,"nltest.exe 5768 RegQueryValue HKLM\System\CurrentControlSet\Services\WinSock2\Parameters\NameSpace_Catalog5\Catalog_Entries64\000000000007\Version SUCCESS Type: REG_DWORD, Length: 4, Data: 0 4/14/2022 12:34:30 PM Registry C:\Windows\system32\nltest.exe BLUETEAM\ezk nltest.exe  /dclist:BLUETEAM.COM 10756 2128",benign
nltest.exe,5768,RegQueryValue,HKLM\System\CurrentControlSet\Services\WinSock2\Parameters\NameSpace_Catalog5\Catalog_Entries64\000000000007\Enabled,SUCCESS,"Type: REG_DWORD, Length: 4, Data: 1",4/14/2022 12:34:30 PM,Registry,C:\Windows\system32\nltest.exe,BLUETEAM\ezk,nltest.exe  /dclist:BLUETEAM.COM,10756,2128,"nltest.exe 5768 RegQueryValue HKLM\System\CurrentControlSet\Services\WinSock2\Parameters\NameSpace_Catalog5\Catalog_Entries64\000000000007\Enabled SUCCESS Type: REG_DWORD, Length: 4, Data: 1 4/14/2022 12:34:30 PM Registry C:\Windows\system32\nltest.exe BLUETEAM\ezk nltest.exe  /dclist:BLUETEAM.COM 10756 2128",benign
nltest.exe,5768,RegQueryValue,HKLM\System\CurrentControlSet\Services\WinSock2\Parameters\NameSpace_Catalog5\Catalog_Entries64\000000000007\SupportedNameSpace,SUCCESS,"Type: REG_DWORD, Length: 4, Data: 32",4/14/2022 12:34:30 PM,Registry,C:\Windows\system32\nltest.exe,BLUETEAM\ezk,nltest.exe  /dclist:BLUETEAM.COM,10756,2128,"nltest.exe 5768 RegQueryValue HKLM\System\CurrentControlSet\Services\WinSock2\Parameters\NameSpace_Catalog5\Catalog_Entries64\000000000007\SupportedNameSpace SUCCESS Type: REG_DWORD, Length: 4, Data: 32 4/14/2022 12:34:30 PM Registry C:\Windows\system32\nltest.exe BLUETEAM\ezk nltest.exe  /dclist:BLUETEAM.COM 10756 2128",benign
nltest.exe,5768,RegCloseKey,HKLM\System\CurrentControlSet\Services\WinSock2\Parameters\NameSpace_Catalog5\Catalog_Entries64\000000000007,SUCCESS,,4/14/2022 12:34:30 PM,Registry,C:\Windows\system32\nltest.exe,BLUETEAM\ezk,nltest.exe  /dclist:BLUETEAM.COM,10756,2128,nltest.exe 5768 RegCloseKey HKLM\System\CurrentControlSet\Services\WinSock2\Parameters\NameSpace_Catalog5\Catalog_Entries64\000000000007 SUCCESS None 4/14/2022 12:34:30 PM Registry C:\Windows\system32\nltest.exe BLUETEAM\ezk nltest.exe  /dclist:BLUETEAM.COM 10756 2128,benign
nltest.exe,5768,RegQueryValue,HKLM\System\CurrentControlSet\Services\Dnscache\Parameters\DisableSmartNameResolution,NAME NOT FOUND,Length: 16,4/14/2022 12:34:30 PM,Registry,C:\Windows\system32\nltest.exe,BLUETEAM\ezk,nltest.exe  /dclist:BLUETEAM.COM,10756,2128,nltest.exe 5768 RegQueryValue HKLM\System\CurrentControlSet\Services\Dnscache\Parameters\DisableSmartNameResolution NAME NOT FOUND Length: 16 4/14/2022 12:34:30 PM Registry C:\Windows\system32\nltest.exe BLUETEAM\ezk nltest.exe  /dclist:BLUETEAM.COM 10756 2128,benign
nltest.exe,5768,RegQueryValue,HKLM\System\CurrentControlSet\Services\Dnscache\Parameters\PreferLocalOverLowerBindingDNS,NAME NOT FOUND,Length: 16,4/14/2022 12:34:30 PM,Registry,C:\Windows\system32\nltest.exe,BLUETEAM\ezk,nltest.exe  /dclist:BLUETEAM.COM,10756,2128,nltest.exe 5768 RegQueryValue HKLM\System\CurrentControlSet\Services\Dnscache\Parameters\PreferLocalOverLowerBindingDNS NAME NOT FOUND Length: 16 4/14/2022 12:34:30 PM Registry C:\Windows\system32\nltest.exe BLUETEAM\ezk nltest.exe  /dclist:BLUETEAM.COM 10756 2128,benign
nltest.exe,5768,RegQueryValue,HKLM\System\CurrentControlSet\Services\Dnscache\Parameters\QueryNetBTFQDN,NAME NOT FOUND,Length: 16,4/14/2022 12:34:30 PM,Registry,C:\Windows\system32\nltest.exe,BLUETEAM\ezk,nltest.exe  /dclist:BLUETEAM.COM,10756,2128,nltest.exe 5768 RegQueryValue HKLM\System\CurrentControlSet\Services\Dnscache\Parameters\QueryNetBTFQDN NAME NOT FOUND Length: 16 4/14/2022 12:34:30 PM Registry C:\Windows\system32\nltest.exe BLUETEAM\ezk nltest.exe  /dclist:BLUETEAM.COM 10756 2128,benign
nltest.exe,5768,QueryBasicInformationFile,C:\Windows\System32\sspicli.dll,SUCCESS,"CreationTime: 9/22/2021 5:22:09 PM, LastAccessTime: 4/14/2022 12:33:09 PM, LastWriteTime: 9/22/2021 5:22:09 PM, ChangeTime: 10/15/2021 2:25:07 PM, FileAttributes: A",4/14/2022 12:34:30 PM,File System,C:\Windows\system32\nltest.exe,BLUETEAM\ezk,nltest.exe  /dclist:BLUETEAM.COM,10756,2128,"nltest.exe 5768 QueryBasicInformationFile C:\Windows\System32\sspicli.dll SUCCESS CreationTime: 9/22/2021 5:22:09 PM, LastAccessTime: 4/14/2022 12:33:09 PM, LastWriteTime: 9/22/2021 5:22:09 PM, ChangeTime: 10/15/2021 2:25:07 PM, FileAttributes: A 4/14/2022 12:34:30 PM File System C:\Windows\system32\nltest.exe BLUETEAM\ezk nltest.exe  /dclist:BLUETEAM.COM 10756 2128",benign
nltest.exe,5768,CloseFile,C:\Windows\System32\sspicli.dll,SUCCESS,,4/14/2022 12:34:30 PM,File System,C:\Windows\system32\nltest.exe,BLUETEAM\ezk,nltest.exe  /dclist:BLUETEAM.COM,10756,2128,nltest.exe 5768 CloseFile C:\Windows\System32\sspicli.dll SUCCESS None 4/14/2022 12:34:30 PM File System C:\Windows\system32\nltest.exe BLUETEAM\ezk nltest.exe  /dclist:BLUETEAM.COM 10756 2128,benign
nltest.exe,5768,CreateFile,C:\Windows\System32\sspicli.dll,SUCCESS,"Desired Access: Read Data/List Directory, Execute/Traverse, Synchronize, Disposition: Open, Options: Synchronous IO Non-Alert, Non-Directory File, Attributes: n/a, ShareMode: Read, Delete, AllocationSize: n/a, OpenResult: Opened",4/14/2022 12:34:30 PM,File System,C:\Windows\system32\nltest.exe,BLUETEAM\ezk,nltest.exe  /dclist:BLUETEAM.COM,10756,2128,"nltest.exe 5768 CreateFile C:\Windows\System32\sspicli.dll SUCCESS Desired Access: Read Data/List Directory, Execute/Traverse, Synchronize, Disposition: Open, Options: Synchronous IO Non-Alert, Non-Directory File, Attributes: n/a, ShareMode: Read, Delete, AllocationSize: n/a, OpenResult: Opened 4/14/2022 12:34:30 PM File System C:\Windows\system32\nltest.exe BLUETEAM\ezk nltest.exe  /dclist:BLUETEAM.COM 10756 2128",benign
nltest.exe,5768,CloseFile,C:\Windows\System32\sspicli.dll,SUCCESS,,4/14/2022 12:34:30 PM,File System,C:\Windows\system32\nltest.exe,BLUETEAM\ezk,nltest.exe  /dclist:BLUETEAM.COM,10756,2128,nltest.exe 5768 CloseFile C:\Windows\System32\sspicli.dll SUCCESS None 4/14/2022 12:34:30 PM File System C:\Windows\system32\nltest.exe BLUETEAM\ezk nltest.exe  /dclist:BLUETEAM.COM 10756 2128,benign
nltest.exe,5768,RegQueryKey,HKLM,SUCCESS,"Query: HandleTags, HandleTags: 0x0",4/14/2022 12:34:30 PM,Registry,C:\Windows\system32\nltest.exe,BLUETEAM\ezk,nltest.exe  /dclist:BLUETEAM.COM,10756,2128,"nltest.exe 5768 RegQueryKey HKLM SUCCESS Query: HandleTags, HandleTags: 0x0 4/14/2022 12:34:30 PM Registry C:\Windows\system32\nltest.exe BLUETEAM\ezk nltest.exe  /dclist:BLUETEAM.COM 10756 2128",benign
nltest.exe,5768,RegOpenKey,HKLM\System\CurrentControlSet\Control\Hvsi,REPARSE,Desired Access: Read,4/14/2022 12:34:30 PM,Registry,C:\Windows\system32\nltest.exe,BLUETEAM\ezk,nltest.exe  /dclist:BLUETEAM.COM,10756,2128,nltest.exe 5768 RegOpenKey HKLM\System\CurrentControlSet\Control\Hvsi REPARSE Desired Access: Read 4/14/2022 12:34:30 PM Registry C:\Windows\system32\nltest.exe BLUETEAM\ezk nltest.exe  /dclist:BLUETEAM.COM 10756 2128,benign
nltest.exe,5768,RegOpenKey,HKLM\System\CurrentControlSet\Control\Hvsi,SUCCESS,Desired Access: Read,4/14/2022 12:34:30 PM,Registry,C:\Windows\system32\nltest.exe,BLUETEAM\ezk,nltest.exe  /dclist:BLUETEAM.COM,10756,2128,nltest.exe 5768 RegOpenKey HKLM\System\CurrentControlSet\Control\Hvsi SUCCESS Desired Access: Read 4/14/2022 12:34:30 PM Registry C:\Windows\system32\nltest.exe BLUETEAM\ezk nltest.exe  /dclist:BLUETEAM.COM 10756 2128,benign
nltest.exe,5768,RegQueryValue,HKLM\System\CurrentControlSet\Control\Hvsi\IsHvsiContainer,NAME NOT FOUND,Length: 16,4/14/2022 12:34:30 PM,Registry,C:\Windows\system32\nltest.exe,BLUETEAM\ezk,nltest.exe  /dclist:BLUETEAM.COM,10756,2128,nltest.exe 5768 RegQueryValue HKLM\System\CurrentControlSet\Control\Hvsi\IsHvsiContainer NAME NOT FOUND Length: 16 4/14/2022 12:34:30 PM Registry C:\Windows\system32\nltest.exe BLUETEAM\ezk nltest.exe  /dclist:BLUETEAM.COM 10756 2128,benign
nltest.exe,5768,RegCloseKey,HKLM\System\CurrentControlSet\Control\Hvsi,SUCCESS,,4/14/2022 12:34:30 PM,Registry,C:\Windows\system32\nltest.exe,BLUETEAM\ezk,nltest.exe  /dclist:BLUETEAM.COM,10756,2128,nltest.exe 5768 RegCloseKey HKLM\System\CurrentControlSet\Control\Hvsi SUCCESS None 4/14/2022 12:34:30 PM Registry C:\Windows\system32\nltest.exe BLUETEAM\ezk nltest.exe  /dclist:BLUETEAM.COM 10756 2128,benign
nltest.exe,5768,RegQueryKey,HKLM,SUCCESS,"Query: HandleTags, HandleTags: 0x0",4/14/2022 12:34:30 PM,Registry,C:\Windows\system32\nltest.exe,BLUETEAM\ezk,nltest.exe  /dclist:BLUETEAM.COM,10756,2128,"nltest.exe 5768 RegQueryKey HKLM SUCCESS Query: HandleTags, HandleTags: 0x0 4/14/2022 12:34:30 PM Registry C:\Windows\system32\nltest.exe BLUETEAM\ezk nltest.exe  /dclist:BLUETEAM.COM 10756 2128",benign
nltest.exe,5768,RegOpenKey,HKLM\System\CurrentControlSet\Control\SecurityProviders,REPARSE,Desired Access: Read,4/14/2022 12:34:30 PM,Registry,C:\Windows\system32\nltest.exe,BLUETEAM\ezk,nltest.exe  /dclist:BLUETEAM.COM,10756,2128,nltest.exe 5768 RegOpenKey HKLM\System\CurrentControlSet\Control\SecurityProviders REPARSE Desired Access: Read 4/14/2022 12:34:30 PM Registry C:\Windows\system32\nltest.exe BLUETEAM\ezk nltest.exe  /dclist:BLUETEAM.COM 10756 2128,benign
nltest.exe,5768,RegOpenKey,HKLM\System\CurrentControlSet\Control\SecurityProviders,SUCCESS,Desired Access: Read,4/14/2022 12:34:30 PM,Registry,C:\Windows\system32\nltest.exe,BLUETEAM\ezk,nltest.exe  /dclist:BLUETEAM.COM,10756,2128,nltest.exe 5768 RegOpenKey HKLM\System\CurrentControlSet\Control\SecurityProviders SUCCESS Desired Access: Read 4/14/2022 12:34:30 PM Registry C:\Windows\system32\nltest.exe BLUETEAM\ezk nltest.exe  /dclist:BLUETEAM.COM 10756 2128,benign
nltest.exe,5768,RegQueryValue,HKLM\System\CurrentControlSet\Control\SecurityProviders\SecurityProviders,BUFFER OVERFLOW,Length: 12,4/14/2022 12:34:30 PM,Registry,C:\Windows\system32\nltest.exe,BLUETEAM\ezk,nltest.exe  /dclist:BLUETEAM.COM,10756,2128,nltest.exe 5768 RegQueryValue HKLM\System\CurrentControlSet\Control\SecurityProviders\SecurityProviders BUFFER OVERFLOW Length: 12 4/14/2022 12:34:30 PM Registry C:\Windows\system32\nltest.exe BLUETEAM\ezk nltest.exe  /dclist:BLUETEAM.COM 10756 2128,benign
nltest.exe,5768,RegQueryValue,HKLM\System\CurrentControlSet\Control\SecurityProviders\SecurityProviders,SUCCESS,"Type: REG_SZ, Length: 24, Data: credssp.dll",4/14/2022 12:34:30 PM,Registry,C:\Windows\system32\nltest.exe,BLUETEAM\ezk,nltest.exe  /dclist:BLUETEAM.COM,10756,2128,"nltest.exe 5768 RegQueryValue HKLM\System\CurrentControlSet\Control\SecurityProviders\SecurityProviders SUCCESS Type: REG_SZ, Length: 24, Data: credssp.dll 4/14/2022 12:34:30 PM Registry C:\Windows\system32\nltest.exe BLUETEAM\ezk nltest.exe  /dclist:BLUETEAM.COM 10756 2128",benign
nltest.exe,5768,RegCloseKey,HKLM\System\CurrentControlSet\Control\SecurityProviders,SUCCESS,,4/14/2022 12:34:30 PM,Registry,C:\Windows\system32\nltest.exe,BLUETEAM\ezk,nltest.exe  /dclist:BLUETEAM.COM,10756,2128,nltest.exe 5768 RegCloseKey HKLM\System\CurrentControlSet\Control\SecurityProviders SUCCESS None 4/14/2022 12:34:30 PM Registry C:\Windows\system32\nltest.exe BLUETEAM\ezk nltest.exe  /dclist:BLUETEAM.COM 10756 2128,benign
nltest.exe,5768,RegQueryKey,HKLM,SUCCESS,"Query: HandleTags, HandleTags: 0x0",4/14/2022 12:34:30 PM,Registry,C:\Windows\system32\nltest.exe,BLUETEAM\ezk,nltest.exe  /dclist:BLUETEAM.COM,10756,2128,"nltest.exe 5768 RegQueryKey HKLM SUCCESS Query: HandleTags, HandleTags: 0x0 4/14/2022 12:34:30 PM Registry C:\Windows\system32\nltest.exe BLUETEAM\ezk nltest.exe  /dclist:BLUETEAM.COM 10756 2128",benign
nltest.exe,5768,RegOpenKey,HKLM\System\CurrentControlSet\Control\Lsa\SspiCache,REPARSE,Desired Access: Read,4/14/2022 12:34:30 PM,Registry,C:\Windows\system32\nltest.exe,BLUETEAM\ezk,nltest.exe  /dclist:BLUETEAM.COM,10756,2128,nltest.exe 5768 RegOpenKey HKLM\System\CurrentControlSet\Control\Lsa\SspiCache REPARSE Desired Access: Read 4/14/2022 12:34:30 PM Registry C:\Windows\system32\nltest.exe BLUETEAM\ezk nltest.exe  /dclist:BLUETEAM.COM 10756 2128,benign
nltest.exe,5768,RegCloseKey,HKLM\System\CurrentControlSet\Control\Lsa\SspiCache\credssp.dll,SUCCESS,,4/14/2022 12:34:30 PM,Registry,C:\Windows\system32\nltest.exe,BLUETEAM\ezk,nltest.exe  /dclist:BLUETEAM.COM,10756,2128,nltest.exe 5768 RegCloseKey HKLM\System\CurrentControlSet\Control\Lsa\SspiCache\credssp.dll SUCCESS None 4/14/2022 12:34:30 PM Registry C:\Windows\system32\nltest.exe BLUETEAM\ezk nltest.exe  /dclist:BLUETEAM.COM 10756 2128,benign
nltest.exe,5768,RegCloseKey,HKLM\System\CurrentControlSet\Control\Lsa\SspiCache,SUCCESS,,4/14/2022 12:34:30 PM,Registry,C:\Windows\system32\nltest.exe,BLUETEAM\ezk,nltest.exe  /dclist:BLUETEAM.COM,10756,2128,nltest.exe 5768 RegCloseKey HKLM\System\CurrentControlSet\Control\Lsa\SspiCache SUCCESS None 4/14/2022 12:34:30 PM Registry C:\Windows\system32\nltest.exe BLUETEAM\ezk nltest.exe  /dclist:BLUETEAM.COM 10756 2128,benign
nltest.exe,5768,RegQueryValue,HKLM\System\CurrentControlSet\Control\Lsa\SspiCache\credssp.dll\TokenSize,SUCCESS,"Type: REG_DWORD, Length: 4, Data: 73032",4/14/2022 12:34:30 PM,Registry,C:\Windows\system32\nltest.exe,BLUETEAM\ezk,nltest.exe  /dclist:BLUETEAM.COM,10756,2128,"nltest.exe 5768 RegQueryValue HKLM\System\CurrentControlSet\Control\Lsa\SspiCache\credssp.dll\TokenSize SUCCESS Type: REG_DWORD, Length: 4, Data: 73032 4/14/2022 12:34:30 PM Registry C:\Windows\system32\nltest.exe BLUETEAM\ezk nltest.exe  /dclist:BLUETEAM.COM 10756 2128",benign
nltest.exe,5768,RegQueryValue,HKLM\System\CurrentControlSet\Control\Lsa\SspiCache\credssp.dll\Type,SUCCESS,"Type: REG_DWORD, Length: 4, Data: 33",4/14/2022 12:34:30 PM,Registry,C:\Windows\system32\nltest.exe,BLUETEAM\ezk,nltest.exe  /dclist:BLUETEAM.COM,10756,2128,"nltest.exe 5768 RegQueryValue HKLM\System\CurrentControlSet\Control\Lsa\SspiCache\credssp.dll\Type SUCCESS Type: REG_DWORD, Length: 4, Data: 33 4/14/2022 12:34:30 PM Registry C:\Windows\system32\nltest.exe BLUETEAM\ezk nltest.exe  /dclist:BLUETEAM.COM 10756 2128",benign
nltest.exe,5768,RegQueryValue,HKLM\System\CurrentControlSet\Control\Lsa\SspiCache\credssp.dll\Version,SUCCESS,"Type: REG_DWORD, Length: 4, Data: 1",4/14/2022 12:34:30 PM,Registry,C:\Windows\system32\nltest.exe,BLUETEAM\ezk,nltest.exe  /dclist:BLUETEAM.COM,10756,2128,"nltest.exe 5768 RegQueryValue HKLM\System\CurrentControlSet\Control\Lsa\SspiCache\credssp.dll\Version SUCCESS Type: REG_DWORD, Length: 4, Data: 1 4/14/2022 12:34:30 PM Registry C:\Windows\system32\nltest.exe BLUETEAM\ezk nltest.exe  /dclist:BLUETEAM.COM 10756 2128",benign
nltest.exe,5768,RegQueryValue,HKLM\System\CurrentControlSet\Control\Lsa\SspiCache\credssp.dll\RpcId,SUCCESS,"Type: REG_DWORD, Length: 4, Data: 65535",4/14/2022 12:34:30 PM,Registry,C:\Windows\system32\nltest.exe,BLUETEAM\ezk,nltest.exe  /dclist:BLUETEAM.COM,10756,2128,"nltest.exe 5768 RegQueryValue HKLM\System\CurrentControlSet\Control\Lsa\SspiCache\credssp.dll\RpcId SUCCESS Type: REG_DWORD, Length: 4, Data: 65535 4/14/2022 12:34:30 PM Registry C:\Windows\system32\nltest.exe BLUETEAM\ezk nltest.exe  /dclist:BLUETEAM.COM 10756 2128",benign
nltest.exe,5768,CreateFile,C:\Windows\System32\sspicli.dll,SUCCESS,"Desired Access: Read Attributes, Disposition: Open, Options: Open Reparse Point, Attributes: n/a, ShareMode: Read, Write, Delete, AllocationSize: n/a, OpenResult: Opened",4/14/2022 12:34:30 PM,File System,C:\Windows\system32\nltest.exe,BLUETEAM\ezk,nltest.exe  /dclist:BLUETEAM.COM,10756,2128,"nltest.exe 5768 CreateFile C:\Windows\System32\sspicli.dll SUCCESS Desired Access: Read Attributes, Disposition: Open, Options: Open Reparse Point, Attributes: n/a, ShareMode: Read, Write, Delete, AllocationSize: n/a, OpenResult: Opened 4/14/2022 12:34:30 PM File System C:\Windows\system32\nltest.exe BLUETEAM\ezk nltest.exe  /dclist:BLUETEAM.COM 10756 2128",benign
nltest.exe,5768,RegQueryValue,HKLM\System\CurrentControlSet\Control\Lsa\SspiCache\credssp.dll\Capabilities,SUCCESS,"Type: REG_DWORD, Length: 4, Data: 8455987",4/14/2022 12:34:30 PM,Registry,C:\Windows\system32\nltest.exe,BLUETEAM\ezk,nltest.exe  /dclist:BLUETEAM.COM,10756,2128,"nltest.exe 5768 RegQueryValue HKLM\System\CurrentControlSet\Control\Lsa\SspiCache\credssp.dll\Capabilities SUCCESS Type: REG_DWORD, Length: 4, Data: 8455987 4/14/2022 12:34:30 PM Registry C:\Windows\system32\nltest.exe BLUETEAM\ezk nltest.exe  /dclist:BLUETEAM.COM 10756 2128",benign
nltest.exe,5768,RegQueryValue,HKLM\System\CurrentControlSet\Control\Lsa\SspiCache\credssp.dll\Comment,BUFFER OVERFLOW,Length: 12,4/14/2022 12:34:30 PM,Registry,C:\Windows\system32\nltest.exe,BLUETEAM\ezk,nltest.exe  /dclist:BLUETEAM.COM,10756,2128,nltest.exe 5768 RegQueryValue HKLM\System\CurrentControlSet\Control\Lsa\SspiCache\credssp.dll\Comment BUFFER OVERFLOW Length: 12 4/14/2022 12:34:30 PM Registry C:\Windows\system32\nltest.exe BLUETEAM\ezk nltest.exe  /dclist:BLUETEAM.COM 10756 2128,benign
nltest.exe,5768,RegQueryValue,HKLM\System\CurrentControlSet\Control\Lsa\SspiCache\credssp.dll\Name,SUCCESS,"Type: REG_SZ, Length: 16, Data: CREDSSP",4/14/2022 12:34:30 PM,Registry,C:\Windows\system32\nltest.exe,BLUETEAM\ezk,nltest.exe  /dclist:BLUETEAM.COM,10756,2128,"nltest.exe 5768 RegQueryValue HKLM\System\CurrentControlSet\Control\Lsa\SspiCache\credssp.dll\Name SUCCESS Type: REG_SZ, Length: 16, Data: CREDSSP 4/14/2022 12:34:30 PM Registry C:\Windows\system32\nltest.exe BLUETEAM\ezk nltest.exe  /dclist:BLUETEAM.COM 10756 2128",benign
nltest.exe,5768,RegQueryValue,HKLM\System\CurrentControlSet\Control\Lsa\SspiCache\credssp.dll\Name,BUFFER OVERFLOW,Length: 12,4/14/2022 12:34:30 PM,Registry,C:\Windows\system32\nltest.exe,BLUETEAM\ezk,nltest.exe  /dclist:BLUETEAM.COM,10756,2128,nltest.exe 5768 RegQueryValue HKLM\System\CurrentControlSet\Control\Lsa\SspiCache\credssp.dll\Name BUFFER OVERFLOW Length: 12 4/14/2022 12:34:30 PM Registry C:\Windows\system32\nltest.exe BLUETEAM\ezk nltest.exe  /dclist:BLUETEAM.COM 10756 2128,benign
nltest.exe,5768,RegOpenKey,HKLM\System\CurrentControlSet\Control\Lsa\SspiCache\credssp.dll,SUCCESS,Desired Access: Read,4/14/2022 12:34:30 PM,Registry,C:\Windows\system32\nltest.exe,BLUETEAM\ezk,nltest.exe  /dclist:BLUETEAM.COM,10756,2128,nltest.exe 5768 RegOpenKey HKLM\System\CurrentControlSet\Control\Lsa\SspiCache\credssp.dll SUCCESS Desired Access: Read 4/14/2022 12:34:30 PM Registry C:\Windows\system32\nltest.exe BLUETEAM\ezk nltest.exe  /dclist:BLUETEAM.COM 10756 2128,benign
nltest.exe,5768,RegQueryKey,HKLM\System\CurrentControlSet\Control\Lsa\SspiCache,SUCCESS,"Query: HandleTags, HandleTags: 0x0",4/14/2022 12:34:30 PM,Registry,C:\Windows\system32\nltest.exe,BLUETEAM\ezk,nltest.exe  /dclist:BLUETEAM.COM,10756,2128,"nltest.exe 5768 RegQueryKey HKLM\System\CurrentControlSet\Control\Lsa\SspiCache SUCCESS Query: HandleTags, HandleTags: 0x0 4/14/2022 12:34:30 PM Registry C:\Windows\system32\nltest.exe BLUETEAM\ezk nltest.exe  /dclist:BLUETEAM.COM 10756 2128",benign
nltest.exe,5768,RegOpenKey,HKLM\System\CurrentControlSet\Control\Lsa\SspiCache,SUCCESS,Desired Access: Read,4/14/2022 12:34:30 PM,Registry,C:\Windows\system32\nltest.exe,BLUETEAM\ezk,nltest.exe  /dclist:BLUETEAM.COM,10756,2128,nltest.exe 5768 RegOpenKey HKLM\System\CurrentControlSet\Control\Lsa\SspiCache SUCCESS Desired Access: Read 4/14/2022 12:34:30 PM Registry C:\Windows\system32\nltest.exe BLUETEAM\ezk nltest.exe  /dclist:BLUETEAM.COM 10756 2128,benign
nltest.exe,5768,RegQueryValue,HKLM\System\CurrentControlSet\Control\Lsa\SspiCache\credssp.dll\Comment,SUCCESS,"Type: REG_SZ, Length: 72, Data: Microsoft CredSSP Security Provider",4/14/2022 12:34:30 PM,Registry,C:\Windows\system32\nltest.exe,BLUETEAM\ezk,nltest.exe  /dclist:BLUETEAM.COM,10756,2128,"nltest.exe 5768 RegQueryValue HKLM\System\CurrentControlSet\Control\Lsa\SspiCache\credssp.dll\Comment SUCCESS Type: REG_SZ, Length: 72, Data: Microsoft CredSSP Security Provider 4/14/2022 12:34:30 PM Registry C:\Windows\system32\nltest.exe BLUETEAM\ezk nltest.exe  /dclist:BLUETEAM.COM 10756 2128",benign
nltest.exe,5768,RegQueryKey,HKLM,SUCCESS,"Query: HandleTags, HandleTags: 0x0",4/14/2022 12:34:30 PM,Registry,C:\Windows\system32\nltest.exe,BLUETEAM\ezk,nltest.exe  /dclist:BLUETEAM.COM,10756,2128,"nltest.exe 5768 RegQueryKey HKLM SUCCESS Query: HandleTags, HandleTags: 0x0 4/14/2022 12:34:30 PM Registry C:\Windows\system32\nltest.exe BLUETEAM\ezk nltest.exe  /dclist:BLUETEAM.COM 10756 2128",benign
nltest.exe,5768,RegCloseKey,HKLM\SOFTWARE\Microsoft\Rpc\SecurityService,SUCCESS,,4/14/2022 12:34:30 PM,Registry,C:\Windows\system32\nltest.exe,BLUETEAM\ezk,nltest.exe  /dclist:BLUETEAM.COM,10756,2128,nltest.exe 5768 RegCloseKey HKLM\SOFTWARE\Microsoft\Rpc\SecurityService SUCCESS None 4/14/2022 12:34:30 PM Registry C:\Windows\system32\nltest.exe BLUETEAM\ezk nltest.exe  /dclist:BLUETEAM.COM 10756 2128,benign
nltest.exe,5768,RegQueryKey,HKLM\SOFTWARE\Microsoft\Rpc\SecurityService,SUCCESS,"Query: Full, SubKeys: 0, Values: 5",4/14/2022 12:34:30 PM,Registry,C:\Windows\system32\nltest.exe,BLUETEAM\ezk,nltest.exe  /dclist:BLUETEAM.COM,10756,2128,"nltest.exe 5768 RegQueryKey HKLM\SOFTWARE\Microsoft\Rpc\SecurityService SUCCESS Query: Full, SubKeys: 0, Values: 5 4/14/2022 12:34:30 PM Registry C:\Windows\system32\nltest.exe BLUETEAM\ezk nltest.exe  /dclist:BLUETEAM.COM 10756 2128",benign
nltest.exe,5768,CreateFile,C:\Windows\System32\wshqos.dll,SUCCESS,"Desired Access: Read Attributes, Disposition: Open, Options: Open Reparse Point, Attributes: n/a, ShareMode: Read, Write, Delete, AllocationSize: n/a, OpenResult: Opened",4/14/2022 12:34:30 PM,File System,C:\Windows\system32\nltest.exe,BLUETEAM\ezk,nltest.exe  /dclist:BLUETEAM.COM,10756,2128,"nltest.exe 5768 CreateFile C:\Windows\System32\wshqos.dll SUCCESS Desired Access: Read Attributes, Disposition: Open, Options: Open Reparse Point, Attributes: n/a, ShareMode: Read, Write, Delete, AllocationSize: n/a, OpenResult: Opened 4/14/2022 12:34:30 PM File System C:\Windows\system32\nltest.exe BLUETEAM\ezk nltest.exe  /dclist:BLUETEAM.COM 10756 2128",benign
nltest.exe,5768,QueryBasicInformationFile,C:\Windows\System32\wshqos.dll,SUCCESS,"CreationTime: 9/22/2021 5:21:49 PM, LastAccessTime: 4/14/2022 12:34:30 PM, LastWriteTime: 9/22/2021 5:21:49 PM, ChangeTime: 10/15/2021 2:25:23 PM, FileAttributes: A",4/14/2022 12:34:30 PM,File System,C:\Windows\system32\nltest.exe,BLUETEAM\ezk,nltest.exe  /dclist:BLUETEAM.COM,10756,2128,"nltest.exe 5768 QueryBasicInformationFile C:\Windows\System32\wshqos.dll SUCCESS CreationTime: 9/22/2021 5:21:49 PM, LastAccessTime: 4/14/2022 12:34:30 PM, LastWriteTime: 9/22/2021 5:21:49 PM, ChangeTime: 10/15/2021 2:25:23 PM, FileAttributes: A 4/14/2022 12:34:30 PM File System C:\Windows\system32\nltest.exe BLUETEAM\ezk nltest.exe  /dclist:BLUETEAM.COM 10756 2128",benign
nltest.exe,5768,CloseFile,C:\Windows\System32\wshqos.dll,SUCCESS,,4/14/2022 12:34:30 PM,File System,C:\Windows\system32\nltest.exe,BLUETEAM\ezk,nltest.exe  /dclist:BLUETEAM.COM,10756,2128,nltest.exe 5768 CloseFile C:\Windows\System32\wshqos.dll SUCCESS None 4/14/2022 12:34:30 PM File System C:\Windows\system32\nltest.exe BLUETEAM\ezk nltest.exe  /dclist:BLUETEAM.COM 10756 2128,benign
nltest.exe,5768,CreateFile,C:\Windows\System32\wshqos.dll,SUCCESS,"Desired Access: Generic Read, Disposition: Open, Options: Synchronous IO Non-Alert, Non-Directory File, Attributes: n/a, ShareMode: Read, Delete, AllocationSize: n/a, OpenResult: Opened",4/14/2022 12:34:30 PM,File System,C:\Windows\system32\nltest.exe,BLUETEAM\ezk,nltest.exe  /dclist:BLUETEAM.COM,10756,2128,"nltest.exe 5768 CreateFile C:\Windows\System32\wshqos.dll SUCCESS Desired Access: Generic Read, Disposition: Open, Options: Synchronous IO Non-Alert, Non-Directory File, Attributes: n/a, ShareMode: Read, Delete, AllocationSize: n/a, OpenResult: Opened 4/14/2022 12:34:30 PM File System C:\Windows\system32\nltest.exe BLUETEAM\ezk nltest.exe  /dclist:BLUETEAM.COM 10756 2128",benign
nltest.exe,5768,CloseFile,C:\Windows\System32\wshqos.dll,SUCCESS,,4/14/2022 12:34:30 PM,File System,C:\Windows\system32\nltest.exe,BLUETEAM\ezk,nltest.exe  /dclist:BLUETEAM.COM,10756,2128,nltest.exe 5768 CloseFile C:\Windows\System32\wshqos.dll SUCCESS None 4/14/2022 12:34:30 PM File System C:\Windows\system32\nltest.exe BLUETEAM\ezk nltest.exe  /dclist:BLUETEAM.COM 10756 2128,benign
nltest.exe,5768,RegOpenKey,HKLM\Software\Microsoft\LanguageOverlay\OverlayPackages\en-US,NAME NOT FOUND,Desired Access: Read,4/14/2022 12:34:30 PM,Registry,C:\Windows\system32\nltest.exe,BLUETEAM\ezk,nltest.exe  /dclist:BLUETEAM.COM,10756,2128,nltest.exe 5768 RegOpenKey HKLM\Software\Microsoft\LanguageOverlay\OverlayPackages\en-US NAME NOT FOUND Desired Access: Read 4/14/2022 12:34:30 PM Registry C:\Windows\system32\nltest.exe BLUETEAM\ezk nltest.exe  /dclist:BLUETEAM.COM 10756 2128,benign
nltest.exe,5768,CreateFile,C:\Windows\System32\en-US\wshqos.dll.mui,SUCCESS,"Desired Access: Read Data/List Directory, Synchronize, Disposition: Open, Options: Synchronous IO Non-Alert, Non-Directory File, Attributes: n/a, ShareMode: Read, Delete, AllocationSize: n/a, OpenResult: Opened",4/14/2022 12:34:30 PM,File System,C:\Windows\system32\nltest.exe,BLUETEAM\ezk,nltest.exe  /dclist:BLUETEAM.COM,10756,2128,"nltest.exe 5768 CreateFile C:\Windows\System32\en-US\wshqos.dll.mui SUCCESS Desired Access: Read Data/List Directory, Synchronize, Disposition: Open, Options: Synchronous IO Non-Alert, Non-Directory File, Attributes: n/a, ShareMode: Read, Delete, AllocationSize: n/a, OpenResult: Opened 4/14/2022 12:34:30 PM File System C:\Windows\system32\nltest.exe BLUETEAM\ezk nltest.exe  /dclist:BLUETEAM.COM 10756 2128",benign
nltest.exe,5768,CloseFile,C:\Windows\System32\en-US\wshqos.dll.mui,SUCCESS,,4/14/2022 12:34:30 PM,File System,C:\Windows\system32\nltest.exe,BLUETEAM\ezk,nltest.exe  /dclist:BLUETEAM.COM,10756,2128,nltest.exe 5768 CloseFile C:\Windows\System32\en-US\wshqos.dll.mui SUCCESS None 4/14/2022 12:34:30 PM File System C:\Windows\system32\nltest.exe BLUETEAM\ezk nltest.exe  /dclist:BLUETEAM.COM 10756 2128,benign
nltest.exe,5768,CreateFile,C:\Windows\System32\wshqos.dll,SUCCESS,"Desired Access: Read Attributes, Disposition: Open, Options: Open Reparse Point, Attributes: n/a, ShareMode: Read, Write, Delete, AllocationSize: n/a, OpenResult: Opened",4/14/2022 12:34:30 PM,File System,C:\Windows\system32\nltest.exe,BLUETEAM\ezk,nltest.exe  /dclist:BLUETEAM.COM,10756,2128,"nltest.exe 5768 CreateFile C:\Windows\System32\wshqos.dll SUCCESS Desired Access: Read Attributes, Disposition: Open, Options: Open Reparse Point, Attributes: n/a, ShareMode: Read, Write, Delete, AllocationSize: n/a, OpenResult: Opened 4/14/2022 12:34:30 PM File System C:\Windows\system32\nltest.exe BLUETEAM\ezk nltest.exe  /dclist:BLUETEAM.COM 10756 2128",benign
nltest.exe,5768,QueryBasicInformationFile,C:\Windows\System32\wshqos.dll,SUCCESS,"CreationTime: 9/22/2021 5:21:49 PM, LastAccessTime: 4/14/2022 12:34:30 PM, LastWriteTime: 9/22/2021 5:21:49 PM, ChangeTime: 10/15/2021 2:25:23 PM, FileAttributes: A",4/14/2022 12:34:30 PM,File System,C:\Windows\system32\nltest.exe,BLUETEAM\ezk,nltest.exe  /dclist:BLUETEAM.COM,10756,2128,"nltest.exe 5768 QueryBasicInformationFile C:\Windows\System32\wshqos.dll SUCCESS CreationTime: 9/22/2021 5:21:49 PM, LastAccessTime: 4/14/2022 12:34:30 PM, LastWriteTime: 9/22/2021 5:21:49 PM, ChangeTime: 10/15/2021 2:25:23 PM, FileAttributes: A 4/14/2022 12:34:30 PM File System C:\Windows\system32\nltest.exe BLUETEAM\ezk nltest.exe  /dclist:BLUETEAM.COM 10756 2128",benign
nltest.exe,5768,CloseFile,C:\Windows\System32\wshqos.dll,SUCCESS,,4/14/2022 12:34:30 PM,File System,C:\Windows\system32\nltest.exe,BLUETEAM\ezk,nltest.exe  /dclist:BLUETEAM.COM,10756,2128,nltest.exe 5768 CloseFile C:\Windows\System32\wshqos.dll SUCCESS None 4/14/2022 12:34:30 PM File System C:\Windows\system32\nltest.exe BLUETEAM\ezk nltest.exe  /dclist:BLUETEAM.COM 10756 2128,benign
nltest.exe,5768,CreateFile,C:\Windows\System32\wshqos.dll,SUCCESS,"Desired Access: Generic Read, Disposition: Open, Options: Synchronous IO Non-Alert, Non-Directory File, Attributes: n/a, ShareMode: Read, Delete, AllocationSize: n/a, OpenResult: Opened",4/14/2022 12:34:30 PM,File System,C:\Windows\system32\nltest.exe,BLUETEAM\ezk,nltest.exe  /dclist:BLUETEAM.COM,10756,2128,"nltest.exe 5768 CreateFile C:\Windows\System32\wshqos.dll SUCCESS Desired Access: Generic Read, Disposition: Open, Options: Synchronous IO Non-Alert, Non-Directory File, Attributes: n/a, ShareMode: Read, Delete, AllocationSize: n/a, OpenResult: Opened 4/14/2022 12:34:30 PM File System C:\Windows\system32\nltest.exe BLUETEAM\ezk nltest.exe  /dclist:BLUETEAM.COM 10756 2128",benign
nltest.exe,5768,CloseFile,C:\Windows\System32\wshqos.dll,SUCCESS,,4/14/2022 12:34:30 PM,File System,C:\Windows\system32\nltest.exe,BLUETEAM\ezk,nltest.exe  /dclist:BLUETEAM.COM,10756,2128,nltest.exe 5768 CloseFile C:\Windows\System32\wshqos.dll SUCCESS None 4/14/2022 12:34:30 PM File System C:\Windows\system32\nltest.exe BLUETEAM\ezk nltest.exe  /dclist:BLUETEAM.COM 10756 2128,benign
nltest.exe,5768,RegOpenKey,HKLM\Software\Microsoft\LanguageOverlay\OverlayPackages\en-US,NAME NOT FOUND,Desired Access: Read,4/14/2022 12:34:30 PM,Registry,C:\Windows\system32\nltest.exe,BLUETEAM\ezk,nltest.exe  /dclist:BLUETEAM.COM,10756,2128,nltest.exe 5768 RegOpenKey HKLM\Software\Microsoft\LanguageOverlay\OverlayPackages\en-US NAME NOT FOUND Desired Access: Read 4/14/2022 12:34:30 PM Registry C:\Windows\system32\nltest.exe BLUETEAM\ezk nltest.exe  /dclist:BLUETEAM.COM 10756 2128,benign
nltest.exe,5768,CreateFile,C:\Windows\System32\en-US\wshqos.dll.mui,SUCCESS,"Desired Access: Read Data/List Directory, Synchronize, Disposition: Open, Options: Synchronous IO Non-Alert, Non-Directory File, Attributes: n/a, ShareMode: Read, Delete, AllocationSize: n/a, OpenResult: Opened",4/14/2022 12:34:30 PM,File System,C:\Windows\system32\nltest.exe,BLUETEAM\ezk,nltest.exe  /dclist:BLUETEAM.COM,10756,2128,"nltest.exe 5768 CreateFile C:\Windows\System32\en-US\wshqos.dll.mui SUCCESS Desired Access: Read Data/List Directory, Synchronize, Disposition: Open, Options: Synchronous IO Non-Alert, Non-Directory File, Attributes: n/a, ShareMode: Read, Delete, AllocationSize: n/a, OpenResult: Opened 4/14/2022 12:34:30 PM File System C:\Windows\system32\nltest.exe BLUETEAM\ezk nltest.exe  /dclist:BLUETEAM.COM 10756 2128",benign
nltest.exe,5768,CloseFile,C:\Windows\System32\en-US\wshqos.dll.mui,SUCCESS,,4/14/2022 12:34:30 PM,File System,C:\Windows\system32\nltest.exe,BLUETEAM\ezk,nltest.exe  /dclist:BLUETEAM.COM,10756,2128,nltest.exe 5768 CloseFile C:\Windows\System32\en-US\wshqos.dll.mui SUCCESS None 4/14/2022 12:34:30 PM File System C:\Windows\system32\nltest.exe BLUETEAM\ezk nltest.exe  /dclist:BLUETEAM.COM 10756 2128,benign
nltest.exe,5768,RegQueryKey,HKLM,SUCCESS,"Query: HandleTags, HandleTags: 0x0",4/14/2022 12:34:30 PM,Registry,C:\Windows\system32\nltest.exe,BLUETEAM\ezk,nltest.exe  /dclist:BLUETEAM.COM,10756,2128,"nltest.exe 5768 RegQueryKey HKLM SUCCESS Query: HandleTags, HandleTags: 0x0 4/14/2022 12:34:30 PM Registry C:\Windows\system32\nltest.exe BLUETEAM\ezk nltest.exe  /dclist:BLUETEAM.COM 10756 2128",benign
nltest.exe,5768,RegOpenKey,HKLM\Software\Microsoft\Rpc\SecurityService,SUCCESS,Desired Access: Read,4/14/2022 12:34:30 PM,Registry,C:\Windows\system32\nltest.exe,BLUETEAM\ezk,nltest.exe  /dclist:BLUETEAM.COM,10756,2128,nltest.exe 5768 RegOpenKey HKLM\Software\Microsoft\Rpc\SecurityService SUCCESS Desired Access: Read 4/14/2022 12:34:30 PM Registry C:\Windows\system32\nltest.exe BLUETEAM\ezk nltest.exe  /dclist:BLUETEAM.COM 10756 2128,benign
nltest.exe,5768,RegQueryKey,HKLM,SUCCESS,"Query: HandleTags, HandleTags: 0x0",4/14/2022 12:34:30 PM,Registry,C:\Windows\system32\nltest.exe,BLUETEAM\ezk,nltest.exe  /dclist:BLUETEAM.COM,10756,2128,"nltest.exe 5768 RegQueryKey HKLM SUCCESS Query: HandleTags, HandleTags: 0x0 4/14/2022 12:34:30 PM Registry C:\Windows\system32\nltest.exe BLUETEAM\ezk nltest.exe  /dclist:BLUETEAM.COM 10756 2128",benign
nltest.exe,5768,RegQueryValue,HKLM\System\CurrentControlSet\Control\Nls\Sorting\Ids\en,NAME NOT FOUND,Length: 90,4/14/2022 12:34:30 PM,Registry,C:\Windows\system32\nltest.exe,BLUETEAM\ezk,nltest.exe  /dclist:BLUETEAM.COM,10756,2128,nltest.exe 5768 RegQueryValue HKLM\System\CurrentControlSet\Control\Nls\Sorting\Ids\en NAME NOT FOUND Length: 90 4/14/2022 12:34:30 PM Registry C:\Windows\system32\nltest.exe BLUETEAM\ezk nltest.exe  /dclist:BLUETEAM.COM 10756 2128,benign
nltest.exe,5768,RegQueryValue,HKLM\System\CurrentControlSet\Control\Nls\Sorting\Ids\en-US,NAME NOT FOUND,Length: 90,4/14/2022 12:34:30 PM,Registry,C:\Windows\system32\nltest.exe,BLUETEAM\ezk,nltest.exe  /dclist:BLUETEAM.COM,10756,2128,nltest.exe 5768 RegQueryValue HKLM\System\CurrentControlSet\Control\Nls\Sorting\Ids\en-US NAME NOT FOUND Length: 90 4/14/2022 12:34:30 PM Registry C:\Windows\system32\nltest.exe BLUETEAM\ezk nltest.exe  /dclist:BLUETEAM.COM 10756 2128,benign
nltest.exe,5768,CloseFile,C:\Windows\System32\dsparse.dll,SUCCESS,,4/14/2022 12:34:30 PM,File System,C:\Windows\system32\nltest.exe,BLUETEAM\ezk,nltest.exe  /dclist:BLUETEAM.COM,10756,2128,nltest.exe 5768 CloseFile C:\Windows\System32\dsparse.dll SUCCESS None 4/14/2022 12:34:30 PM File System C:\Windows\system32\nltest.exe BLUETEAM\ezk nltest.exe  /dclist:BLUETEAM.COM 10756 2128,benign
nltest.exe,5768,CreateFile,C:\Windows\System32\dsparse.dll,SUCCESS,"Desired Access: Read Data/List Directory, Execute/Traverse, Synchronize, Disposition: Open, Options: Synchronous IO Non-Alert, Non-Directory File, Attributes: n/a, ShareMode: Read, Delete, AllocationSize: n/a, OpenResult: Opened",4/14/2022 12:34:30 PM,File System,C:\Windows\system32\nltest.exe,BLUETEAM\ezk,nltest.exe  /dclist:BLUETEAM.COM,10756,2128,"nltest.exe 5768 CreateFile C:\Windows\System32\dsparse.dll SUCCESS Desired Access: Read Data/List Directory, Execute/Traverse, Synchronize, Disposition: Open, Options: Synchronous IO Non-Alert, Non-Directory File, Attributes: n/a, ShareMode: Read, Delete, AllocationSize: n/a, OpenResult: Opened 4/14/2022 12:34:30 PM File System C:\Windows\system32\nltest.exe BLUETEAM\ezk nltest.exe  /dclist:BLUETEAM.COM 10756 2128",benign
nltest.exe,5768,RegQueryValue,HKLM\SOFTWARE\Microsoft\Rpc\SecurityService\9,SUCCESS,"Type: REG_SZ, Length: 24, Data: sspicli.dll",4/14/2022 12:34:30 PM,Registry,C:\Windows\system32\nltest.exe,BLUETEAM\ezk,nltest.exe  /dclist:BLUETEAM.COM,10756,2128,"nltest.exe 5768 RegQueryValue HKLM\SOFTWARE\Microsoft\Rpc\SecurityService\9 SUCCESS Type: REG_SZ, Length: 24, Data: sspicli.dll 4/14/2022 12:34:30 PM Registry C:\Windows\system32\nltest.exe BLUETEAM\ezk nltest.exe  /dclist:BLUETEAM.COM 10756 2128",benign
nltest.exe,5768,CloseFile,C:\Windows\System32\dsparse.dll,SUCCESS,,4/14/2022 12:34:30 PM,File System,C:\Windows\system32\nltest.exe,BLUETEAM\ezk,nltest.exe  /dclist:BLUETEAM.COM,10756,2128,nltest.exe 5768 CloseFile C:\Windows\System32\dsparse.dll SUCCESS None 4/14/2022 12:34:30 PM File System C:\Windows\system32\nltest.exe BLUETEAM\ezk nltest.exe  /dclist:BLUETEAM.COM 10756 2128,benign
nltest.exe,5768,CreateFile,C:\Windows\System32\dsparse.dll,SUCCESS,"Desired Access: Read Attributes, Disposition: Open, Options: Open Reparse Point, Attributes: n/a, ShareMode: Read, Write, Delete, AllocationSize: n/a, OpenResult: Opened",4/14/2022 12:34:30 PM,File System,C:\Windows\system32\nltest.exe,BLUETEAM\ezk,nltest.exe  /dclist:BLUETEAM.COM,10756,2128,"nltest.exe 5768 CreateFile C:\Windows\System32\dsparse.dll SUCCESS Desired Access: Read Attributes, Disposition: Open, Options: Open Reparse Point, Attributes: n/a, ShareMode: Read, Write, Delete, AllocationSize: n/a, OpenResult: Opened 4/14/2022 12:34:30 PM File System C:\Windows\system32\nltest.exe BLUETEAM\ezk nltest.exe  /dclist:BLUETEAM.COM 10756 2128",benign
nltest.exe,5768,TCP Receive,DESKTOP-BA1RQFC.blueteam.com:62814 -> 192.168.48.10:epmap,SUCCESS,"Length: 172, seqnum: 0, connid: 0",4/14/2022 12:34:30 PM,Network,C:\Windows\system32\nltest.exe,BLUETEAM\ezk,nltest.exe  /dclist:BLUETEAM.COM,0,2128,"nltest.exe 5768 TCP Receive DESKTOP-BA1RQFC.blueteam.com:62814 -> 192.168.48.10:epmap SUCCESS Length: 172, seqnum: 0, connid: 0 4/14/2022 12:34:30 PM Network C:\Windows\system32\nltest.exe BLUETEAM\ezk nltest.exe  /dclist:BLUETEAM.COM 0 2128",benign
nltest.exe,5768,TCP Send,DESKTOP-BA1RQFC.blueteam.com:62814 -> 192.168.48.10:epmap,SUCCESS,"Length: 168, startime: 1386602, endtime: 1386602, seqnum: 0, connid: 0",4/14/2022 12:34:30 PM,Network,C:\Windows\system32\nltest.exe,BLUETEAM\ezk,nltest.exe  /dclist:BLUETEAM.COM,0,2128,"nltest.exe 5768 TCP Send DESKTOP-BA1RQFC.blueteam.com:62814 -> 192.168.48.10:epmap SUCCESS Length: 168, startime: 1386602, endtime: 1386602, seqnum: 0, connid: 0 4/14/2022 12:34:30 PM Network C:\Windows\system32\nltest.exe BLUETEAM\ezk nltest.exe  /dclist:BLUETEAM.COM 0 2128",benign
nltest.exe,5768,TCP Receive,DESKTOP-BA1RQFC.blueteam.com:62814 -> 192.168.48.10:epmap,SUCCESS,"Length: 108, seqnum: 0, connid: 0",4/14/2022 12:34:30 PM,Network,C:\Windows\system32\nltest.exe,BLUETEAM\ezk,nltest.exe  /dclist:BLUETEAM.COM,0,2128,"nltest.exe 5768 TCP Receive DESKTOP-BA1RQFC.blueteam.com:62814 -> 192.168.48.10:epmap SUCCESS Length: 108, seqnum: 0, connid: 0 4/14/2022 12:34:30 PM Network C:\Windows\system32\nltest.exe BLUETEAM\ezk nltest.exe  /dclist:BLUETEAM.COM 0 2128",benign
nltest.exe,5768,TCP Send,DESKTOP-BA1RQFC.blueteam.com:62814 -> 192.168.48.10:epmap,SUCCESS,"Length: 160, startime: 1386602, endtime: 1386602, seqnum: 0, connid: 0",4/14/2022 12:34:30 PM,Network,C:\Windows\system32\nltest.exe,BLUETEAM\ezk,nltest.exe  /dclist:BLUETEAM.COM,0,2128,"nltest.exe 5768 TCP Send DESKTOP-BA1RQFC.blueteam.com:62814 -> 192.168.48.10:epmap SUCCESS Length: 160, startime: 1386602, endtime: 1386602, seqnum: 0, connid: 0 4/14/2022 12:34:30 PM Network C:\Windows\system32\nltest.exe BLUETEAM\ezk nltest.exe  /dclist:BLUETEAM.COM 0 2128",benign
nltest.exe,5768,RegOpenKey,HKLM\Software\Policies\Microsoft\Windows NT\Rpc,NAME NOT FOUND,Desired Access: Read,4/14/2022 12:34:30 PM,Registry,C:\Windows\system32\nltest.exe,BLUETEAM\ezk,nltest.exe  /dclist:BLUETEAM.COM,10756,2128,nltest.exe 5768 RegOpenKey HKLM\Software\Policies\Microsoft\Windows NT\Rpc NAME NOT FOUND Desired Access: Read 4/14/2022 12:34:30 PM Registry C:\Windows\system32\nltest.exe BLUETEAM\ezk nltest.exe  /dclist:BLUETEAM.COM 10756 2128,benign
nltest.exe,5768,QueryBasicInformationFile,C:\Windows\System32\dsparse.dll,SUCCESS,"CreationTime: 9/22/2021 5:22:06 PM, LastAccessTime: 4/14/2022 12:26:30 PM, LastWriteTime: 9/22/2021 5:22:06 PM, ChangeTime: 10/15/2021 2:25:23 PM, FileAttributes: A",4/14/2022 12:34:30 PM,File System,C:\Windows\system32\nltest.exe,BLUETEAM\ezk,nltest.exe  /dclist:BLUETEAM.COM,10756,2128,"nltest.exe 5768 QueryBasicInformationFile C:\Windows\System32\dsparse.dll SUCCESS CreationTime: 9/22/2021 5:22:06 PM, LastAccessTime: 4/14/2022 12:26:30 PM, LastWriteTime: 9/22/2021 5:22:06 PM, ChangeTime: 10/15/2021 2:25:23 PM, FileAttributes: A 4/14/2022 12:34:30 PM File System C:\Windows\system32\nltest.exe BLUETEAM\ezk nltest.exe  /dclist:BLUETEAM.COM 10756 2128",benign
nltest.exe,5768,CloseFile,C:\Windows\System32\en-US\wshqos.dll.mui,SUCCESS,,4/14/2022 12:34:30 PM,File System,C:\Windows\system32\nltest.exe,BLUETEAM\ezk,nltest.exe  /dclist:BLUETEAM.COM,10756,2128,nltest.exe 5768 CloseFile C:\Windows\System32\en-US\wshqos.dll.mui SUCCESS None 4/14/2022 12:34:30 PM File System C:\Windows\system32\nltest.exe BLUETEAM\ezk nltest.exe  /dclist:BLUETEAM.COM 10756 2128,benign
nltest.exe,5768,RegOpenKey,HKLM\System\CurrentControlSet\Control\SecurityProviders\SaslProfiles,REPARSE,Desired Access: Read,4/14/2022 12:34:30 PM,Registry,C:\Windows\system32\nltest.exe,BLUETEAM\ezk,nltest.exe  /dclist:BLUETEAM.COM,10756,2128,nltest.exe 5768 RegOpenKey HKLM\System\CurrentControlSet\Control\SecurityProviders\SaslProfiles REPARSE Desired Access: Read 4/14/2022 12:34:30 PM Registry C:\Windows\system32\nltest.exe BLUETEAM\ezk nltest.exe  /dclist:BLUETEAM.COM 10756 2128,benign
nltest.exe,5768,RegCloseKey,HKLM\System\CurrentControlSet\Control\SecurityProviders\SaslProfiles,SUCCESS,,4/14/2022 12:34:30 PM,Registry,C:\Windows\system32\nltest.exe,BLUETEAM\ezk,nltest.exe  /dclist:BLUETEAM.COM,10756,2128,nltest.exe 5768 RegCloseKey HKLM\System\CurrentControlSet\Control\SecurityProviders\SaslProfiles SUCCESS None 4/14/2022 12:34:30 PM Registry C:\Windows\system32\nltest.exe BLUETEAM\ezk nltest.exe  /dclist:BLUETEAM.COM 10756 2128,benign
nltest.exe,5768,RegOpenKey,HKLM\System\CurrentControlSet\Control\Cryptography\Configuration,REPARSE,Desired Access: Read,4/14/2022 12:34:30 PM,Registry,C:\Windows\system32\nltest.exe,BLUETEAM\ezk,nltest.exe  /dclist:BLUETEAM.COM,10756,2128,nltest.exe 5768 RegOpenKey HKLM\System\CurrentControlSet\Control\Cryptography\Configuration REPARSE Desired Access: Read 4/14/2022 12:34:30 PM Registry C:\Windows\system32\nltest.exe BLUETEAM\ezk nltest.exe  /dclist:BLUETEAM.COM 10756 2128,benign
nltest.exe,5768,RegOpenKey,HKLM\System\CurrentControlSet\Control\Cryptography\Configuration,SUCCESS,Desired Access: Read,4/14/2022 12:34:30 PM,Registry,C:\Windows\system32\nltest.exe,BLUETEAM\ezk,nltest.exe  /dclist:BLUETEAM.COM,10756,2128,nltest.exe 5768 RegOpenKey HKLM\System\CurrentControlSet\Control\Cryptography\Configuration SUCCESS Desired Access: Read 4/14/2022 12:34:30 PM Registry C:\Windows\system32\nltest.exe BLUETEAM\ezk nltest.exe  /dclist:BLUETEAM.COM 10756 2128,benign
nltest.exe,5768,RegCloseKey,HKLM\System\CurrentControlSet\Control\Cryptography\Configuration,SUCCESS,,4/14/2022 12:34:30 PM,Registry,C:\Windows\system32\nltest.exe,BLUETEAM\ezk,nltest.exe  /dclist:BLUETEAM.COM,10756,2128,nltest.exe 5768 RegCloseKey HKLM\System\CurrentControlSet\Control\Cryptography\Configuration SUCCESS None 4/14/2022 12:34:30 PM Registry C:\Windows\system32\nltest.exe BLUETEAM\ezk nltest.exe  /dclist:BLUETEAM.COM 10756 2128,benign
nltest.exe,5768,TCP Send,DESKTOP-BA1RQFC.blueteam.com:62815 -> 192.168.48.10:49667,SUCCESS,"Length: 268, startime: 1386618, endtime: 1386618, seqnum: 0, connid: 0",4/14/2022 12:34:30 PM,Network,C:\Windows\system32\nltest.exe,BLUETEAM\ezk,nltest.exe  /dclist:BLUETEAM.COM,0,2128,"nltest.exe 5768 TCP Send DESKTOP-BA1RQFC.blueteam.com:62815 -> 192.168.48.10:49667 SUCCESS Length: 268, startime: 1386618, endtime: 1386618, seqnum: 0, connid: 0 4/14/2022 12:34:30 PM Network C:\Windows\system32\nltest.exe BLUETEAM\ezk nltest.exe  /dclist:BLUETEAM.COM 0 2128",benign
nltest.exe,5768,TCP Receive,DESKTOP-BA1RQFC.blueteam.com:62815 -> 192.168.48.10:49667,SUCCESS,"Length: 204, seqnum: 0, connid: 0",4/14/2022 12:34:30 PM,Network,C:\Windows\system32\nltest.exe,BLUETEAM\ezk,nltest.exe  /dclist:BLUETEAM.COM,0,2128,"nltest.exe 5768 TCP Receive DESKTOP-BA1RQFC.blueteam.com:62815 -> 192.168.48.10:49667 SUCCESS Length: 204, seqnum: 0, connid: 0 4/14/2022 12:34:30 PM Network C:\Windows\system32\nltest.exe BLUETEAM\ezk nltest.exe  /dclist:BLUETEAM.COM 0 2128",benign
nltest.exe,5768,TCP Send,DESKTOP-BA1RQFC.blueteam.com:62815 -> 192.168.48.10:49667,SUCCESS,"Length: 220, startime: 1386618, endtime: 1386618, seqnum: 0, connid: 0",4/14/2022 12:34:30 PM,Network,C:\Windows\system32\nltest.exe,BLUETEAM\ezk,nltest.exe  /dclist:BLUETEAM.COM,0,2128,"nltest.exe 5768 TCP Send DESKTOP-BA1RQFC.blueteam.com:62815 -> 192.168.48.10:49667 SUCCESS Length: 220, startime: 1386618, endtime: 1386618, seqnum: 0, connid: 0 4/14/2022 12:34:30 PM Network C:\Windows\system32\nltest.exe BLUETEAM\ezk nltest.exe  /dclist:BLUETEAM.COM 0 2128",benign
nltest.exe,5768,TCP Receive,DESKTOP-BA1RQFC.blueteam.com:62815 -> 192.168.48.10:49667,SUCCESS,"Length: 1024, seqnum: 0, connid: 0",4/14/2022 12:34:30 PM,Network,C:\Windows\system32\nltest.exe,BLUETEAM\ezk,nltest.exe  /dclist:BLUETEAM.COM,0,2128,"nltest.exe 5768 TCP Receive DESKTOP-BA1RQFC.blueteam.com:62815 -> 192.168.48.10:49667 SUCCESS Length: 1024, seqnum: 0, connid: 0 4/14/2022 12:34:30 PM Network C:\Windows\system32\nltest.exe BLUETEAM\ezk nltest.exe  /dclist:BLUETEAM.COM 0 2128",benign
nltest.exe,5768,TCP Receive,DESKTOP-BA1RQFC.blueteam.com:62815 -> 192.168.48.10:49667,SUCCESS,"Length: 188, seqnum: 0, connid: 0",4/14/2022 12:34:30 PM,Network,C:\Windows\system32\nltest.exe,BLUETEAM\ezk,nltest.exe  /dclist:BLUETEAM.COM,0,2128,"nltest.exe 5768 TCP Receive DESKTOP-BA1RQFC.blueteam.com:62815 -> 192.168.48.10:49667 SUCCESS Length: 188, seqnum: 0, connid: 0 4/14/2022 12:34:30 PM Network C:\Windows\system32\nltest.exe BLUETEAM\ezk nltest.exe  /dclist:BLUETEAM.COM 0 2128",benign
nltest.exe,5768,TCP Send,DESKTOP-BA1RQFC.blueteam.com:62815 -> 192.168.48.10:49667,SUCCESS,"Length: 140, startime: 1386618, endtime: 1386619, seqnum: 0, connid: 0",4/14/2022 12:34:30 PM,Network,C:\Windows\system32\nltest.exe,BLUETEAM\ezk,nltest.exe  /dclist:BLUETEAM.COM,0,2128,"nltest.exe 5768 TCP Send DESKTOP-BA1RQFC.blueteam.com:62815 -> 192.168.48.10:49667 SUCCESS Length: 140, startime: 1386618, endtime: 1386619, seqnum: 0, connid: 0 4/14/2022 12:34:30 PM Network C:\Windows\system32\nltest.exe BLUETEAM\ezk nltest.exe  /dclist:BLUETEAM.COM 0 2128",benign
nltest.exe,5768,TCP Receive,DESKTOP-BA1RQFC.blueteam.com:62815 -> 192.168.48.10:49667,SUCCESS,"Length: 140, seqnum: 0, connid: 0",4/14/2022 12:34:30 PM,Network,C:\Windows\system32\nltest.exe,BLUETEAM\ezk,nltest.exe  /dclist:BLUETEAM.COM,0,2128,"nltest.exe 5768 TCP Receive DESKTOP-BA1RQFC.blueteam.com:62815 -> 192.168.48.10:49667 SUCCESS Length: 140, seqnum: 0, connid: 0 4/14/2022 12:34:30 PM Network C:\Windows\system32\nltest.exe BLUETEAM\ezk nltest.exe  /dclist:BLUETEAM.COM 0 2128",benign
nltest.exe,5768,RegOpenKey,HKLM\Software\Microsoft\Windows NT\CurrentVersion\GRE_Initialize,SUCCESS,Desired Access: Read,4/14/2022 12:34:30 PM,Registry,C:\Windows\system32\nltest.exe,BLUETEAM\ezk,nltest.exe  /dclist:BLUETEAM.COM,10756,2128,nltest.exe 5768 RegOpenKey HKLM\Software\Microsoft\Windows NT\CurrentVersion\GRE_Initialize SUCCESS Desired Access: Read 4/14/2022 12:34:30 PM Registry C:\Windows\system32\nltest.exe BLUETEAM\ezk nltest.exe  /dclist:BLUETEAM.COM 10756 2128,benign
nltest.exe,5768,RegQueryValue,HKLM\SOFTWARE\Microsoft\Windows NT\CurrentVersion\GRE_Initialize\DisableMetaFiles,NAME NOT FOUND,Length: 20,4/14/2022 12:34:30 PM,Registry,C:\Windows\system32\nltest.exe,BLUETEAM\ezk,nltest.exe  /dclist:BLUETEAM.COM,10756,2128,nltest.exe 5768 RegQueryValue HKLM\SOFTWARE\Microsoft\Windows NT\CurrentVersion\GRE_Initialize\DisableMetaFiles NAME NOT FOUND Length: 20 4/14/2022 12:34:30 PM Registry C:\Windows\system32\nltest.exe BLUETEAM\ezk nltest.exe  /dclist:BLUETEAM.COM 10756 2128,benign
nltest.exe,5768,RegCloseKey,HKLM\SOFTWARE\Microsoft\Windows NT\CurrentVersion\GRE_Initialize,SUCCESS,,4/14/2022 12:34:30 PM,Registry,C:\Windows\system32\nltest.exe,BLUETEAM\ezk,nltest.exe  /dclist:BLUETEAM.COM,10756,2128,nltest.exe 5768 RegCloseKey HKLM\SOFTWARE\Microsoft\Windows NT\CurrentVersion\GRE_Initialize SUCCESS None 4/14/2022 12:34:30 PM Registry C:\Windows\system32\nltest.exe BLUETEAM\ezk nltest.exe  /dclist:BLUETEAM.COM 10756 2128,benign
nltest.exe,5768,RegOpenKey,HKLM\Software\Microsoft\Windows NT\CurrentVersion\GRE_Initialize,SUCCESS,Desired Access: Read,4/14/2022 12:34:30 PM,Registry,C:\Windows\system32\nltest.exe,BLUETEAM\ezk,nltest.exe  /dclist:BLUETEAM.COM,10756,2128,nltest.exe 5768 RegOpenKey HKLM\Software\Microsoft\Windows NT\CurrentVersion\GRE_Initialize SUCCESS Desired Access: Read 4/14/2022 12:34:30 PM Registry C:\Windows\system32\nltest.exe BLUETEAM\ezk nltest.exe  /dclist:BLUETEAM.COM 10756 2128,benign
nltest.exe,5768,RegQueryValue,HKLM\SOFTWARE\Microsoft\Windows NT\CurrentVersion\GRE_Initialize\DisableUmpdBufferSizeCheck,NAME NOT FOUND,Length: 20,4/14/2022 12:34:30 PM,Registry,C:\Windows\system32\nltest.exe,BLUETEAM\ezk,nltest.exe  /dclist:BLUETEAM.COM,10756,2128,nltest.exe 5768 RegQueryValue HKLM\SOFTWARE\Microsoft\Windows NT\CurrentVersion\GRE_Initialize\DisableUmpdBufferSizeCheck NAME NOT FOUND Length: 20 4/14/2022 12:34:30 PM Registry C:\Windows\system32\nltest.exe BLUETEAM\ezk nltest.exe  /dclist:BLUETEAM.COM 10756 2128,benign
nltest.exe,5768,RegCloseKey,HKLM\SOFTWARE\Microsoft\Windows NT\CurrentVersion\GRE_Initialize,SUCCESS,,4/14/2022 12:34:30 PM,Registry,C:\Windows\system32\nltest.exe,BLUETEAM\ezk,nltest.exe  /dclist:BLUETEAM.COM,10756,2128,nltest.exe 5768 RegCloseKey HKLM\SOFTWARE\Microsoft\Windows NT\CurrentVersion\GRE_Initialize SUCCESS None 4/14/2022 12:34:30 PM Registry C:\Windows\system32\nltest.exe BLUETEAM\ezk nltest.exe  /dclist:BLUETEAM.COM 10756 2128,benign
nltest.exe,5768,RegOpenKey,HKLM\System\CurrentControlSet\Services\bam\State\UserSettings\S-1-5-21-4065680934-2604657585-3199708412-1106,SUCCESS,Desired Access: All Access,4/14/2022 12:34:30 PM,Registry,C:\Windows\system32\nltest.exe,BLUETEAM\ezk,nltest.exe  /dclist:BLUETEAM.COM,100,2128,nltest.exe 5768 RegOpenKey HKLM\System\CurrentControlSet\Services\bam\State\UserSettings\S-1-5-21-4065680934-2604657585-3199708412-1106 SUCCESS Desired Access: All Access 4/14/2022 12:34:30 PM Registry C:\Windows\system32\nltest.exe BLUETEAM\ezk nltest.exe  /dclist:BLUETEAM.COM 100 2128,benign
nltest.exe,5768,CloseFile,C:\Windows\System32\en-US\mswsock.dll.mui,SUCCESS,,4/14/2022 12:34:30 PM,File System,C:\Windows\system32\nltest.exe,BLUETEAM\ezk,nltest.exe  /dclist:BLUETEAM.COM,100,2128,nltest.exe 5768 CloseFile C:\Windows\System32\en-US\mswsock.dll.mui SUCCESS None 4/14/2022 12:34:30 PM File System C:\Windows\system32\nltest.exe BLUETEAM\ezk nltest.exe  /dclist:BLUETEAM.COM 100 2128,benign
nltest.exe,5768,RegCloseKey,HKLM\System\CurrentControlSet\Services\Tcpip6\Parameters\Interfaces,SUCCESS,,4/14/2022 12:34:30 PM,Registry,C:\Windows\system32\nltest.exe,BLUETEAM\ezk,nltest.exe  /dclist:BLUETEAM.COM,100,2128,nltest.exe 5768 RegCloseKey HKLM\System\CurrentControlSet\Services\Tcpip6\Parameters\Interfaces SUCCESS None 4/14/2022 12:34:30 PM Registry C:\Windows\system32\nltest.exe BLUETEAM\ezk nltest.exe  /dclist:BLUETEAM.COM 100 2128,benign
nltest.exe,5768,RegCloseKey,HKLM\System\CurrentControlSet\Services\Tcpip\Parameters\Interfaces,SUCCESS,,4/14/2022 12:34:30 PM,Registry,C:\Windows\system32\nltest.exe,BLUETEAM\ezk,nltest.exe  /dclist:BLUETEAM.COM,100,2128,nltest.exe 5768 RegCloseKey HKLM\System\CurrentControlSet\Services\Tcpip\Parameters\Interfaces SUCCESS None 4/14/2022 12:34:30 PM Registry C:\Windows\system32\nltest.exe BLUETEAM\ezk nltest.exe  /dclist:BLUETEAM.COM 100 2128,benign
nltest.exe,5768,RegCloseKey,HKLM\System\CurrentControlSet\Services\WinSock2\Parameters\NameSpace_Catalog5,SUCCESS,,4/14/2022 12:34:30 PM,Registry,C:\Windows\system32\nltest.exe,BLUETEAM\ezk,nltest.exe  /dclist:BLUETEAM.COM,100,2128,nltest.exe 5768 RegCloseKey HKLM\System\CurrentControlSet\Services\WinSock2\Parameters\NameSpace_Catalog5 SUCCESS None 4/14/2022 12:34:30 PM Registry C:\Windows\system32\nltest.exe BLUETEAM\ezk nltest.exe  /dclist:BLUETEAM.COM 100 2128,benign
nltest.exe,5768,RegCloseKey,HKLM\System\CurrentControlSet\Services\WinSock2\Parameters\Protocol_Catalog9,SUCCESS,,4/14/2022 12:34:30 PM,Registry,C:\Windows\system32\nltest.exe,BLUETEAM\ezk,nltest.exe  /dclist:BLUETEAM.COM,100,2128,nltest.exe 5768 RegCloseKey HKLM\System\CurrentControlSet\Services\WinSock2\Parameters\Protocol_Catalog9 SUCCESS None 4/14/2022 12:34:30 PM Registry C:\Windows\system32\nltest.exe BLUETEAM\ezk nltest.exe  /dclist:BLUETEAM.COM 100 2128,benign
nltest.exe,5768,RegCloseKey,HKLM\System\CurrentControlSet\Control\Nls\Sorting\Ids,SUCCESS,,4/14/2022 12:34:30 PM,Registry,C:\Windows\system32\nltest.exe,BLUETEAM\ezk,nltest.exe  /dclist:BLUETEAM.COM,100,2128,nltest.exe 5768 RegCloseKey HKLM\System\CurrentControlSet\Control\Nls\Sorting\Ids SUCCESS None 4/14/2022 12:34:30 PM Registry C:\Windows\system32\nltest.exe BLUETEAM\ezk nltest.exe  /dclist:BLUETEAM.COM 100 2128,benign
nltest.exe,5768,RegCloseKey,HKLM\System\CurrentControlSet\Control\Cryptography\Providers,SUCCESS,,4/14/2022 12:34:30 PM,Registry,C:\Windows\system32\nltest.exe,BLUETEAM\ezk,nltest.exe  /dclist:BLUETEAM.COM,10756,2128,nltest.exe 5768 RegCloseKey HKLM\System\CurrentControlSet\Control\Cryptography\Providers SUCCESS None 4/14/2022 12:34:30 PM Registry C:\Windows\system32\nltest.exe BLUETEAM\ezk nltest.exe  /dclist:BLUETEAM.COM 10756 2128,benign
nltest.exe,5768,CloseFile,C:\Windows\System32\en-US\nltest.exe.mui,SUCCESS,,4/14/2022 12:34:30 PM,File System,C:\Windows\system32\nltest.exe,BLUETEAM\ezk,nltest.exe  /dclist:BLUETEAM.COM,100,2128,nltest.exe 5768 CloseFile C:\Windows\System32\en-US\nltest.exe.mui SUCCESS None 4/14/2022 12:34:30 PM File System C:\Windows\system32\nltest.exe BLUETEAM\ezk nltest.exe  /dclist:BLUETEAM.COM 100 2128,benign
nltest.exe,5768,RegCloseKey,HKLM\System\CurrentControlSet\Control\Nls\Sorting\Versions,SUCCESS,,4/14/2022 12:34:30 PM,Registry,C:\Windows\system32\nltest.exe,BLUETEAM\ezk,nltest.exe  /dclist:BLUETEAM.COM,100,2128,nltest.exe 5768 RegCloseKey HKLM\System\CurrentControlSet\Control\Nls\Sorting\Versions SUCCESS None 4/14/2022 12:34:30 PM Registry C:\Windows\system32\nltest.exe BLUETEAM\ezk nltest.exe  /dclist:BLUETEAM.COM 100 2128,benign
nltest.exe,5768,RegCloseKey,HKLM,SUCCESS,,4/14/2022 12:34:30 PM,Registry,C:\Windows\system32\nltest.exe,BLUETEAM\ezk,nltest.exe  /dclist:BLUETEAM.COM,100,2128,nltest.exe 5768 RegCloseKey HKLM SUCCESS None 4/14/2022 12:34:30 PM Registry C:\Windows\system32\nltest.exe BLUETEAM\ezk nltest.exe  /dclist:BLUETEAM.COM 100 2128,benign
nltest.exe,5768,RegCloseKey,HKLM\System\CurrentControlSet\Control\Session Manager,SUCCESS,,4/14/2022 12:34:30 PM,Registry,C:\Windows\system32\nltest.exe,BLUETEAM\ezk,nltest.exe  /dclist:BLUETEAM.COM,100,2128,nltest.exe 5768 RegCloseKey HKLM\System\CurrentControlSet\Control\Session Manager SUCCESS None 4/14/2022 12:34:30 PM Registry C:\Windows\system32\nltest.exe BLUETEAM\ezk nltest.exe  /dclist:BLUETEAM.COM 100 2128,benign
nltest.exe,5768,CloseFile,C:\Windows\System32,SUCCESS,,4/14/2022 12:34:30 PM,File System,C:\Windows\system32\nltest.exe,BLUETEAM\ezk,nltest.exe  /dclist:BLUETEAM.COM,100,2128,nltest.exe 5768 CloseFile C:\Windows\System32 SUCCESS None 4/14/2022 12:34:30 PM File System C:\Windows\system32\nltest.exe BLUETEAM\ezk nltest.exe  /dclist:BLUETEAM.COM 100 2128,benign
nltest.exe,5768,RegCloseKey,HKLM\System\CurrentControlSet\Services\bam\State\UserSettings\S-1-5-21-4065680934-2604657585-3199708412-1106,SUCCESS,,4/14/2022 12:34:30 PM,Registry,C:\Windows\system32\nltest.exe,BLUETEAM\ezk,nltest.exe  /dclist:BLUETEAM.COM,100,2128,nltest.exe 5768 RegCloseKey HKLM\System\CurrentControlSet\Services\bam\State\UserSettings\S-1-5-21-4065680934-2604657585-3199708412-1106 SUCCESS None 4/14/2022 12:34:30 PM Registry C:\Windows\system32\nltest.exe BLUETEAM\ezk nltest.exe  /dclist:BLUETEAM.COM 100 2128,benign
nltest.exe,5768,RegQueryValue,HKLM\System\CurrentControlSet\Services\bam\State\UserSettings\S-1-5-21-4065680934-2604657585-3199708412-1106\\Device\HarddiskVolume3\Windows\System32\nltest.exe,NAME NOT FOUND,Length: 40,4/14/2022 12:34:30 PM,Registry,C:\Windows\system32\nltest.exe,BLUETEAM\ezk,nltest.exe  /dclist:BLUETEAM.COM,100,2128,nltest.exe 5768 RegQueryValue HKLM\System\CurrentControlSet\Services\bam\State\UserSettings\S-1-5-21-4065680934-2604657585-3199708412-1106\\Device\HarddiskVolume3\Windows\System32\nltest.exe NAME NOT FOUND Length: 40 4/14/2022 12:34:30 PM Registry C:\Windows\system32\nltest.exe BLUETEAM\ezk nltest.exe  /dclist:BLUETEAM.COM 100 2128,benign
nltest.exe,5768,RegCloseKey,HKLM\SOFTWARE\Microsoft\Windows NT\CurrentVersion\Image File Execution Options,SUCCESS,,4/14/2022 12:34:30 PM,Registry,C:\Windows\system32\nltest.exe,BLUETEAM\ezk,nltest.exe  /dclist:BLUETEAM.COM,100,2128,nltest.exe 5768 RegCloseKey HKLM\SOFTWARE\Microsoft\Windows NT\CurrentVersion\Image File Execution Options SUCCESS None 4/14/2022 12:34:30 PM Registry C:\Windows\system32\nltest.exe BLUETEAM\ezk nltest.exe  /dclist:BLUETEAM.COM 100 2128,benign
nltest.exe,5768,RegOpenKey,HKLM\System\CurrentControlSet\Control\SecurityProviders\SaslProfiles,SUCCESS,Desired Access: Read,4/14/2022 12:34:30 PM,Registry,C:\Windows\system32\nltest.exe,BLUETEAM\ezk,nltest.exe  /dclist:BLUETEAM.COM,10756,2128,nltest.exe 5768 RegOpenKey HKLM\System\CurrentControlSet\Control\SecurityProviders\SaslProfiles SUCCESS Desired Access: Read 4/14/2022 12:34:30 PM Registry C:\Windows\system32\nltest.exe BLUETEAM\ezk nltest.exe  /dclist:BLUETEAM.COM 10756 2128,benign
nltest.exe,5768,RegOpenKey,HKLM\System\CurrentControlSet\Control\Cryptography\Providers,SUCCESS,Desired Access: Read,4/14/2022 12:34:30 PM,Registry,C:\Windows\system32\nltest.exe,BLUETEAM\ezk,nltest.exe  /dclist:BLUETEAM.COM,10756,2128,nltest.exe 5768 RegOpenKey HKLM\System\CurrentControlSet\Control\Cryptography\Providers SUCCESS Desired Access: Read 4/14/2022 12:34:30 PM Registry C:\Windows\system32\nltest.exe BLUETEAM\ezk nltest.exe  /dclist:BLUETEAM.COM 10756 2128,benign
nltest.exe,5768,RegCloseKey,HKLM\System\CurrentControlSet\Control\Cryptography\Configuration,SUCCESS,,4/14/2022 12:34:30 PM,Registry,C:\Windows\system32\nltest.exe,BLUETEAM\ezk,nltest.exe  /dclist:BLUETEAM.COM,10756,2128,nltest.exe 5768 RegCloseKey HKLM\System\CurrentControlSet\Control\Cryptography\Configuration SUCCESS None 4/14/2022 12:34:30 PM Registry C:\Windows\system32\nltest.exe BLUETEAM\ezk nltest.exe  /dclist:BLUETEAM.COM 10756 2128,benign
nltest.exe,5768,TCP Connect,DESKTOP-BA1RQFC.blueteam.com:62815 -> 192.168.48.10:49667,SUCCESS,"Length: 0, mss: 1460, sackopt: 1, tsopt: 0, wsopt: 1, rcvwin: 262800, rcvwinscale: 8, sndwinscale: 8, seqnum: 0, connid: 0",4/14/2022 12:34:30 PM,Network,C:\Windows\system32\nltest.exe,BLUETEAM\ezk,nltest.exe  /dclist:BLUETEAM.COM,0,2128,"nltest.exe 5768 TCP Connect DESKTOP-BA1RQFC.blueteam.com:62815 -> 192.168.48.10:49667 SUCCESS Length: 0, mss: 1460, sackopt: 1, tsopt: 0, wsopt: 1, rcvwin: 262800, rcvwinscale: 8, sndwinscale: 8, seqnum: 0, connid: 0 4/14/2022 12:34:30 PM Network C:\Windows\system32\nltest.exe BLUETEAM\ezk nltest.exe  /dclist:BLUETEAM.COM 0 2128",benign
nltest.exe,5768,TCP Send,DESKTOP-BA1RQFC.blueteam.com:62815 -> 192.168.48.10:49667,SUCCESS,"Length: 1818, startime: 1386616, endtime: 1386616, seqnum: 0, connid: 0",4/14/2022 12:34:30 PM,Network,C:\Windows\system32\nltest.exe,BLUETEAM\ezk,nltest.exe  /dclist:BLUETEAM.COM,0,2128,"nltest.exe 5768 TCP Send DESKTOP-BA1RQFC.blueteam.com:62815 -> 192.168.48.10:49667 SUCCESS Length: 1818, startime: 1386616, endtime: 1386616, seqnum: 0, connid: 0 4/14/2022 12:34:30 PM Network C:\Windows\system32\nltest.exe BLUETEAM\ezk nltest.exe  /dclist:BLUETEAM.COM 0 2128",benign
nltest.exe,5768,TCP Receive,DESKTOP-BA1RQFC.blueteam.com:62815 -> 192.168.48.10:49667,SUCCESS,"Length: 284, seqnum: 0, connid: 0",4/14/2022 12:34:30 PM,Network,C:\Windows\system32\nltest.exe,BLUETEAM\ezk,nltest.exe  /dclist:BLUETEAM.COM,0,2128,"nltest.exe 5768 TCP Receive DESKTOP-BA1RQFC.blueteam.com:62815 -> 192.168.48.10:49667 SUCCESS Length: 284, seqnum: 0, connid: 0 4/14/2022 12:34:30 PM Network C:\Windows\system32\nltest.exe BLUETEAM\ezk nltest.exe  /dclist:BLUETEAM.COM 0 2128",benign
nltest.exe,5768,TCP Send,DESKTOP-BA1RQFC.blueteam.com:62815 -> 192.168.48.10:49667,SUCCESS,"Length: 220, startime: 1386616, endtime: 1386616, seqnum: 0, connid: 0",4/14/2022 12:34:30 PM,Network,C:\Windows\system32\nltest.exe,BLUETEAM\ezk,nltest.exe  /dclist:BLUETEAM.COM,0,2128,"nltest.exe 5768 TCP Send DESKTOP-BA1RQFC.blueteam.com:62815 -> 192.168.48.10:49667 SUCCESS Length: 220, startime: 1386616, endtime: 1386616, seqnum: 0, connid: 0 4/14/2022 12:34:30 PM Network C:\Windows\system32\nltest.exe BLUETEAM\ezk nltest.exe  /dclist:BLUETEAM.COM 0 2128",benign
nltest.exe,5768,TCP Receive,DESKTOP-BA1RQFC.blueteam.com:62815 -> 192.168.48.10:49667,SUCCESS,"Length: 105, seqnum: 0, connid: 0",4/14/2022 12:34:30 PM,Network,C:\Windows\system32\nltest.exe,BLUETEAM\ezk,nltest.exe  /dclist:BLUETEAM.COM,0,2128,"nltest.exe 5768 TCP Receive DESKTOP-BA1RQFC.blueteam.com:62815 -> 192.168.48.10:49667 SUCCESS Length: 105, seqnum: 0, connid: 0 4/14/2022 12:34:30 PM Network C:\Windows\system32\nltest.exe BLUETEAM\ezk nltest.exe  /dclist:BLUETEAM.COM 0 2128",benign
nltest.exe,5768,CreateFile,C:\Windows\System32\kerberos.dll,SUCCESS,"Desired Access: Read Attributes, Disposition: Open, Options: Open Reparse Point, Attributes: n/a, ShareMode: Read, Write, Delete, AllocationSize: n/a, OpenResult: Opened",4/14/2022 12:34:30 PM,File System,C:\Windows\system32\nltest.exe,BLUETEAM\ezk,nltest.exe  /dclist:BLUETEAM.COM,10756,2128,"nltest.exe 5768 CreateFile C:\Windows\System32\kerberos.dll SUCCESS Desired Access: Read Attributes, Disposition: Open, Options: Open Reparse Point, Attributes: n/a, ShareMode: Read, Write, Delete, AllocationSize: n/a, OpenResult: Opened 4/14/2022 12:34:30 PM File System C:\Windows\system32\nltest.exe BLUETEAM\ezk nltest.exe  /dclist:BLUETEAM.COM 10756 2128",benign
nltest.exe,5768,QueryBasicInformationFile,C:\Windows\System32\kerberos.dll,SUCCESS,"CreationTime: 9/22/2021 5:21:49 PM, LastAccessTime: 4/14/2022 12:26:27 PM, LastWriteTime: 9/22/2021 5:21:49 PM, ChangeTime: 10/15/2021 2:25:07 PM, FileAttributes: A",4/14/2022 12:34:30 PM,File System,C:\Windows\system32\nltest.exe,BLUETEAM\ezk,nltest.exe  /dclist:BLUETEAM.COM,10756,2128,"nltest.exe 5768 QueryBasicInformationFile C:\Windows\System32\kerberos.dll SUCCESS CreationTime: 9/22/2021 5:21:49 PM, LastAccessTime: 4/14/2022 12:26:27 PM, LastWriteTime: 9/22/2021 5:21:49 PM, ChangeTime: 10/15/2021 2:25:07 PM, FileAttributes: A 4/14/2022 12:34:30 PM File System C:\Windows\system32\nltest.exe BLUETEAM\ezk nltest.exe  /dclist:BLUETEAM.COM 10756 2128",benign
nltest.exe,5768,CloseFile,C:\Windows\System32\kerberos.dll,SUCCESS,,4/14/2022 12:34:30 PM,File System,C:\Windows\system32\nltest.exe,BLUETEAM\ezk,nltest.exe  /dclist:BLUETEAM.COM,10756,2128,nltest.exe 5768 CloseFile C:\Windows\System32\kerberos.dll SUCCESS None 4/14/2022 12:34:30 PM File System C:\Windows\system32\nltest.exe BLUETEAM\ezk nltest.exe  /dclist:BLUETEAM.COM 10756 2128,benign
nltest.exe,5768,CreateFile,C:\Windows\System32\kerberos.dll,SUCCESS,"Desired Access: Read Data/List Directory, Execute/Traverse, Synchronize, Disposition: Open, Options: Synchronous IO Non-Alert, Non-Directory File, Attributes: n/a, ShareMode: Read, Delete, AllocationSize: n/a, OpenResult: Opened",4/14/2022 12:34:30 PM,File System,C:\Windows\system32\nltest.exe,BLUETEAM\ezk,nltest.exe  /dclist:BLUETEAM.COM,10756,2128,"nltest.exe 5768 CreateFile C:\Windows\System32\kerberos.dll SUCCESS Desired Access: Read Data/List Directory, Execute/Traverse, Synchronize, Disposition: Open, Options: Synchronous IO Non-Alert, Non-Directory File, Attributes: n/a, ShareMode: Read, Delete, AllocationSize: n/a, OpenResult: Opened 4/14/2022 12:34:30 PM File System C:\Windows\system32\nltest.exe BLUETEAM\ezk nltest.exe  /dclist:BLUETEAM.COM 10756 2128",benign
nltest.exe,5768,CloseFile,C:\Windows\System32\kerberos.dll,SUCCESS,,4/14/2022 12:34:30 PM,File System,C:\Windows\system32\nltest.exe,BLUETEAM\ezk,nltest.exe  /dclist:BLUETEAM.COM,10756,2128,nltest.exe 5768 CloseFile C:\Windows\System32\kerberos.dll SUCCESS None 4/14/2022 12:34:30 PM File System C:\Windows\system32\nltest.exe BLUETEAM\ezk nltest.exe  /dclist:BLUETEAM.COM 10756 2128,benign
nltest.exe,5768,CreateFile,C:\Windows\System32\msasn1.dll,SUCCESS,"Desired Access: Read Attributes, Disposition: Open, Options: Open Reparse Point, Attributes: n/a, ShareMode: Read, Write, Delete, AllocationSize: n/a, OpenResult: Opened",4/14/2022 12:34:30 PM,File System,C:\Windows\system32\nltest.exe,BLUETEAM\ezk,nltest.exe  /dclist:BLUETEAM.COM,10756,2128,"nltest.exe 5768 CreateFile C:\Windows\System32\msasn1.dll SUCCESS Desired Access: Read Attributes, Disposition: Open, Options: Open Reparse Point, Attributes: n/a, ShareMode: Read, Write, Delete, AllocationSize: n/a, OpenResult: Opened 4/14/2022 12:34:30 PM File System C:\Windows\system32\nltest.exe BLUETEAM\ezk nltest.exe  /dclist:BLUETEAM.COM 10756 2128",benign
nltest.exe,5768,QueryBasicInformationFile,C:\Windows\System32\msasn1.dll,SUCCESS,"CreationTime: 9/22/2021 5:22:06 PM, LastAccessTime: 4/14/2022 12:33:09 PM, LastWriteTime: 9/22/2021 5:22:06 PM, ChangeTime: 10/15/2021 2:25:23 PM, FileAttributes: A",4/14/2022 12:34:30 PM,File System,C:\Windows\system32\nltest.exe,BLUETEAM\ezk,nltest.exe  /dclist:BLUETEAM.COM,10756,2128,"nltest.exe 5768 QueryBasicInformationFile C:\Windows\System32\msasn1.dll SUCCESS CreationTime: 9/22/2021 5:22:06 PM, LastAccessTime: 4/14/2022 12:33:09 PM, LastWriteTime: 9/22/2021 5:22:06 PM, ChangeTime: 10/15/2021 2:25:23 PM, FileAttributes: A 4/14/2022 12:34:30 PM File System C:\Windows\system32\nltest.exe BLUETEAM\ezk nltest.exe  /dclist:BLUETEAM.COM 10756 2128",benign
nltest.exe,5768,CloseFile,C:\Windows\System32\msasn1.dll,SUCCESS,,4/14/2022 12:34:30 PM,File System,C:\Windows\system32\nltest.exe,BLUETEAM\ezk,nltest.exe  /dclist:BLUETEAM.COM,10756,2128,nltest.exe 5768 CloseFile C:\Windows\System32\msasn1.dll SUCCESS None 4/14/2022 12:34:30 PM File System C:\Windows\system32\nltest.exe BLUETEAM\ezk nltest.exe  /dclist:BLUETEAM.COM 10756 2128,benign
nltest.exe,5768,CreateFile,C:\Windows\System32\msasn1.dll,SUCCESS,"Desired Access: Read Data/List Directory, Execute/Traverse, Synchronize, Disposition: Open, Options: Synchronous IO Non-Alert, Non-Directory File, Attributes: n/a, ShareMode: Read, Delete, AllocationSize: n/a, OpenResult: Opened",4/14/2022 12:34:30 PM,File System,C:\Windows\system32\nltest.exe,BLUETEAM\ezk,nltest.exe  /dclist:BLUETEAM.COM,10756,2128,"nltest.exe 5768 CreateFile C:\Windows\System32\msasn1.dll SUCCESS Desired Access: Read Data/List Directory, Execute/Traverse, Synchronize, Disposition: Open, Options: Synchronous IO Non-Alert, Non-Directory File, Attributes: n/a, ShareMode: Read, Delete, AllocationSize: n/a, OpenResult: Opened 4/14/2022 12:34:30 PM File System C:\Windows\system32\nltest.exe BLUETEAM\ezk nltest.exe  /dclist:BLUETEAM.COM 10756 2128",benign
nltest.exe,5768,CloseFile,C:\Windows\System32\msasn1.dll,SUCCESS,,4/14/2022 12:34:30 PM,File System,C:\Windows\system32\nltest.exe,BLUETEAM\ezk,nltest.exe  /dclist:BLUETEAM.COM,10756,2128,nltest.exe 5768 CloseFile C:\Windows\System32\msasn1.dll SUCCESS None 4/14/2022 12:34:30 PM File System C:\Windows\system32\nltest.exe BLUETEAM\ezk nltest.exe  /dclist:BLUETEAM.COM 10756 2128,benign
nltest.exe,5768,CreateFile,C:\Windows\System32\cryptdll.dll,SUCCESS,"Desired Access: Read Attributes, Disposition: Open, Options: Open Reparse Point, Attributes: n/a, ShareMode: Read, Write, Delete, AllocationSize: n/a, OpenResult: Opened",4/14/2022 12:34:30 PM,File System,C:\Windows\system32\nltest.exe,BLUETEAM\ezk,nltest.exe  /dclist:BLUETEAM.COM,10756,2128,"nltest.exe 5768 CreateFile C:\Windows\System32\cryptdll.dll SUCCESS Desired Access: Read Attributes, Disposition: Open, Options: Open Reparse Point, Attributes: n/a, ShareMode: Read, Write, Delete, AllocationSize: n/a, OpenResult: Opened 4/14/2022 12:34:30 PM File System C:\Windows\system32\nltest.exe BLUETEAM\ezk nltest.exe  /dclist:BLUETEAM.COM 10756 2128",benign
nltest.exe,5768,QueryBasicInformationFile,C:\Windows\System32\cryptdll.dll,SUCCESS,"CreationTime: 9/22/2021 5:22:06 PM, LastAccessTime: 4/14/2022 12:26:30 PM, LastWriteTime: 9/22/2021 5:22:06 PM, ChangeTime: 3/25/2022 8:18:22 AM, FileAttributes: A",4/14/2022 12:34:30 PM,File System,C:\Windows\system32\nltest.exe,BLUETEAM\ezk,nltest.exe  /dclist:BLUETEAM.COM,10756,2128,"nltest.exe 5768 QueryBasicInformationFile C:\Windows\System32\cryptdll.dll SUCCESS CreationTime: 9/22/2021 5:22:06 PM, LastAccessTime: 4/14/2022 12:26:30 PM, LastWriteTime: 9/22/2021 5:22:06 PM, ChangeTime: 3/25/2022 8:18:22 AM, FileAttributes: A 4/14/2022 12:34:30 PM File System C:\Windows\system32\nltest.exe BLUETEAM\ezk nltest.exe  /dclist:BLUETEAM.COM 10756 2128",benign
nltest.exe,5768,RegOpenKey,HKLM\System\CurrentControlSet\Control\Cryptography\Configuration,SUCCESS,Desired Access: Read,4/14/2022 12:34:30 PM,Registry,C:\Windows\system32\nltest.exe,BLUETEAM\ezk,nltest.exe  /dclist:BLUETEAM.COM,10756,2128,nltest.exe 5768 RegOpenKey HKLM\System\CurrentControlSet\Control\Cryptography\Configuration SUCCESS Desired Access: Read 4/14/2022 12:34:30 PM Registry C:\Windows\system32\nltest.exe BLUETEAM\ezk nltest.exe  /dclist:BLUETEAM.COM 10756 2128,benign
nltest.exe,5768,RegOpenKey,HKLM\System\CurrentControlSet\Control\Cryptography\Configuration,REPARSE,Desired Access: Read,4/14/2022 12:34:30 PM,Registry,C:\Windows\system32\nltest.exe,BLUETEAM\ezk,nltest.exe  /dclist:BLUETEAM.COM,10756,2128,nltest.exe 5768 RegOpenKey HKLM\System\CurrentControlSet\Control\Cryptography\Configuration REPARSE Desired Access: Read 4/14/2022 12:34:30 PM Registry C:\Windows\system32\nltest.exe BLUETEAM\ezk nltest.exe  /dclist:BLUETEAM.COM 10756 2128,benign
nltest.exe,5768,RegCloseKey,HKLM\System\CurrentControlSet\Control\Cryptography\Providers,SUCCESS,,4/14/2022 12:34:30 PM,Registry,C:\Windows\system32\nltest.exe,BLUETEAM\ezk,nltest.exe  /dclist:BLUETEAM.COM,10756,2128,nltest.exe 5768 RegCloseKey HKLM\System\CurrentControlSet\Control\Cryptography\Providers SUCCESS None 4/14/2022 12:34:30 PM Registry C:\Windows\system32\nltest.exe BLUETEAM\ezk nltest.exe  /dclist:BLUETEAM.COM 10756 2128,benign
nltest.exe,5768,RegOpenKey,HKLM\System\CurrentControlSet\Control\Cryptography\Providers,SUCCESS,Desired Access: Read,4/14/2022 12:34:30 PM,Registry,C:\Windows\system32\nltest.exe,BLUETEAM\ezk,nltest.exe  /dclist:BLUETEAM.COM,10756,2128,nltest.exe 5768 RegOpenKey HKLM\System\CurrentControlSet\Control\Cryptography\Providers SUCCESS Desired Access: Read 4/14/2022 12:34:30 PM Registry C:\Windows\system32\nltest.exe BLUETEAM\ezk nltest.exe  /dclist:BLUETEAM.COM 10756 2128,benign
nltest.exe,5768,RegOpenKey,HKLM\System\CurrentControlSet\Control\Cryptography\Providers,REPARSE,Desired Access: Read,4/14/2022 12:34:30 PM,Registry,C:\Windows\system32\nltest.exe,BLUETEAM\ezk,nltest.exe  /dclist:BLUETEAM.COM,10756,2128,nltest.exe 5768 RegOpenKey HKLM\System\CurrentControlSet\Control\Cryptography\Providers REPARSE Desired Access: Read 4/14/2022 12:34:30 PM Registry C:\Windows\system32\nltest.exe BLUETEAM\ezk nltest.exe  /dclist:BLUETEAM.COM 10756 2128,benign
nltest.exe,5768,RegCloseKey,HKLM\System\CurrentControlSet\Control\Cryptography\Configuration,SUCCESS,,4/14/2022 12:34:30 PM,Registry,C:\Windows\system32\nltest.exe,BLUETEAM\ezk,nltest.exe  /dclist:BLUETEAM.COM,10756,2128,nltest.exe 5768 RegCloseKey HKLM\System\CurrentControlSet\Control\Cryptography\Configuration SUCCESS None 4/14/2022 12:34:30 PM Registry C:\Windows\system32\nltest.exe BLUETEAM\ezk nltest.exe  /dclist:BLUETEAM.COM 10756 2128,benign
nltest.exe,5768,RegOpenKey,HKLM\System\CurrentControlSet\Control\Cryptography\Providers,REPARSE,Desired Access: Read,4/14/2022 12:34:30 PM,Registry,C:\Windows\system32\nltest.exe,BLUETEAM\ezk,nltest.exe  /dclist:BLUETEAM.COM,10756,2128,nltest.exe 5768 RegOpenKey HKLM\System\CurrentControlSet\Control\Cryptography\Providers REPARSE Desired Access: Read 4/14/2022 12:34:30 PM Registry C:\Windows\system32\nltest.exe BLUETEAM\ezk nltest.exe  /dclist:BLUETEAM.COM 10756 2128,benign
nltest.exe,5768,RegOpenKey,HKLM\System\CurrentControlSet\Control\Cryptography\Configuration,SUCCESS,Desired Access: Read,4/14/2022 12:34:30 PM,Registry,C:\Windows\system32\nltest.exe,BLUETEAM\ezk,nltest.exe  /dclist:BLUETEAM.COM,10756,2128,nltest.exe 5768 RegOpenKey HKLM\System\CurrentControlSet\Control\Cryptography\Configuration SUCCESS Desired Access: Read 4/14/2022 12:34:30 PM Registry C:\Windows\system32\nltest.exe BLUETEAM\ezk nltest.exe  /dclist:BLUETEAM.COM 10756 2128,benign
nltest.exe,5768,RegCloseKey,HKLM\System\CurrentControlSet\Control\Cryptography\Providers,SUCCESS,,4/14/2022 12:34:30 PM,Registry,C:\Windows\system32\nltest.exe,BLUETEAM\ezk,nltest.exe  /dclist:BLUETEAM.COM,10756,2128,nltest.exe 5768 RegCloseKey HKLM\System\CurrentControlSet\Control\Cryptography\Providers SUCCESS None 4/14/2022 12:34:30 PM Registry C:\Windows\system32\nltest.exe BLUETEAM\ezk nltest.exe  /dclist:BLUETEAM.COM 10756 2128,benign
nltest.exe,5768,RegOpenKey,HKLM\System\CurrentControlSet\Control\Cryptography\Providers,SUCCESS,Desired Access: Read,4/14/2022 12:34:30 PM,Registry,C:\Windows\system32\nltest.exe,BLUETEAM\ezk,nltest.exe  /dclist:BLUETEAM.COM,10756,2128,nltest.exe 5768 RegOpenKey HKLM\System\CurrentControlSet\Control\Cryptography\Providers SUCCESS Desired Access: Read 4/14/2022 12:34:30 PM Registry C:\Windows\system32\nltest.exe BLUETEAM\ezk nltest.exe  /dclist:BLUETEAM.COM 10756 2128,benign
nltest.exe,5768,RegOpenKey,HKLM\System\CurrentControlSet\Control\Cryptography\Providers,REPARSE,Desired Access: Read,4/14/2022 12:34:30 PM,Registry,C:\Windows\system32\nltest.exe,BLUETEAM\ezk,nltest.exe  /dclist:BLUETEAM.COM,10756,2128,nltest.exe 5768 RegOpenKey HKLM\System\CurrentControlSet\Control\Cryptography\Providers REPARSE Desired Access: Read 4/14/2022 12:34:30 PM Registry C:\Windows\system32\nltest.exe BLUETEAM\ezk nltest.exe  /dclist:BLUETEAM.COM 10756 2128,benign
nltest.exe,5768,CloseFile,C:\Windows\System32\cryptdll.dll,SUCCESS,,4/14/2022 12:34:30 PM,File System,C:\Windows\system32\nltest.exe,BLUETEAM\ezk,nltest.exe  /dclist:BLUETEAM.COM,10756,2128,nltest.exe 5768 CloseFile C:\Windows\System32\cryptdll.dll SUCCESS None 4/14/2022 12:34:30 PM File System C:\Windows\system32\nltest.exe BLUETEAM\ezk nltest.exe  /dclist:BLUETEAM.COM 10756 2128,benign
nltest.exe,5768,CreateFile,C:\Windows\System32\cryptdll.dll,SUCCESS,"Desired Access: Read Data/List Directory, Execute/Traverse, Synchronize, Disposition: Open, Options: Synchronous IO Non-Alert, Non-Directory File, Attributes: n/a, ShareMode: Read, Delete, AllocationSize: n/a, OpenResult: Opened",4/14/2022 12:34:30 PM,File System,C:\Windows\system32\nltest.exe,BLUETEAM\ezk,nltest.exe  /dclist:BLUETEAM.COM,10756,2128,"nltest.exe 5768 CreateFile C:\Windows\System32\cryptdll.dll SUCCESS Desired Access: Read Data/List Directory, Execute/Traverse, Synchronize, Disposition: Open, Options: Synchronous IO Non-Alert, Non-Directory File, Attributes: n/a, ShareMode: Read, Delete, AllocationSize: n/a, OpenResult: Opened 4/14/2022 12:34:30 PM File System C:\Windows\system32\nltest.exe BLUETEAM\ezk nltest.exe  /dclist:BLUETEAM.COM 10756 2128",benign
nltest.exe,5768,CloseFile,C:\Windows\System32\cryptdll.dll,SUCCESS,,4/14/2022 12:34:30 PM,File System,C:\Windows\system32\nltest.exe,BLUETEAM\ezk,nltest.exe  /dclist:BLUETEAM.COM,10756,2128,nltest.exe 5768 CloseFile C:\Windows\System32\cryptdll.dll SUCCESS None 4/14/2022 12:34:30 PM File System C:\Windows\system32\nltest.exe BLUETEAM\ezk nltest.exe  /dclist:BLUETEAM.COM 10756 2128,benign
nltest.exe,5768,RegOpenKey,HKLM\System\CurrentControlSet\Control\Cryptography\Configuration,REPARSE,Desired Access: Read,4/14/2022 12:34:30 PM,Registry,C:\Windows\system32\nltest.exe,BLUETEAM\ezk,nltest.exe  /dclist:BLUETEAM.COM,10756,2128,nltest.exe 5768 RegOpenKey HKLM\System\CurrentControlSet\Control\Cryptography\Configuration REPARSE Desired Access: Read 4/14/2022 12:34:30 PM Registry C:\Windows\system32\nltest.exe BLUETEAM\ezk nltest.exe  /dclist:BLUETEAM.COM 10756 2128,benign
nltest.exe,5768,RegQueryValue,HKLM\System\CurrentControlSet\Services\WinSock2\Parameters\NameSpace_Catalog5\Catalog_Entries64\000000000002\DisplayString,SUCCESS,"Type: REG_SZ, Length: 82, Data: @%SystemRoot%\system32\pnrpnsp.dll,-1000",4/14/2022 12:34:30 PM,Registry,C:\Windows\system32\nltest.exe,BLUETEAM\ezk,nltest.exe  /dclist:BLUETEAM.COM,10756,2128,"nltest.exe 5768 RegQueryValue HKLM\System\CurrentControlSet\Services\WinSock2\Parameters\NameSpace_Catalog5\Catalog_Entries64\000000000002\DisplayString SUCCESS Type: REG_SZ, Length: 82, Data: @%SystemRoot%\system32\pnrpnsp.dll,-1000 4/14/2022 12:34:30 PM Registry C:\Windows\system32\nltest.exe BLUETEAM\ezk nltest.exe  /dclist:BLUETEAM.COM 10756 2128",benign
nltest.exe,5768,CreateFile,C:\Windows\System32\en-US\wshqos.dll.mui,SUCCESS,"Desired Access: Read Data/List Directory, Synchronize, Disposition: Open, Options: Synchronous IO Non-Alert, Non-Directory File, Attributes: n/a, ShareMode: Read, Delete, AllocationSize: n/a, OpenResult: Opened",4/14/2022 12:34:30 PM,File System,C:\Windows\system32\nltest.exe,BLUETEAM\ezk,nltest.exe  /dclist:BLUETEAM.COM,10756,2128,"nltest.exe 5768 CreateFile C:\Windows\System32\en-US\wshqos.dll.mui SUCCESS Desired Access: Read Data/List Directory, Synchronize, Disposition: Open, Options: Synchronous IO Non-Alert, Non-Directory File, Attributes: n/a, ShareMode: Read, Delete, AllocationSize: n/a, OpenResult: Opened 4/14/2022 12:34:30 PM File System C:\Windows\system32\nltest.exe BLUETEAM\ezk nltest.exe  /dclist:BLUETEAM.COM 10756 2128",benign
nltest.exe,5768,CloseFile,C:\Windows\System32\wshqos.dll,SUCCESS,,4/14/2022 12:34:30 PM,File System,C:\Windows\system32\nltest.exe,BLUETEAM\ezk,nltest.exe  /dclist:BLUETEAM.COM,10756,2128,nltest.exe 5768 CloseFile C:\Windows\System32\wshqos.dll SUCCESS None 4/14/2022 12:34:30 PM File System C:\Windows\system32\nltest.exe BLUETEAM\ezk nltest.exe  /dclist:BLUETEAM.COM 10756 2128,benign
nltest.exe,5768,RegQueryValue,HKLM\System\CurrentControlSet\Services\Dnscache\Parameters\EnableMulticast,NAME NOT FOUND,Length: 16,4/14/2022 12:34:30 PM,Registry,C:\Windows\system32\nltest.exe,BLUETEAM\ezk,nltest.exe  /dclist:BLUETEAM.COM,10756,2128,nltest.exe 5768 RegQueryValue HKLM\System\CurrentControlSet\Services\Dnscache\Parameters\EnableMulticast NAME NOT FOUND Length: 16 4/14/2022 12:34:30 PM Registry C:\Windows\system32\nltest.exe BLUETEAM\ezk nltest.exe  /dclist:BLUETEAM.COM 10756 2128,benign
nltest.exe,5768,RegQueryValue,HKLM\System\CurrentControlSet\Services\Dnscache\Parameters\MulticastResponderFlags,NAME NOT FOUND,Length: 16,4/14/2022 12:34:30 PM,Registry,C:\Windows\system32\nltest.exe,BLUETEAM\ezk,nltest.exe  /dclist:BLUETEAM.COM,10756,2128,nltest.exe 5768 RegQueryValue HKLM\System\CurrentControlSet\Services\Dnscache\Parameters\MulticastResponderFlags NAME NOT FOUND Length: 16 4/14/2022 12:34:30 PM Registry C:\Windows\system32\nltest.exe BLUETEAM\ezk nltest.exe  /dclist:BLUETEAM.COM 10756 2128,benign
nltest.exe,5768,RegQueryValue,HKLM\System\CurrentControlSet\Services\Dnscache\Parameters\MulticastSenderFlags,NAME NOT FOUND,Length: 16,4/14/2022 12:34:30 PM,Registry,C:\Windows\system32\nltest.exe,BLUETEAM\ezk,nltest.exe  /dclist:BLUETEAM.COM,10756,2128,nltest.exe 5768 RegQueryValue HKLM\System\CurrentControlSet\Services\Dnscache\Parameters\MulticastSenderFlags NAME NOT FOUND Length: 16 4/14/2022 12:34:30 PM Registry C:\Windows\system32\nltest.exe BLUETEAM\ezk nltest.exe  /dclist:BLUETEAM.COM 10756 2128,benign
nltest.exe,5768,RegQueryValue,HKLM\System\CurrentControlSet\Services\Dnscache\Parameters\MulticastSenderMaxTimeout,NAME NOT FOUND,Length: 16,4/14/2022 12:34:30 PM,Registry,C:\Windows\system32\nltest.exe,BLUETEAM\ezk,nltest.exe  /dclist:BLUETEAM.COM,10756,2128,nltest.exe 5768 RegQueryValue HKLM\System\CurrentControlSet\Services\Dnscache\Parameters\MulticastSenderMaxTimeout NAME NOT FOUND Length: 16 4/14/2022 12:34:30 PM Registry C:\Windows\system32\nltest.exe BLUETEAM\ezk nltest.exe  /dclist:BLUETEAM.COM 10756 2128,benign
nltest.exe,5768,RegQueryValue,HKLM\System\CurrentControlSet\Services\Dnscache\Parameters\EnableMDNS,NAME NOT FOUND,Length: 16,4/14/2022 12:34:30 PM,Registry,C:\Windows\system32\nltest.exe,BLUETEAM\ezk,nltest.exe  /dclist:BLUETEAM.COM,10756,2128,nltest.exe 5768 RegQueryValue HKLM\System\CurrentControlSet\Services\Dnscache\Parameters\EnableMDNS NAME NOT FOUND Length: 16 4/14/2022 12:34:30 PM Registry C:\Windows\system32\nltest.exe BLUETEAM\ezk nltest.exe  /dclist:BLUETEAM.COM 10756 2128,benign
nltest.exe,5768,RegQueryValue,HKLM\System\CurrentControlSet\Services\Dnscache\Parameters\DnsTest,NAME NOT FOUND,Length: 16,4/14/2022 12:34:30 PM,Registry,C:\Windows\system32\nltest.exe,BLUETEAM\ezk,nltest.exe  /dclist:BLUETEAM.COM,10756,2128,nltest.exe 5768 RegQueryValue HKLM\System\CurrentControlSet\Services\Dnscache\Parameters\DnsTest NAME NOT FOUND Length: 16 4/14/2022 12:34:30 PM Registry C:\Windows\system32\nltest.exe BLUETEAM\ezk nltest.exe  /dclist:BLUETEAM.COM 10756 2128,benign
nltest.exe,5768,RegQueryValue,HKLM\System\CurrentControlSet\Services\Dnscache\Parameters\UseCompartments,NAME NOT FOUND,Length: 16,4/14/2022 12:34:30 PM,Registry,C:\Windows\system32\nltest.exe,BLUETEAM\ezk,nltest.exe  /dclist:BLUETEAM.COM,10756,2128,nltest.exe 5768 RegQueryValue HKLM\System\CurrentControlSet\Services\Dnscache\Parameters\UseCompartments NAME NOT FOUND Length: 16 4/14/2022 12:34:30 PM Registry C:\Windows\system32\nltest.exe BLUETEAM\ezk nltest.exe  /dclist:BLUETEAM.COM 10756 2128,benign
nltest.exe,5768,RegQueryValue,HKLM\System\CurrentControlSet\Services\Dnscache\Parameters\CacheAllCompartments,NAME NOT FOUND,Length: 16,4/14/2022 12:34:30 PM,Registry,C:\Windows\system32\nltest.exe,BLUETEAM\ezk,nltest.exe  /dclist:BLUETEAM.COM,10756,2128,nltest.exe 5768 RegQueryValue HKLM\System\CurrentControlSet\Services\Dnscache\Parameters\CacheAllCompartments NAME NOT FOUND Length: 16 4/14/2022 12:34:30 PM Registry C:\Windows\system32\nltest.exe BLUETEAM\ezk nltest.exe  /dclist:BLUETEAM.COM 10756 2128,benign
nltest.exe,5768,RegQueryValue,HKLM\System\CurrentControlSet\Services\Dnscache\Parameters\UseNewRegistration,NAME NOT FOUND,Length: 16,4/14/2022 12:34:30 PM,Registry,C:\Windows\system32\nltest.exe,BLUETEAM\ezk,nltest.exe  /dclist:BLUETEAM.COM,10756,2128,nltest.exe 5768 RegQueryValue HKLM\System\CurrentControlSet\Services\Dnscache\Parameters\UseNewRegistration NAME NOT FOUND Length: 16 4/14/2022 12:34:30 PM Registry C:\Windows\system32\nltest.exe BLUETEAM\ezk nltest.exe  /dclist:BLUETEAM.COM 10756 2128,benign
nltest.exe,5768,RegQueryValue,HKLM\System\CurrentControlSet\Services\Dnscache\Parameters\ResolverRegistration,NAME NOT FOUND,Length: 16,4/14/2022 12:34:30 PM,Registry,C:\Windows\system32\nltest.exe,BLUETEAM\ezk,nltest.exe  /dclist:BLUETEAM.COM,10756,2128,nltest.exe 5768 RegQueryValue HKLM\System\CurrentControlSet\Services\Dnscache\Parameters\ResolverRegistration NAME NOT FOUND Length: 16 4/14/2022 12:34:30 PM Registry C:\Windows\system32\nltest.exe BLUETEAM\ezk nltest.exe  /dclist:BLUETEAM.COM 10756 2128,benign
nltest.exe,5768,RegQueryValue,HKLM\System\CurrentControlSet\Services\Dnscache\Parameters\ResolverRegistrationOnly,NAME NOT FOUND,Length: 16,4/14/2022 12:34:30 PM,Registry,C:\Windows\system32\nltest.exe,BLUETEAM\ezk,nltest.exe  /dclist:BLUETEAM.COM,10756,2128,nltest.exe 5768 RegQueryValue HKLM\System\CurrentControlSet\Services\Dnscache\Parameters\ResolverRegistrationOnly NAME NOT FOUND Length: 16 4/14/2022 12:34:30 PM Registry C:\Windows\system32\nltest.exe BLUETEAM\ezk nltest.exe  /dclist:BLUETEAM.COM 10756 2128,benign
nltest.exe,5768,RegQueryValue,HKLM\System\CurrentControlSet\Services\Dnscache\Parameters\NewDhcpSrvRegistration,NAME NOT FOUND,Length: 16,4/14/2022 12:34:30 PM,Registry,C:\Windows\system32\nltest.exe,BLUETEAM\ezk,nltest.exe  /dclist:BLUETEAM.COM,10756,2128,nltest.exe 5768 RegQueryValue HKLM\System\CurrentControlSet\Services\Dnscache\Parameters\NewDhcpSrvRegistration NAME NOT FOUND Length: 16 4/14/2022 12:34:30 PM Registry C:\Windows\system32\nltest.exe BLUETEAM\ezk nltest.exe  /dclist:BLUETEAM.COM 10756 2128,benign
nltest.exe,5768,RegQueryValue,HKLM\System\CurrentControlSet\Services\Dnscache\Parameters\DirectAccessPreferLocal,NAME NOT FOUND,Length: 16,4/14/2022 12:34:30 PM,Registry,C:\Windows\system32\nltest.exe,BLUETEAM\ezk,nltest.exe  /dclist:BLUETEAM.COM,10756,2128,nltest.exe 5768 RegQueryValue HKLM\System\CurrentControlSet\Services\Dnscache\Parameters\DirectAccessPreferLocal NAME NOT FOUND Length: 16 4/14/2022 12:34:30 PM Registry C:\Windows\system32\nltest.exe BLUETEAM\ezk nltest.exe  /dclist:BLUETEAM.COM 10756 2128,benign
nltest.exe,5768,RegQueryValue,HKLM\System\CurrentControlSet\Services\Dnscache\Parameters\DisableIdnEncoding,NAME NOT FOUND,Length: 16,4/14/2022 12:34:30 PM,Registry,C:\Windows\system32\nltest.exe,BLUETEAM\ezk,nltest.exe  /dclist:BLUETEAM.COM,10756,2128,nltest.exe 5768 RegQueryValue HKLM\System\CurrentControlSet\Services\Dnscache\Parameters\DisableIdnEncoding NAME NOT FOUND Length: 16 4/14/2022 12:34:30 PM Registry C:\Windows\system32\nltest.exe BLUETEAM\ezk nltest.exe  /dclist:BLUETEAM.COM 10756 2128,benign
nltest.exe,5768,RegQueryValue,HKLM\System\CurrentControlSet\Services\Dnscache\Parameters\EnableIdnMapping,NAME NOT FOUND,Length: 16,4/14/2022 12:34:30 PM,Registry,C:\Windows\system32\nltest.exe,BLUETEAM\ezk,nltest.exe  /dclist:BLUETEAM.COM,10756,2128,nltest.exe 5768 RegQueryValue HKLM\System\CurrentControlSet\Services\Dnscache\Parameters\EnableIdnMapping NAME NOT FOUND Length: 16 4/14/2022 12:34:30 PM Registry C:\Windows\system32\nltest.exe BLUETEAM\ezk nltest.exe  /dclist:BLUETEAM.COM 10756 2128,benign
nltest.exe,5768,RegQueryValue,HKLM\System\CurrentControlSet\Services\Dnscache\Parameters\ShortnameProxyDefault,NAME NOT FOUND,Length: 16,4/14/2022 12:34:30 PM,Registry,C:\Windows\system32\nltest.exe,BLUETEAM\ezk,nltest.exe  /dclist:BLUETEAM.COM,10756,2128,nltest.exe 5768 RegQueryValue HKLM\System\CurrentControlSet\Services\Dnscache\Parameters\ShortnameProxyDefault NAME NOT FOUND Length: 16 4/14/2022 12:34:30 PM Registry C:\Windows\system32\nltest.exe BLUETEAM\ezk nltest.exe  /dclist:BLUETEAM.COM 10756 2128,benign
nltest.exe,5768,RegQueryValue,HKLM\System\CurrentControlSet\Services\Dnscache\Parameters\DisableNRPTForAdapterRegistration,NAME NOT FOUND,Length: 16,4/14/2022 12:34:30 PM,Registry,C:\Windows\system32\nltest.exe,BLUETEAM\ezk,nltest.exe  /dclist:BLUETEAM.COM,10756,2128,nltest.exe 5768 RegQueryValue HKLM\System\CurrentControlSet\Services\Dnscache\Parameters\DisableNRPTForAdapterRegistration NAME NOT FOUND Length: 16 4/14/2022 12:34:30 PM Registry C:\Windows\system32\nltest.exe BLUETEAM\ezk nltest.exe  /dclist:BLUETEAM.COM 10756 2128,benign
nltest.exe,5768,RegOpenKey,HKLM\System\CurrentControlSet\Services\Dnscache\Parameters,SUCCESS,Desired Access: Read,4/14/2022 12:34:30 PM,Registry,C:\Windows\system32\nltest.exe,BLUETEAM\ezk,nltest.exe  /dclist:BLUETEAM.COM,10756,2128,nltest.exe 5768 RegOpenKey HKLM\System\CurrentControlSet\Services\Dnscache\Parameters SUCCESS Desired Access: Read 4/14/2022 12:34:30 PM Registry C:\Windows\system32\nltest.exe BLUETEAM\ezk nltest.exe  /dclist:BLUETEAM.COM 10756 2128,benign
nltest.exe,5768,RegOpenKey,HKLM\SYSTEM\CurrentControlSet\Services\Dnscache\Parameters,REPARSE,Desired Access: Read,4/14/2022 12:34:30 PM,Registry,C:\Windows\system32\nltest.exe,BLUETEAM\ezk,nltest.exe  /dclist:BLUETEAM.COM,10756,2128,nltest.exe 5768 RegOpenKey HKLM\SYSTEM\CurrentControlSet\Services\Dnscache\Parameters REPARSE Desired Access: Read 4/14/2022 12:34:30 PM Registry C:\Windows\system32\nltest.exe BLUETEAM\ezk nltest.exe  /dclist:BLUETEAM.COM 10756 2128,benign
nltest.exe,5768,RegQueryKey,HKLM,SUCCESS,"Query: HandleTags, HandleTags: 0x0",4/14/2022 12:34:30 PM,Registry,C:\Windows\system32\nltest.exe,BLUETEAM\ezk,nltest.exe  /dclist:BLUETEAM.COM,10756,2128,"nltest.exe 5768 RegQueryKey HKLM SUCCESS Query: HandleTags, HandleTags: 0x0 4/14/2022 12:34:30 PM Registry C:\Windows\system32\nltest.exe BLUETEAM\ezk nltest.exe  /dclist:BLUETEAM.COM 10756 2128",benign
nltest.exe,5768,RegCreateKey,HKLM\System\CurrentControlSet\Services\Tcpip\Parameters,SUCCESS,"Desired Access: Read, Disposition: REG_OPENED_EXISTING_KEY",4/14/2022 12:34:30 PM,Registry,C:\Windows\system32\nltest.exe,BLUETEAM\ezk,nltest.exe  /dclist:BLUETEAM.COM,10756,2128,"nltest.exe 5768 RegCreateKey HKLM\System\CurrentControlSet\Services\Tcpip\Parameters SUCCESS Desired Access: Read, Disposition: REG_OPENED_EXISTING_KEY 4/14/2022 12:34:30 PM Registry C:\Windows\system32\nltest.exe BLUETEAM\ezk nltest.exe  /dclist:BLUETEAM.COM 10756 2128",benign
nltest.exe,5768,RegCreateKey,HKLM\System\CurrentControlSet\Services\Tcpip\Parameters,REPARSE,Desired Access: Read,4/14/2022 12:34:30 PM,Registry,C:\Windows\system32\nltest.exe,BLUETEAM\ezk,nltest.exe  /dclist:BLUETEAM.COM,10756,2128,nltest.exe 5768 RegCreateKey HKLM\System\CurrentControlSet\Services\Tcpip\Parameters REPARSE Desired Access: Read 4/14/2022 12:34:30 PM Registry C:\Windows\system32\nltest.exe BLUETEAM\ezk nltest.exe  /dclist:BLUETEAM.COM 10756 2128,benign
nltest.exe,5768,RegQueryKey,HKLM,SUCCESS,"Query: HandleTags, HandleTags: 0x0",4/14/2022 12:34:30 PM,Registry,C:\Windows\system32\nltest.exe,BLUETEAM\ezk,nltest.exe  /dclist:BLUETEAM.COM,10756,2128,"nltest.exe 5768 RegQueryKey HKLM SUCCESS Query: HandleTags, HandleTags: 0x0 4/14/2022 12:34:30 PM Registry C:\Windows\system32\nltest.exe BLUETEAM\ezk nltest.exe  /dclist:BLUETEAM.COM 10756 2128",benign
nltest.exe,5768,RegQueryValue,HKLM\System\CurrentControlSet\Services\Dnscache\Parameters\DisableServerUnreachability,NAME NOT FOUND,Length: 16,4/14/2022 12:34:30 PM,Registry,C:\Windows\system32\nltest.exe,BLUETEAM\ezk,nltest.exe  /dclist:BLUETEAM.COM,10756,2128,nltest.exe 5768 RegQueryValue HKLM\System\CurrentControlSet\Services\Dnscache\Parameters\DisableServerUnreachability NAME NOT FOUND Length: 16 4/14/2022 12:34:30 PM Registry C:\Windows\system32\nltest.exe BLUETEAM\ezk nltest.exe  /dclist:BLUETEAM.COM 10756 2128,benign
nltest.exe,5768,RegCloseKey,HKLM\System\CurrentControlSet\Services\Dnscache\Parameters,SUCCESS,,4/14/2022 12:34:30 PM,Registry,C:\Windows\system32\nltest.exe,BLUETEAM\ezk,nltest.exe  /dclist:BLUETEAM.COM,10756,2128,nltest.exe 5768 RegCloseKey HKLM\System\CurrentControlSet\Services\Dnscache\Parameters SUCCESS None 4/14/2022 12:34:30 PM Registry C:\Windows\system32\nltest.exe BLUETEAM\ezk nltest.exe  /dclist:BLUETEAM.COM 10756 2128,benign
nltest.exe,5768,RegQueryValue,HKLM\System\CurrentControlSet\Services\Tcpip\Parameters\DnsQuickQueryTimeouts,NAME NOT FOUND,Length: 12,4/14/2022 12:34:30 PM,Registry,C:\Windows\system32\nltest.exe,BLUETEAM\ezk,nltest.exe  /dclist:BLUETEAM.COM,10756,2128,nltest.exe 5768 RegQueryValue HKLM\System\CurrentControlSet\Services\Tcpip\Parameters\DnsQuickQueryTimeouts NAME NOT FOUND Length: 12 4/14/2022 12:34:30 PM Registry C:\Windows\system32\nltest.exe BLUETEAM\ezk nltest.exe  /dclist:BLUETEAM.COM 10756 2128,benign
nltest.exe,5768,RegQueryValue,HKLM\System\CurrentControlSet\Services\Dnscache\Parameters\DnsQuickQueryTimeouts,NAME NOT FOUND,Length: 12,4/14/2022 12:34:30 PM,Registry,C:\Windows\system32\nltest.exe,BLUETEAM\ezk,nltest.exe  /dclist:BLUETEAM.COM,10756,2128,nltest.exe 5768 RegQueryValue HKLM\System\CurrentControlSet\Services\Dnscache\Parameters\DnsQuickQueryTimeouts NAME NOT FOUND Length: 12 4/14/2022 12:34:30 PM Registry C:\Windows\system32\nltest.exe BLUETEAM\ezk nltest.exe  /dclist:BLUETEAM.COM 10756 2128,benign
nltest.exe,5768,RegQueryValue,HKLM\System\CurrentControlSet\Services\Tcpip\Parameters\DnsQueryTimeouts,NAME NOT FOUND,Length: 12,4/14/2022 12:34:30 PM,Registry,C:\Windows\system32\nltest.exe,BLUETEAM\ezk,nltest.exe  /dclist:BLUETEAM.COM,10756,2128,nltest.exe 5768 RegQueryValue HKLM\System\CurrentControlSet\Services\Tcpip\Parameters\DnsQueryTimeouts NAME NOT FOUND Length: 12 4/14/2022 12:34:30 PM Registry C:\Windows\system32\nltest.exe BLUETEAM\ezk nltest.exe  /dclist:BLUETEAM.COM 10756 2128,benign
nltest.exe,5768,RegQueryValue,HKLM\System\CurrentControlSet\Services\Dnscache\Parameters\DnsQueryTimeouts,NAME NOT FOUND,Length: 12,4/14/2022 12:34:30 PM,Registry,C:\Windows\system32\nltest.exe,BLUETEAM\ezk,nltest.exe  /dclist:BLUETEAM.COM,10756,2128,nltest.exe 5768 RegQueryValue HKLM\System\CurrentControlSet\Services\Dnscache\Parameters\DnsQueryTimeouts NAME NOT FOUND Length: 12 4/14/2022 12:34:30 PM Registry C:\Windows\system32\nltest.exe BLUETEAM\ezk nltest.exe  /dclist:BLUETEAM.COM 10756 2128,benign
nltest.exe,5768,RegQueryValue,HKLM\System\CurrentControlSet\Services\Dnscache\Parameters\TestMode_AdaptiveTimeoutRecalculationInterval,NAME NOT FOUND,Length: 16,4/14/2022 12:34:30 PM,Registry,C:\Windows\system32\nltest.exe,BLUETEAM\ezk,nltest.exe  /dclist:BLUETEAM.COM,10756,2128,nltest.exe 5768 RegQueryValue HKLM\System\CurrentControlSet\Services\Dnscache\Parameters\TestMode_AdaptiveTimeoutRecalculationInterval NAME NOT FOUND Length: 16 4/14/2022 12:34:30 PM Registry C:\Windows\system32\nltest.exe BLUETEAM\ezk nltest.exe  /dclist:BLUETEAM.COM 10756 2128,benign
nltest.exe,5768,RegQueryValue,HKLM\System\CurrentControlSet\Services\Dnscache\Parameters\TestMode_AdaptiveTimeoutHistoryLength,NAME NOT FOUND,Length: 16,4/14/2022 12:34:30 PM,Registry,C:\Windows\system32\nltest.exe,BLUETEAM\ezk,nltest.exe  /dclist:BLUETEAM.COM,10756,2128,nltest.exe 5768 RegQueryValue HKLM\System\CurrentControlSet\Services\Dnscache\Parameters\TestMode_AdaptiveTimeoutHistoryLength NAME NOT FOUND Length: 16 4/14/2022 12:34:30 PM Registry C:\Windows\system32\nltest.exe BLUETEAM\ezk nltest.exe  /dclist:BLUETEAM.COM 10756 2128,benign
nltest.exe,5768,RegCloseKey,HKLM\System\CurrentControlSet\Services\Tcpip\Parameters,SUCCESS,,4/14/2022 12:34:30 PM,Registry,C:\Windows\system32\nltest.exe,BLUETEAM\ezk,nltest.exe  /dclist:BLUETEAM.COM,10756,2128,nltest.exe 5768 RegCloseKey HKLM\System\CurrentControlSet\Services\Tcpip\Parameters SUCCESS None 4/14/2022 12:34:30 PM Registry C:\Windows\system32\nltest.exe BLUETEAM\ezk nltest.exe  /dclist:BLUETEAM.COM 10756 2128,benign
nltest.exe,5768,RegQueryKey,HKLM,SUCCESS,"Query: HandleTags, HandleTags: 0x0",4/14/2022 12:34:30 PM,Registry,C:\Windows\system32\nltest.exe,BLUETEAM\ezk,nltest.exe  /dclist:BLUETEAM.COM,10756,2128,"nltest.exe 5768 RegQueryKey HKLM SUCCESS Query: HandleTags, HandleTags: 0x0 4/14/2022 12:34:30 PM Registry C:\Windows\system32\nltest.exe BLUETEAM\ezk nltest.exe  /dclist:BLUETEAM.COM 10756 2128",benign
nltest.exe,5768,RegQueryValue,HKLM\System\CurrentControlSet\Services\Dnscache\Parameters\MaxCachedSockets,NAME NOT FOUND,Length: 16,4/14/2022 12:34:30 PM,Registry,C:\Windows\system32\nltest.exe,BLUETEAM\ezk,nltest.exe  /dclist:BLUETEAM.COM,10756,2128,nltest.exe 5768 RegQueryValue HKLM\System\CurrentControlSet\Services\Dnscache\Parameters\MaxCachedSockets NAME NOT FOUND Length: 16 4/14/2022 12:34:30 PM Registry C:\Windows\system32\nltest.exe BLUETEAM\ezk nltest.exe  /dclist:BLUETEAM.COM 10756 2128,benign
nltest.exe,5768,RegQueryValue,HKLM\System\CurrentControlSet\Services\Dnscache\Parameters\AdapterTimeoutLimit,NAME NOT FOUND,Length: 16,4/14/2022 12:34:30 PM,Registry,C:\Windows\system32\nltest.exe,BLUETEAM\ezk,nltest.exe  /dclist:BLUETEAM.COM,10756,2128,nltest.exe 5768 RegQueryValue HKLM\System\CurrentControlSet\Services\Dnscache\Parameters\AdapterTimeoutLimit NAME NOT FOUND Length: 16 4/14/2022 12:34:30 PM Registry C:\Windows\system32\nltest.exe BLUETEAM\ezk nltest.exe  /dclist:BLUETEAM.COM 10756 2128,benign
nltest.exe,5768,RegQueryValue,HKLM\System\CurrentControlSet\Services\Dnscache\Parameters\DisableSmartProtocolReordering,NAME NOT FOUND,Length: 16,4/14/2022 12:34:30 PM,Registry,C:\Windows\system32\nltest.exe,BLUETEAM\ezk,nltest.exe  /dclist:BLUETEAM.COM,10756,2128,nltest.exe 5768 RegQueryValue HKLM\System\CurrentControlSet\Services\Dnscache\Parameters\DisableSmartProtocolReordering NAME NOT FOUND Length: 16 4/14/2022 12:34:30 PM Registry C:\Windows\system32\nltest.exe BLUETEAM\ezk nltest.exe  /dclist:BLUETEAM.COM 10756 2128,benign
nltest.exe,5768,RegQueryValue,HKLM\System\CurrentControlSet\Services\Dnscache\Parameters\UdpRecvBufferSize,NAME NOT FOUND,Length: 16,4/14/2022 12:34:30 PM,Registry,C:\Windows\system32\nltest.exe,BLUETEAM\ezk,nltest.exe  /dclist:BLUETEAM.COM,10756,2128,nltest.exe 5768 RegQueryValue HKLM\System\CurrentControlSet\Services\Dnscache\Parameters\UdpRecvBufferSize NAME NOT FOUND Length: 16 4/14/2022 12:34:30 PM Registry C:\Windows\system32\nltest.exe BLUETEAM\ezk nltest.exe  /dclist:BLUETEAM.COM 10756 2128,benign
nltest.exe,5768,RegQueryValue,HKLM\System\CurrentControlSet\Services\Dnscache\Parameters\DisableParallelAandAAAA,NAME NOT FOUND,Length: 16,4/14/2022 12:34:30 PM,Registry,C:\Windows\system32\nltest.exe,BLUETEAM\ezk,nltest.exe  /dclist:BLUETEAM.COM,10756,2128,nltest.exe 5768 RegQueryValue HKLM\System\CurrentControlSet\Services\Dnscache\Parameters\DisableParallelAandAAAA NAME NOT FOUND Length: 16 4/14/2022 12:34:30 PM Registry C:\Windows\system32\nltest.exe BLUETEAM\ezk nltest.exe  /dclist:BLUETEAM.COM 10756 2128,benign
nltest.exe,5768,RegQueryValue,HKLM\System\CurrentControlSet\Services\Dnscache\Parameters\DisableCoalescing,NAME NOT FOUND,Length: 16,4/14/2022 12:34:30 PM,Registry,C:\Windows\system32\nltest.exe,BLUETEAM\ezk,nltest.exe  /dclist:BLUETEAM.COM,10756,2128,nltest.exe 5768 RegQueryValue HKLM\System\CurrentControlSet\Services\Dnscache\Parameters\DisableCoalescing NAME NOT FOUND Length: 16 4/14/2022 12:34:30 PM Registry C:\Windows\system32\nltest.exe BLUETEAM\ezk nltest.exe  /dclist:BLUETEAM.COM 10756 2128,benign
nltest.exe,5768,RegQueryValue,HKLM\System\CurrentControlSet\Services\Dnscache\Parameters\FilterVPNTrigger,NAME NOT FOUND,Length: 16,4/14/2022 12:34:30 PM,Registry,C:\Windows\system32\nltest.exe,BLUETEAM\ezk,nltest.exe  /dclist:BLUETEAM.COM,10756,2128,nltest.exe 5768 RegQueryValue HKLM\System\CurrentControlSet\Services\Dnscache\Parameters\FilterVPNTrigger NAME NOT FOUND Length: 16 4/14/2022 12:34:30 PM Registry C:\Windows\system32\nltest.exe BLUETEAM\ezk nltest.exe  /dclist:BLUETEAM.COM 10756 2128,benign
nltest.exe,5768,RegQueryValue,HKLM\System\CurrentControlSet\Services\Dnscache\Parameters\EnableMultiHomedRouteConflicts,NAME NOT FOUND,Length: 16,4/14/2022 12:34:30 PM,Registry,C:\Windows\system32\nltest.exe,BLUETEAM\ezk,nltest.exe  /dclist:BLUETEAM.COM,10756,2128,nltest.exe 5768 RegQueryValue HKLM\System\CurrentControlSet\Services\Dnscache\Parameters\EnableMultiHomedRouteConflicts NAME NOT FOUND Length: 16 4/14/2022 12:34:30 PM Registry C:\Windows\system32\nltest.exe BLUETEAM\ezk nltest.exe  /dclist:BLUETEAM.COM 10756 2128,benign
nltest.exe,5768,RegQueryValue,HKLM\System\CurrentControlSet\Services\Dnscache\Parameters\ForceQueriesOverTcp,NAME NOT FOUND,Length: 16,4/14/2022 12:34:30 PM,Registry,C:\Windows\system32\nltest.exe,BLUETEAM\ezk,nltest.exe  /dclist:BLUETEAM.COM,10756,2128,nltest.exe 5768 RegQueryValue HKLM\System\CurrentControlSet\Services\Dnscache\Parameters\ForceQueriesOverTcp NAME NOT FOUND Length: 16 4/14/2022 12:34:30 PM Registry C:\Windows\system32\nltest.exe BLUETEAM\ezk nltest.exe  /dclist:BLUETEAM.COM 10756 2128,benign
nltest.exe,5768,RegQueryValue,HKLM\System\CurrentControlSet\Services\Dnscache\Parameters\ShareTcpConnections,NAME NOT FOUND,Length: 16,4/14/2022 12:34:30 PM,Registry,C:\Windows\system32\nltest.exe,BLUETEAM\ezk,nltest.exe  /dclist:BLUETEAM.COM,10756,2128,nltest.exe 5768 RegQueryValue HKLM\System\CurrentControlSet\Services\Dnscache\Parameters\ShareTcpConnections NAME NOT FOUND Length: 16 4/14/2022 12:34:30 PM Registry C:\Windows\system32\nltest.exe BLUETEAM\ezk nltest.exe  /dclist:BLUETEAM.COM 10756 2128,benign
nltest.exe,5768,RegQueryValue,HKLM\System\CurrentControlSet\Services\Dnscache\Parameters\RegistrationEnabled,NAME NOT FOUND,Length: 16,4/14/2022 12:34:30 PM,Registry,C:\Windows\system32\nltest.exe,BLUETEAM\ezk,nltest.exe  /dclist:BLUETEAM.COM,10756,2128,nltest.exe 5768 RegQueryValue HKLM\System\CurrentControlSet\Services\Dnscache\Parameters\RegistrationEnabled NAME NOT FOUND Length: 16 4/14/2022 12:34:30 PM Registry C:\Windows\system32\nltest.exe BLUETEAM\ezk nltest.exe  /dclist:BLUETEAM.COM 10756 2128,benign
nltest.exe,5768,RegQueryValue,HKLM\System\CurrentControlSet\Services\Tcpip\Parameters\DisableDynamicUpdate,NAME NOT FOUND,Length: 16,4/14/2022 12:34:30 PM,Registry,C:\Windows\system32\nltest.exe,BLUETEAM\ezk,nltest.exe  /dclist:BLUETEAM.COM,10756,2128,nltest.exe 5768 RegQueryValue HKLM\System\CurrentControlSet\Services\Tcpip\Parameters\DisableDynamicUpdate NAME NOT FOUND Length: 16 4/14/2022 12:34:30 PM Registry C:\Windows\system32\nltest.exe BLUETEAM\ezk nltest.exe  /dclist:BLUETEAM.COM 10756 2128,benign
nltest.exe,5768,RegQueryValue,HKLM\System\CurrentControlSet\Services\Dnscache\Parameters\RegisterPrimaryName,NAME NOT FOUND,Length: 16,4/14/2022 12:34:30 PM,Registry,C:\Windows\system32\nltest.exe,BLUETEAM\ezk,nltest.exe  /dclist:BLUETEAM.COM,10756,2128,nltest.exe 5768 RegQueryValue HKLM\System\CurrentControlSet\Services\Dnscache\Parameters\RegisterPrimaryName NAME NOT FOUND Length: 16 4/14/2022 12:34:30 PM Registry C:\Windows\system32\nltest.exe BLUETEAM\ezk nltest.exe  /dclist:BLUETEAM.COM 10756 2128,benign
nltest.exe,5768,RegQueryValue,HKLM\System\CurrentControlSet\Services\Dnscache\Parameters\RegisterAdapterName,NAME NOT FOUND,Length: 16,4/14/2022 12:34:30 PM,Registry,C:\Windows\system32\nltest.exe,BLUETEAM\ezk,nltest.exe  /dclist:BLUETEAM.COM,10756,2128,nltest.exe 5768 RegQueryValue HKLM\System\CurrentControlSet\Services\Dnscache\Parameters\RegisterAdapterName NAME NOT FOUND Length: 16 4/14/2022 12:34:30 PM Registry C:\Windows\system32\nltest.exe BLUETEAM\ezk nltest.exe  /dclist:BLUETEAM.COM 10756 2128,benign
nltest.exe,5768,RegQueryValue,HKLM\System\CurrentControlSet\Services\Tcpip\Parameters\EnableAdapterDomainNameRegistration,NAME NOT FOUND,Length: 16,4/14/2022 12:34:30 PM,Registry,C:\Windows\system32\nltest.exe,BLUETEAM\ezk,nltest.exe  /dclist:BLUETEAM.COM,10756,2128,nltest.exe 5768 RegQueryValue HKLM\System\CurrentControlSet\Services\Tcpip\Parameters\EnableAdapterDomainNameRegistration NAME NOT FOUND Length: 16 4/14/2022 12:34:30 PM Registry C:\Windows\system32\nltest.exe BLUETEAM\ezk nltest.exe  /dclist:BLUETEAM.COM 10756 2128,benign
nltest.exe,5768,RegQueryValue,HKLM\System\CurrentControlSet\Services\Dnscache\Parameters\RegisterReverseLookup,NAME NOT FOUND,Length: 16,4/14/2022 12:34:30 PM,Registry,C:\Windows\system32\nltest.exe,BLUETEAM\ezk,nltest.exe  /dclist:BLUETEAM.COM,10756,2128,nltest.exe 5768 RegQueryValue HKLM\System\CurrentControlSet\Services\Dnscache\Parameters\RegisterReverseLookup NAME NOT FOUND Length: 16 4/14/2022 12:34:30 PM Registry C:\Windows\system32\nltest.exe BLUETEAM\ezk nltest.exe  /dclist:BLUETEAM.COM 10756 2128,benign
nltest.exe,5768,RegQueryValue,HKLM\System\CurrentControlSet\Services\Tcpip\Parameters\DisableReverseAddressRegistrations,NAME NOT FOUND,Length: 16,4/14/2022 12:34:30 PM,Registry,C:\Windows\system32\nltest.exe,BLUETEAM\ezk,nltest.exe  /dclist:BLUETEAM.COM,10756,2128,nltest.exe 5768 RegQueryValue HKLM\System\CurrentControlSet\Services\Tcpip\Parameters\DisableReverseAddressRegistrations NAME NOT FOUND Length: 16 4/14/2022 12:34:30 PM Registry C:\Windows\system32\nltest.exe BLUETEAM\ezk nltest.exe  /dclist:BLUETEAM.COM 10756 2128,benign
nltest.exe,5768,RegQueryValue,HKLM\System\CurrentControlSet\Services\Dnscache\Parameters\RegisterWanAdapters,NAME NOT FOUND,Length: 16,4/14/2022 12:34:30 PM,Registry,C:\Windows\system32\nltest.exe,BLUETEAM\ezk,nltest.exe  /dclist:BLUETEAM.COM,10756,2128,nltest.exe 5768 RegQueryValue HKLM\System\CurrentControlSet\Services\Dnscache\Parameters\RegisterWanAdapters NAME NOT FOUND Length: 16 4/14/2022 12:34:30 PM Registry C:\Windows\system32\nltest.exe BLUETEAM\ezk nltest.exe  /dclist:BLUETEAM.COM 10756 2128,benign
nltest.exe,5768,RegQueryValue,HKLM\System\CurrentControlSet\Services\Tcpip\Parameters\DisableWanDynamicUpdate,NAME NOT FOUND,Length: 16,4/14/2022 12:34:30 PM,Registry,C:\Windows\system32\nltest.exe,BLUETEAM\ezk,nltest.exe  /dclist:BLUETEAM.COM,10756,2128,nltest.exe 5768 RegQueryValue HKLM\System\CurrentControlSet\Services\Tcpip\Parameters\DisableWanDynamicUpdate NAME NOT FOUND Length: 16 4/14/2022 12:34:30 PM Registry C:\Windows\system32\nltest.exe BLUETEAM\ezk nltest.exe  /dclist:BLUETEAM.COM 10756 2128,benign
nltest.exe,5768,RegQueryValue,HKLM\System\CurrentControlSet\Services\Dnscache\Parameters\MaxNegativeCacheTtl,NAME NOT FOUND,Length: 16,4/14/2022 12:34:30 PM,Registry,C:\Windows\system32\nltest.exe,BLUETEAM\ezk,nltest.exe  /dclist:BLUETEAM.COM,10756,2128,nltest.exe 5768 RegQueryValue HKLM\System\CurrentControlSet\Services\Dnscache\Parameters\MaxNegativeCacheTtl NAME NOT FOUND Length: 16 4/14/2022 12:34:30 PM Registry C:\Windows\system32\nltest.exe BLUETEAM\ezk nltest.exe  /dclist:BLUETEAM.COM 10756 2128,benign
nltest.exe,5768,RegQueryValue,HKLM\System\CurrentControlSet\Services\Dnscache\Parameters\MaxCacheTtl,NAME NOT FOUND,Length: 16,4/14/2022 12:34:30 PM,Registry,C:\Windows\system32\nltest.exe,BLUETEAM\ezk,nltest.exe  /dclist:BLUETEAM.COM,10756,2128,nltest.exe 5768 RegQueryValue HKLM\System\CurrentControlSet\Services\Dnscache\Parameters\MaxCacheTtl NAME NOT FOUND Length: 16 4/14/2022 12:34:30 PM Registry C:\Windows\system32\nltest.exe BLUETEAM\ezk nltest.exe  /dclist:BLUETEAM.COM 10756 2128,benign
nltest.exe,5768,RegQueryValue,HKLM\System\CurrentControlSet\Services\Dnscache\Parameters\MaxCacheSize,NAME NOT FOUND,Length: 16,4/14/2022 12:34:30 PM,Registry,C:\Windows\system32\nltest.exe,BLUETEAM\ezk,nltest.exe  /dclist:BLUETEAM.COM,10756,2128,nltest.exe 5768 RegQueryValue HKLM\System\CurrentControlSet\Services\Dnscache\Parameters\MaxCacheSize NAME NOT FOUND Length: 16 4/14/2022 12:34:30 PM Registry C:\Windows\system32\nltest.exe BLUETEAM\ezk nltest.exe  /dclist:BLUETEAM.COM 10756 2128,benign
nltest.exe,5768,RegQueryValue,HKLM\System\CurrentControlSet\Services\Dnscache\Parameters\RegistrationOverwrite,NAME NOT FOUND,Length: 16,4/14/2022 12:34:30 PM,Registry,C:\Windows\system32\nltest.exe,BLUETEAM\ezk,nltest.exe  /dclist:BLUETEAM.COM,10756,2128,nltest.exe 5768 RegQueryValue HKLM\System\CurrentControlSet\Services\Dnscache\Parameters\RegistrationOverwrite NAME NOT FOUND Length: 16 4/14/2022 12:34:30 PM Registry C:\Windows\system32\nltest.exe BLUETEAM\ezk nltest.exe  /dclist:BLUETEAM.COM 10756 2128,benign
nltest.exe,5768,RegQueryValue,HKLM\System\CurrentControlSet\Services\Dnscache\Parameters\DowncaseSpnCauseApiOwnerIsTooLazy,NAME NOT FOUND,Length: 16,4/14/2022 12:34:30 PM,Registry,C:\Windows\system32\nltest.exe,BLUETEAM\ezk,nltest.exe  /dclist:BLUETEAM.COM,10756,2128,nltest.exe 5768 RegQueryValue HKLM\System\CurrentControlSet\Services\Dnscache\Parameters\DowncaseSpnCauseApiOwnerIsTooLazy NAME NOT FOUND Length: 16 4/14/2022 12:34:30 PM Registry C:\Windows\system32\nltest.exe BLUETEAM\ezk nltest.exe  /dclist:BLUETEAM.COM 10756 2128,benign
nltest.exe,5768,RegQueryValue,HKLM\System\CurrentControlSet\Services\Dnscache\Parameters\UpdateTopLevelDomainZones,NAME NOT FOUND,Length: 16,4/14/2022 12:34:30 PM,Registry,C:\Windows\system32\nltest.exe,BLUETEAM\ezk,nltest.exe  /dclist:BLUETEAM.COM,10756,2128,nltest.exe 5768 RegQueryValue HKLM\System\CurrentControlSet\Services\Dnscache\Parameters\UpdateTopLevelDomainZones NAME NOT FOUND Length: 16 4/14/2022 12:34:30 PM Registry C:\Windows\system32\nltest.exe BLUETEAM\ezk nltest.exe  /dclist:BLUETEAM.COM 10756 2128,benign
nltest.exe,5768,RegQueryValue,HKLM\System\CurrentControlSet\Services\Dnscache\Parameters\ServerPriorityTimeLimit,NAME NOT FOUND,Length: 16,4/14/2022 12:34:30 PM,Registry,C:\Windows\system32\nltest.exe,BLUETEAM\ezk,nltest.exe  /dclist:BLUETEAM.COM,10756,2128,nltest.exe 5768 RegQueryValue HKLM\System\CurrentControlSet\Services\Dnscache\Parameters\ServerPriorityTimeLimit NAME NOT FOUND Length: 16 4/14/2022 12:34:30 PM Registry C:\Windows\system32\nltest.exe BLUETEAM\ezk nltest.exe  /dclist:BLUETEAM.COM 10756 2128,benign
nltest.exe,5768,RegQueryValue,HKLM\System\CurrentControlSet\Services\Tcpip\Parameters\UpdateSecurityLevel,NAME NOT FOUND,Length: 16,4/14/2022 12:34:30 PM,Registry,C:\Windows\system32\nltest.exe,BLUETEAM\ezk,nltest.exe  /dclist:BLUETEAM.COM,10756,2128,nltest.exe 5768 RegQueryValue HKLM\System\CurrentControlSet\Services\Tcpip\Parameters\UpdateSecurityLevel NAME NOT FOUND Length: 16 4/14/2022 12:34:30 PM Registry C:\Windows\system32\nltest.exe BLUETEAM\ezk nltest.exe  /dclist:BLUETEAM.COM 10756 2128,benign
nltest.exe,5768,RegQueryValue,HKLM\System\CurrentControlSet\Services\Tcpip\Parameters\MaxNumberOfAddressesToRegister,NAME NOT FOUND,Length: 16,4/14/2022 12:34:30 PM,Registry,C:\Windows\system32\nltest.exe,BLUETEAM\ezk,nltest.exe  /dclist:BLUETEAM.COM,10756,2128,nltest.exe 5768 RegQueryValue HKLM\System\CurrentControlSet\Services\Tcpip\Parameters\MaxNumberOfAddressesToRegister NAME NOT FOUND Length: 16 4/14/2022 12:34:30 PM Registry C:\Windows\system32\nltest.exe BLUETEAM\ezk nltest.exe  /dclist:BLUETEAM.COM 10756 2128,benign
nltest.exe,5768,RegQueryValue,HKLM\System\CurrentControlSet\Services\Dnscache\Parameters\RegistrationMaxAddressCount,NAME NOT FOUND,Length: 16,4/14/2022 12:34:30 PM,Registry,C:\Windows\system32\nltest.exe,BLUETEAM\ezk,nltest.exe  /dclist:BLUETEAM.COM,10756,2128,nltest.exe 5768 RegQueryValue HKLM\System\CurrentControlSet\Services\Dnscache\Parameters\RegistrationMaxAddressCount NAME NOT FOUND Length: 16 4/14/2022 12:34:30 PM Registry C:\Windows\system32\nltest.exe BLUETEAM\ezk nltest.exe  /dclist:BLUETEAM.COM 10756 2128,benign
nltest.exe,5768,RegQueryValue,HKLM\System\CurrentControlSet\Services\Tcpip\Parameters\DefaultRegistrationRefreshInterval,NAME NOT FOUND,Length: 16,4/14/2022 12:34:30 PM,Registry,C:\Windows\system32\nltest.exe,BLUETEAM\ezk,nltest.exe  /dclist:BLUETEAM.COM,10756,2128,nltest.exe 5768 RegQueryValue HKLM\System\CurrentControlSet\Services\Tcpip\Parameters\DefaultRegistrationRefreshInterval NAME NOT FOUND Length: 16 4/14/2022 12:34:30 PM Registry C:\Windows\system32\nltest.exe BLUETEAM\ezk nltest.exe  /dclist:BLUETEAM.COM 10756 2128,benign
nltest.exe,5768,RegQueryValue,HKLM\System\CurrentControlSet\Services\Dnscache\Parameters\RegistrationRefreshInterval,NAME NOT FOUND,Length: 16,4/14/2022 12:34:30 PM,Registry,C:\Windows\system32\nltest.exe,BLUETEAM\ezk,nltest.exe  /dclist:BLUETEAM.COM,10756,2128,nltest.exe 5768 RegQueryValue HKLM\System\CurrentControlSet\Services\Dnscache\Parameters\RegistrationRefreshInterval NAME NOT FOUND Length: 16 4/14/2022 12:34:30 PM Registry C:\Windows\system32\nltest.exe BLUETEAM\ezk nltest.exe  /dclist:BLUETEAM.COM 10756 2128,benign
nltest.exe,5768,RegQueryValue,HKLM\System\CurrentControlSet\Services\Tcpip\Parameters\DefaultRegistrationTTL,NAME NOT FOUND,Length: 16,4/14/2022 12:34:30 PM,Registry,C:\Windows\system32\nltest.exe,BLUETEAM\ezk,nltest.exe  /dclist:BLUETEAM.COM,10756,2128,nltest.exe 5768 RegQueryValue HKLM\System\CurrentControlSet\Services\Tcpip\Parameters\DefaultRegistrationTTL NAME NOT FOUND Length: 16 4/14/2022 12:34:30 PM Registry C:\Windows\system32\nltest.exe BLUETEAM\ezk nltest.exe  /dclist:BLUETEAM.COM 10756 2128,benign
nltest.exe,5768,RegQueryValue,HKLM\System\CurrentControlSet\Services\Dnscache\Parameters\RegistrationTtl,NAME NOT FOUND,Length: 16,4/14/2022 12:34:30 PM,Registry,C:\Windows\system32\nltest.exe,BLUETEAM\ezk,nltest.exe  /dclist:BLUETEAM.COM,10756,2128,nltest.exe 5768 RegQueryValue HKLM\System\CurrentControlSet\Services\Dnscache\Parameters\RegistrationTtl NAME NOT FOUND Length: 16 4/14/2022 12:34:30 PM Registry C:\Windows\system32\nltest.exe BLUETEAM\ezk nltest.exe  /dclist:BLUETEAM.COM 10756 2128,benign
nltest.exe,5768,RegQueryValue,HKLM\System\CurrentControlSet\Services\Dnscache\Parameters\UpdateSecurityLevel,NAME NOT FOUND,Length: 16,4/14/2022 12:34:30 PM,Registry,C:\Windows\system32\nltest.exe,BLUETEAM\ezk,nltest.exe  /dclist:BLUETEAM.COM,10756,2128,nltest.exe 5768 RegQueryValue HKLM\System\CurrentControlSet\Services\Dnscache\Parameters\UpdateSecurityLevel NAME NOT FOUND Length: 16 4/14/2022 12:34:30 PM Registry C:\Windows\system32\nltest.exe BLUETEAM\ezk nltest.exe  /dclist:BLUETEAM.COM 10756 2128,benign
nltest.exe,5768,RegOpenKey,HKLM\Software\Microsoft\LanguageOverlay\OverlayPackages\en-US,NAME NOT FOUND,Desired Access: Read,4/14/2022 12:34:30 PM,Registry,C:\Windows\system32\nltest.exe,BLUETEAM\ezk,nltest.exe  /dclist:BLUETEAM.COM,10756,2128,nltest.exe 5768 RegOpenKey HKLM\Software\Microsoft\LanguageOverlay\OverlayPackages\en-US NAME NOT FOUND Desired Access: Read 4/14/2022 12:34:30 PM Registry C:\Windows\system32\nltest.exe BLUETEAM\ezk nltest.exe  /dclist:BLUETEAM.COM 10756 2128,benign
nltest.exe,5768,RegOpenKey,HKLM\Software\Policies\Microsoft\Windows NT\DnsClient,NAME NOT FOUND,Desired Access: Read,4/14/2022 12:34:30 PM,Registry,C:\Windows\system32\nltest.exe,BLUETEAM\ezk,nltest.exe  /dclist:BLUETEAM.COM,10756,2128,nltest.exe 5768 RegOpenKey HKLM\Software\Policies\Microsoft\Windows NT\DnsClient NAME NOT FOUND Desired Access: Read 4/14/2022 12:34:30 PM Registry C:\Windows\system32\nltest.exe BLUETEAM\ezk nltest.exe  /dclist:BLUETEAM.COM 10756 2128,benign
nltest.exe,5768,RegQueryValue,HKLM\System\CurrentControlSet\Services\Tcpip\Parameters\Hostname,SUCCESS,"Type: REG_SZ, Length: 32, Data: DESKTOP-BA1RQFC",4/14/2022 12:34:30 PM,Registry,C:\Windows\system32\nltest.exe,BLUETEAM\ezk,nltest.exe  /dclist:BLUETEAM.COM,10756,2128,"nltest.exe 5768 RegQueryValue HKLM\System\CurrentControlSet\Services\Tcpip\Parameters\Hostname SUCCESS Type: REG_SZ, Length: 32, Data: DESKTOP-BA1RQFC 4/14/2022 12:34:30 PM Registry C:\Windows\system32\nltest.exe BLUETEAM\ezk nltest.exe  /dclist:BLUETEAM.COM 10756 2128",benign
nltest.exe,5768,QueryBasicInformationFile,C:\Windows\System32\mswsock.dll,SUCCESS,"CreationTime: 9/22/2021 5:22:05 PM, LastAccessTime: 4/14/2022 12:34:30 PM, LastWriteTime: 9/22/2021 5:22:05 PM, ChangeTime: 10/15/2021 2:25:23 PM, FileAttributes: A",4/14/2022 12:34:30 PM,File System,C:\Windows\system32\nltest.exe,BLUETEAM\ezk,nltest.exe  /dclist:BLUETEAM.COM,10756,2128,"nltest.exe 5768 QueryBasicInformationFile C:\Windows\System32\mswsock.dll SUCCESS CreationTime: 9/22/2021 5:22:05 PM, LastAccessTime: 4/14/2022 12:34:30 PM, LastWriteTime: 9/22/2021 5:22:05 PM, ChangeTime: 10/15/2021 2:25:23 PM, FileAttributes: A 4/14/2022 12:34:30 PM File System C:\Windows\system32\nltest.exe BLUETEAM\ezk nltest.exe  /dclist:BLUETEAM.COM 10756 2128",benign
nltest.exe,5768,CloseFile,C:\Windows\System32\mswsock.dll,SUCCESS,,4/14/2022 12:34:30 PM,File System,C:\Windows\system32\nltest.exe,BLUETEAM\ezk,nltest.exe  /dclist:BLUETEAM.COM,10756,2128,nltest.exe 5768 CloseFile C:\Windows\System32\mswsock.dll SUCCESS None 4/14/2022 12:34:30 PM File System C:\Windows\system32\nltest.exe BLUETEAM\ezk nltest.exe  /dclist:BLUETEAM.COM 10756 2128,benign
nltest.exe,5768,RegOpenKey,HKLM\Software\Microsoft\LanguageOverlay\OverlayPackages\en-US,NAME NOT FOUND,Desired Access: Read,4/14/2022 12:34:30 PM,Registry,C:\Windows\system32\nltest.exe,BLUETEAM\ezk,nltest.exe  /dclist:BLUETEAM.COM,10756,2128,nltest.exe 5768 RegOpenKey HKLM\Software\Microsoft\LanguageOverlay\OverlayPackages\en-US NAME NOT FOUND Desired Access: Read 4/14/2022 12:34:30 PM Registry C:\Windows\system32\nltest.exe BLUETEAM\ezk nltest.exe  /dclist:BLUETEAM.COM 10756 2128,benign
nltest.exe,5768,CreateFile,C:\Windows\System32\en-US\mswsock.dll.mui,SUCCESS,"Desired Access: Read Data/List Directory, Synchronize, Disposition: Open, Options: Synchronous IO Non-Alert, Non-Directory File, Attributes: n/a, ShareMode: Read, Delete, AllocationSize: n/a, OpenResult: Opened",4/14/2022 12:34:30 PM,File System,C:\Windows\system32\nltest.exe,BLUETEAM\ezk,nltest.exe  /dclist:BLUETEAM.COM,10756,2128,"nltest.exe 5768 CreateFile C:\Windows\System32\en-US\mswsock.dll.mui SUCCESS Desired Access: Read Data/List Directory, Synchronize, Disposition: Open, Options: Synchronous IO Non-Alert, Non-Directory File, Attributes: n/a, ShareMode: Read, Delete, AllocationSize: n/a, OpenResult: Opened 4/14/2022 12:34:30 PM File System C:\Windows\system32\nltest.exe BLUETEAM\ezk nltest.exe  /dclist:BLUETEAM.COM 10756 2128",benign
nltest.exe,5768,CreateFile,C:\Windows\System32\mswsock.dll,SUCCESS,"Desired Access: Read Attributes, Disposition: Open, Options: Open Reparse Point, Attributes: n/a, ShareMode: Read, Write, Delete, AllocationSize: n/a, OpenResult: Opened",4/14/2022 12:34:30 PM,File System,C:\Windows\system32\nltest.exe,BLUETEAM\ezk,nltest.exe  /dclist:BLUETEAM.COM,10756,2128,"nltest.exe 5768 CreateFile C:\Windows\System32\mswsock.dll SUCCESS Desired Access: Read Attributes, Disposition: Open, Options: Open Reparse Point, Attributes: n/a, ShareMode: Read, Write, Delete, AllocationSize: n/a, OpenResult: Opened 4/14/2022 12:34:30 PM File System C:\Windows\system32\nltest.exe BLUETEAM\ezk nltest.exe  /dclist:BLUETEAM.COM 10756 2128",benign
nltest.exe,5768,QueryBasicInformationFile,C:\Windows\System32\mswsock.dll,SUCCESS,"CreationTime: 9/22/2021 5:22:05 PM, LastAccessTime: 4/14/2022 12:34:30 PM, LastWriteTime: 9/22/2021 5:22:05 PM, ChangeTime: 10/15/2021 2:25:23 PM, FileAttributes: A",4/14/2022 12:34:30 PM,File System,C:\Windows\system32\nltest.exe,BLUETEAM\ezk,nltest.exe  /dclist:BLUETEAM.COM,10756,2128,"nltest.exe 5768 QueryBasicInformationFile C:\Windows\System32\mswsock.dll SUCCESS CreationTime: 9/22/2021 5:22:05 PM, LastAccessTime: 4/14/2022 12:34:30 PM, LastWriteTime: 9/22/2021 5:22:05 PM, ChangeTime: 10/15/2021 2:25:23 PM, FileAttributes: A 4/14/2022 12:34:30 PM File System C:\Windows\system32\nltest.exe BLUETEAM\ezk nltest.exe  /dclist:BLUETEAM.COM 10756 2128",benign
nltest.exe,5768,CloseFile,C:\Windows\System32\mswsock.dll,SUCCESS,,4/14/2022 12:34:30 PM,File System,C:\Windows\system32\nltest.exe,BLUETEAM\ezk,nltest.exe  /dclist:BLUETEAM.COM,10756,2128,nltest.exe 5768 CloseFile C:\Windows\System32\mswsock.dll SUCCESS None 4/14/2022 12:34:30 PM File System C:\Windows\system32\nltest.exe BLUETEAM\ezk nltest.exe  /dclist:BLUETEAM.COM 10756 2128,benign
nltest.exe,5768,CreateFile,C:\Windows\System32\mswsock.dll,SUCCESS,"Desired Access: Read Attributes, Disposition: Open, Options: Open Reparse Point, Attributes: n/a, ShareMode: Read, Write, Delete, AllocationSize: n/a, OpenResult: Opened",4/14/2022 12:34:30 PM,File System,C:\Windows\system32\nltest.exe,BLUETEAM\ezk,nltest.exe  /dclist:BLUETEAM.COM,10756,2128,"nltest.exe 5768 CreateFile C:\Windows\System32\mswsock.dll SUCCESS Desired Access: Read Attributes, Disposition: Open, Options: Open Reparse Point, Attributes: n/a, ShareMode: Read, Write, Delete, AllocationSize: n/a, OpenResult: Opened 4/14/2022 12:34:30 PM File System C:\Windows\system32\nltest.exe BLUETEAM\ezk nltest.exe  /dclist:BLUETEAM.COM 10756 2128",benign
nltest.exe,5768,QueryBasicInformationFile,C:\Windows\System32\mswsock.dll,SUCCESS,"CreationTime: 9/22/2021 5:22:05 PM, LastAccessTime: 4/14/2022 12:34:30 PM, LastWriteTime: 9/22/2021 5:22:05 PM, ChangeTime: 10/15/2021 2:25:23 PM, FileAttributes: A",4/14/2022 12:34:30 PM,File System,C:\Windows\system32\nltest.exe,BLUETEAM\ezk,nltest.exe  /dclist:BLUETEAM.COM,10756,2128,"nltest.exe 5768 QueryBasicInformationFile C:\Windows\System32\mswsock.dll SUCCESS CreationTime: 9/22/2021 5:22:05 PM, LastAccessTime: 4/14/2022 12:34:30 PM, LastWriteTime: 9/22/2021 5:22:05 PM, ChangeTime: 10/15/2021 2:25:23 PM, FileAttributes: A 4/14/2022 12:34:30 PM File System C:\Windows\system32\nltest.exe BLUETEAM\ezk nltest.exe  /dclist:BLUETEAM.COM 10756 2128",benign
nltest.exe,5768,CloseFile,C:\Windows\System32\mswsock.dll,SUCCESS,,4/14/2022 12:34:30 PM,File System,C:\Windows\system32\nltest.exe,BLUETEAM\ezk,nltest.exe  /dclist:BLUETEAM.COM,10756,2128,nltest.exe 5768 CloseFile C:\Windows\System32\mswsock.dll SUCCESS None 4/14/2022 12:34:30 PM File System C:\Windows\system32\nltest.exe BLUETEAM\ezk nltest.exe  /dclist:BLUETEAM.COM 10756 2128,benign
nltest.exe,5768,CreateFile,C:\Windows\System32\mswsock.dll,SUCCESS,"Desired Access: Read Attributes, Disposition: Open, Options: Open Reparse Point, Attributes: n/a, ShareMode: Read, Write, Delete, AllocationSize: n/a, OpenResult: Opened",4/14/2022 12:34:30 PM,File System,C:\Windows\system32\nltest.exe,BLUETEAM\ezk,nltest.exe  /dclist:BLUETEAM.COM,10756,2128,"nltest.exe 5768 CreateFile C:\Windows\System32\mswsock.dll SUCCESS Desired Access: Read Attributes, Disposition: Open, Options: Open Reparse Point, Attributes: n/a, ShareMode: Read, Write, Delete, AllocationSize: n/a, OpenResult: Opened 4/14/2022 12:34:30 PM File System C:\Windows\system32\nltest.exe BLUETEAM\ezk nltest.exe  /dclist:BLUETEAM.COM 10756 2128",benign
nltest.exe,5768,QueryBasicInformationFile,C:\Windows\System32\mswsock.dll,SUCCESS,"CreationTime: 9/22/2021 5:22:05 PM, LastAccessTime: 4/14/2022 12:34:30 PM, LastWriteTime: 9/22/2021 5:22:05 PM, ChangeTime: 10/15/2021 2:25:23 PM, FileAttributes: A",4/14/2022 12:34:30 PM,File System,C:\Windows\system32\nltest.exe,BLUETEAM\ezk,nltest.exe  /dclist:BLUETEAM.COM,10756,2128,"nltest.exe 5768 QueryBasicInformationFile C:\Windows\System32\mswsock.dll SUCCESS CreationTime: 9/22/2021 5:22:05 PM, LastAccessTime: 4/14/2022 12:34:30 PM, LastWriteTime: 9/22/2021 5:22:05 PM, ChangeTime: 10/15/2021 2:25:23 PM, FileAttributes: A 4/14/2022 12:34:30 PM File System C:\Windows\system32\nltest.exe BLUETEAM\ezk nltest.exe  /dclist:BLUETEAM.COM 10756 2128",benign
nltest.exe,5768,CloseFile,C:\Windows\System32\mswsock.dll,SUCCESS,,4/14/2022 12:34:30 PM,File System,C:\Windows\system32\nltest.exe,BLUETEAM\ezk,nltest.exe  /dclist:BLUETEAM.COM,10756,2128,nltest.exe 5768 CloseFile C:\Windows\System32\mswsock.dll SUCCESS None 4/14/2022 12:34:30 PM File System C:\Windows\system32\nltest.exe BLUETEAM\ezk nltest.exe  /dclist:BLUETEAM.COM 10756 2128,benign
nltest.exe,5768,CreateFile,C:\Windows\System32\mswsock.dll,SUCCESS,"Desired Access: Read Attributes, Disposition: Open, Options: Open Reparse Point, Attributes: n/a, ShareMode: Read, Write, Delete, AllocationSize: n/a, OpenResult: Opened",4/14/2022 12:34:30 PM,File System,C:\Windows\system32\nltest.exe,BLUETEAM\ezk,nltest.exe  /dclist:BLUETEAM.COM,10756,2128,"nltest.exe 5768 CreateFile C:\Windows\System32\mswsock.dll SUCCESS Desired Access: Read Attributes, Disposition: Open, Options: Open Reparse Point, Attributes: n/a, ShareMode: Read, Write, Delete, AllocationSize: n/a, OpenResult: Opened 4/14/2022 12:34:30 PM File System C:\Windows\system32\nltest.exe BLUETEAM\ezk nltest.exe  /dclist:BLUETEAM.COM 10756 2128",benign
nltest.exe,5768,QueryBasicInformationFile,C:\Windows\System32\mswsock.dll,SUCCESS,"CreationTime: 9/22/2021 5:22:05 PM, LastAccessTime: 4/14/2022 12:34:30 PM, LastWriteTime: 9/22/2021 5:22:05 PM, ChangeTime: 10/15/2021 2:25:23 PM, FileAttributes: A",4/14/2022 12:34:30 PM,File System,C:\Windows\system32\nltest.exe,BLUETEAM\ezk,nltest.exe  /dclist:BLUETEAM.COM,10756,2128,"nltest.exe 5768 QueryBasicInformationFile C:\Windows\System32\mswsock.dll SUCCESS CreationTime: 9/22/2021 5:22:05 PM, LastAccessTime: 4/14/2022 12:34:30 PM, LastWriteTime: 9/22/2021 5:22:05 PM, ChangeTime: 10/15/2021 2:25:23 PM, FileAttributes: A 4/14/2022 12:34:30 PM File System C:\Windows\system32\nltest.exe BLUETEAM\ezk nltest.exe  /dclist:BLUETEAM.COM 10756 2128",benign
nltest.exe,5768,CloseFile,C:\Windows\System32\mswsock.dll,SUCCESS,,4/14/2022 12:34:30 PM,File System,C:\Windows\system32\nltest.exe,BLUETEAM\ezk,nltest.exe  /dclist:BLUETEAM.COM,10756,2128,nltest.exe 5768 CloseFile C:\Windows\System32\mswsock.dll SUCCESS None 4/14/2022 12:34:30 PM File System C:\Windows\system32\nltest.exe BLUETEAM\ezk nltest.exe  /dclist:BLUETEAM.COM 10756 2128,benign
nltest.exe,5768,CreateFile,C:\Windows\System32\mswsock.dll,SUCCESS,"Desired Access: Read Attributes, Disposition: Open, Options: Open Reparse Point, Attributes: n/a, ShareMode: Read, Write, Delete, AllocationSize: n/a, OpenResult: Opened",4/14/2022 12:34:30 PM,File System,C:\Windows\system32\nltest.exe,BLUETEAM\ezk,nltest.exe  /dclist:BLUETEAM.COM,10756,2128,"nltest.exe 5768 CreateFile C:\Windows\System32\mswsock.dll SUCCESS Desired Access: Read Attributes, Disposition: Open, Options: Open Reparse Point, Attributes: n/a, ShareMode: Read, Write, Delete, AllocationSize: n/a, OpenResult: Opened 4/14/2022 12:34:30 PM File System C:\Windows\system32\nltest.exe BLUETEAM\ezk nltest.exe  /dclist:BLUETEAM.COM 10756 2128",benign
nltest.exe,5768,CreateFile,C:\Windows\System32\wshqos.dll,SUCCESS,"Desired Access: Generic Read, Disposition: Open, Options: Synchronous IO Non-Alert, Non-Directory File, Attributes: n/a, ShareMode: Read, Delete, AllocationSize: n/a, OpenResult: Opened",4/14/2022 12:34:30 PM,File System,C:\Windows\system32\nltest.exe,BLUETEAM\ezk,nltest.exe  /dclist:BLUETEAM.COM,10756,2128,"nltest.exe 5768 CreateFile C:\Windows\System32\wshqos.dll SUCCESS Desired Access: Generic Read, Disposition: Open, Options: Synchronous IO Non-Alert, Non-Directory File, Attributes: n/a, ShareMode: Read, Delete, AllocationSize: n/a, OpenResult: Opened 4/14/2022 12:34:30 PM File System C:\Windows\system32\nltest.exe BLUETEAM\ezk nltest.exe  /dclist:BLUETEAM.COM 10756 2128",benign
nltest.exe,5768,CloseFile,C:\Windows\System32\wshqos.dll,SUCCESS,,4/14/2022 12:34:30 PM,File System,C:\Windows\system32\nltest.exe,BLUETEAM\ezk,nltest.exe  /dclist:BLUETEAM.COM,10756,2128,nltest.exe 5768 CloseFile C:\Windows\System32\wshqos.dll SUCCESS None 4/14/2022 12:34:30 PM File System C:\Windows\system32\nltest.exe BLUETEAM\ezk nltest.exe  /dclist:BLUETEAM.COM 10756 2128,benign
nltest.exe,5768,QueryBasicInformationFile,C:\Windows\System32\wshqos.dll,SUCCESS,"CreationTime: 9/22/2021 5:21:49 PM, LastAccessTime: 4/14/2022 12:34:30 PM, LastWriteTime: 9/22/2021 5:21:49 PM, ChangeTime: 10/15/2021 2:25:23 PM, FileAttributes: A",4/14/2022 12:34:30 PM,File System,C:\Windows\system32\nltest.exe,BLUETEAM\ezk,nltest.exe  /dclist:BLUETEAM.COM,10756,2128,"nltest.exe 5768 QueryBasicInformationFile C:\Windows\System32\wshqos.dll SUCCESS CreationTime: 9/22/2021 5:21:49 PM, LastAccessTime: 4/14/2022 12:34:30 PM, LastWriteTime: 9/22/2021 5:21:49 PM, ChangeTime: 10/15/2021 2:25:23 PM, FileAttributes: A 4/14/2022 12:34:30 PM File System C:\Windows\system32\nltest.exe BLUETEAM\ezk nltest.exe  /dclist:BLUETEAM.COM 10756 2128",benign
nltest.exe,5768,CreateFile,C:\Windows\System32\wshqos.dll,SUCCESS,"Desired Access: Read Attributes, Disposition: Open, Options: Open Reparse Point, Attributes: n/a, ShareMode: Read, Write, Delete, AllocationSize: n/a, OpenResult: Opened",4/14/2022 12:34:30 PM,File System,C:\Windows\system32\nltest.exe,BLUETEAM\ezk,nltest.exe  /dclist:BLUETEAM.COM,10756,2128,"nltest.exe 5768 CreateFile C:\Windows\System32\wshqos.dll SUCCESS Desired Access: Read Attributes, Disposition: Open, Options: Open Reparse Point, Attributes: n/a, ShareMode: Read, Write, Delete, AllocationSize: n/a, OpenResult: Opened 4/14/2022 12:34:30 PM File System C:\Windows\system32\nltest.exe BLUETEAM\ezk nltest.exe  /dclist:BLUETEAM.COM 10756 2128",benign
nltest.exe,5768,CloseFile,C:\Windows\System32\en-US\wshqos.dll.mui,SUCCESS,,4/14/2022 12:34:30 PM,File System,C:\Windows\system32\nltest.exe,BLUETEAM\ezk,nltest.exe  /dclist:BLUETEAM.COM,10756,2128,nltest.exe 5768 CloseFile C:\Windows\System32\en-US\wshqos.dll.mui SUCCESS None 4/14/2022 12:34:30 PM File System C:\Windows\system32\nltest.exe BLUETEAM\ezk nltest.exe  /dclist:BLUETEAM.COM 10756 2128,benign
nltest.exe,5768,CreateFile,C:\Windows\System32\en-US\wshqos.dll.mui,SUCCESS,"Desired Access: Read Data/List Directory, Synchronize, Disposition: Open, Options: Synchronous IO Non-Alert, Non-Directory File, Attributes: n/a, ShareMode: Read, Delete, AllocationSize: n/a, OpenResult: Opened",4/14/2022 12:34:30 PM,File System,C:\Windows\system32\nltest.exe,BLUETEAM\ezk,nltest.exe  /dclist:BLUETEAM.COM,10756,2128,"nltest.exe 5768 CreateFile C:\Windows\System32\en-US\wshqos.dll.mui SUCCESS Desired Access: Read Data/List Directory, Synchronize, Disposition: Open, Options: Synchronous IO Non-Alert, Non-Directory File, Attributes: n/a, ShareMode: Read, Delete, AllocationSize: n/a, OpenResult: Opened 4/14/2022 12:34:30 PM File System C:\Windows\system32\nltest.exe BLUETEAM\ezk nltest.exe  /dclist:BLUETEAM.COM 10756 2128",benign
nltest.exe,5768,CreateFile,C:\Windows\System32\mswsock.dll,SUCCESS,"Desired Access: Read Attributes, Disposition: Open, Options: Open Reparse Point, Attributes: n/a, ShareMode: Read, Write, Delete, AllocationSize: n/a, OpenResult: Opened",4/14/2022 12:34:30 PM,File System,C:\Windows\system32\nltest.exe,BLUETEAM\ezk,nltest.exe  /dclist:BLUETEAM.COM,10756,2128,"nltest.exe 5768 CreateFile C:\Windows\System32\mswsock.dll SUCCESS Desired Access: Read Attributes, Disposition: Open, Options: Open Reparse Point, Attributes: n/a, ShareMode: Read, Write, Delete, AllocationSize: n/a, OpenResult: Opened 4/14/2022 12:34:30 PM File System C:\Windows\system32\nltest.exe BLUETEAM\ezk nltest.exe  /dclist:BLUETEAM.COM 10756 2128",benign
nltest.exe,5768,RegOpenKey,HKLM\Software\Microsoft\LanguageOverlay\OverlayPackages\en-US,NAME NOT FOUND,Desired Access: Read,4/14/2022 12:34:30 PM,Registry,C:\Windows\system32\nltest.exe,BLUETEAM\ezk,nltest.exe  /dclist:BLUETEAM.COM,10756,2128,nltest.exe 5768 RegOpenKey HKLM\Software\Microsoft\LanguageOverlay\OverlayPackages\en-US NAME NOT FOUND Desired Access: Read 4/14/2022 12:34:30 PM Registry C:\Windows\system32\nltest.exe BLUETEAM\ezk nltest.exe  /dclist:BLUETEAM.COM 10756 2128,benign
nltest.exe,5768,CreateFile,C:\Windows\System32\wshqos.dll,SUCCESS,"Desired Access: Generic Read, Disposition: Open, Options: Synchronous IO Non-Alert, Non-Directory File, Attributes: n/a, ShareMode: Read, Delete, AllocationSize: n/a, OpenResult: Opened",4/14/2022 12:34:30 PM,File System,C:\Windows\system32\nltest.exe,BLUETEAM\ezk,nltest.exe  /dclist:BLUETEAM.COM,10756,2128,"nltest.exe 5768 CreateFile C:\Windows\System32\wshqos.dll SUCCESS Desired Access: Generic Read, Disposition: Open, Options: Synchronous IO Non-Alert, Non-Directory File, Attributes: n/a, ShareMode: Read, Delete, AllocationSize: n/a, OpenResult: Opened 4/14/2022 12:34:30 PM File System C:\Windows\system32\nltest.exe BLUETEAM\ezk nltest.exe  /dclist:BLUETEAM.COM 10756 2128",benign
nltest.exe,5768,CloseFile,C:\Windows\System32\wshqos.dll,SUCCESS,,4/14/2022 12:34:30 PM,File System,C:\Windows\system32\nltest.exe,BLUETEAM\ezk,nltest.exe  /dclist:BLUETEAM.COM,10756,2128,nltest.exe 5768 CloseFile C:\Windows\System32\wshqos.dll SUCCESS None 4/14/2022 12:34:30 PM File System C:\Windows\system32\nltest.exe BLUETEAM\ezk nltest.exe  /dclist:BLUETEAM.COM 10756 2128,benign
nltest.exe,5768,QueryBasicInformationFile,C:\Windows\System32\wshqos.dll,SUCCESS,"CreationTime: 9/22/2021 5:21:49 PM, LastAccessTime: 4/14/2022 12:25:46 PM, LastWriteTime: 9/22/2021 5:21:49 PM, ChangeTime: 10/15/2021 2:25:23 PM, FileAttributes: A",4/14/2022 12:34:30 PM,File System,C:\Windows\system32\nltest.exe,BLUETEAM\ezk,nltest.exe  /dclist:BLUETEAM.COM,10756,2128,"nltest.exe 5768 QueryBasicInformationFile C:\Windows\System32\wshqos.dll SUCCESS CreationTime: 9/22/2021 5:21:49 PM, LastAccessTime: 4/14/2022 12:25:46 PM, LastWriteTime: 9/22/2021 5:21:49 PM, ChangeTime: 10/15/2021 2:25:23 PM, FileAttributes: A 4/14/2022 12:34:30 PM File System C:\Windows\system32\nltest.exe BLUETEAM\ezk nltest.exe  /dclist:BLUETEAM.COM 10756 2128",benign
nltest.exe,5768,CreateFile,C:\Windows\System32\wshqos.dll,SUCCESS,"Desired Access: Read Attributes, Disposition: Open, Options: Open Reparse Point, Attributes: n/a, ShareMode: Read, Write, Delete, AllocationSize: n/a, OpenResult: Opened",4/14/2022 12:34:30 PM,File System,C:\Windows\system32\nltest.exe,BLUETEAM\ezk,nltest.exe  /dclist:BLUETEAM.COM,10756,2128,"nltest.exe 5768 CreateFile C:\Windows\System32\wshqos.dll SUCCESS Desired Access: Read Attributes, Disposition: Open, Options: Open Reparse Point, Attributes: n/a, ShareMode: Read, Write, Delete, AllocationSize: n/a, OpenResult: Opened 4/14/2022 12:34:30 PM File System C:\Windows\system32\nltest.exe BLUETEAM\ezk nltest.exe  /dclist:BLUETEAM.COM 10756 2128",benign
nltest.exe,5768,CloseFile,C:\Windows\System32\mswsock.dll,SUCCESS,,4/14/2022 12:34:30 PM,File System,C:\Windows\system32\nltest.exe,BLUETEAM\ezk,nltest.exe  /dclist:BLUETEAM.COM,10756,2128,nltest.exe 5768 CloseFile C:\Windows\System32\mswsock.dll SUCCESS None 4/14/2022 12:34:30 PM File System C:\Windows\system32\nltest.exe BLUETEAM\ezk nltest.exe  /dclist:BLUETEAM.COM 10756 2128,benign
nltest.exe,5768,QueryBasicInformationFile,C:\Windows\System32\mswsock.dll,SUCCESS,"CreationTime: 9/22/2021 5:22:05 PM, LastAccessTime: 4/14/2022 12:34:30 PM, LastWriteTime: 9/22/2021 5:22:05 PM, ChangeTime: 10/15/2021 2:25:23 PM, FileAttributes: A",4/14/2022 12:34:30 PM,File System,C:\Windows\system32\nltest.exe,BLUETEAM\ezk,nltest.exe  /dclist:BLUETEAM.COM,10756,2128,"nltest.exe 5768 QueryBasicInformationFile C:\Windows\System32\mswsock.dll SUCCESS CreationTime: 9/22/2021 5:22:05 PM, LastAccessTime: 4/14/2022 12:34:30 PM, LastWriteTime: 9/22/2021 5:22:05 PM, ChangeTime: 10/15/2021 2:25:23 PM, FileAttributes: A 4/14/2022 12:34:30 PM File System C:\Windows\system32\nltest.exe BLUETEAM\ezk nltest.exe  /dclist:BLUETEAM.COM 10756 2128",benign
nltest.exe,5768,CloseFile,C:\Windows\System32\wshqos.dll,SUCCESS,,4/14/2022 12:34:30 PM,File System,C:\Windows\system32\nltest.exe,BLUETEAM\ezk,nltest.exe  /dclist:BLUETEAM.COM,10756,2128,nltest.exe 5768 CloseFile C:\Windows\System32\wshqos.dll SUCCESS None 4/14/2022 12:34:30 PM File System C:\Windows\system32\nltest.exe BLUETEAM\ezk nltest.exe  /dclist:BLUETEAM.COM 10756 2128,benign
nltest.exe,5768,RegQueryValue,HKLM\System\CurrentControlSet\Services\Tcpip\Parameters\Hostname,BUFFER OVERFLOW,Length: 12,4/14/2022 12:34:30 PM,Registry,C:\Windows\system32\nltest.exe,BLUETEAM\ezk,nltest.exe  /dclist:BLUETEAM.COM,10756,2128,nltest.exe 5768 RegQueryValue HKLM\System\CurrentControlSet\Services\Tcpip\Parameters\Hostname BUFFER OVERFLOW Length: 12 4/14/2022 12:34:30 PM Registry C:\Windows\system32\nltest.exe BLUETEAM\ezk nltest.exe  /dclist:BLUETEAM.COM 10756 2128,benign
nltest.exe,5768,TCP Connect,DESKTOP-BA1RQFC.blueteam.com:62814 -> 192.168.48.10:epmap,SUCCESS,"Length: 0, mss: 1460, sackopt: 1, tsopt: 0, wsopt: 1, rcvwin: 2102400, rcvwinscale: 8, sndwinscale: 8, seqnum: 0, connid: 0",4/14/2022 12:34:30 PM,Network,C:\Windows\system32\nltest.exe,BLUETEAM\ezk,nltest.exe  /dclist:BLUETEAM.COM,0,2128,"nltest.exe 5768 TCP Connect DESKTOP-BA1RQFC.blueteam.com:62814 -> 192.168.48.10:epmap SUCCESS Length: 0, mss: 1460, sackopt: 1, tsopt: 0, wsopt: 1, rcvwin: 2102400, rcvwinscale: 8, sndwinscale: 8, seqnum: 0, connid: 0 4/14/2022 12:34:30 PM Network C:\Windows\system32\nltest.exe BLUETEAM\ezk nltest.exe  /dclist:BLUETEAM.COM 0 2128",benign
nltest.exe,5768,CreateFile,C:\Windows\System32\FWPUCLNT.DLL,SUCCESS,"Desired Access: Read Data/List Directory, Execute/Traverse, Synchronize, Disposition: Open, Options: Synchronous IO Non-Alert, Non-Directory File, Attributes: n/a, ShareMode: Read, Delete, AllocationSize: n/a, OpenResult: Opened",4/14/2022 12:34:30 PM,File System,C:\Windows\system32\nltest.exe,BLUETEAM\ezk,nltest.exe  /dclist:BLUETEAM.COM,10756,2128,"nltest.exe 5768 CreateFile C:\Windows\System32\FWPUCLNT.DLL SUCCESS Desired Access: Read Data/List Directory, Execute/Traverse, Synchronize, Disposition: Open, Options: Synchronous IO Non-Alert, Non-Directory File, Attributes: n/a, ShareMode: Read, Delete, AllocationSize: n/a, OpenResult: Opened 4/14/2022 12:34:30 PM File System C:\Windows\system32\nltest.exe BLUETEAM\ezk nltest.exe  /dclist:BLUETEAM.COM 10756 2128",benign
nltest.exe,5768,RegCloseKey,HKLM\System\CurrentControlSet\Services\Tcpip\Parameters,SUCCESS,,4/14/2022 12:34:30 PM,Registry,C:\Windows\system32\nltest.exe,BLUETEAM\ezk,nltest.exe  /dclist:BLUETEAM.COM,10756,2128,nltest.exe 5768 RegCloseKey HKLM\System\CurrentControlSet\Services\Tcpip\Parameters SUCCESS None 4/14/2022 12:34:30 PM Registry C:\Windows\system32\nltest.exe BLUETEAM\ezk nltest.exe  /dclist:BLUETEAM.COM 10756 2128,benign
nltest.exe,5768,RegCloseKey,HKLM\System\CurrentControlSet\Services\Dnscache\Parameters,SUCCESS,,4/14/2022 12:34:30 PM,Registry,C:\Windows\system32\nltest.exe,BLUETEAM\ezk,nltest.exe  /dclist:BLUETEAM.COM,10756,2128,nltest.exe 5768 RegCloseKey HKLM\System\CurrentControlSet\Services\Dnscache\Parameters SUCCESS None 4/14/2022 12:34:30 PM Registry C:\Windows\system32\nltest.exe BLUETEAM\ezk nltest.exe  /dclist:BLUETEAM.COM 10756 2128,benign
nltest.exe,5768,RegQueryKey,HKLM,SUCCESS,"Query: HandleTags, HandleTags: 0x0",4/14/2022 12:34:30 PM,Registry,C:\Windows\system32\nltest.exe,BLUETEAM\ezk,nltest.exe  /dclist:BLUETEAM.COM,10756,2128,"nltest.exe 5768 RegQueryKey HKLM SUCCESS Query: HandleTags, HandleTags: 0x0 4/14/2022 12:34:30 PM Registry C:\Windows\system32\nltest.exe BLUETEAM\ezk nltest.exe  /dclist:BLUETEAM.COM 10756 2128",benign
nltest.exe,5768,RegCreateKey,HKLM\System\CurrentControlSet\Services\Tcpip\Parameters,REPARSE,Desired Access: Read,4/14/2022 12:34:30 PM,Registry,C:\Windows\system32\nltest.exe,BLUETEAM\ezk,nltest.exe  /dclist:BLUETEAM.COM,10756,2128,nltest.exe 5768 RegCreateKey HKLM\System\CurrentControlSet\Services\Tcpip\Parameters REPARSE Desired Access: Read 4/14/2022 12:34:30 PM Registry C:\Windows\system32\nltest.exe BLUETEAM\ezk nltest.exe  /dclist:BLUETEAM.COM 10756 2128,benign
nltest.exe,5768,RegCreateKey,HKLM\System\CurrentControlSet\Services\Tcpip\Parameters,SUCCESS,"Desired Access: Read, Disposition: REG_OPENED_EXISTING_KEY",4/14/2022 12:34:30 PM,Registry,C:\Windows\system32\nltest.exe,BLUETEAM\ezk,nltest.exe  /dclist:BLUETEAM.COM,10756,2128,"nltest.exe 5768 RegCreateKey HKLM\System\CurrentControlSet\Services\Tcpip\Parameters SUCCESS Desired Access: Read, Disposition: REG_OPENED_EXISTING_KEY 4/14/2022 12:34:30 PM Registry C:\Windows\system32\nltest.exe BLUETEAM\ezk nltest.exe  /dclist:BLUETEAM.COM 10756 2128",benign
nltest.exe,5768,RegQueryKey,HKLM,SUCCESS,"Query: HandleTags, HandleTags: 0x0",4/14/2022 12:34:30 PM,Registry,C:\Windows\system32\nltest.exe,BLUETEAM\ezk,nltest.exe  /dclist:BLUETEAM.COM,10756,2128,"nltest.exe 5768 RegQueryKey HKLM SUCCESS Query: HandleTags, HandleTags: 0x0 4/14/2022 12:34:30 PM Registry C:\Windows\system32\nltest.exe BLUETEAM\ezk nltest.exe  /dclist:BLUETEAM.COM 10756 2128",benign
nltest.exe,5768,RegOpenKey,HKLM\SYSTEM\CurrentControlSet\Services\Dnscache\Parameters,REPARSE,Desired Access: Read,4/14/2022 12:34:30 PM,Registry,C:\Windows\system32\nltest.exe,BLUETEAM\ezk,nltest.exe  /dclist:BLUETEAM.COM,10756,2128,nltest.exe 5768 RegOpenKey HKLM\SYSTEM\CurrentControlSet\Services\Dnscache\Parameters REPARSE Desired Access: Read 4/14/2022 12:34:30 PM Registry C:\Windows\system32\nltest.exe BLUETEAM\ezk nltest.exe  /dclist:BLUETEAM.COM 10756 2128,benign
nltest.exe,5768,RegOpenKey,HKLM\System\CurrentControlSet\Services\Dnscache\Parameters,SUCCESS,Desired Access: Read,4/14/2022 12:34:30 PM,Registry,C:\Windows\system32\nltest.exe,BLUETEAM\ezk,nltest.exe  /dclist:BLUETEAM.COM,10756,2128,nltest.exe 5768 RegOpenKey HKLM\System\CurrentControlSet\Services\Dnscache\Parameters SUCCESS Desired Access: Read 4/14/2022 12:34:30 PM Registry C:\Windows\system32\nltest.exe BLUETEAM\ezk nltest.exe  /dclist:BLUETEAM.COM 10756 2128,benign
nltest.exe,5768,RegQueryKey,HKLM,SUCCESS,"Query: HandleTags, HandleTags: 0x0",4/14/2022 12:34:30 PM,Registry,C:\Windows\system32\nltest.exe,BLUETEAM\ezk,nltest.exe  /dclist:BLUETEAM.COM,10756,2128,"nltest.exe 5768 RegQueryKey HKLM SUCCESS Query: HandleTags, HandleTags: 0x0 4/14/2022 12:34:30 PM Registry C:\Windows\system32\nltest.exe BLUETEAM\ezk nltest.exe  /dclist:BLUETEAM.COM 10756 2128",benign
nltest.exe,5768,RegOpenKey,HKLM\Software\Policies\Microsoft\Windows NT\DnsClient,NAME NOT FOUND,Desired Access: Read,4/14/2022 12:34:30 PM,Registry,C:\Windows\system32\nltest.exe,BLUETEAM\ezk,nltest.exe  /dclist:BLUETEAM.COM,10756,2128,nltest.exe 5768 RegOpenKey HKLM\Software\Policies\Microsoft\Windows NT\DnsClient NAME NOT FOUND Desired Access: Read 4/14/2022 12:34:30 PM Registry C:\Windows\system32\nltest.exe BLUETEAM\ezk nltest.exe  /dclist:BLUETEAM.COM 10756 2128,benign
nltest.exe,5768,RegQueryKey,HKLM,SUCCESS,"Query: HandleTags, HandleTags: 0x0",4/14/2022 12:34:30 PM,Registry,C:\Windows\system32\nltest.exe,BLUETEAM\ezk,nltest.exe  /dclist:BLUETEAM.COM,10756,2128,"nltest.exe 5768 RegQueryKey HKLM SUCCESS Query: HandleTags, HandleTags: 0x0 4/14/2022 12:34:30 PM Registry C:\Windows\system32\nltest.exe BLUETEAM\ezk nltest.exe  /dclist:BLUETEAM.COM 10756 2128",benign
nltest.exe,5768,RegOpenKey,HKLM\Software\Policies\Microsoft\System\DNSClient,NAME NOT FOUND,Desired Access: Query Value,4/14/2022 12:34:30 PM,Registry,C:\Windows\system32\nltest.exe,BLUETEAM\ezk,nltest.exe  /dclist:BLUETEAM.COM,10756,2128,nltest.exe 5768 RegOpenKey HKLM\Software\Policies\Microsoft\System\DNSClient NAME NOT FOUND Desired Access: Query Value 4/14/2022 12:34:30 PM Registry C:\Windows\system32\nltest.exe BLUETEAM\ezk nltest.exe  /dclist:BLUETEAM.COM 10756 2128,benign
nltest.exe,5768,RegQueryValue,HKLM\System\CurrentControlSet\Services\Tcpip\Parameters\Domain,BUFFER OVERFLOW,Length: 12,4/14/2022 12:34:30 PM,Registry,C:\Windows\system32\nltest.exe,BLUETEAM\ezk,nltest.exe  /dclist:BLUETEAM.COM,10756,2128,nltest.exe 5768 RegQueryValue HKLM\System\CurrentControlSet\Services\Tcpip\Parameters\Domain BUFFER OVERFLOW Length: 12 4/14/2022 12:34:30 PM Registry C:\Windows\system32\nltest.exe BLUETEAM\ezk nltest.exe  /dclist:BLUETEAM.COM 10756 2128,benign
nltest.exe,5768,RegQueryValue,HKLM\System\CurrentControlSet\Services\Tcpip\Parameters\Domain,SUCCESS,"Type: REG_SZ, Length: 26, Data: blueteam.com",4/14/2022 12:34:30 PM,Registry,C:\Windows\system32\nltest.exe,BLUETEAM\ezk,nltest.exe  /dclist:BLUETEAM.COM,10756,2128,"nltest.exe 5768 RegQueryValue HKLM\System\CurrentControlSet\Services\Tcpip\Parameters\Domain SUCCESS Type: REG_SZ, Length: 26, Data: blueteam.com 4/14/2022 12:34:30 PM Registry C:\Windows\system32\nltest.exe BLUETEAM\ezk nltest.exe  /dclist:BLUETEAM.COM 10756 2128",benign
nltest.exe,5768,RegCloseKey,HKLM\System\CurrentControlSet\Services\Tcpip\Parameters,SUCCESS,,4/14/2022 12:34:30 PM,Registry,C:\Windows\system32\nltest.exe,BLUETEAM\ezk,nltest.exe  /dclist:BLUETEAM.COM,10756,2128,nltest.exe 5768 RegCloseKey HKLM\System\CurrentControlSet\Services\Tcpip\Parameters SUCCESS None 4/14/2022 12:34:30 PM Registry C:\Windows\system32\nltest.exe BLUETEAM\ezk nltest.exe  /dclist:BLUETEAM.COM 10756 2128,benign
nltest.exe,5768,RegCloseKey,HKLM\System\CurrentControlSet\Services\Dnscache\Parameters,SUCCESS,,4/14/2022 12:34:30 PM,Registry,C:\Windows\system32\nltest.exe,BLUETEAM\ezk,nltest.exe  /dclist:BLUETEAM.COM,10756,2128,nltest.exe 5768 RegCloseKey HKLM\System\CurrentControlSet\Services\Dnscache\Parameters SUCCESS None 4/14/2022 12:34:30 PM Registry C:\Windows\system32\nltest.exe BLUETEAM\ezk nltest.exe  /dclist:BLUETEAM.COM 10756 2128,benign
nltest.exe,5768,RegQueryKey,HKLM,SUCCESS,"Query: HandleTags, HandleTags: 0x0",4/14/2022 12:34:30 PM,Registry,C:\Windows\system32\nltest.exe,BLUETEAM\ezk,nltest.exe  /dclist:BLUETEAM.COM,10756,2128,"nltest.exe 5768 RegQueryKey HKLM SUCCESS Query: HandleTags, HandleTags: 0x0 4/14/2022 12:34:30 PM Registry C:\Windows\system32\nltest.exe BLUETEAM\ezk nltest.exe  /dclist:BLUETEAM.COM 10756 2128",benign
nltest.exe,5768,CloseFile,C:\Windows\System32\FWPUCLNT.DLL,SUCCESS,,4/14/2022 12:34:30 PM,File System,C:\Windows\system32\nltest.exe,BLUETEAM\ezk,nltest.exe  /dclist:BLUETEAM.COM,10756,2128,nltest.exe 5768 CloseFile C:\Windows\System32\FWPUCLNT.DLL SUCCESS None 4/14/2022 12:34:30 PM File System C:\Windows\system32\nltest.exe BLUETEAM\ezk nltest.exe  /dclist:BLUETEAM.COM 10756 2128,benign
nltest.exe,5768,QueryBasicInformationFile,C:\Windows\System32\FWPUCLNT.DLL,SUCCESS,"CreationTime: 9/22/2021 5:21:49 PM, LastAccessTime: 4/14/2022 12:33:09 PM, LastWriteTime: 9/22/2021 5:21:49 PM, ChangeTime: 10/15/2021 2:25:08 PM, FileAttributes: A",4/14/2022 12:34:30 PM,File System,C:\Windows\system32\nltest.exe,BLUETEAM\ezk,nltest.exe  /dclist:BLUETEAM.COM,10756,2128,"nltest.exe 5768 QueryBasicInformationFile C:\Windows\System32\FWPUCLNT.DLL SUCCESS CreationTime: 9/22/2021 5:21:49 PM, LastAccessTime: 4/14/2022 12:33:09 PM, LastWriteTime: 9/22/2021 5:21:49 PM, ChangeTime: 10/15/2021 2:25:08 PM, FileAttributes: A 4/14/2022 12:34:30 PM File System C:\Windows\system32\nltest.exe BLUETEAM\ezk nltest.exe  /dclist:BLUETEAM.COM 10756 2128",benign
nltest.exe,5768,CreateFile,C:\Windows\System32\FWPUCLNT.DLL,SUCCESS,"Desired Access: Read Attributes, Disposition: Open, Options: Open Reparse Point, Attributes: n/a, ShareMode: Read, Write, Delete, AllocationSize: n/a, OpenResult: Opened",4/14/2022 12:34:30 PM,File System,C:\Windows\system32\nltest.exe,BLUETEAM\ezk,nltest.exe  /dclist:BLUETEAM.COM,10756,2128,"nltest.exe 5768 CreateFile C:\Windows\System32\FWPUCLNT.DLL SUCCESS Desired Access: Read Attributes, Disposition: Open, Options: Open Reparse Point, Attributes: n/a, ShareMode: Read, Write, Delete, AllocationSize: n/a, OpenResult: Opened 4/14/2022 12:34:30 PM File System C:\Windows\system32\nltest.exe BLUETEAM\ezk nltest.exe  /dclist:BLUETEAM.COM 10756 2128",benign
nltest.exe,5768,RegCloseKey,HKLM\System\CurrentControlSet\Services\Dnscache\Parameters,SUCCESS,,4/14/2022 12:34:30 PM,Registry,C:\Windows\system32\nltest.exe,BLUETEAM\ezk,nltest.exe  /dclist:BLUETEAM.COM,10756,2128,nltest.exe 5768 RegCloseKey HKLM\System\CurrentControlSet\Services\Dnscache\Parameters SUCCESS None 4/14/2022 12:34:30 PM Registry C:\Windows\system32\nltest.exe BLUETEAM\ezk nltest.exe  /dclist:BLUETEAM.COM 10756 2128,benign
nltest.exe,5768,RegCloseKey,HKLM\System\CurrentControlSet\Services\Tcpip\Parameters,SUCCESS,,4/14/2022 12:34:30 PM,Registry,C:\Windows\system32\nltest.exe,BLUETEAM\ezk,nltest.exe  /dclist:BLUETEAM.COM,10756,2128,nltest.exe 5768 RegCloseKey HKLM\System\CurrentControlSet\Services\Tcpip\Parameters SUCCESS None 4/14/2022 12:34:30 PM Registry C:\Windows\system32\nltest.exe BLUETEAM\ezk nltest.exe  /dclist:BLUETEAM.COM 10756 2128,benign
nltest.exe,5768,RegQueryValue,HKLM\System\CurrentControlSet\Services\Tcpip\Parameters\Hostname,SUCCESS,"Type: REG_SZ, Length: 32, Data: DESKTOP-BA1RQFC",4/14/2022 12:34:30 PM,Registry,C:\Windows\system32\nltest.exe,BLUETEAM\ezk,nltest.exe  /dclist:BLUETEAM.COM,10756,2128,"nltest.exe 5768 RegQueryValue HKLM\System\CurrentControlSet\Services\Tcpip\Parameters\Hostname SUCCESS Type: REG_SZ, Length: 32, Data: DESKTOP-BA1RQFC 4/14/2022 12:34:30 PM Registry C:\Windows\system32\nltest.exe BLUETEAM\ezk nltest.exe  /dclist:BLUETEAM.COM 10756 2128",benign
nltest.exe,5768,CloseFile,C:\Windows\System32\FWPUCLNT.DLL,SUCCESS,,4/14/2022 12:34:30 PM,File System,C:\Windows\system32\nltest.exe,BLUETEAM\ezk,nltest.exe  /dclist:BLUETEAM.COM,10756,2128,nltest.exe 5768 CloseFile C:\Windows\System32\FWPUCLNT.DLL SUCCESS None 4/14/2022 12:34:30 PM File System C:\Windows\system32\nltest.exe BLUETEAM\ezk nltest.exe  /dclist:BLUETEAM.COM 10756 2128,benign
nltest.exe,5768,RegQueryValue,HKLM\System\CurrentControlSet\Services\Tcpip\Parameters\Hostname,BUFFER OVERFLOW,Length: 12,4/14/2022 12:34:30 PM,Registry,C:\Windows\system32\nltest.exe,BLUETEAM\ezk,nltest.exe  /dclist:BLUETEAM.COM,10756,2128,nltest.exe 5768 RegQueryValue HKLM\System\CurrentControlSet\Services\Tcpip\Parameters\Hostname BUFFER OVERFLOW Length: 12 4/14/2022 12:34:30 PM Registry C:\Windows\system32\nltest.exe BLUETEAM\ezk nltest.exe  /dclist:BLUETEAM.COM 10756 2128,benign
nltest.exe,5768,RegQueryKey,HKLM,SUCCESS,"Query: HandleTags, HandleTags: 0x0",4/14/2022 12:34:30 PM,Registry,C:\Windows\system32\nltest.exe,BLUETEAM\ezk,nltest.exe  /dclist:BLUETEAM.COM,10756,2128,"nltest.exe 5768 RegQueryKey HKLM SUCCESS Query: HandleTags, HandleTags: 0x0 4/14/2022 12:34:30 PM Registry C:\Windows\system32\nltest.exe BLUETEAM\ezk nltest.exe  /dclist:BLUETEAM.COM 10756 2128",benign
nltest.exe,5768,RegOpenKey,HKLM\System\CurrentControlSet\Services\Dnscache\Parameters,SUCCESS,Desired Access: Read,4/14/2022 12:34:30 PM,Registry,C:\Windows\system32\nltest.exe,BLUETEAM\ezk,nltest.exe  /dclist:BLUETEAM.COM,10756,2128,nltest.exe 5768 RegOpenKey HKLM\System\CurrentControlSet\Services\Dnscache\Parameters SUCCESS Desired Access: Read 4/14/2022 12:34:30 PM Registry C:\Windows\system32\nltest.exe BLUETEAM\ezk nltest.exe  /dclist:BLUETEAM.COM 10756 2128,benign
nltest.exe,5768,RegOpenKey,HKLM\SYSTEM\CurrentControlSet\Services\Dnscache\Parameters,REPARSE,Desired Access: Read,4/14/2022 12:34:30 PM,Registry,C:\Windows\system32\nltest.exe,BLUETEAM\ezk,nltest.exe  /dclist:BLUETEAM.COM,10756,2128,nltest.exe 5768 RegOpenKey HKLM\SYSTEM\CurrentControlSet\Services\Dnscache\Parameters REPARSE Desired Access: Read 4/14/2022 12:34:30 PM Registry C:\Windows\system32\nltest.exe BLUETEAM\ezk nltest.exe  /dclist:BLUETEAM.COM 10756 2128,benign
nltest.exe,5768,RegQueryKey,HKLM,SUCCESS,"Query: HandleTags, HandleTags: 0x0",4/14/2022 12:34:30 PM,Registry,C:\Windows\system32\nltest.exe,BLUETEAM\ezk,nltest.exe  /dclist:BLUETEAM.COM,10756,2128,"nltest.exe 5768 RegQueryKey HKLM SUCCESS Query: HandleTags, HandleTags: 0x0 4/14/2022 12:34:30 PM Registry C:\Windows\system32\nltest.exe BLUETEAM\ezk nltest.exe  /dclist:BLUETEAM.COM 10756 2128",benign
nltest.exe,5768,RegCreateKey,HKLM\System\CurrentControlSet\Services\Tcpip\Parameters,SUCCESS,"Desired Access: Read, Disposition: REG_OPENED_EXISTING_KEY",4/14/2022 12:34:30 PM,Registry,C:\Windows\system32\nltest.exe,BLUETEAM\ezk,nltest.exe  /dclist:BLUETEAM.COM,10756,2128,"nltest.exe 5768 RegCreateKey HKLM\System\CurrentControlSet\Services\Tcpip\Parameters SUCCESS Desired Access: Read, Disposition: REG_OPENED_EXISTING_KEY 4/14/2022 12:34:30 PM Registry C:\Windows\system32\nltest.exe BLUETEAM\ezk nltest.exe  /dclist:BLUETEAM.COM 10756 2128",benign
nltest.exe,5768,RegCreateKey,HKLM\System\CurrentControlSet\Services\Tcpip\Parameters,REPARSE,Desired Access: Read,4/14/2022 12:34:30 PM,Registry,C:\Windows\system32\nltest.exe,BLUETEAM\ezk,nltest.exe  /dclist:BLUETEAM.COM,10756,2128,nltest.exe 5768 RegCreateKey HKLM\System\CurrentControlSet\Services\Tcpip\Parameters REPARSE Desired Access: Read 4/14/2022 12:34:30 PM Registry C:\Windows\system32\nltest.exe BLUETEAM\ezk nltest.exe  /dclist:BLUETEAM.COM 10756 2128,benign
nltest.exe,5768,RegOpenKey,HKLM\Software\Policies\Microsoft\Windows NT\DnsClient,NAME NOT FOUND,Desired Access: Read,4/14/2022 12:34:30 PM,Registry,C:\Windows\system32\nltest.exe,BLUETEAM\ezk,nltest.exe  /dclist:BLUETEAM.COM,10756,2128,nltest.exe 5768 RegOpenKey HKLM\Software\Policies\Microsoft\Windows NT\DnsClient NAME NOT FOUND Desired Access: Read 4/14/2022 12:34:30 PM Registry C:\Windows\system32\nltest.exe BLUETEAM\ezk nltest.exe  /dclist:BLUETEAM.COM 10756 2128,benign
nltest.exe,5768,RegQueryValue,HKLM\System\CurrentControlSet\Services\WinSock2\Parameters\NameSpace_Catalog5\Catalog_Entries64\000000000002\DisplayString,SUCCESS,"Type: REG_SZ, Length: 82, Data: @%SystemRoot%\system32\pnrpnsp.dll,-1000",4/14/2022 12:34:30 PM,Registry,C:\Windows\system32\nltest.exe,BLUETEAM\ezk,nltest.exe  /dclist:BLUETEAM.COM,10756,2128,"nltest.exe 5768 RegQueryValue HKLM\System\CurrentControlSet\Services\WinSock2\Parameters\NameSpace_Catalog5\Catalog_Entries64\000000000002\DisplayString SUCCESS Type: REG_SZ, Length: 82, Data: @%SystemRoot%\system32\pnrpnsp.dll,-1000 4/14/2022 12:34:30 PM Registry C:\Windows\system32\nltest.exe BLUETEAM\ezk nltest.exe  /dclist:BLUETEAM.COM 10756 2128",benign
nltest.exe,5768,RegQueryValue,HKLM\System\CurrentControlSet\Services\WinSock2\Parameters\NameSpace_Catalog5\Catalog_Entries64\000000000002\DisplayString,SUCCESS,"Type: REG_SZ, Length: 82, Data: @%SystemRoot%\system32\pnrpnsp.dll,-1000",4/14/2022 12:34:30 PM,Registry,C:\Windows\system32\nltest.exe,BLUETEAM\ezk,nltest.exe  /dclist:BLUETEAM.COM,10756,2128,"nltest.exe 5768 RegQueryValue HKLM\System\CurrentControlSet\Services\WinSock2\Parameters\NameSpace_Catalog5\Catalog_Entries64\000000000002\DisplayString SUCCESS Type: REG_SZ, Length: 82, Data: @%SystemRoot%\system32\pnrpnsp.dll,-1000 4/14/2022 12:34:30 PM Registry C:\Windows\system32\nltest.exe BLUETEAM\ezk nltest.exe  /dclist:BLUETEAM.COM 10756 2128",benign
nltest.exe,5768,RegQueryValue,HKLM\System\CurrentControlSet\Services\WinSock2\Parameters\NameSpace_Catalog5\Catalog_Entries64\000000000002\DisplayString,BUFFER OVERFLOW,Length: 12,4/14/2022 12:34:30 PM,Registry,C:\Windows\system32\nltest.exe,BLUETEAM\ezk,nltest.exe  /dclist:BLUETEAM.COM,10756,2128,nltest.exe 5768 RegQueryValue HKLM\System\CurrentControlSet\Services\WinSock2\Parameters\NameSpace_Catalog5\Catalog_Entries64\000000000002\DisplayString BUFFER OVERFLOW Length: 12 4/14/2022 12:34:30 PM Registry C:\Windows\system32\nltest.exe BLUETEAM\ezk nltest.exe  /dclist:BLUETEAM.COM 10756 2128,benign
cmd.exe,2128,QueryBasicInformationFile,C:\Windows\apppatch\sysmain.sdb,SUCCESS,"CreationTime: 9/22/2021 5:21:28 PM, LastAccessTime: 4/14/2022 12:31:01 PM, LastWriteTime: 9/22/2021 5:21:28 PM, ChangeTime: 10/15/2021 2:23:18 PM, FileAttributes: A",4/14/2022 12:34:30 PM,File System,C:\Windows\system32\cmd.exe,BLUETEAM\ezk,cmd.exe /C nltest.exe /dclist:%userdnsdomain%,10376,8028,"cmd.exe 2128 QueryBasicInformationFile C:\Windows\apppatch\sysmain.sdb SUCCESS CreationTime: 9/22/2021 5:21:28 PM, LastAccessTime: 4/14/2022 12:31:01 PM, LastWriteTime: 9/22/2021 5:21:28 PM, ChangeTime: 10/15/2021 2:23:18 PM, FileAttributes: A 4/14/2022 12:34:30 PM File System C:\Windows\system32\cmd.exe BLUETEAM\ezk cmd.exe /C nltest.exe /dclist:%userdnsdomain% 10376 8028",benign
cmd.exe,2128,CloseFile,C:\Windows\apppatch\sysmain.sdb,SUCCESS,,4/14/2022 12:34:30 PM,File System,C:\Windows\system32\cmd.exe,BLUETEAM\ezk,cmd.exe /C nltest.exe /dclist:%userdnsdomain%,10376,8028,cmd.exe 2128 CloseFile C:\Windows\apppatch\sysmain.sdb SUCCESS None 4/14/2022 12:34:30 PM File System C:\Windows\system32\cmd.exe BLUETEAM\ezk cmd.exe /C nltest.exe /dclist:%userdnsdomain% 10376 8028,benign
cmd.exe,2128,QueryBasicInformationFile,C:\Windows\System32\nltest.exe,SUCCESS,"CreationTime: 9/22/2021 5:23:19 PM, LastAccessTime: 4/14/2022 12:34:30 PM, LastWriteTime: 9/22/2021 5:23:19 PM, ChangeTime: 10/15/2021 2:25:24 PM, FileAttributes: A",4/14/2022 12:34:30 PM,File System,C:\Windows\system32\cmd.exe,BLUETEAM\ezk,cmd.exe /C nltest.exe /dclist:%userdnsdomain%,10376,8028,"cmd.exe 2128 QueryBasicInformationFile C:\Windows\System32\nltest.exe SUCCESS CreationTime: 9/22/2021 5:23:19 PM, LastAccessTime: 4/14/2022 12:34:30 PM, LastWriteTime: 9/22/2021 5:23:19 PM, ChangeTime: 10/15/2021 2:25:24 PM, FileAttributes: A 4/14/2022 12:34:30 PM File System C:\Windows\system32\cmd.exe BLUETEAM\ezk cmd.exe /C nltest.exe /dclist:%userdnsdomain% 10376 8028",benign
cmd.exe,2128,RegOpenKey,HKLM\Software\Microsoft\Windows\CurrentVersion\SideBySide,SUCCESS,Desired Access: Read,4/14/2022 12:34:30 PM,Registry,C:\Windows\system32\cmd.exe,BLUETEAM\ezk,cmd.exe /C nltest.exe /dclist:%userdnsdomain%,10376,8028,cmd.exe 2128 RegOpenKey HKLM\Software\Microsoft\Windows\CurrentVersion\SideBySide SUCCESS Desired Access: Read 4/14/2022 12:34:30 PM Registry C:\Windows\system32\cmd.exe BLUETEAM\ezk cmd.exe /C nltest.exe /dclist:%userdnsdomain% 10376 8028,benign
cmd.exe,2128,RegQueryValue,HKLM\SOFTWARE\Microsoft\Windows\CurrentVersion\SideBySide\PreferExternalManifest,NAME NOT FOUND,Length: 20,4/14/2022 12:34:30 PM,Registry,C:\Windows\system32\cmd.exe,BLUETEAM\ezk,cmd.exe /C nltest.exe /dclist:%userdnsdomain%,10376,8028,cmd.exe 2128 RegQueryValue HKLM\SOFTWARE\Microsoft\Windows\CurrentVersion\SideBySide\PreferExternalManifest NAME NOT FOUND Length: 20 4/14/2022 12:34:30 PM Registry C:\Windows\system32\cmd.exe BLUETEAM\ezk cmd.exe /C nltest.exe /dclist:%userdnsdomain% 10376 8028,benign
cmd.exe,2128,RegCloseKey,HKLM\SOFTWARE\Microsoft\Windows\CurrentVersion\SideBySide,SUCCESS,,4/14/2022 12:34:30 PM,Registry,C:\Windows\system32\cmd.exe,BLUETEAM\ezk,cmd.exe /C nltest.exe /dclist:%userdnsdomain%,10376,8028,cmd.exe 2128 RegCloseKey HKLM\SOFTWARE\Microsoft\Windows\CurrentVersion\SideBySide SUCCESS None 4/14/2022 12:34:30 PM Registry C:\Windows\system32\cmd.exe BLUETEAM\ezk cmd.exe /C nltest.exe /dclist:%userdnsdomain% 10376 8028,benign
cmd.exe,2128,CloseFile,C:\Windows\System32\nltest.exe,SUCCESS,,4/14/2022 12:34:30 PM,File System,C:\Windows\system32\cmd.exe,BLUETEAM\ezk,cmd.exe /C nltest.exe /dclist:%userdnsdomain%,10376,8028,cmd.exe 2128 CloseFile C:\Windows\System32\nltest.exe SUCCESS None 4/14/2022 12:34:30 PM File System C:\Windows\system32\cmd.exe BLUETEAM\ezk cmd.exe /C nltest.exe /dclist:%userdnsdomain% 10376 8028,benign
cmd.exe,2128,RegCloseKey,HKLM\SOFTWARE\Microsoft\Ole,SUCCESS,,4/14/2022 12:34:30 PM,Registry,C:\Windows\system32\cmd.exe,BLUETEAM\ezk,cmd.exe /C nltest.exe /dclist:%userdnsdomain%,10376,8028,cmd.exe 2128 RegCloseKey HKLM\SOFTWARE\Microsoft\Ole SUCCESS None 4/14/2022 12:34:30 PM Registry C:\Windows\system32\cmd.exe BLUETEAM\ezk cmd.exe /C nltest.exe /dclist:%userdnsdomain% 10376 8028,benign
cmd.exe,2128,RegCloseKey,HKLM,SUCCESS,,4/14/2022 12:34:30 PM,Registry,C:\Windows\system32\cmd.exe,BLUETEAM\ezk,cmd.exe /C nltest.exe /dclist:%userdnsdomain%,10376,8028,cmd.exe 2128 RegCloseKey HKLM SUCCESS None 4/14/2022 12:34:30 PM Registry C:\Windows\system32\cmd.exe BLUETEAM\ezk cmd.exe /C nltest.exe /dclist:%userdnsdomain% 10376 8028,benign
cmd.exe,2128,RegOpenKey,HKLM\System\CurrentControlSet\Services\bam\State\UserSettings\S-1-5-21-4065680934-2604657585-3199708412-1106,SUCCESS,Desired Access: All Access,4/14/2022 12:34:30 PM,Registry,C:\Windows\system32\cmd.exe,BLUETEAM\ezk,cmd.exe /C nltest.exe /dclist:%userdnsdomain%,10160,8028,cmd.exe 2128 RegOpenKey HKLM\System\CurrentControlSet\Services\bam\State\UserSettings\S-1-5-21-4065680934-2604657585-3199708412-1106 SUCCESS Desired Access: All Access 4/14/2022 12:34:30 PM Registry C:\Windows\system32\cmd.exe BLUETEAM\ezk cmd.exe /C nltest.exe /dclist:%userdnsdomain% 10160 8028,benign
cmd.exe,2128,RegQueryValue,HKLM\System\CurrentControlSet\Services\bam\State\UserSettings\S-1-5-21-4065680934-2604657585-3199708412-1106\\Device\HarddiskVolume3\Windows\System32\cmd.exe,SUCCESS,"Type: REG_BINARY, Length: 24, Data: F3 22 C7 EE B8 4F D8 01 00 00 00 00 00 00 00 00",4/14/2022 12:34:30 PM,Registry,C:\Windows\system32\cmd.exe,BLUETEAM\ezk,cmd.exe /C nltest.exe /dclist:%userdnsdomain%,10160,8028,"cmd.exe 2128 RegQueryValue HKLM\System\CurrentControlSet\Services\bam\State\UserSettings\S-1-5-21-4065680934-2604657585-3199708412-1106\\Device\HarddiskVolume3\Windows\System32\cmd.exe SUCCESS Type: REG_BINARY, Length: 24, Data: F3 22 C7 EE B8 4F D8 01 00 00 00 00 00 00 00 00 4/14/2022 12:34:30 PM Registry C:\Windows\system32\cmd.exe BLUETEAM\ezk cmd.exe /C nltest.exe /dclist:%userdnsdomain% 10160 8028",benign
cmd.exe,2128,RegSetValue,HKLM\System\CurrentControlSet\Services\bam\State\UserSettings\S-1-5-21-4065680934-2604657585-3199708412-1106\\Device\HarddiskVolume3\Windows\System32\cmd.exe,SUCCESS,"Type: REG_BINARY, Length: 24, Data: 04 0A FA EE B8 4F D8 01 00 00 00 00 00 00 00 00",4/14/2022 12:34:30 PM,Registry,C:\Windows\system32\cmd.exe,BLUETEAM\ezk,cmd.exe /C nltest.exe /dclist:%userdnsdomain%,10160,8028,"cmd.exe 2128 RegSetValue HKLM\System\CurrentControlSet\Services\bam\State\UserSettings\S-1-5-21-4065680934-2604657585-3199708412-1106\\Device\HarddiskVolume3\Windows\System32\cmd.exe SUCCESS Type: REG_BINARY, Length: 24, Data: 04 0A FA EE B8 4F D8 01 00 00 00 00 00 00 00 00 4/14/2022 12:34:30 PM Registry C:\Windows\system32\cmd.exe BLUETEAM\ezk cmd.exe /C nltest.exe /dclist:%userdnsdomain% 10160 8028",benign
cmd.exe,2128,RegCloseKey,HKLM\System\CurrentControlSet\Services\bam\State\UserSettings\S-1-5-21-4065680934-2604657585-3199708412-1106,SUCCESS,,4/14/2022 12:34:30 PM,Registry,C:\Windows\system32\cmd.exe,BLUETEAM\ezk,cmd.exe /C nltest.exe /dclist:%userdnsdomain%,10160,8028,cmd.exe 2128 RegCloseKey HKLM\System\CurrentControlSet\Services\bam\State\UserSettings\S-1-5-21-4065680934-2604657585-3199708412-1106 SUCCESS None 4/14/2022 12:34:30 PM Registry C:\Windows\system32\cmd.exe BLUETEAM\ezk cmd.exe /C nltest.exe /dclist:%userdnsdomain% 10160 8028,benign
cmd.exe,2128,CloseFile,C:\Windows\System32,SUCCESS,,4/14/2022 12:34:30 PM,File System,C:\Windows\system32\cmd.exe,BLUETEAM\ezk,cmd.exe /C nltest.exe /dclist:%userdnsdomain%,10160,8028,cmd.exe 2128 CloseFile C:\Windows\System32 SUCCESS None 4/14/2022 12:34:30 PM File System C:\Windows\system32\cmd.exe BLUETEAM\ezk cmd.exe /C nltest.exe /dclist:%userdnsdomain% 10160 8028,benign
cmd.exe,2128,RegCloseKey,HKLM\System\CurrentControlSet\Control\Nls\Sorting\Versions,SUCCESS,,4/14/2022 12:34:30 PM,Registry,C:\Windows\system32\cmd.exe,BLUETEAM\ezk,cmd.exe /C nltest.exe /dclist:%userdnsdomain%,10160,8028,cmd.exe 2128 RegCloseKey HKLM\System\CurrentControlSet\Control\Nls\Sorting\Versions SUCCESS None 4/14/2022 12:34:30 PM Registry C:\Windows\system32\cmd.exe BLUETEAM\ezk cmd.exe /C nltest.exe /dclist:%userdnsdomain% 10160 8028,benign
cmd.exe,2128,RegCloseKey,HKLM,SUCCESS,,4/14/2022 12:34:30 PM,Registry,C:\Windows\system32\cmd.exe,BLUETEAM\ezk,cmd.exe /C nltest.exe /dclist:%userdnsdomain%,10160,8028,cmd.exe 2128 RegCloseKey HKLM SUCCESS None 4/14/2022 12:34:30 PM Registry C:\Windows\system32\cmd.exe BLUETEAM\ezk cmd.exe /C nltest.exe /dclist:%userdnsdomain% 10160 8028,benign
cmd.exe,2128,RegCloseKey,HKCU,SUCCESS,,4/14/2022 12:34:30 PM,Registry,C:\Windows\system32\cmd.exe,BLUETEAM\ezk,cmd.exe /C nltest.exe /dclist:%userdnsdomain%,10160,8028,cmd.exe 2128 RegCloseKey HKCU SUCCESS None 4/14/2022 12:34:30 PM Registry C:\Windows\system32\cmd.exe BLUETEAM\ezk cmd.exe /C nltest.exe /dclist:%userdnsdomain% 10160 8028,benign
nltest.exe,5768,RegCloseKey,HKLM\System\CurrentControlSet\Control\Session Manager,SUCCESS,,4/14/2022 12:34:30 PM,Registry,C:\Windows\system32\nltest.exe,BLUETEAM\ezk,nltest.exe  /dclist:BLUETEAM.COM,10756,2128,nltest.exe 5768 RegCloseKey HKLM\System\CurrentControlSet\Control\Session Manager SUCCESS None 4/14/2022 12:34:30 PM Registry C:\Windows\system32\nltest.exe BLUETEAM\ezk nltest.exe  /dclist:BLUETEAM.COM 10756 2128,benign
nltest.exe,5768,RegQueryValue,HKLM\System\CurrentControlSet\Control\Session Manager\ResourcePolicies,NAME NOT FOUND,Length: 24,4/14/2022 12:34:30 PM,Registry,C:\Windows\system32\nltest.exe,BLUETEAM\ezk,nltest.exe  /dclist:BLUETEAM.COM,10756,2128,nltest.exe 5768 RegQueryValue HKLM\System\CurrentControlSet\Control\Session Manager\ResourcePolicies NAME NOT FOUND Length: 24 4/14/2022 12:34:30 PM Registry C:\Windows\system32\nltest.exe BLUETEAM\ezk nltest.exe  /dclist:BLUETEAM.COM 10756 2128,benign
nltest.exe,5768,RegOpenKey,HKLM\System\CurrentControlSet\Control\Session Manager,SUCCESS,"Desired Access: Query Value, Enumerate Sub Keys",4/14/2022 12:34:30 PM,Registry,C:\Windows\system32\nltest.exe,BLUETEAM\ezk,nltest.exe  /dclist:BLUETEAM.COM,10756,2128,"nltest.exe 5768 RegOpenKey HKLM\System\CurrentControlSet\Control\Session Manager SUCCESS Desired Access: Query Value, Enumerate Sub Keys 4/14/2022 12:34:30 PM Registry C:\Windows\system32\nltest.exe BLUETEAM\ezk nltest.exe  /dclist:BLUETEAM.COM 10756 2128",benign
nltest.exe,5768,RegOpenKey,HKLM\SYSTEM\CurrentControlSet\Control\Session Manager,REPARSE,"Desired Access: Query Value, Enumerate Sub Keys",4/14/2022 12:34:30 PM,Registry,C:\Windows\system32\nltest.exe,BLUETEAM\ezk,nltest.exe  /dclist:BLUETEAM.COM,10756,2128,"nltest.exe 5768 RegOpenKey HKLM\SYSTEM\CurrentControlSet\Control\Session Manager REPARSE Desired Access: Query Value, Enumerate Sub Keys 4/14/2022 12:34:30 PM Registry C:\Windows\system32\nltest.exe BLUETEAM\ezk nltest.exe  /dclist:BLUETEAM.COM 10756 2128",benign
nltest.exe,5768,RegOpenKey,HKLM\System\CurrentControlSet\Control\Session Manager\Segment Heap,NAME NOT FOUND,Desired Access: Query Value,4/14/2022 12:34:30 PM,Registry,C:\Windows\system32\nltest.exe,BLUETEAM\ezk,nltest.exe  /dclist:BLUETEAM.COM,10756,2128,nltest.exe 5768 RegOpenKey HKLM\System\CurrentControlSet\Control\Session Manager\Segment Heap NAME NOT FOUND Desired Access: Query Value 4/14/2022 12:34:30 PM Registry C:\Windows\system32\nltest.exe BLUETEAM\ezk nltest.exe  /dclist:BLUETEAM.COM 10756 2128,benign
nltest.exe,5768,RegOpenKey,HKLM\SYSTEM\CurrentControlSet\Control\Session Manager\Segment Heap,REPARSE,Desired Access: Query Value,4/14/2022 12:34:30 PM,Registry,C:\Windows\system32\nltest.exe,BLUETEAM\ezk,nltest.exe  /dclist:BLUETEAM.COM,10756,2128,nltest.exe 5768 RegOpenKey HKLM\SYSTEM\CurrentControlSet\Control\Session Manager\Segment Heap REPARSE Desired Access: Query Value 4/14/2022 12:34:30 PM Registry C:\Windows\system32\nltest.exe BLUETEAM\ezk nltest.exe  /dclist:BLUETEAM.COM 10756 2128,benign
cmd.exe,2128,CreateFile,C:\Windows\apppatch\sysmain.sdb,SUCCESS,"Desired Access: Generic Read, Disposition: Open, Options: Synchronous IO Non-Alert, Non-Directory File, Attributes: N, ShareMode: Read, AllocationSize: n/a, OpenResult: Opened",4/14/2022 12:34:30 PM,File System,C:\Windows\system32\cmd.exe,BLUETEAM\ezk,cmd.exe /C nltest.exe /dclist:%userdnsdomain%,10376,8028,"cmd.exe 2128 CreateFile C:\Windows\apppatch\sysmain.sdb SUCCESS Desired Access: Generic Read, Disposition: Open, Options: Synchronous IO Non-Alert, Non-Directory File, Attributes: N, ShareMode: Read, AllocationSize: n/a, OpenResult: Opened 4/14/2022 12:34:30 PM File System C:\Windows\system32\cmd.exe BLUETEAM\ezk cmd.exe /C nltest.exe /dclist:%userdnsdomain% 10376 8028",benign
nltest.exe,5768,RegCloseKey,HKLM\System\CurrentControlSet\Control\Session Manager,SUCCESS,,4/14/2022 12:34:30 PM,Registry,C:\Windows\system32\nltest.exe,BLUETEAM\ezk,nltest.exe  /dclist:BLUETEAM.COM,10756,2128,nltest.exe 5768 RegCloseKey HKLM\System\CurrentControlSet\Control\Session Manager SUCCESS None 4/14/2022 12:34:30 PM Registry C:\Windows\system32\nltest.exe BLUETEAM\ezk nltest.exe  /dclist:BLUETEAM.COM 10756 2128,benign
nltest.exe,5768,RegOpenKey,HKLM\System\CurrentControlSet\Control\Session Manager,SUCCESS,Desired Access: Query Value,4/14/2022 12:34:30 PM,Registry,C:\Windows\system32\nltest.exe,BLUETEAM\ezk,nltest.exe  /dclist:BLUETEAM.COM,10756,2128,nltest.exe 5768 RegOpenKey HKLM\System\CurrentControlSet\Control\Session Manager SUCCESS Desired Access: Query Value 4/14/2022 12:34:30 PM Registry C:\Windows\system32\nltest.exe BLUETEAM\ezk nltest.exe  /dclist:BLUETEAM.COM 10756 2128,benign
nltest.exe,5768,RegOpenKey,HKLM\System\CurrentControlSet\Control\Session Manager,REPARSE,Desired Access: Query Value,4/14/2022 12:34:30 PM,Registry,C:\Windows\system32\nltest.exe,BLUETEAM\ezk,nltest.exe  /dclist:BLUETEAM.COM,10756,2128,nltest.exe 5768 RegOpenKey HKLM\System\CurrentControlSet\Control\Session Manager REPARSE Desired Access: Query Value 4/14/2022 12:34:30 PM Registry C:\Windows\system32\nltest.exe BLUETEAM\ezk nltest.exe  /dclist:BLUETEAM.COM 10756 2128,benign
nltest.exe,5768,Process Start,,SUCCESS,"Parent PID: 2128, Command line: nltest.exe  /dclist:BLUETEAM.COM, Current directory: C:\Windows\system32\, Environment: ;	=C:=C:\Windows\System32;	ALLUSERSPROFILE=C:\ProgramData;	APPDATA=C:\Users\ezk\AppData\Roaming;	CommonProgramFiles=C:\Program Files\Common Files;	CommonProgramFiles(x86)=C:\Program Files (x86)\Common Files;	CommonProgramW6432=C:\Program Files\Common Files;	COMPUTERNAME=DESKTOP-BA1RQFC;	ComSpec=C:\Windows\system32\cmd.exe;	DriverData=C:\Windows\System32\Drivers\DriverData;	HOMEDRIVE=C:;	HOMEPATH=\Users\ezk;	LOCALAPPDATA=C:\Users\ezk\AppData\Local;	LOGONSERVER=\\DC02;	NUMBER_OF_PROCESSORS=2;	OneDrive=C:\Users\ezk\OneDrive;	OS=Windows_NT;	Path=C:\Windows\system32;C:\Windows;C:\Windows\System32\Wbem;C:\Windows\System32\WindowsPowerShell\v1.0\;C:\Windows\System32\OpenSSH\;C:\Users\ezk\AppData\Local\Microsoft\WindowsApps;	PATHEXT=.COM;.EXE;.BAT;.CMD;.VBS;.VBE;.JS;.JSE;.WSF;.WSH;.MSC;.CPL;	PROCESSOR_ARCHITECTURE=AMD64;	PROCESSOR_IDENTIFIER=Intel64 Family 6 Model 165 Stepping 5, GenuineIntel;	PROCESSOR_LEVEL=6;	PROCESSOR_REVISION=a505;	ProgramData=C:\ProgramData;	ProgramFiles=C:\Program Files;	ProgramFiles(x86)=C:\Program Files (x86);	ProgramW6432=C:\Program Files;	PROMPT=$P$G;	PSModulePath=C:\Users\ezk\Documents\WindowsPowerShell\Modules;C:\Program Files\WindowsPowerShell\Modules;C:\Windows\system32\WindowsPowerShell\v1.0\Modules;	PUBLIC=C:\Users\Public;	SystemDrive=C:;	SystemRoot=C:\Windows;	TEMP=C:\Users\ezk\AppData\Local\Temp;	TMP=C:\Users\ezk\AppData\Local\Temp;	USERDNSDOMAIN=BLUETEAM.COM;	USERDOMAIN=BLUETEAM;	USERDOMAIN_ROAMINGPROFILE=BLUETEAM;	USERNAME=ezk;	USERPROFILE=C:\Users\ezk;	windir=C:\Windows",4/14/2022 12:34:30 PM,Process,C:\Windows\system32\nltest.exe,BLUETEAM\ezk,nltest.exe  /dclist:BLUETEAM.COM,10376,2128,"nltest.exe 5768 Process Start None SUCCESS Parent PID: 2128, Command line: nltest.exe  /dclist:BLUETEAM.COM, Current directory: C:\Windows\system32\, Environment: ;	=C:=C:\Windows\System32;	ALLUSERSPROFILE=C:\ProgramData;	APPDATA=C:\Users\ezk\AppData\Roaming;	CommonProgramFiles=C:\Program Files\Common Files;	CommonProgramFiles(x86)=C:\Program Files (x86)\Common Files;	CommonProgramW6432=C:\Program Files\Common Files;	COMPUTERNAME=DESKTOP-BA1RQFC;	ComSpec=C:\Windows\system32\cmd.exe;	DriverData=C:\Windows\System32\Drivers\DriverData;	HOMEDRIVE=C:;	HOMEPATH=\Users\ezk;	LOCALAPPDATA=C:\Users\ezk\AppData\Local;	LOGONSERVER=\\DC02;	NUMBER_OF_PROCESSORS=2;	OneDrive=C:\Users\ezk\OneDrive;	OS=Windows_NT;	Path=C:\Windows\system32;C:\Windows;C:\Windows\System32\Wbem;C:\Windows\System32\WindowsPowerShell\v1.0\;C:\Windows\System32\OpenSSH\;C:\Users\ezk\AppData\Local\Microsoft\WindowsApps;	PATHEXT=.COM;.EXE;.BAT;.CMD;.VBS;.VBE;.JS;.JSE;.WSF;.WSH;.MSC;.CPL;	PROCESSOR_ARCHITECTURE=AMD64;	PROCESSOR_IDENTIFIER=Intel64 Family 6 Model 165 Stepping 5, GenuineIntel;	PROCESSOR_LEVEL=6;	PROCESSOR_REVISION=a505;	ProgramData=C:\ProgramData;	ProgramFiles=C:\Program Files;	ProgramFiles(x86)=C:\Program Files (x86);	ProgramW6432=C:\Program Files;	PROMPT=$P$G;	PSModulePath=C:\Users\ezk\Documents\WindowsPowerShell\Modules;C:\Program Files\WindowsPowerShell\Modules;C:\Windows\system32\WindowsPowerShell\v1.0\Modules;	PUBLIC=C:\Users\Public;	SystemDrive=C:;	SystemRoot=C:\Windows;	TEMP=C:\Users\ezk\AppData\Local\Temp;	TMP=C:\Users\ezk\AppData\Local\Temp;	USERDNSDOMAIN=BLUETEAM.COM;	USERDOMAIN=BLUETEAM;	USERDOMAIN_ROAMINGPROFILE=BLUETEAM;	USERNAME=ezk;	USERPROFILE=C:\Users\ezk;	windir=C:\Windows 4/14/2022 12:34:30 PM Process C:\Windows\system32\nltest.exe BLUETEAM\ezk nltest.exe  /dclist:BLUETEAM.COM 10376 2128",malicious
cmd.exe,2128,RegCloseKey,HKCU\SOFTWARE\Microsoft\Windows NT\CurrentVersion,SUCCESS,,4/14/2022 12:34:30 PM,Registry,C:\Windows\system32\cmd.exe,BLUETEAM\ezk,cmd.exe /C nltest.exe /dclist:%userdnsdomain%,10160,8028,cmd.exe 2128 RegCloseKey HKCU\SOFTWARE\Microsoft\Windows NT\CurrentVersion SUCCESS None 4/14/2022 12:34:30 PM Registry C:\Windows\system32\cmd.exe BLUETEAM\ezk cmd.exe /C nltest.exe /dclist:%userdnsdomain% 10160 8028,benign
cmd.exe,2128,RegCloseKey,HKLM\SOFTWARE\Microsoft\Windows NT\CurrentVersion\Image File Execution Options,SUCCESS,,4/14/2022 12:34:30 PM,Registry,C:\Windows\system32\cmd.exe,BLUETEAM\ezk,cmd.exe /C nltest.exe /dclist:%userdnsdomain%,10160,8028,cmd.exe 2128 RegCloseKey HKLM\SOFTWARE\Microsoft\Windows NT\CurrentVersion\Image File Execution Options SUCCESS None 4/14/2022 12:34:30 PM Registry C:\Windows\system32\cmd.exe BLUETEAM\ezk cmd.exe /C nltest.exe /dclist:%userdnsdomain% 10160 8028,benign
cmd.exe,2128,RegCloseKey,HKLM\System\CurrentControlSet\Control\Nls\Sorting\Ids,SUCCESS,,4/14/2022 12:34:30 PM,Registry,C:\Windows\system32\cmd.exe,BLUETEAM\ezk,cmd.exe /C nltest.exe /dclist:%userdnsdomain%,10160,8028,cmd.exe 2128 RegCloseKey HKLM\System\CurrentControlSet\Control\Nls\Sorting\Ids SUCCESS None 4/14/2022 12:34:30 PM Registry C:\Windows\system32\cmd.exe BLUETEAM\ezk cmd.exe /C nltest.exe /dclist:%userdnsdomain% 10160 8028,benign
nltest.exe,5768,RegQueryValue,HKLM\System\CurrentControlSet\Control\Session Manager\RaiseExceptionOnPossibleDeadlock,NAME NOT FOUND,Length: 80,4/14/2022 12:34:30 PM,Registry,C:\Windows\system32\nltest.exe,BLUETEAM\ezk,nltest.exe  /dclist:BLUETEAM.COM,10756,2128,nltest.exe 5768 RegQueryValue HKLM\System\CurrentControlSet\Control\Session Manager\RaiseExceptionOnPossibleDeadlock NAME NOT FOUND Length: 80 4/14/2022 12:34:30 PM Registry C:\Windows\system32\nltest.exe BLUETEAM\ezk nltest.exe  /dclist:BLUETEAM.COM 10756 2128,benign
nltest.exe,5768,CreateFile,C:\Windows\System32,SUCCESS,"Desired Access: Execute/Traverse, Synchronize, Disposition: Open, Options: Directory, Synchronous IO Non-Alert, Attributes: n/a, ShareMode: Read, Write, AllocationSize: n/a, OpenResult: Opened",4/14/2022 12:34:30 PM,File System,C:\Windows\system32\nltest.exe,BLUETEAM\ezk,nltest.exe  /dclist:BLUETEAM.COM,10756,2128,"nltest.exe 5768 CreateFile C:\Windows\System32 SUCCESS Desired Access: Execute/Traverse, Synchronize, Disposition: Open, Options: Directory, Synchronous IO Non-Alert, Attributes: n/a, ShareMode: Read, Write, AllocationSize: n/a, OpenResult: Opened 4/14/2022 12:34:30 PM File System C:\Windows\system32\nltest.exe BLUETEAM\ezk nltest.exe  /dclist:BLUETEAM.COM 10756 2128",benign
cmd.exe,2128,RegOpenKey,HKCU\SOFTWARE\Microsoft\Windows NT\CurrentVersion\AppCompatFlags\Layers,NAME NOT FOUND,Desired Access: Query Value,4/14/2022 12:34:30 PM,Registry,C:\Windows\system32\cmd.exe,BLUETEAM\ezk,cmd.exe /C nltest.exe /dclist:%userdnsdomain%,10376,8028,cmd.exe 2128 RegOpenKey HKCU\SOFTWARE\Microsoft\Windows NT\CurrentVersion\AppCompatFlags\Layers NAME NOT FOUND Desired Access: Query Value 4/14/2022 12:34:30 PM Registry C:\Windows\system32\cmd.exe BLUETEAM\ezk cmd.exe /C nltest.exe /dclist:%userdnsdomain% 10376 8028,benign
cmd.exe,2128,RegCloseKey,HKCU\SOFTWARE\Microsoft\Windows\CurrentVersion\Explorer\Shell Folders,SUCCESS,,4/14/2022 12:34:30 PM,Registry,C:\Windows\system32\cmd.exe,BLUETEAM\ezk,cmd.exe /C nltest.exe /dclist:%userdnsdomain%,10376,8028,cmd.exe 2128 RegCloseKey HKCU\SOFTWARE\Microsoft\Windows\CurrentVersion\Explorer\Shell Folders SUCCESS None 4/14/2022 12:34:30 PM Registry C:\Windows\system32\cmd.exe BLUETEAM\ezk cmd.exe /C nltest.exe /dclist:%userdnsdomain% 10376 8028,benign
cmd.exe,2128,RegQueryValue,HKLM\System\CurrentControlSet\Control\Nls\Sorting\Ids\en,NAME NOT FOUND,Length: 90,4/14/2022 12:34:30 PM,Registry,C:\Windows\system32\cmd.exe,BLUETEAM\ezk,cmd.exe /C nltest.exe /dclist:%userdnsdomain%,10376,8028,cmd.exe 2128 RegQueryValue HKLM\System\CurrentControlSet\Control\Nls\Sorting\Ids\en NAME NOT FOUND Length: 90 4/14/2022 12:34:30 PM Registry C:\Windows\system32\cmd.exe BLUETEAM\ezk cmd.exe /C nltest.exe /dclist:%userdnsdomain% 10376 8028,benign
cmd.exe,2128,CreateFile,C:\Windows\System32,SUCCESS,"Desired Access: Read Attributes, Disposition: Open, Options: Open Reparse Point, Attributes: n/a, ShareMode: Read, Write, Delete, AllocationSize: n/a, OpenResult: Opened",4/14/2022 12:34:30 PM,File System,C:\Windows\system32\cmd.exe,BLUETEAM\ezk,cmd.exe /C nltest.exe /dclist:%userdnsdomain%,10376,8028,"cmd.exe 2128 CreateFile C:\Windows\System32 SUCCESS Desired Access: Read Attributes, Disposition: Open, Options: Open Reparse Point, Attributes: n/a, ShareMode: Read, Write, Delete, AllocationSize: n/a, OpenResult: Opened 4/14/2022 12:34:30 PM File System C:\Windows\system32\cmd.exe BLUETEAM\ezk cmd.exe /C nltest.exe /dclist:%userdnsdomain% 10376 8028",benign
cmd.exe,2128,QueryBasicInformationFile,C:\Windows\System32,SUCCESS,"CreationTime: 12/7/2019 5:03:44 PM, LastAccessTime: 4/14/2022 12:34:30 PM, LastWriteTime: 4/14/2022 12:31:34 PM, ChangeTime: 4/14/2022 12:31:34 PM, FileAttributes: D",4/14/2022 12:34:30 PM,File System,C:\Windows\system32\cmd.exe,BLUETEAM\ezk,cmd.exe /C nltest.exe /dclist:%userdnsdomain%,10376,8028,"cmd.exe 2128 QueryBasicInformationFile C:\Windows\System32 SUCCESS CreationTime: 12/7/2019 5:03:44 PM, LastAccessTime: 4/14/2022 12:34:30 PM, LastWriteTime: 4/14/2022 12:31:34 PM, ChangeTime: 4/14/2022 12:31:34 PM, FileAttributes: D 4/14/2022 12:34:30 PM File System C:\Windows\system32\cmd.exe BLUETEAM\ezk cmd.exe /C nltest.exe /dclist:%userdnsdomain% 10376 8028",benign
cmd.exe,2128,CloseFile,C:\Windows\System32,SUCCESS,,4/14/2022 12:34:30 PM,File System,C:\Windows\system32\cmd.exe,BLUETEAM\ezk,cmd.exe /C nltest.exe /dclist:%userdnsdomain%,10376,8028,cmd.exe 2128 CloseFile C:\Windows\System32 SUCCESS None 4/14/2022 12:34:30 PM File System C:\Windows\system32\cmd.exe BLUETEAM\ezk cmd.exe /C nltest.exe /dclist:%userdnsdomain% 10376 8028,benign
cmd.exe,2128,RegOpenKey,HKLM\Software\Microsoft\Windows NT\CurrentVersion\Image File Execution Options,SUCCESS,"Desired Access: Query Value, Enumerate Sub Keys",4/14/2022 12:34:30 PM,Registry,C:\Windows\system32\cmd.exe,BLUETEAM\ezk,cmd.exe /C nltest.exe /dclist:%userdnsdomain%,10376,8028,"cmd.exe 2128 RegOpenKey HKLM\Software\Microsoft\Windows NT\CurrentVersion\Image File Execution Options SUCCESS Desired Access: Query Value, Enumerate Sub Keys 4/14/2022 12:34:30 PM Registry C:\Windows\system32\cmd.exe BLUETEAM\ezk cmd.exe /C nltest.exe /dclist:%userdnsdomain% 10376 8028",benign
cmd.exe,2128,RegOpenKey,HKLM\SOFTWARE\Microsoft\Windows NT\CurrentVersion\Image File Execution Options\nltest.exe,NAME NOT FOUND,"Desired Access: Query Value, Enumerate Sub Keys",4/14/2022 12:34:30 PM,Registry,C:\Windows\system32\cmd.exe,BLUETEAM\ezk,cmd.exe /C nltest.exe /dclist:%userdnsdomain%,10376,8028,"cmd.exe 2128 RegOpenKey HKLM\SOFTWARE\Microsoft\Windows NT\CurrentVersion\Image File Execution Options\nltest.exe NAME NOT FOUND Desired Access: Query Value, Enumerate Sub Keys 4/14/2022 12:34:30 PM Registry C:\Windows\system32\cmd.exe BLUETEAM\ezk cmd.exe /C nltest.exe /dclist:%userdnsdomain% 10376 8028",benign
cmd.exe,2128,RegOpenKey,HKLM\Software\Microsoft\Wow64\x86\xtajit,NAME NOT FOUND,Desired Access: Query Value,4/14/2022 12:34:30 PM,Registry,C:\Windows\system32\cmd.exe,BLUETEAM\ezk,cmd.exe /C nltest.exe /dclist:%userdnsdomain%,10376,8028,cmd.exe 2128 RegOpenKey HKLM\Software\Microsoft\Wow64\x86\xtajit NAME NOT FOUND Desired Access: Query Value 4/14/2022 12:34:30 PM Registry C:\Windows\system32\cmd.exe BLUETEAM\ezk cmd.exe /C nltest.exe /dclist:%userdnsdomain% 10376 8028,benign
cmd.exe,2128,CreateFile,C:\Windows\System32\nltest.exe,SUCCESS,"Desired Access: Read Data/List Directory, Execute/Traverse, Read Attributes, Synchronize, Disposition: Open, Options: Synchronous IO Non-Alert, Non-Directory File, Attributes: N, ShareMode: Read, Delete, AllocationSize: n/a, OpenResult: Opened",4/14/2022 12:34:30 PM,File System,C:\Windows\system32\cmd.exe,BLUETEAM\ezk,cmd.exe /C nltest.exe /dclist:%userdnsdomain%,10376,8028,"cmd.exe 2128 CreateFile C:\Windows\System32\nltest.exe SUCCESS Desired Access: Read Data/List Directory, Execute/Traverse, Read Attributes, Synchronize, Disposition: Open, Options: Synchronous IO Non-Alert, Non-Directory File, Attributes: N, ShareMode: Read, Delete, AllocationSize: n/a, OpenResult: Opened 4/14/2022 12:34:30 PM File System C:\Windows\system32\cmd.exe BLUETEAM\ezk cmd.exe /C nltest.exe /dclist:%userdnsdomain% 10376 8028",benign
cmd.exe,2128,RegOpenKey,HKLM\SOFTWARE\Microsoft\Windows NT\CurrentVersion\Image File Execution Options\nltest.exe,NAME NOT FOUND,"Desired Access: Query Value, Enumerate Sub Keys",4/14/2022 12:34:30 PM,Registry,C:\Windows\system32\cmd.exe,BLUETEAM\ezk,cmd.exe /C nltest.exe /dclist:%userdnsdomain%,10376,8028,"cmd.exe 2128 RegOpenKey HKLM\SOFTWARE\Microsoft\Windows NT\CurrentVersion\Image File Execution Options\nltest.exe NAME NOT FOUND Desired Access: Query Value, Enumerate Sub Keys 4/14/2022 12:34:30 PM Registry C:\Windows\system32\cmd.exe BLUETEAM\ezk cmd.exe /C nltest.exe /dclist:%userdnsdomain% 10376 8028",benign
cmd.exe,2128,RegOpenKey,HKLM\System\CurrentControlSet\Services\bam\State\UserSettings\S-1-5-21-4065680934-2604657585-3199708412-1106,SUCCESS,Desired Access: All Access,4/14/2022 12:34:30 PM,Registry,C:\Windows\system32\cmd.exe,BLUETEAM\ezk,cmd.exe /C nltest.exe /dclist:%userdnsdomain%,10376,8028,cmd.exe 2128 RegOpenKey HKLM\System\CurrentControlSet\Services\bam\State\UserSettings\S-1-5-21-4065680934-2604657585-3199708412-1106 SUCCESS Desired Access: All Access 4/14/2022 12:34:30 PM Registry C:\Windows\system32\cmd.exe BLUETEAM\ezk cmd.exe /C nltest.exe /dclist:%userdnsdomain% 10376 8028,benign
cmd.exe,2128,RegQueryValue,HKLM\System\CurrentControlSet\Services\bam\State\UserSettings\S-1-5-21-4065680934-2604657585-3199708412-1106\\Device\HarddiskVolume3\Windows\System32\nltest.exe,NAME NOT FOUND,Length: 40,4/14/2022 12:34:30 PM,Registry,C:\Windows\system32\cmd.exe,BLUETEAM\ezk,cmd.exe /C nltest.exe /dclist:%userdnsdomain%,10376,8028,cmd.exe 2128 RegQueryValue HKLM\System\CurrentControlSet\Services\bam\State\UserSettings\S-1-5-21-4065680934-2604657585-3199708412-1106\\Device\HarddiskVolume3\Windows\System32\nltest.exe NAME NOT FOUND Length: 40 4/14/2022 12:34:30 PM Registry C:\Windows\system32\cmd.exe BLUETEAM\ezk cmd.exe /C nltest.exe /dclist:%userdnsdomain% 10376 8028,benign
cmd.exe,2128,RegCloseKey,HKLM\System\CurrentControlSet\Services\bam\State\UserSettings\S-1-5-21-4065680934-2604657585-3199708412-1106,SUCCESS,,4/14/2022 12:34:30 PM,Registry,C:\Windows\system32\cmd.exe,BLUETEAM\ezk,cmd.exe /C nltest.exe /dclist:%userdnsdomain%,10376,8028,cmd.exe 2128 RegCloseKey HKLM\System\CurrentControlSet\Services\bam\State\UserSettings\S-1-5-21-4065680934-2604657585-3199708412-1106 SUCCESS None 4/14/2022 12:34:30 PM Registry C:\Windows\system32\cmd.exe BLUETEAM\ezk cmd.exe /C nltest.exe /dclist:%userdnsdomain% 10376 8028,benign
cmd.exe,2128,RegOpenKey,HKLM\SYSTEM\CurrentControlSet\Control\Session Manager\BAM,REPARSE,Desired Access: Query Value,4/14/2022 12:34:30 PM,Registry,C:\Windows\system32\cmd.exe,BLUETEAM\ezk,cmd.exe /C nltest.exe /dclist:%userdnsdomain%,10376,8028,cmd.exe 2128 RegOpenKey HKLM\SYSTEM\CurrentControlSet\Control\Session Manager\BAM REPARSE Desired Access: Query Value 4/14/2022 12:34:30 PM Registry C:\Windows\system32\cmd.exe BLUETEAM\ezk cmd.exe /C nltest.exe /dclist:%userdnsdomain% 10376 8028,benign
cmd.exe,2128,RegOpenKey,HKLM\System\CurrentControlSet\Control\Session Manager\BAM,NAME NOT FOUND,Desired Access: Query Value,4/14/2022 12:34:30 PM,Registry,C:\Windows\system32\cmd.exe,BLUETEAM\ezk,cmd.exe /C nltest.exe /dclist:%userdnsdomain%,10376,8028,cmd.exe 2128 RegOpenKey HKLM\System\CurrentControlSet\Control\Session Manager\BAM NAME NOT FOUND Desired Access: Query Value 4/14/2022 12:34:30 PM Registry C:\Windows\system32\cmd.exe BLUETEAM\ezk cmd.exe /C nltest.exe /dclist:%userdnsdomain% 10376 8028,benign
cmd.exe,2128,CreateFile,C:\Windows\System32\nltest.exe,SUCCESS,"Desired Access: Read Attributes, Disposition: Open, Options: Non-Directory File, Attributes: n/a, ShareMode: Read, Write, AllocationSize: n/a, OpenResult: Opened",4/14/2022 12:34:30 PM,File System,C:\Windows\system32\cmd.exe,BLUETEAM\ezk,cmd.exe /C nltest.exe /dclist:%userdnsdomain%,10376,8028,"cmd.exe 2128 CreateFile C:\Windows\System32\nltest.exe SUCCESS Desired Access: Read Attributes, Disposition: Open, Options: Non-Directory File, Attributes: n/a, ShareMode: Read, Write, AllocationSize: n/a, OpenResult: Opened 4/14/2022 12:34:30 PM File System C:\Windows\system32\cmd.exe BLUETEAM\ezk cmd.exe /C nltest.exe /dclist:%userdnsdomain% 10376 8028",benign
cmd.exe,2128,CloseFile,C:\Windows\System32\nltest.exe,SUCCESS,,4/14/2022 12:34:30 PM,File System,C:\Windows\system32\cmd.exe,BLUETEAM\ezk,cmd.exe /C nltest.exe /dclist:%userdnsdomain%,10376,8028,cmd.exe 2128 CloseFile C:\Windows\System32\nltest.exe SUCCESS None 4/14/2022 12:34:30 PM File System C:\Windows\system32\cmd.exe BLUETEAM\ezk cmd.exe /C nltest.exe /dclist:%userdnsdomain% 10376 8028,benign
cmd.exe,2128,CreateFile,C:\Windows\System32\nltest.exe,SUCCESS,"Desired Access: Read Data/List Directory, Read Attributes, Synchronize, Disposition: Open, Options: Sequential Access, Synchronous IO Alert, Non-Directory File, Attributes: N, ShareMode: Read, Delete, AllocationSize: n/a, OpenResult: Opened",4/14/2022 12:34:30 PM,File System,C:\Windows\system32\cmd.exe,BLUETEAM\ezk,cmd.exe /C nltest.exe /dclist:%userdnsdomain%,10376,8028,"cmd.exe 2128 CreateFile C:\Windows\System32\nltest.exe SUCCESS Desired Access: Read Data/List Directory, Read Attributes, Synchronize, Disposition: Open, Options: Sequential Access, Synchronous IO Alert, Non-Directory File, Attributes: N, ShareMode: Read, Delete, AllocationSize: n/a, OpenResult: Opened 4/14/2022 12:34:30 PM File System C:\Windows\system32\cmd.exe BLUETEAM\ezk cmd.exe /C nltest.exe /dclist:%userdnsdomain% 10376 8028",benign
cmd.exe,2128,RegQueryValue,HKCU\SOFTWARE\Microsoft\Windows\CurrentVersion\Explorer\Shell Folders\Cache,SUCCESS,"Type: REG_SZ, Length: 110, Data: C:\Users\ezk\AppData\Local\Microsoft\Windows\INetCache",4/14/2022 12:34:30 PM,Registry,C:\Windows\system32\cmd.exe,BLUETEAM\ezk,cmd.exe /C nltest.exe /dclist:%userdnsdomain%,10376,8028,"cmd.exe 2128 RegQueryValue HKCU\SOFTWARE\Microsoft\Windows\CurrentVersion\Explorer\Shell Folders\Cache SUCCESS Type: REG_SZ, Length: 110, Data: C:\Users\ezk\AppData\Local\Microsoft\Windows\INetCache 4/14/2022 12:34:30 PM Registry C:\Windows\system32\cmd.exe BLUETEAM\ezk cmd.exe /C nltest.exe /dclist:%userdnsdomain% 10376 8028",benign
cmd.exe,2128,RegOpenKey,HKCU\Software\Microsoft\Windows\CurrentVersion\Explorer\Shell Folders,SUCCESS,Desired Access: Query Value,4/14/2022 12:34:30 PM,Registry,C:\Windows\system32\cmd.exe,BLUETEAM\ezk,cmd.exe /C nltest.exe /dclist:%userdnsdomain%,10376,8028,cmd.exe 2128 RegOpenKey HKCU\Software\Microsoft\Windows\CurrentVersion\Explorer\Shell Folders SUCCESS Desired Access: Query Value 4/14/2022 12:34:30 PM Registry C:\Windows\system32\cmd.exe BLUETEAM\ezk cmd.exe /C nltest.exe /dclist:%userdnsdomain% 10376 8028,benign
cmd.exe,2128,RegOpenKey,HKCU\Software\Policies\Microsoft\Windows\Safer\CodeIdentifiers,NAME NOT FOUND,Desired Access: Query Value,4/14/2022 12:34:30 PM,Registry,C:\Windows\system32\cmd.exe,BLUETEAM\ezk,cmd.exe /C nltest.exe /dclist:%userdnsdomain%,10376,8028,cmd.exe 2128 RegOpenKey HKCU\Software\Policies\Microsoft\Windows\Safer\CodeIdentifiers NAME NOT FOUND Desired Access: Query Value 4/14/2022 12:34:30 PM Registry C:\Windows\system32\cmd.exe BLUETEAM\ezk cmd.exe /C nltest.exe /dclist:%userdnsdomain% 10376 8028,benign
cmd.exe,2128,RegCloseKey,HKLM\SOFTWARE\Policies\Microsoft\Windows\safer\codeidentifiers,SUCCESS,,4/14/2022 12:34:30 PM,Registry,C:\Windows\system32\cmd.exe,BLUETEAM\ezk,cmd.exe /C nltest.exe /dclist:%userdnsdomain%,10376,8028,cmd.exe 2128 RegCloseKey HKLM\SOFTWARE\Policies\Microsoft\Windows\safer\codeidentifiers SUCCESS None 4/14/2022 12:34:30 PM Registry C:\Windows\system32\cmd.exe BLUETEAM\ezk cmd.exe /C nltest.exe /dclist:%userdnsdomain% 10376 8028,benign
cmd.exe,2128,RegQueryValue,HKLM\SOFTWARE\Policies\Microsoft\Windows\safer\codeidentifiers\AuthenticodeEnabled,SUCCESS,"Type: REG_DWORD, Length: 4, Data: 0",4/14/2022 12:34:30 PM,Registry,C:\Windows\system32\cmd.exe,BLUETEAM\ezk,cmd.exe /C nltest.exe /dclist:%userdnsdomain%,10376,8028,"cmd.exe 2128 RegQueryValue HKLM\SOFTWARE\Policies\Microsoft\Windows\safer\codeidentifiers\AuthenticodeEnabled SUCCESS Type: REG_DWORD, Length: 4, Data: 0 4/14/2022 12:34:30 PM Registry C:\Windows\system32\cmd.exe BLUETEAM\ezk cmd.exe /C nltest.exe /dclist:%userdnsdomain% 10376 8028",benign
cmd.exe,2128,RegQueryValue,HKLM\SOFTWARE\Policies\Microsoft\Windows\safer\codeidentifiers\TransparentEnabled,NAME NOT FOUND,Length: 80,4/14/2022 12:34:30 PM,Registry,C:\Windows\system32\cmd.exe,BLUETEAM\ezk,cmd.exe /C nltest.exe /dclist:%userdnsdomain%,10376,8028,cmd.exe 2128 RegQueryValue HKLM\SOFTWARE\Policies\Microsoft\Windows\safer\codeidentifiers\TransparentEnabled NAME NOT FOUND Length: 80 4/14/2022 12:34:30 PM Registry C:\Windows\system32\cmd.exe BLUETEAM\ezk cmd.exe /C nltest.exe /dclist:%userdnsdomain% 10376 8028,benign
cmd.exe,2128,RegOpenKey,HKCU\Software\Microsoft\Windows NT\CurrentVersion,SUCCESS,Desired Access: Enumerate Sub Keys,4/14/2022 12:34:30 PM,Registry,C:\Windows\system32\cmd.exe,BLUETEAM\ezk,cmd.exe /C nltest.exe /dclist:%userdnsdomain%,10376,8028,cmd.exe 2128 RegOpenKey HKCU\Software\Microsoft\Windows NT\CurrentVersion SUCCESS Desired Access: Enumerate Sub Keys 4/14/2022 12:34:30 PM Registry C:\Windows\system32\cmd.exe BLUETEAM\ezk cmd.exe /C nltest.exe /dclist:%userdnsdomain% 10376 8028,benign
cmd.exe,2128,RegOpenKey,HKLM\Software\Policies\Microsoft\Windows\Safer\CodeIdentifiers,SUCCESS,Desired Access: Query Value,4/14/2022 12:34:30 PM,Registry,C:\Windows\system32\cmd.exe,BLUETEAM\ezk,cmd.exe /C nltest.exe /dclist:%userdnsdomain%,10376,8028,cmd.exe 2128 RegOpenKey HKLM\Software\Policies\Microsoft\Windows\Safer\CodeIdentifiers SUCCESS Desired Access: Query Value 4/14/2022 12:34:30 PM Registry C:\Windows\system32\cmd.exe BLUETEAM\ezk cmd.exe /C nltest.exe /dclist:%userdnsdomain% 10376 8028,benign
cmd.exe,2128,RegOpenKey,HKLM\System\CurrentControlSet\Control\SafeBoot\Option,REPARSE,"Desired Access: Query Value, Set Value",4/14/2022 12:34:30 PM,Registry,C:\Windows\system32\cmd.exe,BLUETEAM\ezk,cmd.exe /C nltest.exe /dclist:%userdnsdomain%,10376,8028,"cmd.exe 2128 RegOpenKey HKLM\System\CurrentControlSet\Control\SafeBoot\Option REPARSE Desired Access: Query Value, Set Value 4/14/2022 12:34:30 PM Registry C:\Windows\system32\cmd.exe BLUETEAM\ezk cmd.exe /C nltest.exe /dclist:%userdnsdomain% 10376 8028",benign
cmd.exe,2128,RegOpenKey,HKLM\System\CurrentControlSet\Control\Session Manager\AppCertDlls,NAME NOT FOUND,Desired Access: Query Value,4/14/2022 12:34:30 PM,Registry,C:\Windows\system32\cmd.exe,BLUETEAM\ezk,cmd.exe /C nltest.exe /dclist:%userdnsdomain%,10376,8028,cmd.exe 2128 RegOpenKey HKLM\System\CurrentControlSet\Control\Session Manager\AppCertDlls NAME NOT FOUND Desired Access: Query Value 4/14/2022 12:34:30 PM Registry C:\Windows\system32\cmd.exe BLUETEAM\ezk cmd.exe /C nltest.exe /dclist:%userdnsdomain% 10376 8028,benign
cmd.exe,2128,RegOpenKey,HKLM\System\CurrentControlSet\Control\Session Manager\AppCertDlls,REPARSE,Desired Access: Query Value,4/14/2022 12:34:30 PM,Registry,C:\Windows\system32\cmd.exe,BLUETEAM\ezk,cmd.exe /C nltest.exe /dclist:%userdnsdomain%,10376,8028,cmd.exe 2128 RegOpenKey HKLM\System\CurrentControlSet\Control\Session Manager\AppCertDlls REPARSE Desired Access: Query Value 4/14/2022 12:34:30 PM Registry C:\Windows\system32\cmd.exe BLUETEAM\ezk cmd.exe /C nltest.exe /dclist:%userdnsdomain% 10376 8028,benign
cmd.exe,2128,Process Create,C:\Windows\system32\nltest.exe,SUCCESS,"PID: 5768, Command line: nltest.exe  /dclist:BLUETEAM.COM",4/14/2022 12:34:30 PM,Process,C:\Windows\system32\cmd.exe,BLUETEAM\ezk,cmd.exe /C nltest.exe /dclist:%userdnsdomain%,10376,8028,"cmd.exe 2128 Process Create C:\Windows\system32\nltest.exe SUCCESS PID: 5768, Command line: nltest.exe  /dclist:BLUETEAM.COM 4/14/2022 12:34:30 PM Process C:\Windows\system32\cmd.exe BLUETEAM\ezk cmd.exe /C nltest.exe /dclist:%userdnsdomain% 10376 8028",benign
cmd.exe,2128,CloseFile,C:\Windows\System32\nltest.exe,SUCCESS,,4/14/2022 12:34:30 PM,File System,C:\Windows\system32\cmd.exe,BLUETEAM\ezk,cmd.exe /C nltest.exe /dclist:%userdnsdomain%,10376,8028,cmd.exe 2128 CloseFile C:\Windows\System32\nltest.exe SUCCESS None 4/14/2022 12:34:30 PM File System C:\Windows\system32\cmd.exe BLUETEAM\ezk cmd.exe /C nltest.exe /dclist:%userdnsdomain% 10376 8028,benign
cmd.exe,2128,QueryAllInformationFile,C:\Windows\System32\nltest.exe,SUCCESS,"CreationTime: 9/22/2021 5:23:19 PM, LastAccessTime: 4/14/2022 12:33:09 PM, LastWriteTime: 9/22/2021 5:23:19 PM, ChangeTime: 10/15/2021 2:25:24 PM, FileAttributes: A, AllocationSize: 536,576, EndOfFile: 534,528, NumberOfLinks: 2, DeletePending: False, Directory: False, IndexNumber: 0x1000000038a01, EaSize: 248, Access: Read Data/List Directory, Read Attributes, Synchronize, Position: 0, Mode: Sequential Access, Synchronous IO Alert, AlignmentRequirement: Long",4/14/2022 12:34:30 PM,File System,C:\Windows\system32\cmd.exe,BLUETEAM\ezk,cmd.exe /C nltest.exe /dclist:%userdnsdomain%,10376,8028,"cmd.exe 2128 QueryAllInformationFile C:\Windows\System32\nltest.exe SUCCESS CreationTime: 9/22/2021 5:23:19 PM, LastAccessTime: 4/14/2022 12:33:09 PM, LastWriteTime: 9/22/2021 5:23:19 PM, ChangeTime: 10/15/2021 2:25:24 PM, FileAttributes: A, AllocationSize: 536,576, EndOfFile: 534,528, NumberOfLinks: 2, DeletePending: False, Directory: False, IndexNumber: 0x1000000038a01, EaSize: 248, Access: Read Data/List Directory, Read Attributes, Synchronize, Position: 0, Mode: Sequential Access, Synchronous IO Alert, AlignmentRequirement: Long 4/14/2022 12:34:30 PM File System C:\Windows\system32\cmd.exe BLUETEAM\ezk cmd.exe /C nltest.exe /dclist:%userdnsdomain% 10376 8028",benign
cmd.exe,2128,RegOpenKey,HKLM\System\CurrentControlSet\Control\SafeBoot\Option,NAME NOT FOUND,"Desired Access: Query Value, Set Value",4/14/2022 12:34:30 PM,Registry,C:\Windows\system32\cmd.exe,BLUETEAM\ezk,cmd.exe /C nltest.exe /dclist:%userdnsdomain%,10376,8028,"cmd.exe 2128 RegOpenKey HKLM\System\CurrentControlSet\Control\SafeBoot\Option NAME NOT FOUND Desired Access: Query Value, Set Value 4/14/2022 12:34:30 PM Registry C:\Windows\system32\cmd.exe BLUETEAM\ezk cmd.exe /C nltest.exe /dclist:%userdnsdomain% 10376 8028",benign
cmd.exe,2128,RegQueryValue,HKLM\System\CurrentControlSet\Control\Nls\Sorting\Ids\en-US,NAME NOT FOUND,Length: 90,4/14/2022 12:34:30 PM,Registry,C:\Windows\system32\cmd.exe,BLUETEAM\ezk,cmd.exe /C nltest.exe /dclist:%userdnsdomain%,10376,8028,cmd.exe 2128 RegQueryValue HKLM\System\CurrentControlSet\Control\Nls\Sorting\Ids\en-US NAME NOT FOUND Length: 90 4/14/2022 12:34:30 PM Registry C:\Windows\system32\cmd.exe BLUETEAM\ezk cmd.exe /C nltest.exe /dclist:%userdnsdomain% 10376 8028,benign
nltest.exe,5768,RegOpenKey,HKLM\System\CurrentControlSet\Control\SafeBoot\Option,REPARSE,"Desired Access: Query Value, Set Value",4/14/2022 12:34:30 PM,Registry,C:\Windows\system32\nltest.exe,BLUETEAM\ezk,nltest.exe  /dclist:BLUETEAM.COM,10756,2128,"nltest.exe 5768 RegOpenKey HKLM\System\CurrentControlSet\Control\SafeBoot\Option REPARSE Desired Access: Query Value, Set Value 4/14/2022 12:34:30 PM Registry C:\Windows\system32\nltest.exe BLUETEAM\ezk nltest.exe  /dclist:BLUETEAM.COM 10756 2128",benign
nltest.exe,5768,RegOpenKey,HKLM\System\CurrentControlSet\Control\Srp\GP\DLL,REPARSE,Desired Access: Read,4/14/2022 12:34:30 PM,Registry,C:\Windows\system32\nltest.exe,BLUETEAM\ezk,nltest.exe  /dclist:BLUETEAM.COM,10756,2128,nltest.exe 5768 RegOpenKey HKLM\System\CurrentControlSet\Control\Srp\GP\DLL REPARSE Desired Access: Read 4/14/2022 12:34:30 PM Registry C:\Windows\system32\nltest.exe BLUETEAM\ezk nltest.exe  /dclist:BLUETEAM.COM 10756 2128,benign
nltest.exe,5768,CloseFile,C:\Windows\System32\cryptsp.dll,SUCCESS,,4/14/2022 12:34:30 PM,File System,C:\Windows\system32\nltest.exe,BLUETEAM\ezk,nltest.exe  /dclist:BLUETEAM.COM,9912,2128,nltest.exe 5768 CloseFile C:\Windows\System32\cryptsp.dll SUCCESS None 4/14/2022 12:34:30 PM File System C:\Windows\system32\nltest.exe BLUETEAM\ezk nltest.exe  /dclist:BLUETEAM.COM 9912 2128,benign
nltest.exe,5768,RegOpenKey,HKLM\System\CurrentControlSet\Control\Nls\Sorting\Versions,REPARSE,Desired Access: Read,4/14/2022 12:34:30 PM,Registry,C:\Windows\system32\nltest.exe,BLUETEAM\ezk,nltest.exe  /dclist:BLUETEAM.COM,10756,2128,nltest.exe 5768 RegOpenKey HKLM\System\CurrentControlSet\Control\Nls\Sorting\Versions REPARSE Desired Access: Read 4/14/2022 12:34:30 PM Registry C:\Windows\system32\nltest.exe BLUETEAM\ezk nltest.exe  /dclist:BLUETEAM.COM 10756 2128,benign
nltest.exe,5768,RegOpenKey,HKLM\System\CurrentControlSet\Control\Nls\Sorting\Versions,SUCCESS,Desired Access: Read,4/14/2022 12:34:30 PM,Registry,C:\Windows\system32\nltest.exe,BLUETEAM\ezk,nltest.exe  /dclist:BLUETEAM.COM,10756,2128,nltest.exe 5768 RegOpenKey HKLM\System\CurrentControlSet\Control\Nls\Sorting\Versions SUCCESS Desired Access: Read 4/14/2022 12:34:30 PM Registry C:\Windows\system32\nltest.exe BLUETEAM\ezk nltest.exe  /dclist:BLUETEAM.COM 10756 2128,benign
nltest.exe,5768,RegQueryValue,HKLM\System\CurrentControlSet\Control\Nls\Sorting\Versions\(Default),SUCCESS,"Type: REG_SZ, Length: 18, Data: 00060305",4/14/2022 12:34:30 PM,Registry,C:\Windows\system32\nltest.exe,BLUETEAM\ezk,nltest.exe  /dclist:BLUETEAM.COM,10756,2128,"nltest.exe 5768 RegQueryValue HKLM\System\CurrentControlSet\Control\Nls\Sorting\Versions\(Default) SUCCESS Type: REG_SZ, Length: 18, Data: 00060305 4/14/2022 12:34:30 PM Registry C:\Windows\system32\nltest.exe BLUETEAM\ezk nltest.exe  /dclist:BLUETEAM.COM 10756 2128",benign
nltest.exe,5768,RegQueryValue,HKLM\System\CurrentControlSet\Control\Nls\Sorting\Versions\000603xx,SUCCESS,"Type: REG_SZ, Length: 26, Data: kernel32.dll",4/14/2022 12:34:30 PM,Registry,C:\Windows\system32\nltest.exe,BLUETEAM\ezk,nltest.exe  /dclist:BLUETEAM.COM,10756,2128,"nltest.exe 5768 RegQueryValue HKLM\System\CurrentControlSet\Control\Nls\Sorting\Versions\000603xx SUCCESS Type: REG_SZ, Length: 26, Data: kernel32.dll 4/14/2022 12:34:30 PM Registry C:\Windows\system32\nltest.exe BLUETEAM\ezk nltest.exe  /dclist:BLUETEAM.COM 10756 2128",benign
nltest.exe,5768,RegOpenKey,HKLM\SYSTEM\CurrentControlSet\Control\Session Manager,REPARSE,"Desired Access: Query Value, Enumerate Sub Keys",4/14/2022 12:34:30 PM,Registry,C:\Windows\system32\nltest.exe,BLUETEAM\ezk,nltest.exe  /dclist:BLUETEAM.COM,10756,2128,"nltest.exe 5768 RegOpenKey HKLM\SYSTEM\CurrentControlSet\Control\Session Manager REPARSE Desired Access: Query Value, Enumerate Sub Keys 4/14/2022 12:34:30 PM Registry C:\Windows\system32\nltest.exe BLUETEAM\ezk nltest.exe  /dclist:BLUETEAM.COM 10756 2128",benign
nltest.exe,5768,RegOpenKey,HKLM\System\CurrentControlSet\Control\Session Manager,SUCCESS,"Desired Access: Query Value, Enumerate Sub Keys",4/14/2022 12:34:30 PM,Registry,C:\Windows\system32\nltest.exe,BLUETEAM\ezk,nltest.exe  /dclist:BLUETEAM.COM,10756,2128,"nltest.exe 5768 RegOpenKey HKLM\System\CurrentControlSet\Control\Session Manager SUCCESS Desired Access: Query Value, Enumerate Sub Keys 4/14/2022 12:34:30 PM Registry C:\Windows\system32\nltest.exe BLUETEAM\ezk nltest.exe  /dclist:BLUETEAM.COM 10756 2128",benign
nltest.exe,5768,RegQueryValue,HKLM\System\CurrentControlSet\Control\Session Manager\ResourcePolicies,NAME NOT FOUND,Length: 24,4/14/2022 12:34:30 PM,Registry,C:\Windows\system32\nltest.exe,BLUETEAM\ezk,nltest.exe  /dclist:BLUETEAM.COM,10756,2128,nltest.exe 5768 RegQueryValue HKLM\System\CurrentControlSet\Control\Session Manager\ResourcePolicies NAME NOT FOUND Length: 24 4/14/2022 12:34:30 PM Registry C:\Windows\system32\nltest.exe BLUETEAM\ezk nltest.exe  /dclist:BLUETEAM.COM 10756 2128,benign
nltest.exe,5768,RegCloseKey,HKLM\System\CurrentControlSet\Control\Session Manager,SUCCESS,,4/14/2022 12:34:30 PM,Registry,C:\Windows\system32\nltest.exe,BLUETEAM\ezk,nltest.exe  /dclist:BLUETEAM.COM,10756,2128,nltest.exe 5768 RegCloseKey HKLM\System\CurrentControlSet\Control\Session Manager SUCCESS None 4/14/2022 12:34:30 PM Registry C:\Windows\system32\nltest.exe BLUETEAM\ezk nltest.exe  /dclist:BLUETEAM.COM 10756 2128,benign
nltest.exe,5768,RegOpenKey,HKLM,SUCCESS,"Desired Access: Maximum Allowed, Granted Access: All Access",4/14/2022 12:34:30 PM,Registry,C:\Windows\system32\nltest.exe,BLUETEAM\ezk,nltest.exe  /dclist:BLUETEAM.COM,10756,2128,"nltest.exe 5768 RegOpenKey HKLM SUCCESS Desired Access: Maximum Allowed, Granted Access: All Access 4/14/2022 12:34:30 PM Registry C:\Windows\system32\nltest.exe BLUETEAM\ezk nltest.exe  /dclist:BLUETEAM.COM 10756 2128",benign
nltest.exe,5768,RegQueryKey,HKLM,SUCCESS,"Query: HandleTags, HandleTags: 0x0",4/14/2022 12:34:30 PM,Registry,C:\Windows\system32\nltest.exe,BLUETEAM\ezk,nltest.exe  /dclist:BLUETEAM.COM,10756,2128,"nltest.exe 5768 RegQueryKey HKLM SUCCESS Query: HandleTags, HandleTags: 0x0 4/14/2022 12:34:30 PM Registry C:\Windows\system32\nltest.exe BLUETEAM\ezk nltest.exe  /dclist:BLUETEAM.COM 10756 2128",benign
nltest.exe,5768,RegOpenKey,HKLM\SYSTEM\Setup,SUCCESS,Desired Access: Query Value,4/14/2022 12:34:30 PM,Registry,C:\Windows\system32\nltest.exe,BLUETEAM\ezk,nltest.exe  /dclist:BLUETEAM.COM,10756,2128,nltest.exe 5768 RegOpenKey HKLM\SYSTEM\Setup SUCCESS Desired Access: Query Value 4/14/2022 12:34:30 PM Registry C:\Windows\system32\nltest.exe BLUETEAM\ezk nltest.exe  /dclist:BLUETEAM.COM 10756 2128,benign
nltest.exe,5768,RegQueryValue,HKLM\SYSTEM\Setup\SystemSetupInProgress,SUCCESS,"Type: REG_DWORD, Length: 4, Data: 0",4/14/2022 12:34:30 PM,Registry,C:\Windows\system32\nltest.exe,BLUETEAM\ezk,nltest.exe  /dclist:BLUETEAM.COM,10756,2128,"nltest.exe 5768 RegQueryValue HKLM\SYSTEM\Setup\SystemSetupInProgress SUCCESS Type: REG_DWORD, Length: 4, Data: 0 4/14/2022 12:34:30 PM Registry C:\Windows\system32\nltest.exe BLUETEAM\ezk nltest.exe  /dclist:BLUETEAM.COM 10756 2128",benign
nltest.exe,5768,RegCloseKey,HKLM\SYSTEM\Setup,SUCCESS,,4/14/2022 12:34:30 PM,Registry,C:\Windows\system32\nltest.exe,BLUETEAM\ezk,nltest.exe  /dclist:BLUETEAM.COM,10756,2128,nltest.exe 5768 RegCloseKey HKLM\SYSTEM\Setup SUCCESS None 4/14/2022 12:34:30 PM Registry C:\Windows\system32\nltest.exe BLUETEAM\ezk nltest.exe  /dclist:BLUETEAM.COM 10756 2128,benign
nltest.exe,5768,RegQueryKey,HKLM,SUCCESS,"Query: HandleTags, HandleTags: 0x0",4/14/2022 12:34:30 PM,Registry,C:\Windows\system32\nltest.exe,BLUETEAM\ezk,nltest.exe  /dclist:BLUETEAM.COM,10756,2128,"nltest.exe 5768 RegQueryKey HKLM SUCCESS Query: HandleTags, HandleTags: 0x0 4/14/2022 12:34:30 PM Registry C:\Windows\system32\nltest.exe BLUETEAM\ezk nltest.exe  /dclist:BLUETEAM.COM 10756 2128",benign
nltest.exe,5768,RegOpenKey,HKLM\Software\Policies\Microsoft\Netlogon\Parameters,NAME NOT FOUND,Desired Access: Query Value,4/14/2022 12:34:30 PM,Registry,C:\Windows\system32\nltest.exe,BLUETEAM\ezk,nltest.exe  /dclist:BLUETEAM.COM,10756,2128,nltest.exe 5768 RegOpenKey HKLM\Software\Policies\Microsoft\Netlogon\Parameters NAME NOT FOUND Desired Access: Query Value 4/14/2022 12:34:30 PM Registry C:\Windows\system32\nltest.exe BLUETEAM\ezk nltest.exe  /dclist:BLUETEAM.COM 10756 2128,benign
nltest.exe,5768,RegOpenKey,HKLM\SOFTWARE\Microsoft\AppModel\Lookaside\Packages,NAME NOT FOUND,Desired Access: Read,4/14/2022 12:34:30 PM,Registry,C:\Windows\system32\nltest.exe,BLUETEAM\ezk,nltest.exe  /dclist:BLUETEAM.COM,10756,2128,nltest.exe 5768 RegOpenKey HKLM\SOFTWARE\Microsoft\AppModel\Lookaside\Packages NAME NOT FOUND Desired Access: Read 4/14/2022 12:34:30 PM Registry C:\Windows\system32\nltest.exe BLUETEAM\ezk nltest.exe  /dclist:BLUETEAM.COM 10756 2128,benign
nltest.exe,5768,RegOpenKey,HKLM\SOFTWARE\Microsoft\Windows NT\CurrentVersion\Image File Execution Options\nltest.exe,NAME NOT FOUND,"Desired Access: Query Value, Enumerate Sub Keys",4/14/2022 12:34:30 PM,Registry,C:\Windows\system32\nltest.exe,BLUETEAM\ezk,nltest.exe  /dclist:BLUETEAM.COM,10756,2128,"nltest.exe 5768 RegOpenKey HKLM\SOFTWARE\Microsoft\Windows NT\CurrentVersion\Image File Execution Options\nltest.exe NAME NOT FOUND Desired Access: Query Value, Enumerate Sub Keys 4/14/2022 12:34:30 PM Registry C:\Windows\system32\nltest.exe BLUETEAM\ezk nltest.exe  /dclist:BLUETEAM.COM 10756 2128",benign
nltest.exe,5768,RegOpenKey,HKLM\Software\Microsoft\Windows NT\CurrentVersion\Image File Execution Options,SUCCESS,"Desired Access: Query Value, Enumerate Sub Keys",4/14/2022 12:34:30 PM,Registry,C:\Windows\system32\nltest.exe,BLUETEAM\ezk,nltest.exe  /dclist:BLUETEAM.COM,10756,2128,"nltest.exe 5768 RegOpenKey HKLM\Software\Microsoft\Windows NT\CurrentVersion\Image File Execution Options SUCCESS Desired Access: Query Value, Enumerate Sub Keys 4/14/2022 12:34:30 PM Registry C:\Windows\system32\nltest.exe BLUETEAM\ezk nltest.exe  /dclist:BLUETEAM.COM 10756 2128",benign
nltest.exe,5768,RegOpenKey,HKLM\System\CurrentControlSet\Control\Error Message Instrument,NAME NOT FOUND,Desired Access: Read,4/14/2022 12:34:30 PM,Registry,C:\Windows\system32\nltest.exe,BLUETEAM\ezk,nltest.exe  /dclist:BLUETEAM.COM,10756,2128,nltest.exe 5768 RegOpenKey HKLM\System\CurrentControlSet\Control\Error Message Instrument NAME NOT FOUND Desired Access: Read 4/14/2022 12:34:30 PM Registry C:\Windows\system32\nltest.exe BLUETEAM\ezk nltest.exe  /dclist:BLUETEAM.COM 10756 2128,benign
nltest.exe,5768,RegOpenKey,HKLM\System\CurrentControlSet\Control\Error Message Instrument\,REPARSE,Desired Access: Read,4/14/2022 12:34:30 PM,Registry,C:\Windows\system32\nltest.exe,BLUETEAM\ezk,nltest.exe  /dclist:BLUETEAM.COM,10756,2128,nltest.exe 5768 RegOpenKey HKLM\System\CurrentControlSet\Control\Error Message Instrument\ REPARSE Desired Access: Read 4/14/2022 12:34:30 PM Registry C:\Windows\system32\nltest.exe BLUETEAM\ezk nltest.exe  /dclist:BLUETEAM.COM 10756 2128,benign
nltest.exe,5768,CloseFile,C:\Windows\System32\imm32.dll,SUCCESS,,4/14/2022 12:34:30 PM,File System,C:\Windows\system32\nltest.exe,BLUETEAM\ezk,nltest.exe  /dclist:BLUETEAM.COM,10756,2128,nltest.exe 5768 CloseFile C:\Windows\System32\imm32.dll SUCCESS None 4/14/2022 12:34:30 PM File System C:\Windows\system32\nltest.exe BLUETEAM\ezk nltest.exe  /dclist:BLUETEAM.COM 10756 2128,benign
nltest.exe,5768,CreateFile,C:\Windows\System32\imm32.dll,SUCCESS,"Desired Access: Read Data/List Directory, Synchronize, Disposition: Open, Options: Synchronous IO Non-Alert, Non-Directory File, Attributes: n/a, ShareMode: Read, Delete, AllocationSize: n/a, OpenResult: Opened",4/14/2022 12:34:30 PM,File System,C:\Windows\system32\nltest.exe,BLUETEAM\ezk,nltest.exe  /dclist:BLUETEAM.COM,10756,2128,"nltest.exe 5768 CreateFile C:\Windows\System32\imm32.dll SUCCESS Desired Access: Read Data/List Directory, Synchronize, Disposition: Open, Options: Synchronous IO Non-Alert, Non-Directory File, Attributes: n/a, ShareMode: Read, Delete, AllocationSize: n/a, OpenResult: Opened 4/14/2022 12:34:30 PM File System C:\Windows\system32\nltest.exe BLUETEAM\ezk nltest.exe  /dclist:BLUETEAM.COM 10756 2128",benign
nltest.exe,5768,CreateFile,C:\Windows\System32\cryptsp.dll,SUCCESS,"Desired Access: Read Data/List Directory, Execute/Traverse, Synchronize, Disposition: Open, Options: Synchronous IO Non-Alert, Non-Directory File, Attributes: n/a, ShareMode: Read, Delete, AllocationSize: n/a, OpenResult: Opened",4/14/2022 12:34:30 PM,File System,C:\Windows\system32\nltest.exe,BLUETEAM\ezk,nltest.exe  /dclist:BLUETEAM.COM,9912,2128,"nltest.exe 5768 CreateFile C:\Windows\System32\cryptsp.dll SUCCESS Desired Access: Read Data/List Directory, Execute/Traverse, Synchronize, Disposition: Open, Options: Synchronous IO Non-Alert, Non-Directory File, Attributes: n/a, ShareMode: Read, Delete, AllocationSize: n/a, OpenResult: Opened 4/14/2022 12:34:30 PM File System C:\Windows\system32\nltest.exe BLUETEAM\ezk nltest.exe  /dclist:BLUETEAM.COM 9912 2128",benign
nltest.exe,5768,CloseFile,C:\Windows\System32\imm32.dll,SUCCESS,,4/14/2022 12:34:30 PM,File System,C:\Windows\system32\nltest.exe,BLUETEAM\ezk,nltest.exe  /dclist:BLUETEAM.COM,10756,2128,nltest.exe 5768 CloseFile C:\Windows\System32\imm32.dll SUCCESS None 4/14/2022 12:34:30 PM File System C:\Windows\system32\nltest.exe BLUETEAM\ezk nltest.exe  /dclist:BLUETEAM.COM 10756 2128,benign
nltest.exe,5768,CreateFile,C:\Windows\System32\imm32.dll,SUCCESS,"Desired Access: Read Attributes, Disposition: Open, Options: Open Reparse Point, Attributes: n/a, ShareMode: Read, Write, Delete, AllocationSize: n/a, OpenResult: Opened",4/14/2022 12:34:30 PM,File System,C:\Windows\system32\nltest.exe,BLUETEAM\ezk,nltest.exe  /dclist:BLUETEAM.COM,10756,2128,"nltest.exe 5768 CreateFile C:\Windows\System32\imm32.dll SUCCESS Desired Access: Read Attributes, Disposition: Open, Options: Open Reparse Point, Attributes: n/a, ShareMode: Read, Write, Delete, AllocationSize: n/a, OpenResult: Opened 4/14/2022 12:34:30 PM File System C:\Windows\system32\nltest.exe BLUETEAM\ezk nltest.exe  /dclist:BLUETEAM.COM 10756 2128",benign
nltest.exe,5768,RegCloseKey,HKLM\System\CurrentControlSet\Services\Netlogon\Parameters,SUCCESS,,4/14/2022 12:34:30 PM,Registry,C:\Windows\system32\nltest.exe,BLUETEAM\ezk,nltest.exe  /dclist:BLUETEAM.COM,10756,2128,nltest.exe 5768 RegCloseKey HKLM\System\CurrentControlSet\Services\Netlogon\Parameters SUCCESS None 4/14/2022 12:34:30 PM Registry C:\Windows\system32\nltest.exe BLUETEAM\ezk nltest.exe  /dclist:BLUETEAM.COM 10756 2128,benign
nltest.exe,5768,RegQueryValue,HKLM\System\CurrentControlSet\Services\Netlogon\Parameters\DCLocatorLdapConnectionCacheEnabled,NAME NOT FOUND,Length: 16,4/14/2022 12:34:30 PM,Registry,C:\Windows\system32\nltest.exe,BLUETEAM\ezk,nltest.exe  /dclist:BLUETEAM.COM,10756,2128,nltest.exe 5768 RegQueryValue HKLM\System\CurrentControlSet\Services\Netlogon\Parameters\DCLocatorLdapConnectionCacheEnabled NAME NOT FOUND Length: 16 4/14/2022 12:34:30 PM Registry C:\Windows\system32\nltest.exe BLUETEAM\ezk nltest.exe  /dclist:BLUETEAM.COM 10756 2128,benign
nltest.exe,5768,RegOpenKey,HKLM\System\CurrentControlSet\Services\Netlogon\Parameters,SUCCESS,Desired Access: Query Value,4/14/2022 12:34:30 PM,Registry,C:\Windows\system32\nltest.exe,BLUETEAM\ezk,nltest.exe  /dclist:BLUETEAM.COM,10756,2128,nltest.exe 5768 RegOpenKey HKLM\System\CurrentControlSet\Services\Netlogon\Parameters SUCCESS Desired Access: Query Value 4/14/2022 12:34:30 PM Registry C:\Windows\system32\nltest.exe BLUETEAM\ezk nltest.exe  /dclist:BLUETEAM.COM 10756 2128,benign
nltest.exe,5768,RegOpenKey,HKLM\SYSTEM\CurrentControlSet\Services\Netlogon\Parameters,REPARSE,Desired Access: Query Value,4/14/2022 12:34:30 PM,Registry,C:\Windows\system32\nltest.exe,BLUETEAM\ezk,nltest.exe  /dclist:BLUETEAM.COM,10756,2128,nltest.exe 5768 RegOpenKey HKLM\SYSTEM\CurrentControlSet\Services\Netlogon\Parameters REPARSE Desired Access: Query Value 4/14/2022 12:34:30 PM Registry C:\Windows\system32\nltest.exe BLUETEAM\ezk nltest.exe  /dclist:BLUETEAM.COM 10756 2128,benign
nltest.exe,5768,RegQueryKey,HKLM,SUCCESS,"Query: HandleTags, HandleTags: 0x0",4/14/2022 12:34:30 PM,Registry,C:\Windows\system32\nltest.exe,BLUETEAM\ezk,nltest.exe  /dclist:BLUETEAM.COM,10756,2128,"nltest.exe 5768 RegQueryKey HKLM SUCCESS Query: HandleTags, HandleTags: 0x0 4/14/2022 12:34:30 PM Registry C:\Windows\system32\nltest.exe BLUETEAM\ezk nltest.exe  /dclist:BLUETEAM.COM 10756 2128",benign
nltest.exe,5768,QueryBasicInformationFile,C:\Windows\System32\imm32.dll,SUCCESS,"CreationTime: 9/22/2021 5:22:10 PM, LastAccessTime: 4/14/2022 12:33:23 PM, LastWriteTime: 9/22/2021 5:22:10 PM, ChangeTime: 10/15/2021 2:25:23 PM, FileAttributes: A",4/14/2022 12:34:30 PM,File System,C:\Windows\system32\nltest.exe,BLUETEAM\ezk,nltest.exe  /dclist:BLUETEAM.COM,10756,2128,"nltest.exe 5768 QueryBasicInformationFile C:\Windows\System32\imm32.dll SUCCESS CreationTime: 9/22/2021 5:22:10 PM, LastAccessTime: 4/14/2022 12:33:23 PM, LastWriteTime: 9/22/2021 5:22:10 PM, ChangeTime: 10/15/2021 2:25:23 PM, FileAttributes: A 4/14/2022 12:34:30 PM File System C:\Windows\system32\nltest.exe BLUETEAM\ezk nltest.exe  /dclist:BLUETEAM.COM 10756 2128",benign
nltest.exe,5768,RegOpenKey,HKLM\System\CurrentControlSet\Control\SafeBoot\Option,NAME NOT FOUND,"Desired Access: Query Value, Set Value",4/14/2022 12:34:30 PM,Registry,C:\Windows\system32\nltest.exe,BLUETEAM\ezk,nltest.exe  /dclist:BLUETEAM.COM,10756,2128,"nltest.exe 5768 RegOpenKey HKLM\System\CurrentControlSet\Control\SafeBoot\Option NAME NOT FOUND Desired Access: Query Value, Set Value 4/14/2022 12:34:30 PM Registry C:\Windows\system32\nltest.exe BLUETEAM\ezk nltest.exe  /dclist:BLUETEAM.COM 10756 2128",benign
nltest.exe,5768,CloseFile,C:\Windows\System32\cryptsp.dll,SUCCESS,,4/14/2022 12:34:30 PM,File System,C:\Windows\system32\nltest.exe,BLUETEAM\ezk,nltest.exe  /dclist:BLUETEAM.COM,9912,2128,nltest.exe 5768 CloseFile C:\Windows\System32\cryptsp.dll SUCCESS None 4/14/2022 12:34:30 PM File System C:\Windows\system32\nltest.exe BLUETEAM\ezk nltest.exe  /dclist:BLUETEAM.COM 9912 2128,benign
nltest.exe,5768,CreateFile,C:\Windows\System32\cryptsp.dll,SUCCESS,"Desired Access: Read Attributes, Disposition: Open, Options: Open Reparse Point, Attributes: n/a, ShareMode: Read, Write, Delete, AllocationSize: n/a, OpenResult: Opened",4/14/2022 12:34:30 PM,File System,C:\Windows\system32\nltest.exe,BLUETEAM\ezk,nltest.exe  /dclist:BLUETEAM.COM,9912,2128,"nltest.exe 5768 CreateFile C:\Windows\System32\cryptsp.dll SUCCESS Desired Access: Read Attributes, Disposition: Open, Options: Open Reparse Point, Attributes: n/a, ShareMode: Read, Write, Delete, AllocationSize: n/a, OpenResult: Opened 4/14/2022 12:34:30 PM File System C:\Windows\system32\nltest.exe BLUETEAM\ezk nltest.exe  /dclist:BLUETEAM.COM 9912 2128",benign
nltest.exe,5768,RegOpenKey,HKLM\System\CurrentControlSet\Control\Srp\GP\DLL,NAME NOT FOUND,Desired Access: Read,4/14/2022 12:34:30 PM,Registry,C:\Windows\system32\nltest.exe,BLUETEAM\ezk,nltest.exe  /dclist:BLUETEAM.COM,10756,2128,nltest.exe 5768 RegOpenKey HKLM\System\CurrentControlSet\Control\Srp\GP\DLL NAME NOT FOUND Desired Access: Read 4/14/2022 12:34:30 PM Registry C:\Windows\system32\nltest.exe BLUETEAM\ezk nltest.exe  /dclist:BLUETEAM.COM 10756 2128,benign
nltest.exe,5768,RegOpenKey,HKLM\Software\Policies\Microsoft\Windows\Safer\CodeIdentifiers,SUCCESS,Desired Access: Query Value,4/14/2022 12:34:30 PM,Registry,C:\Windows\system32\nltest.exe,BLUETEAM\ezk,nltest.exe  /dclist:BLUETEAM.COM,10756,2128,nltest.exe 5768 RegOpenKey HKLM\Software\Policies\Microsoft\Windows\Safer\CodeIdentifiers SUCCESS Desired Access: Query Value 4/14/2022 12:34:30 PM Registry C:\Windows\system32\nltest.exe BLUETEAM\ezk nltest.exe  /dclist:BLUETEAM.COM 10756 2128,benign
nltest.exe,5768,RegQueryValue,HKLM\SOFTWARE\Policies\Microsoft\Windows\safer\codeidentifiers\TransparentEnabled,NAME NOT FOUND,Length: 80,4/14/2022 12:34:30 PM,Registry,C:\Windows\system32\nltest.exe,BLUETEAM\ezk,nltest.exe  /dclist:BLUETEAM.COM,10756,2128,nltest.exe 5768 RegQueryValue HKLM\SOFTWARE\Policies\Microsoft\Windows\safer\codeidentifiers\TransparentEnabled NAME NOT FOUND Length: 80 4/14/2022 12:34:30 PM Registry C:\Windows\system32\nltest.exe BLUETEAM\ezk nltest.exe  /dclist:BLUETEAM.COM 10756 2128,benign
nltest.exe,5768,RegCloseKey,HKLM\SOFTWARE\Policies\Microsoft\Windows\safer\codeidentifiers,SUCCESS,,4/14/2022 12:34:30 PM,Registry,C:\Windows\system32\nltest.exe,BLUETEAM\ezk,nltest.exe  /dclist:BLUETEAM.COM,10756,2128,nltest.exe 5768 RegCloseKey HKLM\SOFTWARE\Policies\Microsoft\Windows\safer\codeidentifiers SUCCESS None 4/14/2022 12:34:30 PM Registry C:\Windows\system32\nltest.exe BLUETEAM\ezk nltest.exe  /dclist:BLUETEAM.COM 10756 2128,benign
nltest.exe,5768,RegOpenKey,HKCU\Software\Policies\Microsoft\Windows\Safer\CodeIdentifiers,NAME NOT FOUND,Desired Access: Query Value,4/14/2022 12:34:30 PM,Registry,C:\Windows\system32\nltest.exe,BLUETEAM\ezk,nltest.exe  /dclist:BLUETEAM.COM,10756,2128,nltest.exe 5768 RegOpenKey HKCU\Software\Policies\Microsoft\Windows\Safer\CodeIdentifiers NAME NOT FOUND Desired Access: Query Value 4/14/2022 12:34:30 PM Registry C:\Windows\system32\nltest.exe BLUETEAM\ezk nltest.exe  /dclist:BLUETEAM.COM 10756 2128,benign
nltest.exe,5768,RegOpenKey,HKLM\System\CurrentControlSet\Control\FileSystem\,REPARSE,Desired Access: Read,4/14/2022 12:34:30 PM,Registry,C:\Windows\system32\nltest.exe,BLUETEAM\ezk,nltest.exe  /dclist:BLUETEAM.COM,10756,2128,nltest.exe 5768 RegOpenKey HKLM\System\CurrentControlSet\Control\FileSystem\ REPARSE Desired Access: Read 4/14/2022 12:34:30 PM Registry C:\Windows\system32\nltest.exe BLUETEAM\ezk nltest.exe  /dclist:BLUETEAM.COM 10756 2128,benign
nltest.exe,5768,RegOpenKey,HKLM\System\CurrentControlSet\Control\FileSystem,SUCCESS,Desired Access: Read,4/14/2022 12:34:30 PM,Registry,C:\Windows\system32\nltest.exe,BLUETEAM\ezk,nltest.exe  /dclist:BLUETEAM.COM,10756,2128,nltest.exe 5768 RegOpenKey HKLM\System\CurrentControlSet\Control\FileSystem SUCCESS Desired Access: Read 4/14/2022 12:34:30 PM Registry C:\Windows\system32\nltest.exe BLUETEAM\ezk nltest.exe  /dclist:BLUETEAM.COM 10756 2128,benign
nltest.exe,5768,RegQueryValue,HKLM\System\CurrentControlSet\Control\FileSystem\LongPathsEnabled,SUCCESS,"Type: REG_DWORD, Length: 4, Data: 0",4/14/2022 12:34:30 PM,Registry,C:\Windows\system32\nltest.exe,BLUETEAM\ezk,nltest.exe  /dclist:BLUETEAM.COM,10756,2128,"nltest.exe 5768 RegQueryValue HKLM\System\CurrentControlSet\Control\FileSystem\LongPathsEnabled SUCCESS Type: REG_DWORD, Length: 4, Data: 0 4/14/2022 12:34:30 PM Registry C:\Windows\system32\nltest.exe BLUETEAM\ezk nltest.exe  /dclist:BLUETEAM.COM 10756 2128",benign
nltest.exe,5768,RegCloseKey,HKLM\System\CurrentControlSet\Control\FileSystem,SUCCESS,,4/14/2022 12:34:30 PM,Registry,C:\Windows\system32\nltest.exe,BLUETEAM\ezk,nltest.exe  /dclist:BLUETEAM.COM,10756,2128,nltest.exe 5768 RegCloseKey HKLM\System\CurrentControlSet\Control\FileSystem SUCCESS None 4/14/2022 12:34:30 PM Registry C:\Windows\system32\nltest.exe BLUETEAM\ezk nltest.exe  /dclist:BLUETEAM.COM 10756 2128,benign
nltest.exe,5768,RegOpenKey,HKLM\System\CurrentControlSet\Control\Session Manager,REPARSE,Desired Access: Query Value,4/14/2022 12:34:30 PM,Registry,C:\Windows\system32\nltest.exe,BLUETEAM\ezk,nltest.exe  /dclist:BLUETEAM.COM,100,2128,nltest.exe 5768 RegOpenKey HKLM\System\CurrentControlSet\Control\Session Manager REPARSE Desired Access: Query Value 4/14/2022 12:34:30 PM Registry C:\Windows\system32\nltest.exe BLUETEAM\ezk nltest.exe  /dclist:BLUETEAM.COM 100 2128,benign
nltest.exe,5768,RegOpenKey,HKLM\System\CurrentControlSet\Control\Session Manager,SUCCESS,Desired Access: Query Value,4/14/2022 12:34:30 PM,Registry,C:\Windows\system32\nltest.exe,BLUETEAM\ezk,nltest.exe  /dclist:BLUETEAM.COM,100,2128,nltest.exe 5768 RegOpenKey HKLM\System\CurrentControlSet\Control\Session Manager SUCCESS Desired Access: Query Value 4/14/2022 12:34:30 PM Registry C:\Windows\system32\nltest.exe BLUETEAM\ezk nltest.exe  /dclist:BLUETEAM.COM 100 2128,benign
nltest.exe,5768,RegOpenKey,HKLM\SYSTEM\CurrentControlSet\Control\Session Manager,REPARSE,"Desired Access: Query Value, Enumerate Sub Keys",4/14/2022 12:34:30 PM,Registry,C:\Windows\system32\nltest.exe,BLUETEAM\ezk,nltest.exe  /dclist:BLUETEAM.COM,10756,2128,"nltest.exe 5768 RegOpenKey HKLM\SYSTEM\CurrentControlSet\Control\Session Manager REPARSE Desired Access: Query Value, Enumerate Sub Keys 4/14/2022 12:34:30 PM Registry C:\Windows\system32\nltest.exe BLUETEAM\ezk nltest.exe  /dclist:BLUETEAM.COM 10756 2128",benign
nltest.exe,5768,RegOpenKey,HKLM\System\CurrentControlSet\Control\Session Manager,SUCCESS,"Desired Access: Query Value, Enumerate Sub Keys",4/14/2022 12:34:30 PM,Registry,C:\Windows\system32\nltest.exe,BLUETEAM\ezk,nltest.exe  /dclist:BLUETEAM.COM,10756,2128,"nltest.exe 5768 RegOpenKey HKLM\System\CurrentControlSet\Control\Session Manager SUCCESS Desired Access: Query Value, Enumerate Sub Keys 4/14/2022 12:34:30 PM Registry C:\Windows\system32\nltest.exe BLUETEAM\ezk nltest.exe  /dclist:BLUETEAM.COM 10756 2128",benign
nltest.exe,5768,RegQueryValue,HKLM\System\CurrentControlSet\Control\Session Manager\ResourcePolicies,NAME NOT FOUND,Length: 24,4/14/2022 12:34:30 PM,Registry,C:\Windows\system32\nltest.exe,BLUETEAM\ezk,nltest.exe  /dclist:BLUETEAM.COM,10756,2128,nltest.exe 5768 RegQueryValue HKLM\System\CurrentControlSet\Control\Session Manager\ResourcePolicies NAME NOT FOUND Length: 24 4/14/2022 12:34:30 PM Registry C:\Windows\system32\nltest.exe BLUETEAM\ezk nltest.exe  /dclist:BLUETEAM.COM 10756 2128,benign
nltest.exe,5768,RegCloseKey,HKLM\System\CurrentControlSet\Control\Session Manager,SUCCESS,,4/14/2022 12:34:30 PM,Registry,C:\Windows\system32\nltest.exe,BLUETEAM\ezk,nltest.exe  /dclist:BLUETEAM.COM,10756,2128,nltest.exe 5768 RegCloseKey HKLM\System\CurrentControlSet\Control\Session Manager SUCCESS None 4/14/2022 12:34:30 PM Registry C:\Windows\system32\nltest.exe BLUETEAM\ezk nltest.exe  /dclist:BLUETEAM.COM 10756 2128,benign
nltest.exe,5768,RegQueryValue,HKLM\System\CurrentControlSet\Control\Session Manager\SafeDllSearchMode,NAME NOT FOUND,Length: 16,4/14/2022 12:34:30 PM,Registry,C:\Windows\system32\nltest.exe,BLUETEAM\ezk,nltest.exe  /dclist:BLUETEAM.COM,100,2128,nltest.exe 5768 RegQueryValue HKLM\System\CurrentControlSet\Control\Session Manager\SafeDllSearchMode NAME NOT FOUND Length: 16 4/14/2022 12:34:30 PM Registry C:\Windows\system32\nltest.exe BLUETEAM\ezk nltest.exe  /dclist:BLUETEAM.COM 100 2128,benign
nltest.exe,5768,CreateFile,C:\Windows\System32\ntdsapi.dll,SUCCESS,"Desired Access: Read Attributes, Disposition: Open, Options: Open Reparse Point, Attributes: n/a, ShareMode: Read, Write, Delete, AllocationSize: n/a, OpenResult: Opened",4/14/2022 12:34:30 PM,File System,C:\Windows\system32\nltest.exe,BLUETEAM\ezk,nltest.exe  /dclist:BLUETEAM.COM,100,2128,"nltest.exe 5768 CreateFile C:\Windows\System32\ntdsapi.dll SUCCESS Desired Access: Read Attributes, Disposition: Open, Options: Open Reparse Point, Attributes: n/a, ShareMode: Read, Write, Delete, AllocationSize: n/a, OpenResult: Opened 4/14/2022 12:34:30 PM File System C:\Windows\system32\nltest.exe BLUETEAM\ezk nltest.exe  /dclist:BLUETEAM.COM 100 2128",benign
nltest.exe,5768,CloseFile,C:\Windows\System32\logoncli.dll,SUCCESS,,4/14/2022 12:34:30 PM,File System,C:\Windows\system32\nltest.exe,BLUETEAM\ezk,nltest.exe  /dclist:BLUETEAM.COM,9912,2128,nltest.exe 5768 CloseFile C:\Windows\System32\logoncli.dll SUCCESS None 4/14/2022 12:34:30 PM File System C:\Windows\system32\nltest.exe BLUETEAM\ezk nltest.exe  /dclist:BLUETEAM.COM 9912 2128,benign
nltest.exe,5768,CreateFile,C:\Windows\System32\logoncli.dll,SUCCESS,"Desired Access: Read Data/List Directory, Execute/Traverse, Synchronize, Disposition: Open, Options: Synchronous IO Non-Alert, Non-Directory File, Attributes: n/a, ShareMode: Read, Delete, AllocationSize: n/a, OpenResult: Opened",4/14/2022 12:34:30 PM,File System,C:\Windows\system32\nltest.exe,BLUETEAM\ezk,nltest.exe  /dclist:BLUETEAM.COM,9912,2128,"nltest.exe 5768 CreateFile C:\Windows\System32\logoncli.dll SUCCESS Desired Access: Read Data/List Directory, Execute/Traverse, Synchronize, Disposition: Open, Options: Synchronous IO Non-Alert, Non-Directory File, Attributes: n/a, ShareMode: Read, Delete, AllocationSize: n/a, OpenResult: Opened 4/14/2022 12:34:30 PM File System C:\Windows\system32\nltest.exe BLUETEAM\ezk nltest.exe  /dclist:BLUETEAM.COM 9912 2128",benign
nltest.exe,5768,CloseFile,C:\Windows\System32\logoncli.dll,SUCCESS,,4/14/2022 12:34:30 PM,File System,C:\Windows\system32\nltest.exe,BLUETEAM\ezk,nltest.exe  /dclist:BLUETEAM.COM,9912,2128,nltest.exe 5768 CloseFile C:\Windows\System32\logoncli.dll SUCCESS None 4/14/2022 12:34:30 PM File System C:\Windows\system32\nltest.exe BLUETEAM\ezk nltest.exe  /dclist:BLUETEAM.COM 9912 2128,benign
nltest.exe,5768,QueryBasicInformationFile,C:\Windows\System32\logoncli.dll,SUCCESS,"CreationTime: 9/22/2021 5:22:06 PM, LastAccessTime: 4/14/2022 12:33:09 PM, LastWriteTime: 9/22/2021 5:22:06 PM, ChangeTime: 10/15/2021 2:25:23 PM, FileAttributes: A",4/14/2022 12:34:30 PM,File System,C:\Windows\system32\nltest.exe,BLUETEAM\ezk,nltest.exe  /dclist:BLUETEAM.COM,9912,2128,"nltest.exe 5768 QueryBasicInformationFile C:\Windows\System32\logoncli.dll SUCCESS CreationTime: 9/22/2021 5:22:06 PM, LastAccessTime: 4/14/2022 12:33:09 PM, LastWriteTime: 9/22/2021 5:22:06 PM, ChangeTime: 10/15/2021 2:25:23 PM, FileAttributes: A 4/14/2022 12:34:30 PM File System C:\Windows\system32\nltest.exe BLUETEAM\ezk nltest.exe  /dclist:BLUETEAM.COM 9912 2128",benign
nltest.exe,5768,CreateFile,C:\Windows\System32\logoncli.dll,SUCCESS,"Desired Access: Read Attributes, Disposition: Open, Options: Open Reparse Point, Attributes: n/a, ShareMode: Read, Write, Delete, AllocationSize: n/a, OpenResult: Opened",4/14/2022 12:34:30 PM,File System,C:\Windows\system32\nltest.exe,BLUETEAM\ezk,nltest.exe  /dclist:BLUETEAM.COM,9912,2128,"nltest.exe 5768 CreateFile C:\Windows\System32\logoncli.dll SUCCESS Desired Access: Read Attributes, Disposition: Open, Options: Open Reparse Point, Attributes: n/a, ShareMode: Read, Write, Delete, AllocationSize: n/a, OpenResult: Opened 4/14/2022 12:34:30 PM File System C:\Windows\system32\nltest.exe BLUETEAM\ezk nltest.exe  /dclist:BLUETEAM.COM 9912 2128",benign
nltest.exe,5768,CloseFile,C:\Windows\System32\netutils.dll,SUCCESS,,4/14/2022 12:34:30 PM,File System,C:\Windows\system32\nltest.exe,BLUETEAM\ezk,nltest.exe  /dclist:BLUETEAM.COM,100,2128,nltest.exe 5768 CloseFile C:\Windows\System32\netutils.dll SUCCESS None 4/14/2022 12:34:30 PM File System C:\Windows\system32\nltest.exe BLUETEAM\ezk nltest.exe  /dclist:BLUETEAM.COM 100 2128,benign
nltest.exe,5768,QueryBasicInformationFile,C:\Windows\System32\cryptsp.dll,SUCCESS,"CreationTime: 9/22/2021 5:22:06 PM, LastAccessTime: 4/14/2022 12:33:09 PM, LastWriteTime: 9/22/2021 5:22:06 PM, ChangeTime: 10/15/2021 2:25:23 PM, FileAttributes: A",4/14/2022 12:34:30 PM,File System,C:\Windows\system32\nltest.exe,BLUETEAM\ezk,nltest.exe  /dclist:BLUETEAM.COM,9912,2128,"nltest.exe 5768 QueryBasicInformationFile C:\Windows\System32\cryptsp.dll SUCCESS CreationTime: 9/22/2021 5:22:06 PM, LastAccessTime: 4/14/2022 12:33:09 PM, LastWriteTime: 9/22/2021 5:22:06 PM, ChangeTime: 10/15/2021 2:25:23 PM, FileAttributes: A 4/14/2022 12:34:30 PM File System C:\Windows\system32\nltest.exe BLUETEAM\ezk nltest.exe  /dclist:BLUETEAM.COM 9912 2128",benign
nltest.exe,5768,CreateFile,C:\Windows\System32\netutils.dll,SUCCESS,"Desired Access: Read Data/List Directory, Execute/Traverse, Synchronize, Disposition: Open, Options: Synchronous IO Non-Alert, Non-Directory File, Attributes: n/a, ShareMode: Read, Delete, AllocationSize: n/a, OpenResult: Opened",4/14/2022 12:34:30 PM,File System,C:\Windows\system32\nltest.exe,BLUETEAM\ezk,nltest.exe  /dclist:BLUETEAM.COM,100,2128,"nltest.exe 5768 CreateFile C:\Windows\System32\netutils.dll SUCCESS Desired Access: Read Data/List Directory, Execute/Traverse, Synchronize, Disposition: Open, Options: Synchronous IO Non-Alert, Non-Directory File, Attributes: n/a, ShareMode: Read, Delete, AllocationSize: n/a, OpenResult: Opened 4/14/2022 12:34:30 PM File System C:\Windows\system32\nltest.exe BLUETEAM\ezk nltest.exe  /dclist:BLUETEAM.COM 100 2128",benign
nltest.exe,5768,QueryBasicInformationFile,C:\Windows\System32\netutils.dll,SUCCESS,"CreationTime: 9/22/2021 5:22:06 PM, LastAccessTime: 4/14/2022 12:33:09 PM, LastWriteTime: 9/22/2021 5:22:06 PM, ChangeTime: 10/15/2021 2:25:23 PM, FileAttributes: A",4/14/2022 12:34:30 PM,File System,C:\Windows\system32\nltest.exe,BLUETEAM\ezk,nltest.exe  /dclist:BLUETEAM.COM,100,2128,"nltest.exe 5768 QueryBasicInformationFile C:\Windows\System32\netutils.dll SUCCESS CreationTime: 9/22/2021 5:22:06 PM, LastAccessTime: 4/14/2022 12:33:09 PM, LastWriteTime: 9/22/2021 5:22:06 PM, ChangeTime: 10/15/2021 2:25:23 PM, FileAttributes: A 4/14/2022 12:34:30 PM File System C:\Windows\system32\nltest.exe BLUETEAM\ezk nltest.exe  /dclist:BLUETEAM.COM 100 2128",benign
nltest.exe,5768,CreateFile,C:\Windows\System32\netutils.dll,SUCCESS,"Desired Access: Read Attributes, Disposition: Open, Options: Open Reparse Point, Attributes: n/a, ShareMode: Read, Write, Delete, AllocationSize: n/a, OpenResult: Opened",4/14/2022 12:34:30 PM,File System,C:\Windows\system32\nltest.exe,BLUETEAM\ezk,nltest.exe  /dclist:BLUETEAM.COM,100,2128,"nltest.exe 5768 CreateFile C:\Windows\System32\netutils.dll SUCCESS Desired Access: Read Attributes, Disposition: Open, Options: Open Reparse Point, Attributes: n/a, ShareMode: Read, Write, Delete, AllocationSize: n/a, OpenResult: Opened 4/14/2022 12:34:30 PM File System C:\Windows\system32\nltest.exe BLUETEAM\ezk nltest.exe  /dclist:BLUETEAM.COM 100 2128",benign
nltest.exe,5768,CloseFile,C:\Windows\System32\ntdsapi.dll,SUCCESS,,4/14/2022 12:34:30 PM,File System,C:\Windows\system32\nltest.exe,BLUETEAM\ezk,nltest.exe  /dclist:BLUETEAM.COM,100,2128,nltest.exe 5768 CloseFile C:\Windows\System32\ntdsapi.dll SUCCESS None 4/14/2022 12:34:30 PM File System C:\Windows\system32\nltest.exe BLUETEAM\ezk nltest.exe  /dclist:BLUETEAM.COM 100 2128,benign
nltest.exe,5768,CreateFile,C:\Windows\System32\ntdsapi.dll,SUCCESS,"Desired Access: Read Data/List Directory, Execute/Traverse, Synchronize, Disposition: Open, Options: Synchronous IO Non-Alert, Non-Directory File, Attributes: n/a, ShareMode: Read, Delete, AllocationSize: n/a, OpenResult: Opened",4/14/2022 12:34:30 PM,File System,C:\Windows\system32\nltest.exe,BLUETEAM\ezk,nltest.exe  /dclist:BLUETEAM.COM,100,2128,"nltest.exe 5768 CreateFile C:\Windows\System32\ntdsapi.dll SUCCESS Desired Access: Read Data/List Directory, Execute/Traverse, Synchronize, Disposition: Open, Options: Synchronous IO Non-Alert, Non-Directory File, Attributes: n/a, ShareMode: Read, Delete, AllocationSize: n/a, OpenResult: Opened 4/14/2022 12:34:30 PM File System C:\Windows\system32\nltest.exe BLUETEAM\ezk nltest.exe  /dclist:BLUETEAM.COM 100 2128",benign
nltest.exe,5768,CloseFile,C:\Windows\System32\ntdsapi.dll,SUCCESS,,4/14/2022 12:34:30 PM,File System,C:\Windows\system32\nltest.exe,BLUETEAM\ezk,nltest.exe  /dclist:BLUETEAM.COM,100,2128,nltest.exe 5768 CloseFile C:\Windows\System32\ntdsapi.dll SUCCESS None 4/14/2022 12:34:30 PM File System C:\Windows\system32\nltest.exe BLUETEAM\ezk nltest.exe  /dclist:BLUETEAM.COM 100 2128,benign
nltest.exe,5768,QueryBasicInformationFile,C:\Windows\System32\ntdsapi.dll,SUCCESS,"CreationTime: 9/22/2021 5:21:51 PM, LastAccessTime: 4/14/2022 12:33:09 PM, LastWriteTime: 9/22/2021 5:21:51 PM, ChangeTime: 10/15/2021 2:36:53 PM, FileAttributes: A",4/14/2022 12:34:30 PM,File System,C:\Windows\system32\nltest.exe,BLUETEAM\ezk,nltest.exe  /dclist:BLUETEAM.COM,100,2128,"nltest.exe 5768 QueryBasicInformationFile C:\Windows\System32\ntdsapi.dll SUCCESS CreationTime: 9/22/2021 5:21:51 PM, LastAccessTime: 4/14/2022 12:33:09 PM, LastWriteTime: 9/22/2021 5:21:51 PM, ChangeTime: 10/15/2021 2:36:53 PM, FileAttributes: A 4/14/2022 12:34:30 PM File System C:\Windows\system32\nltest.exe BLUETEAM\ezk nltest.exe  /dclist:BLUETEAM.COM 100 2128",benign
nltest.exe,5768,CloseFile,C:\Windows\System32\netutils.dll,SUCCESS,,4/14/2022 12:34:30 PM,File System,C:\Windows\system32\nltest.exe,BLUETEAM\ezk,nltest.exe  /dclist:BLUETEAM.COM,100,2128,nltest.exe 5768 CloseFile C:\Windows\System32\netutils.dll SUCCESS None 4/14/2022 12:34:30 PM File System C:\Windows\system32\nltest.exe BLUETEAM\ezk nltest.exe  /dclist:BLUETEAM.COM 100 2128,benign
nltest.exe,5768,RegOpenKey,HKLM\Software\Policies\Microsoft\Windows\Display,NAME NOT FOUND,Desired Access: Read,4/14/2022 12:34:30 PM,Registry,C:\Windows\system32\nltest.exe,BLUETEAM\ezk,nltest.exe  /dclist:BLUETEAM.COM,10756,2128,nltest.exe 5768 RegOpenKey HKLM\Software\Policies\Microsoft\Windows\Display NAME NOT FOUND Desired Access: Read 4/14/2022 12:34:30 PM Registry C:\Windows\system32\nltest.exe BLUETEAM\ezk nltest.exe  /dclist:BLUETEAM.COM 10756 2128,benign
cmd.exe,2128,RegOpenKey,HKLM\System\CurrentControlSet\Control\Nls\Sorting\Ids,SUCCESS,Desired Access: Read,4/14/2022 12:34:30 PM,Registry,C:\Windows\system32\cmd.exe,BLUETEAM\ezk,cmd.exe /C nltest.exe /dclist:%userdnsdomain%,10376,8028,cmd.exe 2128 RegOpenKey HKLM\System\CurrentControlSet\Control\Nls\Sorting\Ids SUCCESS Desired Access: Read 4/14/2022 12:34:30 PM Registry C:\Windows\system32\cmd.exe BLUETEAM\ezk cmd.exe /C nltest.exe /dclist:%userdnsdomain% 10376 8028,benign
cmd.exe,2128,CloseFile,C:\Windows\Globalization\Sorting\SortDefault.nls,SUCCESS,,4/14/2022 12:34:30 PM,File System,C:\Windows\system32\cmd.exe,BLUETEAM\ezk,cmd.exe /C nltest.exe /dclist:%userdnsdomain%,10376,8028,cmd.exe 2128 CloseFile C:\Windows\Globalization\Sorting\SortDefault.nls SUCCESS None 4/14/2022 12:34:30 PM File System C:\Windows\system32\cmd.exe BLUETEAM\ezk cmd.exe /C nltest.exe /dclist:%userdnsdomain% 10376 8028,benign
cmd.exe,2128,RegOpenKey,HKLM,SUCCESS,"Desired Access: Maximum Allowed, Granted Access: All Access",4/14/2022 12:34:30 PM,Registry,C:\Windows\system32\cmd.exe,BLUETEAM\ezk,cmd.exe /C nltest.exe /dclist:%userdnsdomain%,10376,8028,"cmd.exe 2128 RegOpenKey HKLM SUCCESS Desired Access: Maximum Allowed, Granted Access: All Access 4/14/2022 12:34:30 PM Registry C:\Windows\system32\cmd.exe BLUETEAM\ezk cmd.exe /C nltest.exe /dclist:%userdnsdomain% 10376 8028",benign
cmd.exe,2128,RegQueryKey,HKLM,SUCCESS,"Query: HandleTags, HandleTags: 0x0",4/14/2022 12:34:30 PM,Registry,C:\Windows\system32\cmd.exe,BLUETEAM\ezk,cmd.exe /C nltest.exe /dclist:%userdnsdomain%,10376,8028,"cmd.exe 2128 RegQueryKey HKLM SUCCESS Query: HandleTags, HandleTags: 0x0 4/14/2022 12:34:30 PM Registry C:\Windows\system32\cmd.exe BLUETEAM\ezk cmd.exe /C nltest.exe /dclist:%userdnsdomain% 10376 8028",benign
cmd.exe,2128,RegOpenKey,HKLM\SOFTWARE\Microsoft\OLE,SUCCESS,Desired Access: Read,4/14/2022 12:34:30 PM,Registry,C:\Windows\system32\cmd.exe,BLUETEAM\ezk,cmd.exe /C nltest.exe /dclist:%userdnsdomain%,10376,8028,cmd.exe 2128 RegOpenKey HKLM\SOFTWARE\Microsoft\OLE SUCCESS Desired Access: Read 4/14/2022 12:34:30 PM Registry C:\Windows\system32\cmd.exe BLUETEAM\ezk cmd.exe /C nltest.exe /dclist:%userdnsdomain% 10376 8028,benign
cmd.exe,2128,RegQueryValue,HKLM\SOFTWARE\Microsoft\Ole\PageAllocatorUseSystemHeap,NAME NOT FOUND,Length: 20,4/14/2022 12:34:30 PM,Registry,C:\Windows\system32\cmd.exe,BLUETEAM\ezk,cmd.exe /C nltest.exe /dclist:%userdnsdomain%,10376,8028,cmd.exe 2128 RegQueryValue HKLM\SOFTWARE\Microsoft\Ole\PageAllocatorUseSystemHeap NAME NOT FOUND Length: 20 4/14/2022 12:34:30 PM Registry C:\Windows\system32\cmd.exe BLUETEAM\ezk cmd.exe /C nltest.exe /dclist:%userdnsdomain% 10376 8028,benign
cmd.exe,2128,RegCloseKey,HKLM\SOFTWARE\Microsoft\Ole,SUCCESS,,4/14/2022 12:34:30 PM,Registry,C:\Windows\system32\cmd.exe,BLUETEAM\ezk,cmd.exe /C nltest.exe /dclist:%userdnsdomain%,10376,8028,cmd.exe 2128 RegCloseKey HKLM\SOFTWARE\Microsoft\Ole SUCCESS None 4/14/2022 12:34:30 PM Registry C:\Windows\system32\cmd.exe BLUETEAM\ezk cmd.exe /C nltest.exe /dclist:%userdnsdomain% 10376 8028,benign
cmd.exe,2128,RegQueryKey,HKLM,SUCCESS,"Query: HandleTags, HandleTags: 0x0",4/14/2022 12:34:30 PM,Registry,C:\Windows\system32\cmd.exe,BLUETEAM\ezk,cmd.exe /C nltest.exe /dclist:%userdnsdomain%,10376,8028,"cmd.exe 2128 RegQueryKey HKLM SUCCESS Query: HandleTags, HandleTags: 0x0 4/14/2022 12:34:30 PM Registry C:\Windows\system32\cmd.exe BLUETEAM\ezk cmd.exe /C nltest.exe /dclist:%userdnsdomain% 10376 8028",benign
cmd.exe,2128,RegOpenKey,HKLM\SOFTWARE\Microsoft\OLE,SUCCESS,Desired Access: Read,4/14/2022 12:34:30 PM,Registry,C:\Windows\system32\cmd.exe,BLUETEAM\ezk,cmd.exe /C nltest.exe /dclist:%userdnsdomain%,10376,8028,cmd.exe 2128 RegOpenKey HKLM\SOFTWARE\Microsoft\OLE SUCCESS Desired Access: Read 4/14/2022 12:34:30 PM Registry C:\Windows\system32\cmd.exe BLUETEAM\ezk cmd.exe /C nltest.exe /dclist:%userdnsdomain% 10376 8028,benign
cmd.exe,2128,RegQueryValue,HKLM\SOFTWARE\Microsoft\Ole\PageAllocatorSystemHeapIsPrivate,NAME NOT FOUND,Length: 20,4/14/2022 12:34:30 PM,Registry,C:\Windows\system32\cmd.exe,BLUETEAM\ezk,cmd.exe /C nltest.exe /dclist:%userdnsdomain%,10376,8028,cmd.exe 2128 RegQueryValue HKLM\SOFTWARE\Microsoft\Ole\PageAllocatorSystemHeapIsPrivate NAME NOT FOUND Length: 20 4/14/2022 12:34:30 PM Registry C:\Windows\system32\cmd.exe BLUETEAM\ezk cmd.exe /C nltest.exe /dclist:%userdnsdomain% 10376 8028,benign
cmd.exe,2128,RegCloseKey,HKLM\SOFTWARE\Microsoft\Ole,SUCCESS,,4/14/2022 12:34:30 PM,Registry,C:\Windows\system32\cmd.exe,BLUETEAM\ezk,cmd.exe /C nltest.exe /dclist:%userdnsdomain%,10376,8028,cmd.exe 2128 RegCloseKey HKLM\SOFTWARE\Microsoft\Ole SUCCESS None 4/14/2022 12:34:30 PM Registry C:\Windows\system32\cmd.exe BLUETEAM\ezk cmd.exe /C nltest.exe /dclist:%userdnsdomain% 10376 8028,benign
cmd.exe,2128,RegQueryKey,HKLM,SUCCESS,"Query: HandleTags, HandleTags: 0x0",4/14/2022 12:34:30 PM,Registry,C:\Windows\system32\cmd.exe,BLUETEAM\ezk,cmd.exe /C nltest.exe /dclist:%userdnsdomain%,10376,8028,"cmd.exe 2128 RegQueryKey HKLM SUCCESS Query: HandleTags, HandleTags: 0x0 4/14/2022 12:34:30 PM Registry C:\Windows\system32\cmd.exe BLUETEAM\ezk cmd.exe /C nltest.exe /dclist:%userdnsdomain% 10376 8028",benign
cmd.exe,2128,RegOpenKey,HKLM\SOFTWARE\Microsoft\OLE,SUCCESS,Desired Access: Read,4/14/2022 12:34:30 PM,Registry,C:\Windows\system32\cmd.exe,BLUETEAM\ezk,cmd.exe /C nltest.exe /dclist:%userdnsdomain%,10376,8028,cmd.exe 2128 RegOpenKey HKLM\SOFTWARE\Microsoft\OLE SUCCESS Desired Access: Read 4/14/2022 12:34:30 PM Registry C:\Windows\system32\cmd.exe BLUETEAM\ezk cmd.exe /C nltest.exe /dclist:%userdnsdomain% 10376 8028,benign
cmd.exe,2128,RegQueryValue,HKLM\SOFTWARE\Microsoft\Ole\AggressiveMTATesting,NAME NOT FOUND,Length: 16,4/14/2022 12:34:30 PM,Registry,C:\Windows\system32\cmd.exe,BLUETEAM\ezk,cmd.exe /C nltest.exe /dclist:%userdnsdomain%,10376,8028,cmd.exe 2128 RegQueryValue HKLM\SOFTWARE\Microsoft\Ole\AggressiveMTATesting NAME NOT FOUND Length: 16 4/14/2022 12:34:30 PM Registry C:\Windows\system32\cmd.exe BLUETEAM\ezk cmd.exe /C nltest.exe /dclist:%userdnsdomain% 10376 8028,benign
cmd.exe,2128,RegCloseKey,HKLM\SOFTWARE\Microsoft\Ole,SUCCESS,,4/14/2022 12:34:30 PM,Registry,C:\Windows\system32\cmd.exe,BLUETEAM\ezk,cmd.exe /C nltest.exe /dclist:%userdnsdomain%,10376,8028,cmd.exe 2128 RegCloseKey HKLM\SOFTWARE\Microsoft\Ole SUCCESS None 4/14/2022 12:34:30 PM Registry C:\Windows\system32\cmd.exe BLUETEAM\ezk cmd.exe /C nltest.exe /dclist:%userdnsdomain% 10376 8028,benign
cmd.exe,2128,RegQueryKey,HKLM,SUCCESS,"Query: HandleTags, HandleTags: 0x0",4/14/2022 12:34:30 PM,Registry,C:\Windows\system32\cmd.exe,BLUETEAM\ezk,cmd.exe /C nltest.exe /dclist:%userdnsdomain%,10376,8028,"cmd.exe 2128 RegQueryKey HKLM SUCCESS Query: HandleTags, HandleTags: 0x0 4/14/2022 12:34:30 PM Registry C:\Windows\system32\cmd.exe BLUETEAM\ezk cmd.exe /C nltest.exe /dclist:%userdnsdomain% 10376 8028",benign
cmd.exe,2128,RegOpenKey,HKLM,SUCCESS,Desired Access: Read,4/14/2022 12:34:30 PM,Registry,C:\Windows\system32\cmd.exe,BLUETEAM\ezk,cmd.exe /C nltest.exe /dclist:%userdnsdomain%,10376,8028,cmd.exe 2128 RegOpenKey HKLM SUCCESS Desired Access: Read 4/14/2022 12:34:30 PM Registry C:\Windows\system32\cmd.exe BLUETEAM\ezk cmd.exe /C nltest.exe /dclist:%userdnsdomain% 10376 8028,benign
cmd.exe,2128,RegQueryKey,HKLM,SUCCESS,"Query: HandleTags, HandleTags: 0x100",4/14/2022 12:34:30 PM,Registry,C:\Windows\system32\cmd.exe,BLUETEAM\ezk,cmd.exe /C nltest.exe /dclist:%userdnsdomain%,10376,8028,"cmd.exe 2128 RegQueryKey HKLM SUCCESS Query: HandleTags, HandleTags: 0x100 4/14/2022 12:34:30 PM Registry C:\Windows\system32\cmd.exe BLUETEAM\ezk cmd.exe /C nltest.exe /dclist:%userdnsdomain% 10376 8028",benign
cmd.exe,2128,RegOpenKey,HKLM\Software\Microsoft\Ole\FeatureDevelopmentProperties,NAME NOT FOUND,Desired Access: Read,4/14/2022 12:34:30 PM,Registry,C:\Windows\system32\cmd.exe,BLUETEAM\ezk,cmd.exe /C nltest.exe /dclist:%userdnsdomain%,10376,8028,cmd.exe 2128 RegOpenKey HKLM\Software\Microsoft\Ole\FeatureDevelopmentProperties NAME NOT FOUND Desired Access: Read 4/14/2022 12:34:30 PM Registry C:\Windows\system32\cmd.exe BLUETEAM\ezk cmd.exe /C nltest.exe /dclist:%userdnsdomain% 10376 8028,benign
cmd.exe,2128,RegOpenKey,HKCU\Control Panel\Desktop\LanguageConfiguration,NAME NOT FOUND,Desired Access: Read,4/14/2022 12:34:30 PM,Registry,C:\Windows\system32\cmd.exe,BLUETEAM\ezk,cmd.exe /C nltest.exe /dclist:%userdnsdomain%,10376,8028,cmd.exe 2128 RegOpenKey HKCU\Control Panel\Desktop\LanguageConfiguration NAME NOT FOUND Desired Access: Read 4/14/2022 12:34:30 PM Registry C:\Windows\system32\cmd.exe BLUETEAM\ezk cmd.exe /C nltest.exe /dclist:%userdnsdomain% 10376 8028,benign
cmd.exe,2128,RegOpenKey,HKCU\Software\Policies\Microsoft\Control Panel\Desktop,NAME NOT FOUND,Desired Access: Read,4/14/2022 12:34:30 PM,Registry,C:\Windows\system32\cmd.exe,BLUETEAM\ezk,cmd.exe /C nltest.exe /dclist:%userdnsdomain%,10376,8028,cmd.exe 2128 RegOpenKey HKCU\Software\Policies\Microsoft\Control Panel\Desktop NAME NOT FOUND Desired Access: Read 4/14/2022 12:34:30 PM Registry C:\Windows\system32\cmd.exe BLUETEAM\ezk cmd.exe /C nltest.exe /dclist:%userdnsdomain% 10376 8028,benign
cmd.exe,2128,RegOpenKey,HKCU,SUCCESS,"Desired Access: Maximum Allowed, Granted Access: All Access",4/14/2022 12:34:30 PM,Registry,C:\Windows\system32\cmd.exe,BLUETEAM\ezk,cmd.exe /C nltest.exe /dclist:%userdnsdomain%,10376,8028,"cmd.exe 2128 RegOpenKey HKCU SUCCESS Desired Access: Maximum Allowed, Granted Access: All Access 4/14/2022 12:34:30 PM Registry C:\Windows\system32\cmd.exe BLUETEAM\ezk cmd.exe /C nltest.exe /dclist:%userdnsdomain% 10376 8028",benign
cmd.exe,2128,RegOpenKey,HKLM\Software\Policies\Microsoft\MUI\Settings,NAME NOT FOUND,Desired Access: Read,4/14/2022 12:34:30 PM,Registry,C:\Windows\system32\cmd.exe,BLUETEAM\ezk,cmd.exe /C nltest.exe /dclist:%userdnsdomain%,10376,8028,cmd.exe 2128 RegOpenKey HKLM\Software\Policies\Microsoft\MUI\Settings NAME NOT FOUND Desired Access: Read 4/14/2022 12:34:30 PM Registry C:\Windows\system32\cmd.exe BLUETEAM\ezk cmd.exe /C nltest.exe /dclist:%userdnsdomain% 10376 8028,benign
cmd.exe,2128,RegCloseKey,HKCU,SUCCESS,,4/14/2022 12:34:30 PM,Registry,C:\Windows\system32\cmd.exe,BLUETEAM\ezk,cmd.exe /C nltest.exe /dclist:%userdnsdomain%,10376,8028,cmd.exe 2128 RegCloseKey HKCU SUCCESS None 4/14/2022 12:34:30 PM Registry C:\Windows\system32\cmd.exe BLUETEAM\ezk cmd.exe /C nltest.exe /dclist:%userdnsdomain% 10376 8028,benign
cmd.exe,2128,RegOpenKey,HKCU\Control Panel\Desktop\MuiCached\MachineLanguageConfiguration,NAME NOT FOUND,Desired Access: Read,4/14/2022 12:34:30 PM,Registry,C:\Windows\system32\cmd.exe,BLUETEAM\ezk,cmd.exe /C nltest.exe /dclist:%userdnsdomain%,10376,8028,cmd.exe 2128 RegOpenKey HKCU\Control Panel\Desktop\MuiCached\MachineLanguageConfiguration NAME NOT FOUND Desired Access: Read 4/14/2022 12:34:30 PM Registry C:\Windows\system32\cmd.exe BLUETEAM\ezk cmd.exe /C nltest.exe /dclist:%userdnsdomain% 10376 8028,benign
cmd.exe,2128,RegCloseKey,HKLM\System\CurrentControlSet\Control\Session Manager,SUCCESS,,4/14/2022 12:34:30 PM,Registry,C:\Windows\system32\cmd.exe,BLUETEAM\ezk,cmd.exe /C nltest.exe /dclist:%userdnsdomain%,10376,8028,cmd.exe 2128 RegCloseKey HKLM\System\CurrentControlSet\Control\Session Manager SUCCESS None 4/14/2022 12:34:30 PM Registry C:\Windows\system32\cmd.exe BLUETEAM\ezk cmd.exe /C nltest.exe /dclist:%userdnsdomain% 10376 8028,benign
cmd.exe,2128,RegOpenKey,HKCU,SUCCESS,"Desired Access: Maximum Allowed, Granted Access: All Access",4/14/2022 12:34:30 PM,Registry,C:\Windows\system32\cmd.exe,BLUETEAM\ezk,cmd.exe /C nltest.exe /dclist:%userdnsdomain%,10376,8028,"cmd.exe 2128 RegOpenKey HKCU SUCCESS Desired Access: Maximum Allowed, Granted Access: All Access 4/14/2022 12:34:30 PM Registry C:\Windows\system32\cmd.exe BLUETEAM\ezk cmd.exe /C nltest.exe /dclist:%userdnsdomain% 10376 8028",benign
cmd.exe,2128,RegQueryKey,HKLM,SUCCESS,"Query: HandleTags, HandleTags: 0x0",4/14/2022 12:34:30 PM,Registry,C:\Windows\system32\cmd.exe,BLUETEAM\ezk,cmd.exe /C nltest.exe /dclist:%userdnsdomain%,10376,8028,"cmd.exe 2128 RegQueryKey HKLM SUCCESS Query: HandleTags, HandleTags: 0x0 4/14/2022 12:34:30 PM Registry C:\Windows\system32\cmd.exe BLUETEAM\ezk cmd.exe /C nltest.exe /dclist:%userdnsdomain% 10376 8028",benign
cmd.exe,2128,RegOpenKey,HKLM\Software\Microsoft\Ole,SUCCESS,Desired Access: Read,4/14/2022 12:34:30 PM,Registry,C:\Windows\system32\cmd.exe,BLUETEAM\ezk,cmd.exe /C nltest.exe /dclist:%userdnsdomain%,10376,8028,cmd.exe 2128 RegOpenKey HKLM\Software\Microsoft\Ole SUCCESS Desired Access: Read 4/14/2022 12:34:30 PM Registry C:\Windows\system32\cmd.exe BLUETEAM\ezk cmd.exe /C nltest.exe /dclist:%userdnsdomain% 10376 8028,benign
cmd.exe,2128,RegQueryKey,HKLM,SUCCESS,"Query: HandleTags, HandleTags: 0x100",4/14/2022 12:34:30 PM,Registry,C:\Windows\system32\cmd.exe,BLUETEAM\ezk,cmd.exe /C nltest.exe /dclist:%userdnsdomain%,10376,8028,"cmd.exe 2128 RegQueryKey HKLM SUCCESS Query: HandleTags, HandleTags: 0x100 4/14/2022 12:34:30 PM Registry C:\Windows\system32\cmd.exe BLUETEAM\ezk cmd.exe /C nltest.exe /dclist:%userdnsdomain% 10376 8028",benign
cmd.exe,2128,RegOpenKey,HKLM\Software\Microsoft\Ole\FeatureDevelopmentProperties,NAME NOT FOUND,Desired Access: Read,4/14/2022 12:34:30 PM,Registry,C:\Windows\system32\cmd.exe,BLUETEAM\ezk,cmd.exe /C nltest.exe /dclist:%userdnsdomain%,10376,8028,cmd.exe 2128 RegOpenKey HKLM\Software\Microsoft\Ole\FeatureDevelopmentProperties NAME NOT FOUND Desired Access: Read 4/14/2022 12:34:30 PM Registry C:\Windows\system32\cmd.exe BLUETEAM\ezk cmd.exe /C nltest.exe /dclist:%userdnsdomain% 10376 8028,benign
cmd.exe,2128,RegQueryKey,HKLM,SUCCESS,"Query: HandleTags, HandleTags: 0x100",4/14/2022 12:34:30 PM,Registry,C:\Windows\system32\cmd.exe,BLUETEAM\ezk,cmd.exe /C nltest.exe /dclist:%userdnsdomain%,10376,8028,"cmd.exe 2128 RegQueryKey HKLM SUCCESS Query: HandleTags, HandleTags: 0x100 4/14/2022 12:34:30 PM Registry C:\Windows\system32\cmd.exe BLUETEAM\ezk cmd.exe /C nltest.exe /dclist:%userdnsdomain% 10376 8028",benign
cmd.exe,2128,RegOpenKey,HKLM\SOFTWARE\Microsoft\AppModel\Lookaside\Packages,NAME NOT FOUND,Desired Access: Read,4/14/2022 12:34:30 PM,Registry,C:\Windows\system32\cmd.exe,BLUETEAM\ezk,cmd.exe /C nltest.exe /dclist:%userdnsdomain%,10376,8028,cmd.exe 2128 RegOpenKey HKLM\SOFTWARE\Microsoft\AppModel\Lookaside\Packages NAME NOT FOUND Desired Access: Read 4/14/2022 12:34:30 PM Registry C:\Windows\system32\cmd.exe BLUETEAM\ezk cmd.exe /C nltest.exe /dclist:%userdnsdomain% 10376 8028,benign
cmd.exe,2128,RegOpenKey,HKLM\Software\Microsoft\OLE\Tracing,NAME NOT FOUND,Desired Access: Read,4/14/2022 12:34:30 PM,Registry,C:\Windows\system32\cmd.exe,BLUETEAM\ezk,cmd.exe /C nltest.exe /dclist:%userdnsdomain%,10376,8028,cmd.exe 2128 RegOpenKey HKLM\Software\Microsoft\OLE\Tracing NAME NOT FOUND Desired Access: Read 4/14/2022 12:34:30 PM Registry C:\Windows\system32\cmd.exe BLUETEAM\ezk cmd.exe /C nltest.exe /dclist:%userdnsdomain% 10376 8028,benign
cmd.exe,2128,RegCloseKey,HKCU,SUCCESS,,4/14/2022 12:34:30 PM,Registry,C:\Windows\system32\cmd.exe,BLUETEAM\ezk,cmd.exe /C nltest.exe /dclist:%userdnsdomain%,10376,8028,cmd.exe 2128 RegCloseKey HKCU SUCCESS None 4/14/2022 12:34:30 PM Registry C:\Windows\system32\cmd.exe BLUETEAM\ezk cmd.exe /C nltest.exe /dclist:%userdnsdomain% 10376 8028,benign
cmd.exe,2128,RegQueryValue,HKLM\System\CurrentControlSet\Control\Session Manager\ResourcePolicies,NAME NOT FOUND,Length: 24,4/14/2022 12:34:30 PM,Registry,C:\Windows\system32\cmd.exe,BLUETEAM\ezk,cmd.exe /C nltest.exe /dclist:%userdnsdomain%,10376,8028,cmd.exe 2128 RegQueryValue HKLM\System\CurrentControlSet\Control\Session Manager\ResourcePolicies NAME NOT FOUND Length: 24 4/14/2022 12:34:30 PM Registry C:\Windows\system32\cmd.exe BLUETEAM\ezk cmd.exe /C nltest.exe /dclist:%userdnsdomain% 10376 8028,benign
cmd.exe,2128,RegOpenKey,HKLM\SYSTEM\CurrentControlSet\Control\Session Manager,REPARSE,"Desired Access: Query Value, Enumerate Sub Keys",4/14/2022 12:34:30 PM,Registry,C:\Windows\system32\cmd.exe,BLUETEAM\ezk,cmd.exe /C nltest.exe /dclist:%userdnsdomain%,10376,8028,"cmd.exe 2128 RegOpenKey HKLM\SYSTEM\CurrentControlSet\Control\Session Manager REPARSE Desired Access: Query Value, Enumerate Sub Keys 4/14/2022 12:34:30 PM Registry C:\Windows\system32\cmd.exe BLUETEAM\ezk cmd.exe /C nltest.exe /dclist:%userdnsdomain% 10376 8028",benign
cmd.exe,2128,RegOpenKey,HKLM\System\CurrentControlSet\Control\Session Manager,REPARSE,Desired Access: Query Value,4/14/2022 12:34:30 PM,Registry,C:\Windows\system32\cmd.exe,BLUETEAM\ezk,cmd.exe /C nltest.exe /dclist:%userdnsdomain%,10376,8028,cmd.exe 2128 RegOpenKey HKLM\System\CurrentControlSet\Control\Session Manager REPARSE Desired Access: Query Value 4/14/2022 12:34:30 PM Registry C:\Windows\system32\cmd.exe BLUETEAM\ezk cmd.exe /C nltest.exe /dclist:%userdnsdomain% 10376 8028,benign
cmd.exe,2128,RegOpenKey,HKLM\System\CurrentControlSet\Control\Session Manager,SUCCESS,Desired Access: Query Value,4/14/2022 12:34:30 PM,Registry,C:\Windows\system32\cmd.exe,BLUETEAM\ezk,cmd.exe /C nltest.exe /dclist:%userdnsdomain%,10376,8028,cmd.exe 2128 RegOpenKey HKLM\System\CurrentControlSet\Control\Session Manager SUCCESS Desired Access: Query Value 4/14/2022 12:34:30 PM Registry C:\Windows\system32\cmd.exe BLUETEAM\ezk cmd.exe /C nltest.exe /dclist:%userdnsdomain% 10376 8028,benign
cmd.exe,2128,RegQueryValue,HKLM\System\CurrentControlSet\Control\Session Manager\RaiseExceptionOnPossibleDeadlock,NAME NOT FOUND,Length: 80,4/14/2022 12:34:30 PM,Registry,C:\Windows\system32\cmd.exe,BLUETEAM\ezk,cmd.exe /C nltest.exe /dclist:%userdnsdomain%,10376,8028,cmd.exe 2128 RegQueryValue HKLM\System\CurrentControlSet\Control\Session Manager\RaiseExceptionOnPossibleDeadlock NAME NOT FOUND Length: 80 4/14/2022 12:34:30 PM Registry C:\Windows\system32\cmd.exe BLUETEAM\ezk cmd.exe /C nltest.exe /dclist:%userdnsdomain% 10376 8028,benign
cmd.exe,2128,RegCloseKey,HKLM\System\CurrentControlSet\Control\Session Manager,SUCCESS,,4/14/2022 12:34:30 PM,Registry,C:\Windows\system32\cmd.exe,BLUETEAM\ezk,cmd.exe /C nltest.exe /dclist:%userdnsdomain%,10376,8028,cmd.exe 2128 RegCloseKey HKLM\System\CurrentControlSet\Control\Session Manager SUCCESS None 4/14/2022 12:34:30 PM Registry C:\Windows\system32\cmd.exe BLUETEAM\ezk cmd.exe /C nltest.exe /dclist:%userdnsdomain% 10376 8028,benign
cmd.exe,2128,RegOpenKey,HKLM\SYSTEM\CurrentControlSet\Control\Session Manager\Segment Heap,REPARSE,Desired Access: Query Value,4/14/2022 12:34:30 PM,Registry,C:\Windows\system32\cmd.exe,BLUETEAM\ezk,cmd.exe /C nltest.exe /dclist:%userdnsdomain%,10376,8028,cmd.exe 2128 RegOpenKey HKLM\SYSTEM\CurrentControlSet\Control\Session Manager\Segment Heap REPARSE Desired Access: Query Value 4/14/2022 12:34:30 PM Registry C:\Windows\system32\cmd.exe BLUETEAM\ezk cmd.exe /C nltest.exe /dclist:%userdnsdomain% 10376 8028,benign
cmd.exe,2128,RegOpenKey,HKLM\System\CurrentControlSet\Control\Session Manager\Segment Heap,NAME NOT FOUND,Desired Access: Query Value,4/14/2022 12:34:30 PM,Registry,C:\Windows\system32\cmd.exe,BLUETEAM\ezk,cmd.exe /C nltest.exe /dclist:%userdnsdomain%,10376,8028,cmd.exe 2128 RegOpenKey HKLM\System\CurrentControlSet\Control\Session Manager\Segment Heap NAME NOT FOUND Desired Access: Query Value 4/14/2022 12:34:30 PM Registry C:\Windows\system32\cmd.exe BLUETEAM\ezk cmd.exe /C nltest.exe /dclist:%userdnsdomain% 10376 8028,benign
cmd.exe,2128,RegOpenKey,HKLM\SYSTEM\CurrentControlSet\Control\Session Manager,REPARSE,"Desired Access: Query Value, Enumerate Sub Keys",4/14/2022 12:34:30 PM,Registry,C:\Windows\system32\cmd.exe,BLUETEAM\ezk,cmd.exe /C nltest.exe /dclist:%userdnsdomain%,10376,8028,"cmd.exe 2128 RegOpenKey HKLM\SYSTEM\CurrentControlSet\Control\Session Manager REPARSE Desired Access: Query Value, Enumerate Sub Keys 4/14/2022 12:34:30 PM Registry C:\Windows\system32\cmd.exe BLUETEAM\ezk cmd.exe /C nltest.exe /dclist:%userdnsdomain% 10376 8028",benign
cmd.exe,2128,RegOpenKey,HKLM\System\CurrentControlSet\Control\Session Manager,SUCCESS,"Desired Access: Query Value, Enumerate Sub Keys",4/14/2022 12:34:30 PM,Registry,C:\Windows\system32\cmd.exe,BLUETEAM\ezk,cmd.exe /C nltest.exe /dclist:%userdnsdomain%,10376,8028,"cmd.exe 2128 RegOpenKey HKLM\System\CurrentControlSet\Control\Session Manager SUCCESS Desired Access: Query Value, Enumerate Sub Keys 4/14/2022 12:34:30 PM Registry C:\Windows\system32\cmd.exe BLUETEAM\ezk cmd.exe /C nltest.exe /dclist:%userdnsdomain% 10376 8028",benign
cmd.exe,2128,RegQueryValue,HKLM\System\CurrentControlSet\Control\Session Manager\ResourcePolicies,NAME NOT FOUND,Length: 24,4/14/2022 12:34:30 PM,Registry,C:\Windows\system32\cmd.exe,BLUETEAM\ezk,cmd.exe /C nltest.exe /dclist:%userdnsdomain%,10376,8028,cmd.exe 2128 RegQueryValue HKLM\System\CurrentControlSet\Control\Session Manager\ResourcePolicies NAME NOT FOUND Length: 24 4/14/2022 12:34:30 PM Registry C:\Windows\system32\cmd.exe BLUETEAM\ezk cmd.exe /C nltest.exe /dclist:%userdnsdomain% 10376 8028,benign
cmd.exe,2128,RegCloseKey,HKLM\System\CurrentControlSet\Control\Session Manager,SUCCESS,,4/14/2022 12:34:30 PM,Registry,C:\Windows\system32\cmd.exe,BLUETEAM\ezk,cmd.exe /C nltest.exe /dclist:%userdnsdomain%,10376,8028,cmd.exe 2128 RegCloseKey HKLM\System\CurrentControlSet\Control\Session Manager SUCCESS None 4/14/2022 12:34:30 PM Registry C:\Windows\system32\cmd.exe BLUETEAM\ezk cmd.exe /C nltest.exe /dclist:%userdnsdomain% 10376 8028,benign
cmd.exe,2128,CreateFile,C:\Windows\System32,SUCCESS,"Desired Access: Execute/Traverse, Synchronize, Disposition: Open, Options: Directory, Synchronous IO Non-Alert, Attributes: n/a, ShareMode: Read, Write, AllocationSize: n/a, OpenResult: Opened",4/14/2022 12:34:30 PM,File System,C:\Windows\system32\cmd.exe,BLUETEAM\ezk,cmd.exe /C nltest.exe /dclist:%userdnsdomain%,10376,8028,"cmd.exe 2128 CreateFile C:\Windows\System32 SUCCESS Desired Access: Execute/Traverse, Synchronize, Disposition: Open, Options: Directory, Synchronous IO Non-Alert, Attributes: n/a, ShareMode: Read, Write, AllocationSize: n/a, OpenResult: Opened 4/14/2022 12:34:30 PM File System C:\Windows\system32\cmd.exe BLUETEAM\ezk cmd.exe /C nltest.exe /dclist:%userdnsdomain% 10376 8028",benign
cmd.exe,2128,RegOpenKey,HKLM\System\CurrentControlSet\Control\SafeBoot\Option,REPARSE,"Desired Access: Query Value, Set Value",4/14/2022 12:34:30 PM,Registry,C:\Windows\system32\cmd.exe,BLUETEAM\ezk,cmd.exe /C nltest.exe /dclist:%userdnsdomain%,10376,8028,"cmd.exe 2128 RegOpenKey HKLM\System\CurrentControlSet\Control\SafeBoot\Option REPARSE Desired Access: Query Value, Set Value 4/14/2022 12:34:30 PM Registry C:\Windows\system32\cmd.exe BLUETEAM\ezk cmd.exe /C nltest.exe /dclist:%userdnsdomain% 10376 8028",benign
cmd.exe,2128,RegOpenKey,HKLM\System\CurrentControlSet\Control\SafeBoot\Option,NAME NOT FOUND,"Desired Access: Query Value, Set Value",4/14/2022 12:34:30 PM,Registry,C:\Windows\system32\cmd.exe,BLUETEAM\ezk,cmd.exe /C nltest.exe /dclist:%userdnsdomain%,10376,8028,"cmd.exe 2128 RegOpenKey HKLM\System\CurrentControlSet\Control\SafeBoot\Option NAME NOT FOUND Desired Access: Query Value, Set Value 4/14/2022 12:34:30 PM Registry C:\Windows\system32\cmd.exe BLUETEAM\ezk cmd.exe /C nltest.exe /dclist:%userdnsdomain% 10376 8028",benign
cmd.exe,2128,RegOpenKey,HKLM\System\CurrentControlSet\Control\Srp\GP\DLL,REPARSE,Desired Access: Read,4/14/2022 12:34:30 PM,Registry,C:\Windows\system32\cmd.exe,BLUETEAM\ezk,cmd.exe /C nltest.exe /dclist:%userdnsdomain%,10376,8028,cmd.exe 2128 RegOpenKey HKLM\System\CurrentControlSet\Control\Srp\GP\DLL REPARSE Desired Access: Read 4/14/2022 12:34:30 PM Registry C:\Windows\system32\cmd.exe BLUETEAM\ezk cmd.exe /C nltest.exe /dclist:%userdnsdomain% 10376 8028,benign
cmd.exe,2128,RegOpenKey,HKLM\System\CurrentControlSet\Control\Srp\GP\DLL,NAME NOT FOUND,Desired Access: Read,4/14/2022 12:34:30 PM,Registry,C:\Windows\system32\cmd.exe,BLUETEAM\ezk,cmd.exe /C nltest.exe /dclist:%userdnsdomain%,10376,8028,cmd.exe 2128 RegOpenKey HKLM\System\CurrentControlSet\Control\Srp\GP\DLL NAME NOT FOUND Desired Access: Read 4/14/2022 12:34:30 PM Registry C:\Windows\system32\cmd.exe BLUETEAM\ezk cmd.exe /C nltest.exe /dclist:%userdnsdomain% 10376 8028,benign
cmd.exe,2128,RegOpenKey,HKLM\Software\Policies\Microsoft\Windows\Safer\CodeIdentifiers,SUCCESS,Desired Access: Query Value,4/14/2022 12:34:30 PM,Registry,C:\Windows\system32\cmd.exe,BLUETEAM\ezk,cmd.exe /C nltest.exe /dclist:%userdnsdomain%,10376,8028,cmd.exe 2128 RegOpenKey HKLM\Software\Policies\Microsoft\Windows\Safer\CodeIdentifiers SUCCESS Desired Access: Query Value 4/14/2022 12:34:30 PM Registry C:\Windows\system32\cmd.exe BLUETEAM\ezk cmd.exe /C nltest.exe /dclist:%userdnsdomain% 10376 8028,benign
cmd.exe,2128,RegQueryValue,HKLM\SOFTWARE\Policies\Microsoft\Windows\safer\codeidentifiers\TransparentEnabled,NAME NOT FOUND,Length: 80,4/14/2022 12:34:30 PM,Registry,C:\Windows\system32\cmd.exe,BLUETEAM\ezk,cmd.exe /C nltest.exe /dclist:%userdnsdomain%,10376,8028,cmd.exe 2128 RegQueryValue HKLM\SOFTWARE\Policies\Microsoft\Windows\safer\codeidentifiers\TransparentEnabled NAME NOT FOUND Length: 80 4/14/2022 12:34:30 PM Registry C:\Windows\system32\cmd.exe BLUETEAM\ezk cmd.exe /C nltest.exe /dclist:%userdnsdomain% 10376 8028,benign
cmd.exe,2128,RegCloseKey,HKLM\System\CurrentControlSet\Control\Session Manager,SUCCESS,,4/14/2022 12:34:30 PM,Registry,C:\Windows\system32\cmd.exe,BLUETEAM\ezk,cmd.exe /C nltest.exe /dclist:%userdnsdomain%,10376,8028,cmd.exe 2128 RegCloseKey HKLM\System\CurrentControlSet\Control\Session Manager SUCCESS None 4/14/2022 12:34:30 PM Registry C:\Windows\system32\cmd.exe BLUETEAM\ezk cmd.exe /C nltest.exe /dclist:%userdnsdomain% 10376 8028,benign
cmd.exe,2128,RegQueryValue,HKLM\System\CurrentControlSet\Control\Session Manager\ResourcePolicies,NAME NOT FOUND,Length: 24,4/14/2022 12:34:30 PM,Registry,C:\Windows\system32\cmd.exe,BLUETEAM\ezk,cmd.exe /C nltest.exe /dclist:%userdnsdomain%,10376,8028,cmd.exe 2128 RegQueryValue HKLM\System\CurrentControlSet\Control\Session Manager\ResourcePolicies NAME NOT FOUND Length: 24 4/14/2022 12:34:30 PM Registry C:\Windows\system32\cmd.exe BLUETEAM\ezk cmd.exe /C nltest.exe /dclist:%userdnsdomain% 10376 8028,benign
cmd.exe,2128,RegOpenKey,HKLM\System\CurrentControlSet\Control\Session Manager,SUCCESS,"Desired Access: Query Value, Enumerate Sub Keys",4/14/2022 12:34:30 PM,Registry,C:\Windows\system32\cmd.exe,BLUETEAM\ezk,cmd.exe /C nltest.exe /dclist:%userdnsdomain%,10376,8028,"cmd.exe 2128 RegOpenKey HKLM\System\CurrentControlSet\Control\Session Manager SUCCESS Desired Access: Query Value, Enumerate Sub Keys 4/14/2022 12:34:30 PM Registry C:\Windows\system32\cmd.exe BLUETEAM\ezk cmd.exe /C nltest.exe /dclist:%userdnsdomain% 10376 8028",benign
cmd.exe,2128,RegOpenKey,HKLM\SYSTEM\CurrentControlSet\Control\Session Manager,REPARSE,"Desired Access: Query Value, Enumerate Sub Keys",4/14/2022 12:34:30 PM,Registry,C:\Windows\system32\cmd.exe,BLUETEAM\ezk,cmd.exe /C nltest.exe /dclist:%userdnsdomain%,10376,8028,"cmd.exe 2128 RegOpenKey HKLM\SYSTEM\CurrentControlSet\Control\Session Manager REPARSE Desired Access: Query Value, Enumerate Sub Keys 4/14/2022 12:34:30 PM Registry C:\Windows\system32\cmd.exe BLUETEAM\ezk cmd.exe /C nltest.exe /dclist:%userdnsdomain% 10376 8028",benign
cmd.exe,2128,RegQueryValue,HKLM\System\CurrentControlSet\Control\Nls\Sorting\Versions\000603xx,SUCCESS,"Type: REG_SZ, Length: 26, Data: kernel32.dll",4/14/2022 12:34:30 PM,Registry,C:\Windows\system32\cmd.exe,BLUETEAM\ezk,cmd.exe /C nltest.exe /dclist:%userdnsdomain%,10376,8028,"cmd.exe 2128 RegQueryValue HKLM\System\CurrentControlSet\Control\Nls\Sorting\Versions\000603xx SUCCESS Type: REG_SZ, Length: 26, Data: kernel32.dll 4/14/2022 12:34:30 PM Registry C:\Windows\system32\cmd.exe BLUETEAM\ezk cmd.exe /C nltest.exe /dclist:%userdnsdomain% 10376 8028",benign
cmd.exe,2128,RegQueryValue,HKLM\System\CurrentControlSet\Control\Nls\Sorting\Versions\(Default),SUCCESS,"Type: REG_SZ, Length: 18, Data: 00060305",4/14/2022 12:34:30 PM,Registry,C:\Windows\system32\cmd.exe,BLUETEAM\ezk,cmd.exe /C nltest.exe /dclist:%userdnsdomain%,10376,8028,"cmd.exe 2128 RegQueryValue HKLM\System\CurrentControlSet\Control\Nls\Sorting\Versions\(Default) SUCCESS Type: REG_SZ, Length: 18, Data: 00060305 4/14/2022 12:34:30 PM Registry C:\Windows\system32\cmd.exe BLUETEAM\ezk cmd.exe /C nltest.exe /dclist:%userdnsdomain% 10376 8028",benign
cmd.exe,2128,RegOpenKey,HKLM\System\CurrentControlSet\Control\Session Manager,SUCCESS,"Desired Access: Query Value, Enumerate Sub Keys",4/14/2022 12:34:30 PM,Registry,C:\Windows\system32\cmd.exe,BLUETEAM\ezk,cmd.exe /C nltest.exe /dclist:%userdnsdomain%,10376,8028,"cmd.exe 2128 RegOpenKey HKLM\System\CurrentControlSet\Control\Session Manager SUCCESS Desired Access: Query Value, Enumerate Sub Keys 4/14/2022 12:34:30 PM Registry C:\Windows\system32\cmd.exe BLUETEAM\ezk cmd.exe /C nltest.exe /dclist:%userdnsdomain% 10376 8028",benign
cmd.exe,2128,RegOpenKey,HKLM\System\CurrentControlSet\Control\Nls\Sorting\Versions,SUCCESS,Desired Access: Read,4/14/2022 12:34:30 PM,Registry,C:\Windows\system32\cmd.exe,BLUETEAM\ezk,cmd.exe /C nltest.exe /dclist:%userdnsdomain%,10376,8028,cmd.exe 2128 RegOpenKey HKLM\System\CurrentControlSet\Control\Nls\Sorting\Versions SUCCESS Desired Access: Read 4/14/2022 12:34:30 PM Registry C:\Windows\system32\cmd.exe BLUETEAM\ezk cmd.exe /C nltest.exe /dclist:%userdnsdomain% 10376 8028,benign
cmd.exe,2128,RegCloseKey,HKLM\System\CurrentControlSet\Control\FileSystem,SUCCESS,,4/14/2022 12:34:30 PM,Registry,C:\Windows\system32\cmd.exe,BLUETEAM\ezk,cmd.exe /C nltest.exe /dclist:%userdnsdomain%,10376,8028,cmd.exe 2128 RegCloseKey HKLM\System\CurrentControlSet\Control\FileSystem SUCCESS None 4/14/2022 12:34:30 PM Registry C:\Windows\system32\cmd.exe BLUETEAM\ezk cmd.exe /C nltest.exe /dclist:%userdnsdomain% 10376 8028,benign
cmd.exe,2128,RegQueryValue,HKLM\System\CurrentControlSet\Control\FileSystem\LongPathsEnabled,SUCCESS,"Type: REG_DWORD, Length: 4, Data: 0",4/14/2022 12:34:30 PM,Registry,C:\Windows\system32\cmd.exe,BLUETEAM\ezk,cmd.exe /C nltest.exe /dclist:%userdnsdomain%,10376,8028,"cmd.exe 2128 RegQueryValue HKLM\System\CurrentControlSet\Control\FileSystem\LongPathsEnabled SUCCESS Type: REG_DWORD, Length: 4, Data: 0 4/14/2022 12:34:30 PM Registry C:\Windows\system32\cmd.exe BLUETEAM\ezk cmd.exe /C nltest.exe /dclist:%userdnsdomain% 10376 8028",benign
cmd.exe,2128,RegOpenKey,HKLM\System\CurrentControlSet\Control\FileSystem,SUCCESS,Desired Access: Read,4/14/2022 12:34:30 PM,Registry,C:\Windows\system32\cmd.exe,BLUETEAM\ezk,cmd.exe /C nltest.exe /dclist:%userdnsdomain%,10376,8028,cmd.exe 2128 RegOpenKey HKLM\System\CurrentControlSet\Control\FileSystem SUCCESS Desired Access: Read 4/14/2022 12:34:30 PM Registry C:\Windows\system32\cmd.exe BLUETEAM\ezk cmd.exe /C nltest.exe /dclist:%userdnsdomain% 10376 8028,benign
cmd.exe,2128,RegOpenKey,HKLM\System\CurrentControlSet\Control\FileSystem\,REPARSE,Desired Access: Read,4/14/2022 12:34:30 PM,Registry,C:\Windows\system32\cmd.exe,BLUETEAM\ezk,cmd.exe /C nltest.exe /dclist:%userdnsdomain%,10376,8028,cmd.exe 2128 RegOpenKey HKLM\System\CurrentControlSet\Control\FileSystem\ REPARSE Desired Access: Read 4/14/2022 12:34:30 PM Registry C:\Windows\system32\cmd.exe BLUETEAM\ezk cmd.exe /C nltest.exe /dclist:%userdnsdomain% 10376 8028,benign
cmd.exe,2128,RegOpenKey,HKCU\Software\Policies\Microsoft\Windows\Safer\CodeIdentifiers,NAME NOT FOUND,Desired Access: Query Value,4/14/2022 12:34:30 PM,Registry,C:\Windows\system32\cmd.exe,BLUETEAM\ezk,cmd.exe /C nltest.exe /dclist:%userdnsdomain%,10376,8028,cmd.exe 2128 RegOpenKey HKCU\Software\Policies\Microsoft\Windows\Safer\CodeIdentifiers NAME NOT FOUND Desired Access: Query Value 4/14/2022 12:34:30 PM Registry C:\Windows\system32\cmd.exe BLUETEAM\ezk cmd.exe /C nltest.exe /dclist:%userdnsdomain% 10376 8028,benign
cmd.exe,2128,RegCloseKey,HKLM\SOFTWARE\Policies\Microsoft\Windows\safer\codeidentifiers,SUCCESS,,4/14/2022 12:34:30 PM,Registry,C:\Windows\system32\cmd.exe,BLUETEAM\ezk,cmd.exe /C nltest.exe /dclist:%userdnsdomain%,10376,8028,cmd.exe 2128 RegCloseKey HKLM\SOFTWARE\Policies\Microsoft\Windows\safer\codeidentifiers SUCCESS None 4/14/2022 12:34:30 PM Registry C:\Windows\system32\cmd.exe BLUETEAM\ezk cmd.exe /C nltest.exe /dclist:%userdnsdomain% 10376 8028,benign
cmd.exe,2128,RegOpenKey,HKLM\System\CurrentControlSet\Control\Nls\Sorting\Versions,REPARSE,Desired Access: Read,4/14/2022 12:34:30 PM,Registry,C:\Windows\system32\cmd.exe,BLUETEAM\ezk,cmd.exe /C nltest.exe /dclist:%userdnsdomain%,10376,8028,cmd.exe 2128 RegOpenKey HKLM\System\CurrentControlSet\Control\Nls\Sorting\Versions REPARSE Desired Access: Read 4/14/2022 12:34:30 PM Registry C:\Windows\system32\cmd.exe BLUETEAM\ezk cmd.exe /C nltest.exe /dclist:%userdnsdomain% 10376 8028,benign
cmd.exe,2128,RegOpenKey,HKLM\System\CurrentControlSet\Control\Nls\Sorting\Ids,REPARSE,Desired Access: Read,4/14/2022 12:34:30 PM,Registry,C:\Windows\system32\cmd.exe,BLUETEAM\ezk,cmd.exe /C nltest.exe /dclist:%userdnsdomain%,10376,8028,cmd.exe 2128 RegOpenKey HKLM\System\CurrentControlSet\Control\Nls\Sorting\Ids REPARSE Desired Access: Read 4/14/2022 12:34:30 PM Registry C:\Windows\system32\cmd.exe BLUETEAM\ezk cmd.exe /C nltest.exe /dclist:%userdnsdomain% 10376 8028,benign
cmd.exe,2128,RegOpenKey,HKLM\Software\Policies\Microsoft\MUI\Settings,NAME NOT FOUND,Desired Access: Read,4/14/2022 12:34:30 PM,Registry,C:\Windows\system32\cmd.exe,BLUETEAM\ezk,cmd.exe /C nltest.exe /dclist:%userdnsdomain%,10376,8028,cmd.exe 2128 RegOpenKey HKLM\Software\Policies\Microsoft\MUI\Settings NAME NOT FOUND Desired Access: Read 4/14/2022 12:34:30 PM Registry C:\Windows\system32\cmd.exe BLUETEAM\ezk cmd.exe /C nltest.exe /dclist:%userdnsdomain% 10376 8028,benign
cmd.exe,2128,RegOpenKey,HKCU\Software\Policies\Microsoft\Control Panel\Desktop,NAME NOT FOUND,Desired Access: Read,4/14/2022 12:34:30 PM,Registry,C:\Windows\system32\cmd.exe,BLUETEAM\ezk,cmd.exe /C nltest.exe /dclist:%userdnsdomain%,10376,8028,cmd.exe 2128 RegOpenKey HKCU\Software\Policies\Microsoft\Control Panel\Desktop NAME NOT FOUND Desired Access: Read 4/14/2022 12:34:30 PM Registry C:\Windows\system32\cmd.exe BLUETEAM\ezk cmd.exe /C nltest.exe /dclist:%userdnsdomain% 10376 8028,benign
cmd.exe,2128,RegCloseKey,HKLM\SOFTWARE\Microsoft\Command Processor,SUCCESS,,4/14/2022 12:34:30 PM,Registry,C:\Windows\system32\cmd.exe,BLUETEAM\ezk,cmd.exe /C nltest.exe /dclist:%userdnsdomain%,10376,8028,cmd.exe 2128 RegCloseKey HKLM\SOFTWARE\Microsoft\Command Processor SUCCESS None 4/14/2022 12:34:30 PM Registry C:\Windows\system32\cmd.exe BLUETEAM\ezk cmd.exe /C nltest.exe /dclist:%userdnsdomain% 10376 8028,benign
cmd.exe,2128,RegQueryKey,HKCU,SUCCESS,"Query: HandleTags, HandleTags: 0x0",4/14/2022 12:34:30 PM,Registry,C:\Windows\system32\cmd.exe,BLUETEAM\ezk,cmd.exe /C nltest.exe /dclist:%userdnsdomain%,10376,8028,"cmd.exe 2128 RegQueryKey HKCU SUCCESS Query: HandleTags, HandleTags: 0x0 4/14/2022 12:34:30 PM Registry C:\Windows\system32\cmd.exe BLUETEAM\ezk cmd.exe /C nltest.exe /dclist:%userdnsdomain% 10376 8028",benign
cmd.exe,2128,RegOpenKey,HKCU\Software\Microsoft\Command Processor,NAME NOT FOUND,Desired Access: Maximum Allowed,4/14/2022 12:34:30 PM,Registry,C:\Windows\system32\cmd.exe,BLUETEAM\ezk,cmd.exe /C nltest.exe /dclist:%userdnsdomain%,10376,8028,cmd.exe 2128 RegOpenKey HKCU\Software\Microsoft\Command Processor NAME NOT FOUND Desired Access: Maximum Allowed 4/14/2022 12:34:30 PM Registry C:\Windows\system32\cmd.exe BLUETEAM\ezk cmd.exe /C nltest.exe /dclist:%userdnsdomain% 10376 8028,benign
cmd.exe,2128,CreateFile,C:\Windows\System32,SUCCESS,"Desired Access: Read Attributes, Disposition: Open, Options: Open Reparse Point, Attributes: n/a, ShareMode: Read, Write, Delete, AllocationSize: n/a, OpenResult: Opened",4/14/2022 12:34:30 PM,File System,C:\Windows\system32\cmd.exe,BLUETEAM\ezk,cmd.exe /C nltest.exe /dclist:%userdnsdomain%,10376,8028,"cmd.exe 2128 CreateFile C:\Windows\System32 SUCCESS Desired Access: Read Attributes, Disposition: Open, Options: Open Reparse Point, Attributes: n/a, ShareMode: Read, Write, Delete, AllocationSize: n/a, OpenResult: Opened 4/14/2022 12:34:30 PM File System C:\Windows\system32\cmd.exe BLUETEAM\ezk cmd.exe /C nltest.exe /dclist:%userdnsdomain% 10376 8028",benign
cmd.exe,2128,QueryBasicInformationFile,C:\Windows\System32,SUCCESS,"CreationTime: 12/7/2019 5:03:44 PM, LastAccessTime: 4/14/2022 12:34:30 PM, LastWriteTime: 4/14/2022 12:31:34 PM, ChangeTime: 4/14/2022 12:31:34 PM, FileAttributes: D",4/14/2022 12:34:30 PM,File System,C:\Windows\system32\cmd.exe,BLUETEAM\ezk,cmd.exe /C nltest.exe /dclist:%userdnsdomain%,10376,8028,"cmd.exe 2128 QueryBasicInformationFile C:\Windows\System32 SUCCESS CreationTime: 12/7/2019 5:03:44 PM, LastAccessTime: 4/14/2022 12:34:30 PM, LastWriteTime: 4/14/2022 12:31:34 PM, ChangeTime: 4/14/2022 12:31:34 PM, FileAttributes: D 4/14/2022 12:34:30 PM File System C:\Windows\system32\cmd.exe BLUETEAM\ezk cmd.exe /C nltest.exe /dclist:%userdnsdomain% 10376 8028",benign
cmd.exe,2128,CloseFile,C:\Windows\System32,SUCCESS,,4/14/2022 12:34:30 PM,File System,C:\Windows\system32\cmd.exe,BLUETEAM\ezk,cmd.exe /C nltest.exe /dclist:%userdnsdomain%,10376,8028,cmd.exe 2128 CloseFile C:\Windows\System32 SUCCESS None 4/14/2022 12:34:30 PM File System C:\Windows\system32\cmd.exe BLUETEAM\ezk cmd.exe /C nltest.exe /dclist:%userdnsdomain% 10376 8028,benign
cmd.exe,2128,CreateFile,C:\,SUCCESS,"Desired Access: Read Data/List Directory, Synchronize, Disposition: Open, Options: Directory, Synchronous IO Non-Alert, Attributes: n/a, ShareMode: Read, Write, Delete, AllocationSize: n/a, OpenResult: Opened",4/14/2022 12:34:30 PM,File System,C:\Windows\system32\cmd.exe,BLUETEAM\ezk,cmd.exe /C nltest.exe /dclist:%userdnsdomain%,10376,8028,"cmd.exe 2128 CreateFile C:\ SUCCESS Desired Access: Read Data/List Directory, Synchronize, Disposition: Open, Options: Directory, Synchronous IO Non-Alert, Attributes: n/a, ShareMode: Read, Write, Delete, AllocationSize: n/a, OpenResult: Opened 4/14/2022 12:34:30 PM File System C:\Windows\system32\cmd.exe BLUETEAM\ezk cmd.exe /C nltest.exe /dclist:%userdnsdomain% 10376 8028",benign
cmd.exe,2128,QueryDirectory,C:\Windows,SUCCESS,"FileInformationClass: FileBothDirectoryInformation, Filter: Windows, 2: Windows",4/14/2022 12:34:30 PM,File System,C:\Windows\system32\cmd.exe,BLUETEAM\ezk,cmd.exe /C nltest.exe /dclist:%userdnsdomain%,10376,8028,"cmd.exe 2128 QueryDirectory C:\Windows SUCCESS FileInformationClass: FileBothDirectoryInformation, Filter: Windows, 2: Windows 4/14/2022 12:34:30 PM File System C:\Windows\system32\cmd.exe BLUETEAM\ezk cmd.exe /C nltest.exe /dclist:%userdnsdomain% 10376 8028",benign
cmd.exe,2128,CloseFile,C:\,SUCCESS,,4/14/2022 12:34:30 PM,File System,C:\Windows\system32\cmd.exe,BLUETEAM\ezk,cmd.exe /C nltest.exe /dclist:%userdnsdomain%,10376,8028,cmd.exe 2128 CloseFile C:\ SUCCESS None 4/14/2022 12:34:30 PM File System C:\Windows\system32\cmd.exe BLUETEAM\ezk cmd.exe /C nltest.exe /dclist:%userdnsdomain% 10376 8028,benign
cmd.exe,2128,CreateFile,C:\Windows,SUCCESS,"Desired Access: Read Data/List Directory, Synchronize, Disposition: Open, Options: Directory, Synchronous IO Non-Alert, Attributes: n/a, ShareMode: Read, Write, Delete, AllocationSize: n/a, OpenResult: Opened",4/14/2022 12:34:30 PM,File System,C:\Windows\system32\cmd.exe,BLUETEAM\ezk,cmd.exe /C nltest.exe /dclist:%userdnsdomain%,10376,8028,"cmd.exe 2128 CreateFile C:\Windows SUCCESS Desired Access: Read Data/List Directory, Synchronize, Disposition: Open, Options: Directory, Synchronous IO Non-Alert, Attributes: n/a, ShareMode: Read, Write, Delete, AllocationSize: n/a, OpenResult: Opened 4/14/2022 12:34:30 PM File System C:\Windows\system32\cmd.exe BLUETEAM\ezk cmd.exe /C nltest.exe /dclist:%userdnsdomain% 10376 8028",benign
cmd.exe,2128,QueryDirectory,C:\Windows\system32,SUCCESS,"FileInformationClass: FileBothDirectoryInformation, Filter: system32, 2: System32",4/14/2022 12:34:30 PM,File System,C:\Windows\system32\cmd.exe,BLUETEAM\ezk,cmd.exe /C nltest.exe /dclist:%userdnsdomain%,10376,8028,"cmd.exe 2128 QueryDirectory C:\Windows\system32 SUCCESS FileInformationClass: FileBothDirectoryInformation, Filter: system32, 2: System32 4/14/2022 12:34:30 PM File System C:\Windows\system32\cmd.exe BLUETEAM\ezk cmd.exe /C nltest.exe /dclist:%userdnsdomain% 10376 8028",benign
cmd.exe,2128,CloseFile,C:\Windows,SUCCESS,,4/14/2022 12:34:30 PM,File System,C:\Windows\system32\cmd.exe,BLUETEAM\ezk,cmd.exe /C nltest.exe /dclist:%userdnsdomain%,10376,8028,cmd.exe 2128 CloseFile C:\Windows SUCCESS None 4/14/2022 12:34:30 PM File System C:\Windows\system32\cmd.exe BLUETEAM\ezk cmd.exe /C nltest.exe /dclist:%userdnsdomain% 10376 8028,benign
cmd.exe,2128,CreateFile,C:\Windows\System32,SUCCESS,"Desired Access: Read Attributes, Disposition: Open, Options: Open Reparse Point, Attributes: n/a, ShareMode: Read, Write, Delete, AllocationSize: n/a, OpenResult: Opened",4/14/2022 12:34:30 PM,File System,C:\Windows\system32\cmd.exe,BLUETEAM\ezk,cmd.exe /C nltest.exe /dclist:%userdnsdomain%,10376,8028,"cmd.exe 2128 CreateFile C:\Windows\System32 SUCCESS Desired Access: Read Attributes, Disposition: Open, Options: Open Reparse Point, Attributes: n/a, ShareMode: Read, Write, Delete, AllocationSize: n/a, OpenResult: Opened 4/14/2022 12:34:30 PM File System C:\Windows\system32\cmd.exe BLUETEAM\ezk cmd.exe /C nltest.exe /dclist:%userdnsdomain% 10376 8028",benign
cmd.exe,2128,QueryBasicInformationFile,C:\Windows\System32,SUCCESS,"CreationTime: 12/7/2019 5:03:44 PM, LastAccessTime: 4/14/2022 12:34:30 PM, LastWriteTime: 4/14/2022 12:31:34 PM, ChangeTime: 4/14/2022 12:31:34 PM, FileAttributes: D",4/14/2022 12:34:30 PM,File System,C:\Windows\system32\cmd.exe,BLUETEAM\ezk,cmd.exe /C nltest.exe /dclist:%userdnsdomain%,10376,8028,"cmd.exe 2128 QueryBasicInformationFile C:\Windows\System32 SUCCESS CreationTime: 12/7/2019 5:03:44 PM, LastAccessTime: 4/14/2022 12:34:30 PM, LastWriteTime: 4/14/2022 12:31:34 PM, ChangeTime: 4/14/2022 12:31:34 PM, FileAttributes: D 4/14/2022 12:34:30 PM File System C:\Windows\system32\cmd.exe BLUETEAM\ezk cmd.exe /C nltest.exe /dclist:%userdnsdomain% 10376 8028",benign
cmd.exe,2128,CloseFile,C:\Windows\System32,SUCCESS,,4/14/2022 12:34:30 PM,File System,C:\Windows\system32\cmd.exe,BLUETEAM\ezk,cmd.exe /C nltest.exe /dclist:%userdnsdomain%,10376,8028,cmd.exe 2128 CloseFile C:\Windows\System32 SUCCESS None 4/14/2022 12:34:30 PM File System C:\Windows\system32\cmd.exe BLUETEAM\ezk cmd.exe /C nltest.exe /dclist:%userdnsdomain% 10376 8028,benign
cmd.exe,2128,RegOpenKey,HKLM\System\CurrentControlSet\Control\Nls\CustomLocale,REPARSE,Desired Access: Read,4/14/2022 12:34:30 PM,Registry,C:\Windows\system32\cmd.exe,BLUETEAM\ezk,cmd.exe /C nltest.exe /dclist:%userdnsdomain%,10376,8028,cmd.exe 2128 RegOpenKey HKLM\System\CurrentControlSet\Control\Nls\CustomLocale REPARSE Desired Access: Read 4/14/2022 12:34:30 PM Registry C:\Windows\system32\cmd.exe BLUETEAM\ezk cmd.exe /C nltest.exe /dclist:%userdnsdomain% 10376 8028,benign
cmd.exe,2128,RegOpenKey,HKLM\System\CurrentControlSet\Control\Nls\CustomLocale,SUCCESS,Desired Access: Read,4/14/2022 12:34:30 PM,Registry,C:\Windows\system32\cmd.exe,BLUETEAM\ezk,cmd.exe /C nltest.exe /dclist:%userdnsdomain%,10376,8028,cmd.exe 2128 RegOpenKey HKLM\System\CurrentControlSet\Control\Nls\CustomLocale SUCCESS Desired Access: Read 4/14/2022 12:34:30 PM Registry C:\Windows\system32\cmd.exe BLUETEAM\ezk cmd.exe /C nltest.exe /dclist:%userdnsdomain% 10376 8028,benign
cmd.exe,2128,CreateFile,C:\Windows\Globalization\Sorting\SortDefault.nls,SUCCESS,"Desired Access: Generic Read, Disposition: Open, Options: Synchronous IO Non-Alert, Non-Directory File, Attributes: N, ShareMode: Read, AllocationSize: n/a, OpenResult: Opened",4/14/2022 12:34:30 PM,File System,C:\Windows\system32\cmd.exe,BLUETEAM\ezk,cmd.exe /C nltest.exe /dclist:%userdnsdomain%,10376,8028,"cmd.exe 2128 CreateFile C:\Windows\Globalization\Sorting\SortDefault.nls SUCCESS Desired Access: Generic Read, Disposition: Open, Options: Synchronous IO Non-Alert, Non-Directory File, Attributes: N, ShareMode: Read, AllocationSize: n/a, OpenResult: Opened 4/14/2022 12:34:30 PM File System C:\Windows\system32\cmd.exe BLUETEAM\ezk cmd.exe /C nltest.exe /dclist:%userdnsdomain% 10376 8028",benign
cmd.exe,2128,RegQueryValue,HKLM\System\CurrentControlSet\Control\Nls\Sorting\Versions\000603xx,SUCCESS,"Type: REG_SZ, Length: 26, Data: kernel32.dll",4/14/2022 12:34:30 PM,Registry,C:\Windows\system32\cmd.exe,BLUETEAM\ezk,cmd.exe /C nltest.exe /dclist:%userdnsdomain%,10376,8028,"cmd.exe 2128 RegQueryValue HKLM\System\CurrentControlSet\Control\Nls\Sorting\Versions\000603xx SUCCESS Type: REG_SZ, Length: 26, Data: kernel32.dll 4/14/2022 12:34:30 PM Registry C:\Windows\system32\cmd.exe BLUETEAM\ezk cmd.exe /C nltest.exe /dclist:%userdnsdomain% 10376 8028",benign
cmd.exe,2128,CloseFile,C:\Windows\System32,SUCCESS,,4/14/2022 12:34:30 PM,File System,C:\Windows\system32\cmd.exe,BLUETEAM\ezk,cmd.exe /C nltest.exe /dclist:%userdnsdomain%,10376,8028,cmd.exe 2128 CloseFile C:\Windows\System32 SUCCESS None 4/14/2022 12:34:30 PM File System C:\Windows\system32\cmd.exe BLUETEAM\ezk cmd.exe /C nltest.exe /dclist:%userdnsdomain% 10376 8028,benign
cmd.exe,2128,QueryDirectory,C:\Windows\System32\nltest.exe,SUCCESS,"FileInformationClass: FileFullDirectoryInformation, Filter: nltest.exe, 2: nltest.exe",4/14/2022 12:34:30 PM,File System,C:\Windows\system32\cmd.exe,BLUETEAM\ezk,cmd.exe /C nltest.exe /dclist:%userdnsdomain%,10376,8028,"cmd.exe 2128 QueryDirectory C:\Windows\System32\nltest.exe SUCCESS FileInformationClass: FileFullDirectoryInformation, Filter: nltest.exe, 2: nltest.exe 4/14/2022 12:34:30 PM File System C:\Windows\system32\cmd.exe BLUETEAM\ezk cmd.exe /C nltest.exe /dclist:%userdnsdomain% 10376 8028",benign
cmd.exe,2128,CreateFile,C:\Windows\System32,SUCCESS,"Desired Access: Read Data/List Directory, Synchronize, Disposition: Open, Options: Directory, Synchronous IO Non-Alert, Attributes: n/a, ShareMode: Read, Write, Delete, AllocationSize: n/a, OpenResult: Opened",4/14/2022 12:34:30 PM,File System,C:\Windows\system32\cmd.exe,BLUETEAM\ezk,cmd.exe /C nltest.exe /dclist:%userdnsdomain%,10376,8028,"cmd.exe 2128 CreateFile C:\Windows\System32 SUCCESS Desired Access: Read Data/List Directory, Synchronize, Disposition: Open, Options: Directory, Synchronous IO Non-Alert, Attributes: n/a, ShareMode: Read, Write, Delete, AllocationSize: n/a, OpenResult: Opened 4/14/2022 12:34:30 PM File System C:\Windows\system32\cmd.exe BLUETEAM\ezk cmd.exe /C nltest.exe /dclist:%userdnsdomain% 10376 8028",benign
cmd.exe,2128,CloseFile,C:\Windows\System32\nltest.exe,SUCCESS,,4/14/2022 12:34:30 PM,File System,C:\Windows\system32\cmd.exe,BLUETEAM\ezk,cmd.exe /C nltest.exe /dclist:%userdnsdomain%,10376,8028,cmd.exe 2128 CloseFile C:\Windows\System32\nltest.exe SUCCESS None 4/14/2022 12:34:30 PM File System C:\Windows\system32\cmd.exe BLUETEAM\ezk cmd.exe /C nltest.exe /dclist:%userdnsdomain% 10376 8028,benign
cmd.exe,2128,RegQueryValue,HKLM\SOFTWARE\Microsoft\Command Processor\AutoRun,NAME NOT FOUND,Length: 144,4/14/2022 12:34:30 PM,Registry,C:\Windows\system32\cmd.exe,BLUETEAM\ezk,cmd.exe /C nltest.exe /dclist:%userdnsdomain%,10376,8028,cmd.exe 2128 RegQueryValue HKLM\SOFTWARE\Microsoft\Command Processor\AutoRun NAME NOT FOUND Length: 144 4/14/2022 12:34:30 PM Registry C:\Windows\system32\cmd.exe BLUETEAM\ezk cmd.exe /C nltest.exe /dclist:%userdnsdomain% 10376 8028,benign
cmd.exe,2128,QueryBasicInformationFile,C:\Windows\System32\nltest.exe,SUCCESS,"CreationTime: 9/22/2021 5:23:19 PM, LastAccessTime: 4/14/2022 12:33:09 PM, LastWriteTime: 9/22/2021 5:23:19 PM, ChangeTime: 10/15/2021 2:25:24 PM, FileAttributes: A",4/14/2022 12:34:30 PM,File System,C:\Windows\system32\cmd.exe,BLUETEAM\ezk,cmd.exe /C nltest.exe /dclist:%userdnsdomain%,10376,8028,"cmd.exe 2128 QueryBasicInformationFile C:\Windows\System32\nltest.exe SUCCESS CreationTime: 9/22/2021 5:23:19 PM, LastAccessTime: 4/14/2022 12:33:09 PM, LastWriteTime: 9/22/2021 5:23:19 PM, ChangeTime: 10/15/2021 2:25:24 PM, FileAttributes: A 4/14/2022 12:34:30 PM File System C:\Windows\system32\cmd.exe BLUETEAM\ezk cmd.exe /C nltest.exe /dclist:%userdnsdomain% 10376 8028",benign
cmd.exe,2128,RegCloseKey,HKLM\System\CurrentControlSet\Control\Nls\ExtendedLocale,SUCCESS,,4/14/2022 12:34:30 PM,Registry,C:\Windows\system32\cmd.exe,BLUETEAM\ezk,cmd.exe /C nltest.exe /dclist:%userdnsdomain%,10376,8028,cmd.exe 2128 RegCloseKey HKLM\System\CurrentControlSet\Control\Nls\ExtendedLocale SUCCESS None 4/14/2022 12:34:30 PM Registry C:\Windows\system32\cmd.exe BLUETEAM\ezk cmd.exe /C nltest.exe /dclist:%userdnsdomain% 10376 8028,benign
cmd.exe,2128,RegQueryValue,HKLM\System\CurrentControlSet\Control\Nls\ExtendedLocale\en-US,NAME NOT FOUND,Length: 532,4/14/2022 12:34:30 PM,Registry,C:\Windows\system32\cmd.exe,BLUETEAM\ezk,cmd.exe /C nltest.exe /dclist:%userdnsdomain%,10376,8028,cmd.exe 2128 RegQueryValue HKLM\System\CurrentControlSet\Control\Nls\ExtendedLocale\en-US NAME NOT FOUND Length: 532 4/14/2022 12:34:30 PM Registry C:\Windows\system32\cmd.exe BLUETEAM\ezk cmd.exe /C nltest.exe /dclist:%userdnsdomain% 10376 8028,benign
cmd.exe,2128,RegOpenKey,HKLM\System\CurrentControlSet\Control\Nls\ExtendedLocale,SUCCESS,Desired Access: Read,4/14/2022 12:34:30 PM,Registry,C:\Windows\system32\cmd.exe,BLUETEAM\ezk,cmd.exe /C nltest.exe /dclist:%userdnsdomain%,10376,8028,cmd.exe 2128 RegOpenKey HKLM\System\CurrentControlSet\Control\Nls\ExtendedLocale SUCCESS Desired Access: Read 4/14/2022 12:34:30 PM Registry C:\Windows\system32\cmd.exe BLUETEAM\ezk cmd.exe /C nltest.exe /dclist:%userdnsdomain% 10376 8028,benign
cmd.exe,2128,RegOpenKey,HKLM\System\CurrentControlSet\Control\Nls\ExtendedLocale,REPARSE,Desired Access: Read,4/14/2022 12:34:30 PM,Registry,C:\Windows\system32\cmd.exe,BLUETEAM\ezk,cmd.exe /C nltest.exe /dclist:%userdnsdomain%,10376,8028,cmd.exe 2128 RegOpenKey HKLM\System\CurrentControlSet\Control\Nls\ExtendedLocale REPARSE Desired Access: Read 4/14/2022 12:34:30 PM Registry C:\Windows\system32\cmd.exe BLUETEAM\ezk cmd.exe /C nltest.exe /dclist:%userdnsdomain% 10376 8028,benign
cmd.exe,2128,RegCloseKey,HKLM\System\CurrentControlSet\Control\Nls\CustomLocale,SUCCESS,,4/14/2022 12:34:30 PM,Registry,C:\Windows\system32\cmd.exe,BLUETEAM\ezk,cmd.exe /C nltest.exe /dclist:%userdnsdomain%,10376,8028,cmd.exe 2128 RegCloseKey HKLM\System\CurrentControlSet\Control\Nls\CustomLocale SUCCESS None 4/14/2022 12:34:30 PM Registry C:\Windows\system32\cmd.exe BLUETEAM\ezk cmd.exe /C nltest.exe /dclist:%userdnsdomain% 10376 8028,benign
cmd.exe,2128,RegQueryValue,HKLM\System\CurrentControlSet\Control\Nls\CustomLocale\en-US,NAME NOT FOUND,Length: 532,4/14/2022 12:34:30 PM,Registry,C:\Windows\system32\cmd.exe,BLUETEAM\ezk,cmd.exe /C nltest.exe /dclist:%userdnsdomain%,10376,8028,cmd.exe 2128 RegQueryValue HKLM\System\CurrentControlSet\Control\Nls\CustomLocale\en-US NAME NOT FOUND Length: 532 4/14/2022 12:34:30 PM Registry C:\Windows\system32\cmd.exe BLUETEAM\ezk cmd.exe /C nltest.exe /dclist:%userdnsdomain% 10376 8028,benign
cmd.exe,2128,CreateFile,C:\Windows\System32\nltest.exe,SUCCESS,"Desired Access: Read Attributes, Disposition: Open, Options: Open Reparse Point, Attributes: n/a, ShareMode: Read, Write, Delete, AllocationSize: n/a, OpenResult: Opened",4/14/2022 12:34:30 PM,File System,C:\Windows\system32\cmd.exe,BLUETEAM\ezk,cmd.exe /C nltest.exe /dclist:%userdnsdomain%,10376,8028,"cmd.exe 2128 CreateFile C:\Windows\System32\nltest.exe SUCCESS Desired Access: Read Attributes, Disposition: Open, Options: Open Reparse Point, Attributes: n/a, ShareMode: Read, Write, Delete, AllocationSize: n/a, OpenResult: Opened 4/14/2022 12:34:30 PM File System C:\Windows\system32\cmd.exe BLUETEAM\ezk cmd.exe /C nltest.exe /dclist:%userdnsdomain% 10376 8028",benign
cmd.exe,2128,RegOpenKey,HKCU,SUCCESS,"Desired Access: Maximum Allowed, Granted Access: All Access",4/14/2022 12:34:30 PM,Registry,C:\Windows\system32\cmd.exe,BLUETEAM\ezk,cmd.exe /C nltest.exe /dclist:%userdnsdomain%,10376,8028,"cmd.exe 2128 RegOpenKey HKCU SUCCESS Desired Access: Maximum Allowed, Granted Access: All Access 4/14/2022 12:34:30 PM Registry C:\Windows\system32\cmd.exe BLUETEAM\ezk cmd.exe /C nltest.exe /dclist:%userdnsdomain% 10376 8028",benign
cmd.exe,2128,RegQueryValue,HKLM\SOFTWARE\Microsoft\Command Processor\PathCompletionChar,SUCCESS,"Type: REG_DWORD, Length: 4, Data: 9",4/14/2022 12:34:30 PM,Registry,C:\Windows\system32\cmd.exe,BLUETEAM\ezk,cmd.exe /C nltest.exe /dclist:%userdnsdomain%,10376,8028,"cmd.exe 2128 RegQueryValue HKLM\SOFTWARE\Microsoft\Command Processor\PathCompletionChar SUCCESS Type: REG_DWORD, Length: 4, Data: 9 4/14/2022 12:34:30 PM Registry C:\Windows\system32\cmd.exe BLUETEAM\ezk cmd.exe /C nltest.exe /dclist:%userdnsdomain% 10376 8028",benign
cmd.exe,2128,RegQueryValue,HKLM\SOFTWARE\Microsoft\Command Processor\DefaultColor,SUCCESS,"Type: REG_DWORD, Length: 4, Data: 0",4/14/2022 12:34:30 PM,Registry,C:\Windows\system32\cmd.exe,BLUETEAM\ezk,cmd.exe /C nltest.exe /dclist:%userdnsdomain%,10376,8028,"cmd.exe 2128 RegQueryValue HKLM\SOFTWARE\Microsoft\Command Processor\DefaultColor SUCCESS Type: REG_DWORD, Length: 4, Data: 0 4/14/2022 12:34:30 PM Registry C:\Windows\system32\cmd.exe BLUETEAM\ezk cmd.exe /C nltest.exe /dclist:%userdnsdomain% 10376 8028",benign
cmd.exe,2128,RegOpenKey,HKCU\Control Panel\Desktop,SUCCESS,Desired Access: Read,4/14/2022 12:34:30 PM,Registry,C:\Windows\system32\cmd.exe,BLUETEAM\ezk,cmd.exe /C nltest.exe /dclist:%userdnsdomain%,10376,8028,cmd.exe 2128 RegOpenKey HKCU\Control Panel\Desktop SUCCESS Desired Access: Read 4/14/2022 12:34:30 PM Registry C:\Windows\system32\cmd.exe BLUETEAM\ezk cmd.exe /C nltest.exe /dclist:%userdnsdomain% 10376 8028,benign
cmd.exe,2128,RegQueryValue,HKCU\Control Panel\Desktop\PreferredUILanguages,NAME NOT FOUND,Length: 12,4/14/2022 12:34:30 PM,Registry,C:\Windows\system32\cmd.exe,BLUETEAM\ezk,cmd.exe /C nltest.exe /dclist:%userdnsdomain%,10376,8028,cmd.exe 2128 RegQueryValue HKCU\Control Panel\Desktop\PreferredUILanguages NAME NOT FOUND Length: 12 4/14/2022 12:34:30 PM Registry C:\Windows\system32\cmd.exe BLUETEAM\ezk cmd.exe /C nltest.exe /dclist:%userdnsdomain% 10376 8028,benign
cmd.exe,2128,RegCloseKey,HKCU\Control Panel\Desktop,SUCCESS,,4/14/2022 12:34:30 PM,Registry,C:\Windows\system32\cmd.exe,BLUETEAM\ezk,cmd.exe /C nltest.exe /dclist:%userdnsdomain%,10376,8028,cmd.exe 2128 RegCloseKey HKCU\Control Panel\Desktop SUCCESS None 4/14/2022 12:34:30 PM Registry C:\Windows\system32\cmd.exe BLUETEAM\ezk cmd.exe /C nltest.exe /dclist:%userdnsdomain% 10376 8028,benign
cmd.exe,2128,RegCloseKey,HKCU,SUCCESS,,4/14/2022 12:34:30 PM,Registry,C:\Windows\system32\cmd.exe,BLUETEAM\ezk,cmd.exe /C nltest.exe /dclist:%userdnsdomain%,10376,8028,cmd.exe 2128 RegCloseKey HKCU SUCCESS None 4/14/2022 12:34:30 PM Registry C:\Windows\system32\cmd.exe BLUETEAM\ezk cmd.exe /C nltest.exe /dclist:%userdnsdomain% 10376 8028,benign
cmd.exe,2128,RegOpenKey,HKLM\Software\Policies\Microsoft\MUI\Settings,NAME NOT FOUND,Desired Access: Read,4/14/2022 12:34:30 PM,Registry,C:\Windows\system32\cmd.exe,BLUETEAM\ezk,cmd.exe /C nltest.exe /dclist:%userdnsdomain%,10376,8028,cmd.exe 2128 RegOpenKey HKLM\Software\Policies\Microsoft\MUI\Settings NAME NOT FOUND Desired Access: Read 4/14/2022 12:34:30 PM Registry C:\Windows\system32\cmd.exe BLUETEAM\ezk cmd.exe /C nltest.exe /dclist:%userdnsdomain% 10376 8028,benign
cmd.exe,2128,RegOpenKey,HKCU,SUCCESS,"Desired Access: Maximum Allowed, Granted Access: All Access",4/14/2022 12:34:30 PM,Registry,C:\Windows\system32\cmd.exe,BLUETEAM\ezk,cmd.exe /C nltest.exe /dclist:%userdnsdomain%,10376,8028,"cmd.exe 2128 RegOpenKey HKCU SUCCESS Desired Access: Maximum Allowed, Granted Access: All Access 4/14/2022 12:34:30 PM Registry C:\Windows\system32\cmd.exe BLUETEAM\ezk cmd.exe /C nltest.exe /dclist:%userdnsdomain% 10376 8028",benign
cmd.exe,2128,RegOpenKey,HKCU\Control Panel\Desktop\MuiCached,SUCCESS,Desired Access: Read,4/14/2022 12:34:30 PM,Registry,C:\Windows\system32\cmd.exe,BLUETEAM\ezk,cmd.exe /C nltest.exe /dclist:%userdnsdomain%,10376,8028,cmd.exe 2128 RegOpenKey HKCU\Control Panel\Desktop\MuiCached SUCCESS Desired Access: Read 4/14/2022 12:34:30 PM Registry C:\Windows\system32\cmd.exe BLUETEAM\ezk cmd.exe /C nltest.exe /dclist:%userdnsdomain% 10376 8028,benign
cmd.exe,2128,RegQueryValue,HKCU\Control Panel\Desktop\MuiCached\MachinePreferredUILanguages,BUFFER OVERFLOW,Length: 12,4/14/2022 12:34:30 PM,Registry,C:\Windows\system32\cmd.exe,BLUETEAM\ezk,cmd.exe /C nltest.exe /dclist:%userdnsdomain%,10376,8028,cmd.exe 2128 RegQueryValue HKCU\Control Panel\Desktop\MuiCached\MachinePreferredUILanguages BUFFER OVERFLOW Length: 12 4/14/2022 12:34:30 PM Registry C:\Windows\system32\cmd.exe BLUETEAM\ezk cmd.exe /C nltest.exe /dclist:%userdnsdomain% 10376 8028,benign
cmd.exe,2128,RegQueryValue,HKCU\Control Panel\Desktop\MuiCached\MachinePreferredUILanguages,SUCCESS,"Type: REG_MULTI_SZ, Length: 12, Data: en-US",4/14/2022 12:34:30 PM,Registry,C:\Windows\system32\cmd.exe,BLUETEAM\ezk,cmd.exe /C nltest.exe /dclist:%userdnsdomain%,10376,8028,"cmd.exe 2128 RegQueryValue HKCU\Control Panel\Desktop\MuiCached\MachinePreferredUILanguages SUCCESS Type: REG_MULTI_SZ, Length: 12, Data: en-US 4/14/2022 12:34:30 PM Registry C:\Windows\system32\cmd.exe BLUETEAM\ezk cmd.exe /C nltest.exe /dclist:%userdnsdomain% 10376 8028",benign
cmd.exe,2128,RegCloseKey,HKCU\Control Panel\Desktop\MuiCached,SUCCESS,,4/14/2022 12:34:30 PM,Registry,C:\Windows\system32\cmd.exe,BLUETEAM\ezk,cmd.exe /C nltest.exe /dclist:%userdnsdomain%,10376,8028,cmd.exe 2128 RegCloseKey HKCU\Control Panel\Desktop\MuiCached SUCCESS None 4/14/2022 12:34:30 PM Registry C:\Windows\system32\cmd.exe BLUETEAM\ezk cmd.exe /C nltest.exe /dclist:%userdnsdomain% 10376 8028,benign
cmd.exe,2128,RegCloseKey,HKCU,SUCCESS,,4/14/2022 12:34:30 PM,Registry,C:\Windows\system32\cmd.exe,BLUETEAM\ezk,cmd.exe /C nltest.exe /dclist:%userdnsdomain%,10376,8028,cmd.exe 2128 RegCloseKey HKCU SUCCESS None 4/14/2022 12:34:30 PM Registry C:\Windows\system32\cmd.exe BLUETEAM\ezk cmd.exe /C nltest.exe /dclist:%userdnsdomain% 10376 8028,benign
cmd.exe,2128,RegOpenKey,HKLM\Software\Policies\Microsoft\MUI\Settings,NAME NOT FOUND,Desired Access: Read,4/14/2022 12:34:30 PM,Registry,C:\Windows\system32\cmd.exe,BLUETEAM\ezk,cmd.exe /C nltest.exe /dclist:%userdnsdomain%,10376,8028,cmd.exe 2128 RegOpenKey HKLM\Software\Policies\Microsoft\MUI\Settings NAME NOT FOUND Desired Access: Read 4/14/2022 12:34:30 PM Registry C:\Windows\system32\cmd.exe BLUETEAM\ezk cmd.exe /C nltest.exe /dclist:%userdnsdomain% 10376 8028,benign
cmd.exe,2128,RegOpenKey,HKCU,SUCCESS,"Desired Access: Maximum Allowed, Granted Access: All Access",4/14/2022 12:34:30 PM,Registry,C:\Windows\system32\cmd.exe,BLUETEAM\ezk,cmd.exe /C nltest.exe /dclist:%userdnsdomain%,10376,8028,"cmd.exe 2128 RegOpenKey HKCU SUCCESS Desired Access: Maximum Allowed, Granted Access: All Access 4/14/2022 12:34:30 PM Registry C:\Windows\system32\cmd.exe BLUETEAM\ezk cmd.exe /C nltest.exe /dclist:%userdnsdomain% 10376 8028",benign
cmd.exe,2128,RegOpenKey,HKCU\Software\Policies\Microsoft\Control Panel\Desktop,NAME NOT FOUND,Desired Access: Read,4/14/2022 12:34:30 PM,Registry,C:\Windows\system32\cmd.exe,BLUETEAM\ezk,cmd.exe /C nltest.exe /dclist:%userdnsdomain%,10376,8028,cmd.exe 2128 RegOpenKey HKCU\Software\Policies\Microsoft\Control Panel\Desktop NAME NOT FOUND Desired Access: Read 4/14/2022 12:34:30 PM Registry C:\Windows\system32\cmd.exe BLUETEAM\ezk cmd.exe /C nltest.exe /dclist:%userdnsdomain% 10376 8028,benign
cmd.exe,2128,RegOpenKey,HKCU\Control Panel\Desktop,SUCCESS,Desired Access: Read,4/14/2022 12:34:30 PM,Registry,C:\Windows\system32\cmd.exe,BLUETEAM\ezk,cmd.exe /C nltest.exe /dclist:%userdnsdomain%,10376,8028,cmd.exe 2128 RegOpenKey HKCU\Control Panel\Desktop SUCCESS Desired Access: Read 4/14/2022 12:34:30 PM Registry C:\Windows\system32\cmd.exe BLUETEAM\ezk cmd.exe /C nltest.exe /dclist:%userdnsdomain% 10376 8028,benign
cmd.exe,2128,RegQueryValue,HKCU\Control Panel\Desktop\PreferredUILanguages,NAME NOT FOUND,Length: 12,4/14/2022 12:34:30 PM,Registry,C:\Windows\system32\cmd.exe,BLUETEAM\ezk,cmd.exe /C nltest.exe /dclist:%userdnsdomain%,10376,8028,cmd.exe 2128 RegQueryValue HKCU\Control Panel\Desktop\PreferredUILanguages NAME NOT FOUND Length: 12 4/14/2022 12:34:30 PM Registry C:\Windows\system32\cmd.exe BLUETEAM\ezk cmd.exe /C nltest.exe /dclist:%userdnsdomain% 10376 8028,benign
cmd.exe,2128,RegCloseKey,HKCU\Control Panel\Desktop,SUCCESS,,4/14/2022 12:34:30 PM,Registry,C:\Windows\system32\cmd.exe,BLUETEAM\ezk,cmd.exe /C nltest.exe /dclist:%userdnsdomain%,10376,8028,cmd.exe 2128 RegCloseKey HKCU\Control Panel\Desktop SUCCESS None 4/14/2022 12:34:30 PM Registry C:\Windows\system32\cmd.exe BLUETEAM\ezk cmd.exe /C nltest.exe /dclist:%userdnsdomain% 10376 8028,benign
cmd.exe,2128,RegQueryValue,HKLM\SOFTWARE\Microsoft\Command Processor\DelayedExpansion,NAME NOT FOUND,Length: 144,4/14/2022 12:34:30 PM,Registry,C:\Windows\system32\cmd.exe,BLUETEAM\ezk,cmd.exe /C nltest.exe /dclist:%userdnsdomain%,10376,8028,cmd.exe 2128 RegQueryValue HKLM\SOFTWARE\Microsoft\Command Processor\DelayedExpansion NAME NOT FOUND Length: 144 4/14/2022 12:34:30 PM Registry C:\Windows\system32\cmd.exe BLUETEAM\ezk cmd.exe /C nltest.exe /dclist:%userdnsdomain% 10376 8028,benign
cmd.exe,2128,RegQueryValue,HKLM\SOFTWARE\Microsoft\Command Processor\EnableExtensions,SUCCESS,"Type: REG_DWORD, Length: 4, Data: 1",4/14/2022 12:34:30 PM,Registry,C:\Windows\system32\cmd.exe,BLUETEAM\ezk,cmd.exe /C nltest.exe /dclist:%userdnsdomain%,10376,8028,"cmd.exe 2128 RegQueryValue HKLM\SOFTWARE\Microsoft\Command Processor\EnableExtensions SUCCESS Type: REG_DWORD, Length: 4, Data: 1 4/14/2022 12:34:30 PM Registry C:\Windows\system32\cmd.exe BLUETEAM\ezk cmd.exe /C nltest.exe /dclist:%userdnsdomain% 10376 8028",benign
cmd.exe,2128,RegQueryValue,HKLM\SOFTWARE\Microsoft\Command Processor\DisableUNCCheck,NAME NOT FOUND,Length: 144,4/14/2022 12:34:30 PM,Registry,C:\Windows\system32\cmd.exe,BLUETEAM\ezk,cmd.exe /C nltest.exe /dclist:%userdnsdomain%,10376,8028,cmd.exe 2128 RegQueryValue HKLM\SOFTWARE\Microsoft\Command Processor\DisableUNCCheck NAME NOT FOUND Length: 144 4/14/2022 12:34:30 PM Registry C:\Windows\system32\cmd.exe BLUETEAM\ezk cmd.exe /C nltest.exe /dclist:%userdnsdomain% 10376 8028,benign
cmd.exe,2128,RegOpenKey,HKLM\Software\Microsoft\Command Processor,SUCCESS,"Desired Access: Maximum Allowed, Granted Access: All Access",4/14/2022 12:34:30 PM,Registry,C:\Windows\system32\cmd.exe,BLUETEAM\ezk,cmd.exe /C nltest.exe /dclist:%userdnsdomain%,10376,8028,"cmd.exe 2128 RegOpenKey HKLM\Software\Microsoft\Command Processor SUCCESS Desired Access: Maximum Allowed, Granted Access: All Access 4/14/2022 12:34:30 PM Registry C:\Windows\system32\cmd.exe BLUETEAM\ezk cmd.exe /C nltest.exe /dclist:%userdnsdomain% 10376 8028",benign
cmd.exe,2128,RegQueryKey,HKLM,SUCCESS,"Query: HandleTags, HandleTags: 0x0",4/14/2022 12:34:30 PM,Registry,C:\Windows\system32\cmd.exe,BLUETEAM\ezk,cmd.exe /C nltest.exe /dclist:%userdnsdomain%,10376,8028,"cmd.exe 2128 RegQueryKey HKLM SUCCESS Query: HandleTags, HandleTags: 0x0 4/14/2022 12:34:30 PM Registry C:\Windows\system32\cmd.exe BLUETEAM\ezk cmd.exe /C nltest.exe /dclist:%userdnsdomain% 10376 8028",benign
cmd.exe,2128,RegOpenKey,HKCU\Software\Policies\Microsoft\Windows\System,NAME NOT FOUND,Desired Access: Read,4/14/2022 12:34:30 PM,Registry,C:\Windows\system32\cmd.exe,BLUETEAM\ezk,cmd.exe /C nltest.exe /dclist:%userdnsdomain%,10376,8028,cmd.exe 2128 RegOpenKey HKCU\Software\Policies\Microsoft\Windows\System NAME NOT FOUND Desired Access: Read 4/14/2022 12:34:30 PM Registry C:\Windows\system32\cmd.exe BLUETEAM\ezk cmd.exe /C nltest.exe /dclist:%userdnsdomain% 10376 8028,benign
cmd.exe,2128,RegQueryValue,HKLM\SOFTWARE\Microsoft\Command Processor\CompletionChar,SUCCESS,"Type: REG_DWORD, Length: 4, Data: 9",4/14/2022 12:34:30 PM,Registry,C:\Windows\system32\cmd.exe,BLUETEAM\ezk,cmd.exe /C nltest.exe /dclist:%userdnsdomain%,10376,8028,"cmd.exe 2128 RegQueryValue HKLM\SOFTWARE\Microsoft\Command Processor\CompletionChar SUCCESS Type: REG_DWORD, Length: 4, Data: 9 4/14/2022 12:34:30 PM Registry C:\Windows\system32\cmd.exe BLUETEAM\ezk cmd.exe /C nltest.exe /dclist:%userdnsdomain% 10376 8028",benign
cmd.exe,2128,RegQueryKey,HKCU,SUCCESS,"Query: HandleTags, HandleTags: 0x0",4/14/2022 12:34:30 PM,Registry,C:\Windows\system32\cmd.exe,BLUETEAM\ezk,cmd.exe /C nltest.exe /dclist:%userdnsdomain%,10376,8028,"cmd.exe 2128 RegQueryKey HKCU SUCCESS Query: HandleTags, HandleTags: 0x0 4/14/2022 12:34:30 PM Registry C:\Windows\system32\cmd.exe BLUETEAM\ezk cmd.exe /C nltest.exe /dclist:%userdnsdomain% 10376 8028",benign
cmd.exe,2128,RegCloseKey,HKCU,SUCCESS,,4/14/2022 12:34:30 PM,Registry,C:\Windows\system32\cmd.exe,BLUETEAM\ezk,cmd.exe /C nltest.exe /dclist:%userdnsdomain%,10376,8028,cmd.exe 2128 RegCloseKey HKCU SUCCESS None 4/14/2022 12:34:30 PM Registry C:\Windows\system32\cmd.exe BLUETEAM\ezk cmd.exe /C nltest.exe /dclist:%userdnsdomain% 10376 8028,benign
cmd.exe,2128,RegOpenKey,HKCU\Control Panel\Desktop\LanguageConfiguration,NAME NOT FOUND,Desired Access: Read,4/14/2022 12:34:30 PM,Registry,C:\Windows\system32\cmd.exe,BLUETEAM\ezk,cmd.exe /C nltest.exe /dclist:%userdnsdomain%,10376,8028,cmd.exe 2128 RegOpenKey HKCU\Control Panel\Desktop\LanguageConfiguration NAME NOT FOUND Desired Access: Read 4/14/2022 12:34:30 PM Registry C:\Windows\system32\cmd.exe BLUETEAM\ezk cmd.exe /C nltest.exe /dclist:%userdnsdomain% 10376 8028,benign
cmd.exe,2128,RegOpenKey,HKCU\Software\Policies\Microsoft\Control Panel\Desktop,NAME NOT FOUND,Desired Access: Read,4/14/2022 12:34:30 PM,Registry,C:\Windows\system32\cmd.exe,BLUETEAM\ezk,cmd.exe /C nltest.exe /dclist:%userdnsdomain%,10376,8028,cmd.exe 2128 RegOpenKey HKCU\Software\Policies\Microsoft\Control Panel\Desktop NAME NOT FOUND Desired Access: Read 4/14/2022 12:34:30 PM Registry C:\Windows\system32\cmd.exe BLUETEAM\ezk cmd.exe /C nltest.exe /dclist:%userdnsdomain% 10376 8028,benign
cmd.exe,2128,RegOpenKey,HKCU,SUCCESS,"Desired Access: Maximum Allowed, Granted Access: All Access",4/14/2022 12:34:30 PM,Registry,C:\Windows\system32\cmd.exe,BLUETEAM\ezk,cmd.exe /C nltest.exe /dclist:%userdnsdomain%,10376,8028,"cmd.exe 2128 RegOpenKey HKCU SUCCESS Desired Access: Maximum Allowed, Granted Access: All Access 4/14/2022 12:34:30 PM Registry C:\Windows\system32\cmd.exe BLUETEAM\ezk cmd.exe /C nltest.exe /dclist:%userdnsdomain% 10376 8028",benign
cmd.exe,2128,RegOpenKey,HKLM\Software\Policies\Microsoft\MUI\Settings,NAME NOT FOUND,Desired Access: Read,4/14/2022 12:34:30 PM,Registry,C:\Windows\system32\cmd.exe,BLUETEAM\ezk,cmd.exe /C nltest.exe /dclist:%userdnsdomain%,10376,8028,cmd.exe 2128 RegOpenKey HKLM\Software\Policies\Microsoft\MUI\Settings NAME NOT FOUND Desired Access: Read 4/14/2022 12:34:30 PM Registry C:\Windows\system32\cmd.exe BLUETEAM\ezk cmd.exe /C nltest.exe /dclist:%userdnsdomain% 10376 8028,benign
cmd.exe,2128,RegCloseKey,HKCU,SUCCESS,,4/14/2022 12:34:30 PM,Registry,C:\Windows\system32\cmd.exe,BLUETEAM\ezk,cmd.exe /C nltest.exe /dclist:%userdnsdomain%,10376,8028,cmd.exe 2128 RegCloseKey HKCU SUCCESS None 4/14/2022 12:34:30 PM Registry C:\Windows\system32\cmd.exe BLUETEAM\ezk cmd.exe /C nltest.exe /dclist:%userdnsdomain% 10376 8028,benign
cmd.exe,2128,RegOpenKey,HKCU,SUCCESS,"Desired Access: Maximum Allowed, Granted Access: All Access",4/14/2022 12:34:30 PM,Registry,C:\Windows\system32\cmd.exe,BLUETEAM\ezk,cmd.exe /C nltest.exe /dclist:%userdnsdomain%,10376,8028,"cmd.exe 2128 RegOpenKey HKCU SUCCESS Desired Access: Maximum Allowed, Granted Access: All Access 4/14/2022 12:34:30 PM Registry C:\Windows\system32\cmd.exe BLUETEAM\ezk cmd.exe /C nltest.exe /dclist:%userdnsdomain% 10376 8028",benign
nltest.exe,5768,TCP Disconnect,DESKTOP-BA1RQFC.blueteam.com:62814 -> 192.168.48.10:epmap,SUCCESS,"Length: 0, seqnum: 0, connid: 0",4/14/2022 12:34:30 PM,Network,C:\Windows\system32\nltest.exe,BLUETEAM\ezk,nltest.exe  /dclist:BLUETEAM.COM,0,2128,"nltest.exe 5768 TCP Disconnect DESKTOP-BA1RQFC.blueteam.com:62814 -> 192.168.48.10:epmap SUCCESS Length: 0, seqnum: 0, connid: 0 4/14/2022 12:34:30 PM Network C:\Windows\system32\nltest.exe BLUETEAM\ezk nltest.exe  /dclist:BLUETEAM.COM 0 2128",benign
nltest.exe,5768,RegOpenKey,HKLM\Software\Policies\Microsoft\Windows\Display,NAME NOT FOUND,Desired Access: Read,4/14/2022 12:34:30 PM,Registry,C:\Windows\system32\nltest.exe,BLUETEAM\ezk,nltest.exe  /dclist:BLUETEAM.COM,10756,2128,nltest.exe 5768 RegOpenKey HKLM\Software\Policies\Microsoft\Windows\Display NAME NOT FOUND Desired Access: Read 4/14/2022 12:34:30 PM Registry C:\Windows\system32\nltest.exe BLUETEAM\ezk nltest.exe  /dclist:BLUETEAM.COM 10756 2128,benign
nltest.exe,5768,RegOpenKey,HKLM\Software\Policies\Microsoft\Windows\Display,NAME NOT FOUND,Desired Access: Read,4/14/2022 12:34:30 PM,Registry,C:\Windows\system32\nltest.exe,BLUETEAM\ezk,nltest.exe  /dclist:BLUETEAM.COM,10756,2128,nltest.exe 5768 RegOpenKey HKLM\Software\Policies\Microsoft\Windows\Display NAME NOT FOUND Desired Access: Read 4/14/2022 12:34:30 PM Registry C:\Windows\system32\nltest.exe BLUETEAM\ezk nltest.exe  /dclist:BLUETEAM.COM 10756 2128,benign
nltest.exe,5768,RegQueryKey,HKLM\System\CurrentControlSet\Services\WinSock2\Parameters\Protocol_Catalog9\Catalog_Entries64,SUCCESS,"Query: HandleTags, HandleTags: 0x0",4/14/2022 12:34:30 PM,Registry,C:\Windows\system32\nltest.exe,BLUETEAM\ezk,nltest.exe  /dclist:BLUETEAM.COM,10756,2128,"nltest.exe 5768 RegQueryKey HKLM\System\CurrentControlSet\Services\WinSock2\Parameters\Protocol_Catalog9\Catalog_Entries64 SUCCESS Query: HandleTags, HandleTags: 0x0 4/14/2022 12:34:30 PM Registry C:\Windows\system32\nltest.exe BLUETEAM\ezk nltest.exe  /dclist:BLUETEAM.COM 10756 2128",benign
nltest.exe,5768,RegOpenKey,HKLM\System\CurrentControlSet\Services\WinSock2\Parameters\Protocol_Catalog9\Catalog_Entries64\000000000003,SUCCESS,Desired Access: Read,4/14/2022 12:34:30 PM,Registry,C:\Windows\system32\nltest.exe,BLUETEAM\ezk,nltest.exe  /dclist:BLUETEAM.COM,10756,2128,nltest.exe 5768 RegOpenKey HKLM\System\CurrentControlSet\Services\WinSock2\Parameters\Protocol_Catalog9\Catalog_Entries64\000000000003 SUCCESS Desired Access: Read 4/14/2022 12:34:30 PM Registry C:\Windows\system32\nltest.exe BLUETEAM\ezk nltest.exe  /dclist:BLUETEAM.COM 10756 2128,benign
nltest.exe,5768,RegQueryValue,HKLM\System\CurrentControlSet\Services\WinSock2\Parameters\Protocol_Catalog9\Catalog_Entries64\000000000003\PackedCatalogItem,BUFFER OVERFLOW,Length: 144,4/14/2022 12:34:30 PM,Registry,C:\Windows\system32\nltest.exe,BLUETEAM\ezk,nltest.exe  /dclist:BLUETEAM.COM,10756,2128,nltest.exe 5768 RegQueryValue HKLM\System\CurrentControlSet\Services\WinSock2\Parameters\Protocol_Catalog9\Catalog_Entries64\000000000003\PackedCatalogItem BUFFER OVERFLOW Length: 144 4/14/2022 12:34:30 PM Registry C:\Windows\system32\nltest.exe BLUETEAM\ezk nltest.exe  /dclist:BLUETEAM.COM 10756 2128,benign
nltest.exe,5768,RegQueryValue,HKLM\System\CurrentControlSet\Services\WinSock2\Parameters\Protocol_Catalog9\Catalog_Entries64\000000000003\PackedCatalogItem,SUCCESS,"Type: REG_BINARY, Length: 888, Data: 25 53 79 73 74 65 6D 52 6F 6F 74 25 5C 73 79 73",4/14/2022 12:34:30 PM,Registry,C:\Windows\system32\nltest.exe,BLUETEAM\ezk,nltest.exe  /dclist:BLUETEAM.COM,10756,2128,"nltest.exe 5768 RegQueryValue HKLM\System\CurrentControlSet\Services\WinSock2\Parameters\Protocol_Catalog9\Catalog_Entries64\000000000003\PackedCatalogItem SUCCESS Type: REG_BINARY, Length: 888, Data: 25 53 79 73 74 65 6D 52 6F 6F 74 25 5C 73 79 73 4/14/2022 12:34:30 PM Registry C:\Windows\system32\nltest.exe BLUETEAM\ezk nltest.exe  /dclist:BLUETEAM.COM 10756 2128",benign
nltest.exe,5768,RegCloseKey,HKLM\System\CurrentControlSet\Services\WinSock2\Parameters\Protocol_Catalog9\Catalog_Entries64\000000000003,SUCCESS,,4/14/2022 12:34:30 PM,Registry,C:\Windows\system32\nltest.exe,BLUETEAM\ezk,nltest.exe  /dclist:BLUETEAM.COM,10756,2128,nltest.exe 5768 RegCloseKey HKLM\System\CurrentControlSet\Services\WinSock2\Parameters\Protocol_Catalog9\Catalog_Entries64\000000000003 SUCCESS None 4/14/2022 12:34:30 PM Registry C:\Windows\system32\nltest.exe BLUETEAM\ezk nltest.exe  /dclist:BLUETEAM.COM 10756 2128,benign
nltest.exe,5768,RegQueryKey,HKLM\System\CurrentControlSet\Services\WinSock2\Parameters\Protocol_Catalog9\Catalog_Entries64,SUCCESS,"Query: HandleTags, HandleTags: 0x0",4/14/2022 12:34:30 PM,Registry,C:\Windows\system32\nltest.exe,BLUETEAM\ezk,nltest.exe  /dclist:BLUETEAM.COM,10756,2128,"nltest.exe 5768 RegQueryKey HKLM\System\CurrentControlSet\Services\WinSock2\Parameters\Protocol_Catalog9\Catalog_Entries64 SUCCESS Query: HandleTags, HandleTags: 0x0 4/14/2022 12:34:30 PM Registry C:\Windows\system32\nltest.exe BLUETEAM\ezk nltest.exe  /dclist:BLUETEAM.COM 10756 2128",benign
nltest.exe,5768,RegOpenKey,HKLM\System\CurrentControlSet\Services\WinSock2\Parameters\Protocol_Catalog9\Catalog_Entries64\000000000004,SUCCESS,Desired Access: Read,4/14/2022 12:34:30 PM,Registry,C:\Windows\system32\nltest.exe,BLUETEAM\ezk,nltest.exe  /dclist:BLUETEAM.COM,10756,2128,nltest.exe 5768 RegOpenKey HKLM\System\CurrentControlSet\Services\WinSock2\Parameters\Protocol_Catalog9\Catalog_Entries64\000000000004 SUCCESS Desired Access: Read 4/14/2022 12:34:30 PM Registry C:\Windows\system32\nltest.exe BLUETEAM\ezk nltest.exe  /dclist:BLUETEAM.COM 10756 2128,benign
nltest.exe,5768,RegQueryValue,HKLM\System\CurrentControlSet\Services\WinSock2\Parameters\Protocol_Catalog9\Catalog_Entries64\000000000004\PackedCatalogItem,BUFFER OVERFLOW,Length: 144,4/14/2022 12:34:30 PM,Registry,C:\Windows\system32\nltest.exe,BLUETEAM\ezk,nltest.exe  /dclist:BLUETEAM.COM,10756,2128,nltest.exe 5768 RegQueryValue HKLM\System\CurrentControlSet\Services\WinSock2\Parameters\Protocol_Catalog9\Catalog_Entries64\000000000004\PackedCatalogItem BUFFER OVERFLOW Length: 144 4/14/2022 12:34:30 PM Registry C:\Windows\system32\nltest.exe BLUETEAM\ezk nltest.exe  /dclist:BLUETEAM.COM 10756 2128,benign
nltest.exe,5768,RegQueryValue,HKLM\System\CurrentControlSet\Services\WinSock2\Parameters\Protocol_Catalog9\Catalog_Entries64\000000000004\PackedCatalogItem,SUCCESS,"Type: REG_BINARY, Length: 888, Data: 25 53 79 73 74 65 6D 52 6F 6F 74 25 5C 73 79 73",4/14/2022 12:34:30 PM,Registry,C:\Windows\system32\nltest.exe,BLUETEAM\ezk,nltest.exe  /dclist:BLUETEAM.COM,10756,2128,"nltest.exe 5768 RegQueryValue HKLM\System\CurrentControlSet\Services\WinSock2\Parameters\Protocol_Catalog9\Catalog_Entries64\000000000004\PackedCatalogItem SUCCESS Type: REG_BINARY, Length: 888, Data: 25 53 79 73 74 65 6D 52 6F 6F 74 25 5C 73 79 73 4/14/2022 12:34:30 PM Registry C:\Windows\system32\nltest.exe BLUETEAM\ezk nltest.exe  /dclist:BLUETEAM.COM 10756 2128",benign
nltest.exe,5768,RegCloseKey,HKLM\System\CurrentControlSet\Services\WinSock2\Parameters\Protocol_Catalog9\Catalog_Entries64\000000000004,SUCCESS,,4/14/2022 12:34:30 PM,Registry,C:\Windows\system32\nltest.exe,BLUETEAM\ezk,nltest.exe  /dclist:BLUETEAM.COM,10756,2128,nltest.exe 5768 RegCloseKey HKLM\System\CurrentControlSet\Services\WinSock2\Parameters\Protocol_Catalog9\Catalog_Entries64\000000000004 SUCCESS None 4/14/2022 12:34:30 PM Registry C:\Windows\system32\nltest.exe BLUETEAM\ezk nltest.exe  /dclist:BLUETEAM.COM 10756 2128,benign
nltest.exe,5768,RegQueryKey,HKLM\System\CurrentControlSet\Services\WinSock2\Parameters\Protocol_Catalog9\Catalog_Entries64,SUCCESS,"Query: HandleTags, HandleTags: 0x0",4/14/2022 12:34:30 PM,Registry,C:\Windows\system32\nltest.exe,BLUETEAM\ezk,nltest.exe  /dclist:BLUETEAM.COM,10756,2128,"nltest.exe 5768 RegQueryKey HKLM\System\CurrentControlSet\Services\WinSock2\Parameters\Protocol_Catalog9\Catalog_Entries64 SUCCESS Query: HandleTags, HandleTags: 0x0 4/14/2022 12:34:30 PM Registry C:\Windows\system32\nltest.exe BLUETEAM\ezk nltest.exe  /dclist:BLUETEAM.COM 10756 2128",benign
nltest.exe,5768,RegOpenKey,HKLM\System\CurrentControlSet\Services\WinSock2\Parameters\Protocol_Catalog9\Catalog_Entries64\000000000005,SUCCESS,Desired Access: Read,4/14/2022 12:34:30 PM,Registry,C:\Windows\system32\nltest.exe,BLUETEAM\ezk,nltest.exe  /dclist:BLUETEAM.COM,10756,2128,nltest.exe 5768 RegOpenKey HKLM\System\CurrentControlSet\Services\WinSock2\Parameters\Protocol_Catalog9\Catalog_Entries64\000000000005 SUCCESS Desired Access: Read 4/14/2022 12:34:30 PM Registry C:\Windows\system32\nltest.exe BLUETEAM\ezk nltest.exe  /dclist:BLUETEAM.COM 10756 2128,benign
nltest.exe,5768,RegQueryValue,HKLM\System\CurrentControlSet\Services\WinSock2\Parameters\Protocol_Catalog9\Catalog_Entries64\000000000005\PackedCatalogItem,BUFFER OVERFLOW,Length: 144,4/14/2022 12:34:30 PM,Registry,C:\Windows\system32\nltest.exe,BLUETEAM\ezk,nltest.exe  /dclist:BLUETEAM.COM,10756,2128,nltest.exe 5768 RegQueryValue HKLM\System\CurrentControlSet\Services\WinSock2\Parameters\Protocol_Catalog9\Catalog_Entries64\000000000005\PackedCatalogItem BUFFER OVERFLOW Length: 144 4/14/2022 12:34:30 PM Registry C:\Windows\system32\nltest.exe BLUETEAM\ezk nltest.exe  /dclist:BLUETEAM.COM 10756 2128,benign
nltest.exe,5768,RegQueryValue,HKLM\System\CurrentControlSet\Services\WinSock2\Parameters\Protocol_Catalog9\Catalog_Entries64\000000000005\PackedCatalogItem,SUCCESS,"Type: REG_BINARY, Length: 888, Data: 25 53 79 73 74 65 6D 52 6F 6F 74 25 5C 73 79 73",4/14/2022 12:34:30 PM,Registry,C:\Windows\system32\nltest.exe,BLUETEAM\ezk,nltest.exe  /dclist:BLUETEAM.COM,10756,2128,"nltest.exe 5768 RegQueryValue HKLM\System\CurrentControlSet\Services\WinSock2\Parameters\Protocol_Catalog9\Catalog_Entries64\000000000005\PackedCatalogItem SUCCESS Type: REG_BINARY, Length: 888, Data: 25 53 79 73 74 65 6D 52 6F 6F 74 25 5C 73 79 73 4/14/2022 12:34:30 PM Registry C:\Windows\system32\nltest.exe BLUETEAM\ezk nltest.exe  /dclist:BLUETEAM.COM 10756 2128",benign
nltest.exe,5768,RegCloseKey,HKLM\System\CurrentControlSet\Services\WinSock2\Parameters\Protocol_Catalog9\Catalog_Entries64\000000000005,SUCCESS,,4/14/2022 12:34:30 PM,Registry,C:\Windows\system32\nltest.exe,BLUETEAM\ezk,nltest.exe  /dclist:BLUETEAM.COM,10756,2128,nltest.exe 5768 RegCloseKey HKLM\System\CurrentControlSet\Services\WinSock2\Parameters\Protocol_Catalog9\Catalog_Entries64\000000000005 SUCCESS None 4/14/2022 12:34:30 PM Registry C:\Windows\system32\nltest.exe BLUETEAM\ezk nltest.exe  /dclist:BLUETEAM.COM 10756 2128,benign
nltest.exe,5768,RegQueryKey,HKLM\System\CurrentControlSet\Services\WinSock2\Parameters\Protocol_Catalog9\Catalog_Entries64,SUCCESS,"Query: HandleTags, HandleTags: 0x0",4/14/2022 12:34:30 PM,Registry,C:\Windows\system32\nltest.exe,BLUETEAM\ezk,nltest.exe  /dclist:BLUETEAM.COM,10756,2128,"nltest.exe 5768 RegQueryKey HKLM\System\CurrentControlSet\Services\WinSock2\Parameters\Protocol_Catalog9\Catalog_Entries64 SUCCESS Query: HandleTags, HandleTags: 0x0 4/14/2022 12:34:30 PM Registry C:\Windows\system32\nltest.exe BLUETEAM\ezk nltest.exe  /dclist:BLUETEAM.COM 10756 2128",benign
nltest.exe,5768,RegOpenKey,HKLM\System\CurrentControlSet\Services\WinSock2\Parameters\Protocol_Catalog9\Catalog_Entries64\000000000006,SUCCESS,Desired Access: Read,4/14/2022 12:34:30 PM,Registry,C:\Windows\system32\nltest.exe,BLUETEAM\ezk,nltest.exe  /dclist:BLUETEAM.COM,10756,2128,nltest.exe 5768 RegOpenKey HKLM\System\CurrentControlSet\Services\WinSock2\Parameters\Protocol_Catalog9\Catalog_Entries64\000000000006 SUCCESS Desired Access: Read 4/14/2022 12:34:30 PM Registry C:\Windows\system32\nltest.exe BLUETEAM\ezk nltest.exe  /dclist:BLUETEAM.COM 10756 2128,benign
nltest.exe,5768,RegQueryKey,HKLM\System\CurrentControlSet\Services\WinSock2\Parameters\Protocol_Catalog9\Catalog_Entries64,SUCCESS,"Query: HandleTags, HandleTags: 0x0",4/14/2022 12:34:30 PM,Registry,C:\Windows\system32\nltest.exe,BLUETEAM\ezk,nltest.exe  /dclist:BLUETEAM.COM,10756,2128,"nltest.exe 5768 RegQueryKey HKLM\System\CurrentControlSet\Services\WinSock2\Parameters\Protocol_Catalog9\Catalog_Entries64 SUCCESS Query: HandleTags, HandleTags: 0x0 4/14/2022 12:34:30 PM Registry C:\Windows\system32\nltest.exe BLUETEAM\ezk nltest.exe  /dclist:BLUETEAM.COM 10756 2128",benign
nltest.exe,5768,RegCloseKey,HKLM\System\CurrentControlSet\Services\WinSock2\Parameters\Protocol_Catalog9\Catalog_Entries64\000000000008,SUCCESS,,4/14/2022 12:34:30 PM,Registry,C:\Windows\system32\nltest.exe,BLUETEAM\ezk,nltest.exe  /dclist:BLUETEAM.COM,10756,2128,nltest.exe 5768 RegCloseKey HKLM\System\CurrentControlSet\Services\WinSock2\Parameters\Protocol_Catalog9\Catalog_Entries64\000000000008 SUCCESS None 4/14/2022 12:34:30 PM Registry C:\Windows\system32\nltest.exe BLUETEAM\ezk nltest.exe  /dclist:BLUETEAM.COM 10756 2128,benign
nltest.exe,5768,RegQueryValue,HKLM\System\CurrentControlSet\Services\WinSock2\Parameters\Protocol_Catalog9\Catalog_Entries64\000000000008\PackedCatalogItem,SUCCESS,"Type: REG_BINARY, Length: 888, Data: 25 53 79 73 74 65 6D 52 6F 6F 74 25 5C 73 79 73",4/14/2022 12:34:30 PM,Registry,C:\Windows\system32\nltest.exe,BLUETEAM\ezk,nltest.exe  /dclist:BLUETEAM.COM,10756,2128,"nltest.exe 5768 RegQueryValue HKLM\System\CurrentControlSet\Services\WinSock2\Parameters\Protocol_Catalog9\Catalog_Entries64\000000000008\PackedCatalogItem SUCCESS Type: REG_BINARY, Length: 888, Data: 25 53 79 73 74 65 6D 52 6F 6F 74 25 5C 73 79 73 4/14/2022 12:34:30 PM Registry C:\Windows\system32\nltest.exe BLUETEAM\ezk nltest.exe  /dclist:BLUETEAM.COM 10756 2128",benign
nltest.exe,5768,RegQueryValue,HKLM\System\CurrentControlSet\Services\WinSock2\Parameters\Protocol_Catalog9\Catalog_Entries64\000000000008\PackedCatalogItem,BUFFER OVERFLOW,Length: 144,4/14/2022 12:34:30 PM,Registry,C:\Windows\system32\nltest.exe,BLUETEAM\ezk,nltest.exe  /dclist:BLUETEAM.COM,10756,2128,nltest.exe 5768 RegQueryValue HKLM\System\CurrentControlSet\Services\WinSock2\Parameters\Protocol_Catalog9\Catalog_Entries64\000000000008\PackedCatalogItem BUFFER OVERFLOW Length: 144 4/14/2022 12:34:30 PM Registry C:\Windows\system32\nltest.exe BLUETEAM\ezk nltest.exe  /dclist:BLUETEAM.COM 10756 2128,benign
nltest.exe,5768,RegOpenKey,HKLM\System\CurrentControlSet\Services\WinSock2\Parameters\Protocol_Catalog9\Catalog_Entries64\000000000008,SUCCESS,Desired Access: Read,4/14/2022 12:34:30 PM,Registry,C:\Windows\system32\nltest.exe,BLUETEAM\ezk,nltest.exe  /dclist:BLUETEAM.COM,10756,2128,nltest.exe 5768 RegOpenKey HKLM\System\CurrentControlSet\Services\WinSock2\Parameters\Protocol_Catalog9\Catalog_Entries64\000000000008 SUCCESS Desired Access: Read 4/14/2022 12:34:30 PM Registry C:\Windows\system32\nltest.exe BLUETEAM\ezk nltest.exe  /dclist:BLUETEAM.COM 10756 2128,benign
nltest.exe,5768,RegQueryKey,HKLM\System\CurrentControlSet\Services\WinSock2\Parameters\Protocol_Catalog9\Catalog_Entries64,SUCCESS,"Query: HandleTags, HandleTags: 0x0",4/14/2022 12:34:30 PM,Registry,C:\Windows\system32\nltest.exe,BLUETEAM\ezk,nltest.exe  /dclist:BLUETEAM.COM,10756,2128,"nltest.exe 5768 RegQueryKey HKLM\System\CurrentControlSet\Services\WinSock2\Parameters\Protocol_Catalog9\Catalog_Entries64 SUCCESS Query: HandleTags, HandleTags: 0x0 4/14/2022 12:34:30 PM Registry C:\Windows\system32\nltest.exe BLUETEAM\ezk nltest.exe  /dclist:BLUETEAM.COM 10756 2128",benign
nltest.exe,5768,RegCloseKey,HKLM\System\CurrentControlSet\Services\WinSock2\Parameters\Protocol_Catalog9\Catalog_Entries64\000000000002,SUCCESS,,4/14/2022 12:34:30 PM,Registry,C:\Windows\system32\nltest.exe,BLUETEAM\ezk,nltest.exe  /dclist:BLUETEAM.COM,10756,2128,nltest.exe 5768 RegCloseKey HKLM\System\CurrentControlSet\Services\WinSock2\Parameters\Protocol_Catalog9\Catalog_Entries64\000000000002 SUCCESS None 4/14/2022 12:34:30 PM Registry C:\Windows\system32\nltest.exe BLUETEAM\ezk nltest.exe  /dclist:BLUETEAM.COM 10756 2128,benign
nltest.exe,5768,RegCloseKey,HKLM\System\CurrentControlSet\Services\WinSock2\Parameters\Protocol_Catalog9\Catalog_Entries64\000000000007,SUCCESS,,4/14/2022 12:34:30 PM,Registry,C:\Windows\system32\nltest.exe,BLUETEAM\ezk,nltest.exe  /dclist:BLUETEAM.COM,10756,2128,nltest.exe 5768 RegCloseKey HKLM\System\CurrentControlSet\Services\WinSock2\Parameters\Protocol_Catalog9\Catalog_Entries64\000000000007 SUCCESS None 4/14/2022 12:34:30 PM Registry C:\Windows\system32\nltest.exe BLUETEAM\ezk nltest.exe  /dclist:BLUETEAM.COM 10756 2128,benign
nltest.exe,5768,RegQueryValue,HKLM\System\CurrentControlSet\Services\WinSock2\Parameters\Protocol_Catalog9\Catalog_Entries64\000000000007\PackedCatalogItem,BUFFER OVERFLOW,Length: 144,4/14/2022 12:34:30 PM,Registry,C:\Windows\system32\nltest.exe,BLUETEAM\ezk,nltest.exe  /dclist:BLUETEAM.COM,10756,2128,nltest.exe 5768 RegQueryValue HKLM\System\CurrentControlSet\Services\WinSock2\Parameters\Protocol_Catalog9\Catalog_Entries64\000000000007\PackedCatalogItem BUFFER OVERFLOW Length: 144 4/14/2022 12:34:30 PM Registry C:\Windows\system32\nltest.exe BLUETEAM\ezk nltest.exe  /dclist:BLUETEAM.COM 10756 2128,benign
nltest.exe,5768,RegOpenKey,HKLM\System\CurrentControlSet\Services\WinSock2\Parameters\Protocol_Catalog9\Catalog_Entries64\000000000007,SUCCESS,Desired Access: Read,4/14/2022 12:34:30 PM,Registry,C:\Windows\system32\nltest.exe,BLUETEAM\ezk,nltest.exe  /dclist:BLUETEAM.COM,10756,2128,nltest.exe 5768 RegOpenKey HKLM\System\CurrentControlSet\Services\WinSock2\Parameters\Protocol_Catalog9\Catalog_Entries64\000000000007 SUCCESS Desired Access: Read 4/14/2022 12:34:30 PM Registry C:\Windows\system32\nltest.exe BLUETEAM\ezk nltest.exe  /dclist:BLUETEAM.COM 10756 2128,benign
nltest.exe,5768,RegQueryKey,HKLM\System\CurrentControlSet\Services\WinSock2\Parameters\Protocol_Catalog9\Catalog_Entries64,SUCCESS,"Query: HandleTags, HandleTags: 0x0",4/14/2022 12:34:30 PM,Registry,C:\Windows\system32\nltest.exe,BLUETEAM\ezk,nltest.exe  /dclist:BLUETEAM.COM,10756,2128,"nltest.exe 5768 RegQueryKey HKLM\System\CurrentControlSet\Services\WinSock2\Parameters\Protocol_Catalog9\Catalog_Entries64 SUCCESS Query: HandleTags, HandleTags: 0x0 4/14/2022 12:34:30 PM Registry C:\Windows\system32\nltest.exe BLUETEAM\ezk nltest.exe  /dclist:BLUETEAM.COM 10756 2128",benign
nltest.exe,5768,RegCloseKey,HKLM\System\CurrentControlSet\Services\WinSock2\Parameters\Protocol_Catalog9\Catalog_Entries64\000000000006,SUCCESS,,4/14/2022 12:34:30 PM,Registry,C:\Windows\system32\nltest.exe,BLUETEAM\ezk,nltest.exe  /dclist:BLUETEAM.COM,10756,2128,nltest.exe 5768 RegCloseKey HKLM\System\CurrentControlSet\Services\WinSock2\Parameters\Protocol_Catalog9\Catalog_Entries64\000000000006 SUCCESS None 4/14/2022 12:34:30 PM Registry C:\Windows\system32\nltest.exe BLUETEAM\ezk nltest.exe  /dclist:BLUETEAM.COM 10756 2128,benign
nltest.exe,5768,RegQueryValue,HKLM\System\CurrentControlSet\Services\WinSock2\Parameters\Protocol_Catalog9\Catalog_Entries64\000000000006\PackedCatalogItem,SUCCESS,"Type: REG_BINARY, Length: 888, Data: 25 53 79 73 74 65 6D 52 6F 6F 74 25 5C 73 79 73",4/14/2022 12:34:30 PM,Registry,C:\Windows\system32\nltest.exe,BLUETEAM\ezk,nltest.exe  /dclist:BLUETEAM.COM,10756,2128,"nltest.exe 5768 RegQueryValue HKLM\System\CurrentControlSet\Services\WinSock2\Parameters\Protocol_Catalog9\Catalog_Entries64\000000000006\PackedCatalogItem SUCCESS Type: REG_BINARY, Length: 888, Data: 25 53 79 73 74 65 6D 52 6F 6F 74 25 5C 73 79 73 4/14/2022 12:34:30 PM Registry C:\Windows\system32\nltest.exe BLUETEAM\ezk nltest.exe  /dclist:BLUETEAM.COM 10756 2128",benign
nltest.exe,5768,RegQueryValue,HKLM\System\CurrentControlSet\Services\WinSock2\Parameters\Protocol_Catalog9\Catalog_Entries64\000000000006\PackedCatalogItem,BUFFER OVERFLOW,Length: 144,4/14/2022 12:34:30 PM,Registry,C:\Windows\system32\nltest.exe,BLUETEAM\ezk,nltest.exe  /dclist:BLUETEAM.COM,10756,2128,nltest.exe 5768 RegQueryValue HKLM\System\CurrentControlSet\Services\WinSock2\Parameters\Protocol_Catalog9\Catalog_Entries64\000000000006\PackedCatalogItem BUFFER OVERFLOW Length: 144 4/14/2022 12:34:30 PM Registry C:\Windows\system32\nltest.exe BLUETEAM\ezk nltest.exe  /dclist:BLUETEAM.COM 10756 2128,benign
nltest.exe,5768,RegQueryValue,HKLM\System\CurrentControlSet\Services\WinSock2\Parameters\Protocol_Catalog9\Catalog_Entries64\000000000007\PackedCatalogItem,SUCCESS,"Type: REG_BINARY, Length: 888, Data: 25 53 79 73 74 65 6D 52 6F 6F 74 25 5C 73 79 73",4/14/2022 12:34:30 PM,Registry,C:\Windows\system32\nltest.exe,BLUETEAM\ezk,nltest.exe  /dclist:BLUETEAM.COM,10756,2128,"nltest.exe 5768 RegQueryValue HKLM\System\CurrentControlSet\Services\WinSock2\Parameters\Protocol_Catalog9\Catalog_Entries64\000000000007\PackedCatalogItem SUCCESS Type: REG_BINARY, Length: 888, Data: 25 53 79 73 74 65 6D 52 6F 6F 74 25 5C 73 79 73 4/14/2022 12:34:30 PM Registry C:\Windows\system32\nltest.exe BLUETEAM\ezk nltest.exe  /dclist:BLUETEAM.COM 10756 2128",benign
nltest.exe,5768,RegOpenKey,HKLM\System\CurrentControlSet\Services\WinSock2\Parameters\Protocol_Catalog9\Catalog_Entries64\000000000009,SUCCESS,Desired Access: Read,4/14/2022 12:34:30 PM,Registry,C:\Windows\system32\nltest.exe,BLUETEAM\ezk,nltest.exe  /dclist:BLUETEAM.COM,10756,2128,nltest.exe 5768 RegOpenKey HKLM\System\CurrentControlSet\Services\WinSock2\Parameters\Protocol_Catalog9\Catalog_Entries64\000000000009 SUCCESS Desired Access: Read 4/14/2022 12:34:30 PM Registry C:\Windows\system32\nltest.exe BLUETEAM\ezk nltest.exe  /dclist:BLUETEAM.COM 10756 2128,benign
nltest.exe,5768,RegQueryValue,HKLM\System\CurrentControlSet\Services\WinSock2\Parameters\Protocol_Catalog9\Catalog_Entries64\000000000002\PackedCatalogItem,SUCCESS,"Type: REG_BINARY, Length: 888, Data: 25 53 79 73 74 65 6D 52 6F 6F 74 25 5C 73 79 73",4/14/2022 12:34:30 PM,Registry,C:\Windows\system32\nltest.exe,BLUETEAM\ezk,nltest.exe  /dclist:BLUETEAM.COM,10756,2128,"nltest.exe 5768 RegQueryValue HKLM\System\CurrentControlSet\Services\WinSock2\Parameters\Protocol_Catalog9\Catalog_Entries64\000000000002\PackedCatalogItem SUCCESS Type: REG_BINARY, Length: 888, Data: 25 53 79 73 74 65 6D 52 6F 6F 74 25 5C 73 79 73 4/14/2022 12:34:30 PM Registry C:\Windows\system32\nltest.exe BLUETEAM\ezk nltest.exe  /dclist:BLUETEAM.COM 10756 2128",benign
nltest.exe,5768,RegOpenKey,HKLM\System\CurrentControlSet\Services\WinSock2\Parameters\Protocol_Catalog9\Catalog_Entries64\000000000002,SUCCESS,Desired Access: Read,4/14/2022 12:34:30 PM,Registry,C:\Windows\system32\nltest.exe,BLUETEAM\ezk,nltest.exe  /dclist:BLUETEAM.COM,10756,2128,nltest.exe 5768 RegOpenKey HKLM\System\CurrentControlSet\Services\WinSock2\Parameters\Protocol_Catalog9\Catalog_Entries64\000000000002 SUCCESS Desired Access: Read 4/14/2022 12:34:30 PM Registry C:\Windows\system32\nltest.exe BLUETEAM\ezk nltest.exe  /dclist:BLUETEAM.COM 10756 2128,benign
nltest.exe,5768,RegCloseKey,HKLM\SOFTWARE\Microsoft\Rpc,SUCCESS,,4/14/2022 12:34:30 PM,Registry,C:\Windows\system32\nltest.exe,BLUETEAM\ezk,nltest.exe  /dclist:BLUETEAM.COM,10756,2128,nltest.exe 5768 RegCloseKey HKLM\SOFTWARE\Microsoft\Rpc SUCCESS None 4/14/2022 12:34:30 PM Registry C:\Windows\system32\nltest.exe BLUETEAM\ezk nltest.exe  /dclist:BLUETEAM.COM 10756 2128,benign
nltest.exe,5768,RegQueryKey,HKLM,SUCCESS,"Query: HandleTags, HandleTags: 0x0",4/14/2022 12:34:30 PM,Registry,C:\Windows\system32\nltest.exe,BLUETEAM\ezk,nltest.exe  /dclist:BLUETEAM.COM,10756,2128,"nltest.exe 5768 RegQueryKey HKLM SUCCESS Query: HandleTags, HandleTags: 0x0 4/14/2022 12:34:30 PM Registry C:\Windows\system32\nltest.exe BLUETEAM\ezk nltest.exe  /dclist:BLUETEAM.COM 10756 2128",benign
nltest.exe,5768,RegOpenKey,HKLM\System\CurrentControlSet\Services\WinSock2\Parameters,REPARSE,Desired Access: All Access,4/14/2022 12:34:30 PM,Registry,C:\Windows\system32\nltest.exe,BLUETEAM\ezk,nltest.exe  /dclist:BLUETEAM.COM,10756,2128,nltest.exe 5768 RegOpenKey HKLM\System\CurrentControlSet\Services\WinSock2\Parameters REPARSE Desired Access: All Access 4/14/2022 12:34:30 PM Registry C:\Windows\system32\nltest.exe BLUETEAM\ezk nltest.exe  /dclist:BLUETEAM.COM 10756 2128,benign
nltest.exe,5768,RegOpenKey,HKLM\System\CurrentControlSet\Services\WinSock2\Parameters,SUCCESS,Desired Access: All Access,4/14/2022 12:34:30 PM,Registry,C:\Windows\system32\nltest.exe,BLUETEAM\ezk,nltest.exe  /dclist:BLUETEAM.COM,10756,2128,nltest.exe 5768 RegOpenKey HKLM\System\CurrentControlSet\Services\WinSock2\Parameters SUCCESS Desired Access: All Access 4/14/2022 12:34:30 PM Registry C:\Windows\system32\nltest.exe BLUETEAM\ezk nltest.exe  /dclist:BLUETEAM.COM 10756 2128,benign
nltest.exe,5768,RegQueryValue,HKLM\System\CurrentControlSet\Services\WinSock2\Parameters\WinSock_Registry_Version,BUFFER OVERFLOW,Length: 16,4/14/2022 12:34:30 PM,Registry,C:\Windows\system32\nltest.exe,BLUETEAM\ezk,nltest.exe  /dclist:BLUETEAM.COM,10756,2128,nltest.exe 5768 RegQueryValue HKLM\System\CurrentControlSet\Services\WinSock2\Parameters\WinSock_Registry_Version BUFFER OVERFLOW Length: 16 4/14/2022 12:34:30 PM Registry C:\Windows\system32\nltest.exe BLUETEAM\ezk nltest.exe  /dclist:BLUETEAM.COM 10756 2128,benign
nltest.exe,5768,RegQueryValue,HKLM\System\CurrentControlSet\Services\WinSock2\Parameters\WinSock_Registry_Version,SUCCESS,"Type: REG_SZ, Length: 8, Data: 2.0",4/14/2022 12:34:30 PM,Registry,C:\Windows\system32\nltest.exe,BLUETEAM\ezk,nltest.exe  /dclist:BLUETEAM.COM,10756,2128,"nltest.exe 5768 RegQueryValue HKLM\System\CurrentControlSet\Services\WinSock2\Parameters\WinSock_Registry_Version SUCCESS Type: REG_SZ, Length: 8, Data: 2.0 4/14/2022 12:34:30 PM Registry C:\Windows\system32\nltest.exe BLUETEAM\ezk nltest.exe  /dclist:BLUETEAM.COM 10756 2128",benign
nltest.exe,5768,RegQueryKey,HKLM\System\CurrentControlSet\Services\WinSock2\Parameters,SUCCESS,"Query: HandleTags, HandleTags: 0x0",4/14/2022 12:34:30 PM,Registry,C:\Windows\system32\nltest.exe,BLUETEAM\ezk,nltest.exe  /dclist:BLUETEAM.COM,10756,2128,"nltest.exe 5768 RegQueryKey HKLM\System\CurrentControlSet\Services\WinSock2\Parameters SUCCESS Query: HandleTags, HandleTags: 0x0 4/14/2022 12:34:30 PM Registry C:\Windows\system32\nltest.exe BLUETEAM\ezk nltest.exe  /dclist:BLUETEAM.COM 10756 2128",benign
nltest.exe,5768,RegOpenKey,HKLM\System\CurrentControlSet\Services\WinSock2\Parameters\AppId_Catalog,SUCCESS,Desired Access: Read,4/14/2022 12:34:30 PM,Registry,C:\Windows\system32\nltest.exe,BLUETEAM\ezk,nltest.exe  /dclist:BLUETEAM.COM,10756,2128,nltest.exe 5768 RegOpenKey HKLM\System\CurrentControlSet\Services\WinSock2\Parameters\AppId_Catalog SUCCESS Desired Access: Read 4/14/2022 12:34:30 PM Registry C:\Windows\system32\nltest.exe BLUETEAM\ezk nltest.exe  /dclist:BLUETEAM.COM 10756 2128,benign
nltest.exe,5768,RegQueryKey,HKLM\System\CurrentControlSet\Services\WinSock2\Parameters\AppId_Catalog,SUCCESS,"Query: HandleTags, HandleTags: 0x0",4/14/2022 12:34:30 PM,Registry,C:\Windows\system32\nltest.exe,BLUETEAM\ezk,nltest.exe  /dclist:BLUETEAM.COM,10756,2128,"nltest.exe 5768 RegQueryKey HKLM\System\CurrentControlSet\Services\WinSock2\Parameters\AppId_Catalog SUCCESS Query: HandleTags, HandleTags: 0x0 4/14/2022 12:34:30 PM Registry C:\Windows\system32\nltest.exe BLUETEAM\ezk nltest.exe  /dclist:BLUETEAM.COM 10756 2128",benign
nltest.exe,5768,RegOpenKey,HKLM\System\CurrentControlSet\Services\WinSock2\Parameters\AppId_Catalog\04D1B303-3A91C1B9,NAME NOT FOUND,Desired Access: Read,4/14/2022 12:34:30 PM,Registry,C:\Windows\system32\nltest.exe,BLUETEAM\ezk,nltest.exe  /dclist:BLUETEAM.COM,10756,2128,nltest.exe 5768 RegOpenKey HKLM\System\CurrentControlSet\Services\WinSock2\Parameters\AppId_Catalog\04D1B303-3A91C1B9 NAME NOT FOUND Desired Access: Read 4/14/2022 12:34:30 PM Registry C:\Windows\system32\nltest.exe BLUETEAM\ezk nltest.exe  /dclist:BLUETEAM.COM 10756 2128,benign
nltest.exe,5768,RegQueryKey,HKLM\System\CurrentControlSet\Services\WinSock2\Parameters\AppId_Catalog,SUCCESS,"Query: HandleTags, HandleTags: 0x0",4/14/2022 12:34:30 PM,Registry,C:\Windows\system32\nltest.exe,BLUETEAM\ezk,nltest.exe  /dclist:BLUETEAM.COM,10756,2128,"nltest.exe 5768 RegQueryKey HKLM\System\CurrentControlSet\Services\WinSock2\Parameters\AppId_Catalog SUCCESS Query: HandleTags, HandleTags: 0x0 4/14/2022 12:34:30 PM Registry C:\Windows\system32\nltest.exe BLUETEAM\ezk nltest.exe  /dclist:BLUETEAM.COM 10756 2128",benign
nltest.exe,5768,RegOpenKey,HKLM\System\CurrentControlSet\Services\WinSock2\Parameters\AppId_Catalog\04D1B303,NAME NOT FOUND,Desired Access: Read,4/14/2022 12:34:30 PM,Registry,C:\Windows\system32\nltest.exe,BLUETEAM\ezk,nltest.exe  /dclist:BLUETEAM.COM,10756,2128,nltest.exe 5768 RegOpenKey HKLM\System\CurrentControlSet\Services\WinSock2\Parameters\AppId_Catalog\04D1B303 NAME NOT FOUND Desired Access: Read 4/14/2022 12:34:30 PM Registry C:\Windows\system32\nltest.exe BLUETEAM\ezk nltest.exe  /dclist:BLUETEAM.COM 10756 2128,benign
nltest.exe,5768,RegCloseKey,HKLM\System\CurrentControlSet\Services\WinSock2\Parameters\AppId_Catalog,SUCCESS,,4/14/2022 12:34:30 PM,Registry,C:\Windows\system32\nltest.exe,BLUETEAM\ezk,nltest.exe  /dclist:BLUETEAM.COM,10756,2128,nltest.exe 5768 RegCloseKey HKLM\System\CurrentControlSet\Services\WinSock2\Parameters\AppId_Catalog SUCCESS None 4/14/2022 12:34:30 PM Registry C:\Windows\system32\nltest.exe BLUETEAM\ezk nltest.exe  /dclist:BLUETEAM.COM 10756 2128,benign
nltest.exe,5768,RegQueryValue,HKLM\System\CurrentControlSet\Services\WinSock2\Parameters\NameSpace_Callout,BUFFER OVERFLOW,Length: 12,4/14/2022 12:34:30 PM,Registry,C:\Windows\system32\nltest.exe,BLUETEAM\ezk,nltest.exe  /dclist:BLUETEAM.COM,10756,2128,nltest.exe 5768 RegQueryValue HKLM\System\CurrentControlSet\Services\WinSock2\Parameters\NameSpace_Callout BUFFER OVERFLOW Length: 12 4/14/2022 12:34:30 PM Registry C:\Windows\system32\nltest.exe BLUETEAM\ezk nltest.exe  /dclist:BLUETEAM.COM 10756 2128,benign
nltest.exe,5768,RegQueryValue,HKLM\System\CurrentControlSet\Services\WinSock2\Parameters\NameSpace_Callout,SUCCESS,"Type: REG_EXPAND_SZ, Length: 70, Data: %SystemRoot%\System32\fwpuclnt.dll",4/14/2022 12:34:30 PM,Registry,C:\Windows\system32\nltest.exe,BLUETEAM\ezk,nltest.exe  /dclist:BLUETEAM.COM,10756,2128,"nltest.exe 5768 RegQueryValue HKLM\System\CurrentControlSet\Services\WinSock2\Parameters\NameSpace_Callout SUCCESS Type: REG_EXPAND_SZ, Length: 70, Data: %SystemRoot%\System32\fwpuclnt.dll 4/14/2022 12:34:30 PM Registry C:\Windows\system32\nltest.exe BLUETEAM\ezk nltest.exe  /dclist:BLUETEAM.COM 10756 2128",benign
nltest.exe,5768,RegQueryKey,HKLM\System\CurrentControlSet\Services\WinSock2\Parameters,SUCCESS,"Query: HandleTags, HandleTags: 0x0",4/14/2022 12:34:30 PM,Registry,C:\Windows\system32\nltest.exe,BLUETEAM\ezk,nltest.exe  /dclist:BLUETEAM.COM,10756,2128,"nltest.exe 5768 RegQueryKey HKLM\System\CurrentControlSet\Services\WinSock2\Parameters SUCCESS Query: HandleTags, HandleTags: 0x0 4/14/2022 12:34:30 PM Registry C:\Windows\system32\nltest.exe BLUETEAM\ezk nltest.exe  /dclist:BLUETEAM.COM 10756 2128",benign
nltest.exe,5768,RegOpenKey,HKLM\System\CurrentControlSet\Services\WinSock2\Parameters\Protocol_Catalog9,SUCCESS,"Desired Access: Maximum Allowed, Granted Access: All Access",4/14/2022 12:34:30 PM,Registry,C:\Windows\system32\nltest.exe,BLUETEAM\ezk,nltest.exe  /dclist:BLUETEAM.COM,10756,2128,"nltest.exe 5768 RegOpenKey HKLM\System\CurrentControlSet\Services\WinSock2\Parameters\Protocol_Catalog9 SUCCESS Desired Access: Maximum Allowed, Granted Access: All Access 4/14/2022 12:34:30 PM Registry C:\Windows\system32\nltest.exe BLUETEAM\ezk nltest.exe  /dclist:BLUETEAM.COM 10756 2128",benign
nltest.exe,5768,RegQueryKey,HKLM\System\CurrentControlSet\Services\WinSock2\Parameters\Protocol_Catalog9\Catalog_Entries64,SUCCESS,"Query: HandleTags, HandleTags: 0x0",4/14/2022 12:34:30 PM,Registry,C:\Windows\system32\nltest.exe,BLUETEAM\ezk,nltest.exe  /dclist:BLUETEAM.COM,10756,2128,"nltest.exe 5768 RegQueryKey HKLM\System\CurrentControlSet\Services\WinSock2\Parameters\Protocol_Catalog9\Catalog_Entries64 SUCCESS Query: HandleTags, HandleTags: 0x0 4/14/2022 12:34:30 PM Registry C:\Windows\system32\nltest.exe BLUETEAM\ezk nltest.exe  /dclist:BLUETEAM.COM 10756 2128",benign
nltest.exe,5768,RegCloseKey,HKLM\System\CurrentControlSet\Services\WinSock2\Parameters\Protocol_Catalog9\Catalog_Entries64\000000000001,SUCCESS,,4/14/2022 12:34:30 PM,Registry,C:\Windows\system32\nltest.exe,BLUETEAM\ezk,nltest.exe  /dclist:BLUETEAM.COM,10756,2128,nltest.exe 5768 RegCloseKey HKLM\System\CurrentControlSet\Services\WinSock2\Parameters\Protocol_Catalog9\Catalog_Entries64\000000000001 SUCCESS None 4/14/2022 12:34:30 PM Registry C:\Windows\system32\nltest.exe BLUETEAM\ezk nltest.exe  /dclist:BLUETEAM.COM 10756 2128,benign
nltest.exe,5768,RegQueryValue,HKLM\System\CurrentControlSet\Services\WinSock2\Parameters\Protocol_Catalog9\Catalog_Entries64\000000000001\PackedCatalogItem,SUCCESS,"Type: REG_BINARY, Length: 888, Data: 25 53 79 73 74 65 6D 52 6F 6F 74 25 5C 73 79 73",4/14/2022 12:34:30 PM,Registry,C:\Windows\system32\nltest.exe,BLUETEAM\ezk,nltest.exe  /dclist:BLUETEAM.COM,10756,2128,"nltest.exe 5768 RegQueryValue HKLM\System\CurrentControlSet\Services\WinSock2\Parameters\Protocol_Catalog9\Catalog_Entries64\000000000001\PackedCatalogItem SUCCESS Type: REG_BINARY, Length: 888, Data: 25 53 79 73 74 65 6D 52 6F 6F 74 25 5C 73 79 73 4/14/2022 12:34:30 PM Registry C:\Windows\system32\nltest.exe BLUETEAM\ezk nltest.exe  /dclist:BLUETEAM.COM 10756 2128",benign
nltest.exe,5768,RegQueryValue,HKLM\System\CurrentControlSet\Services\WinSock2\Parameters\Protocol_Catalog9\Catalog_Entries64\000000000001\PackedCatalogItem,BUFFER OVERFLOW,Length: 144,4/14/2022 12:34:30 PM,Registry,C:\Windows\system32\nltest.exe,BLUETEAM\ezk,nltest.exe  /dclist:BLUETEAM.COM,10756,2128,nltest.exe 5768 RegQueryValue HKLM\System\CurrentControlSet\Services\WinSock2\Parameters\Protocol_Catalog9\Catalog_Entries64\000000000001\PackedCatalogItem BUFFER OVERFLOW Length: 144 4/14/2022 12:34:30 PM Registry C:\Windows\system32\nltest.exe BLUETEAM\ezk nltest.exe  /dclist:BLUETEAM.COM 10756 2128,benign
nltest.exe,5768,RegOpenKey,HKLM\System\CurrentControlSet\Services\WinSock2\Parameters\Protocol_Catalog9\Catalog_Entries64\000000000001,SUCCESS,Desired Access: Read,4/14/2022 12:34:30 PM,Registry,C:\Windows\system32\nltest.exe,BLUETEAM\ezk,nltest.exe  /dclist:BLUETEAM.COM,10756,2128,nltest.exe 5768 RegOpenKey HKLM\System\CurrentControlSet\Services\WinSock2\Parameters\Protocol_Catalog9\Catalog_Entries64\000000000001 SUCCESS Desired Access: Read 4/14/2022 12:34:30 PM Registry C:\Windows\system32\nltest.exe BLUETEAM\ezk nltest.exe  /dclist:BLUETEAM.COM 10756 2128,benign
nltest.exe,5768,RegQueryKey,HKLM\System\CurrentControlSet\Services\WinSock2\Parameters\Protocol_Catalog9\Catalog_Entries64,SUCCESS,"Query: HandleTags, HandleTags: 0x0",4/14/2022 12:34:30 PM,Registry,C:\Windows\system32\nltest.exe,BLUETEAM\ezk,nltest.exe  /dclist:BLUETEAM.COM,10756,2128,"nltest.exe 5768 RegQueryKey HKLM\System\CurrentControlSet\Services\WinSock2\Parameters\Protocol_Catalog9\Catalog_Entries64 SUCCESS Query: HandleTags, HandleTags: 0x0 4/14/2022 12:34:30 PM Registry C:\Windows\system32\nltest.exe BLUETEAM\ezk nltest.exe  /dclist:BLUETEAM.COM 10756 2128",benign
nltest.exe,5768,RegQueryValue,HKLM\System\CurrentControlSet\Services\WinSock2\Parameters\Protocol_Catalog9\Catalog_Entries64\000000000002\PackedCatalogItem,BUFFER OVERFLOW,Length: 144,4/14/2022 12:34:30 PM,Registry,C:\Windows\system32\nltest.exe,BLUETEAM\ezk,nltest.exe  /dclist:BLUETEAM.COM,10756,2128,nltest.exe 5768 RegQueryValue HKLM\System\CurrentControlSet\Services\WinSock2\Parameters\Protocol_Catalog9\Catalog_Entries64\000000000002\PackedCatalogItem BUFFER OVERFLOW Length: 144 4/14/2022 12:34:30 PM Registry C:\Windows\system32\nltest.exe BLUETEAM\ezk nltest.exe  /dclist:BLUETEAM.COM 10756 2128,benign
nltest.exe,5768,RegOpenKey,HKLM\System\CurrentControlSet\Services\WinSock2\Parameters\Protocol_Catalog9\Catalog_Entries64,SUCCESS,"Desired Access: Maximum Allowed, Granted Access: All Access",4/14/2022 12:34:30 PM,Registry,C:\Windows\system32\nltest.exe,BLUETEAM\ezk,nltest.exe  /dclist:BLUETEAM.COM,10756,2128,"nltest.exe 5768 RegOpenKey HKLM\System\CurrentControlSet\Services\WinSock2\Parameters\Protocol_Catalog9\Catalog_Entries64 SUCCESS Desired Access: Maximum Allowed, Granted Access: All Access 4/14/2022 12:34:30 PM Registry C:\Windows\system32\nltest.exe BLUETEAM\ezk nltest.exe  /dclist:BLUETEAM.COM 10756 2128",benign
nltest.exe,5768,RegQueryValue,HKLM\System\CurrentControlSet\Services\WinSock2\Parameters\Protocol_Catalog9\Num_Catalog_Entries64,SUCCESS,"Type: REG_DWORD, Length: 4, Data: 16",4/14/2022 12:34:30 PM,Registry,C:\Windows\system32\nltest.exe,BLUETEAM\ezk,nltest.exe  /dclist:BLUETEAM.COM,10756,2128,"nltest.exe 5768 RegQueryValue HKLM\System\CurrentControlSet\Services\WinSock2\Parameters\Protocol_Catalog9\Num_Catalog_Entries64 SUCCESS Type: REG_DWORD, Length: 4, Data: 16 4/14/2022 12:34:30 PM Registry C:\Windows\system32\nltest.exe BLUETEAM\ezk nltest.exe  /dclist:BLUETEAM.COM 10756 2128",benign
nltest.exe,5768,RegQueryValue,HKLM\System\CurrentControlSet\Services\WinSock2\Parameters\Protocol_Catalog9\Next_Catalog_Entry_ID,SUCCESS,"Type: REG_DWORD, Length: 4, Data: 1017",4/14/2022 12:34:30 PM,Registry,C:\Windows\system32\nltest.exe,BLUETEAM\ezk,nltest.exe  /dclist:BLUETEAM.COM,10756,2128,"nltest.exe 5768 RegQueryValue HKLM\System\CurrentControlSet\Services\WinSock2\Parameters\Protocol_Catalog9\Next_Catalog_Entry_ID SUCCESS Type: REG_DWORD, Length: 4, Data: 1017 4/14/2022 12:34:30 PM Registry C:\Windows\system32\nltest.exe BLUETEAM\ezk nltest.exe  /dclist:BLUETEAM.COM 10756 2128",benign
nltest.exe,5768,RegOpenKey,HKLM\System\CurrentControlSet\Services\WinSock2\Parameters\Protocol_Catalog9\00000008,NAME NOT FOUND,Desired Access: Read,4/14/2022 12:34:30 PM,Registry,C:\Windows\system32\nltest.exe,BLUETEAM\ezk,nltest.exe  /dclist:BLUETEAM.COM,10756,2128,nltest.exe 5768 RegOpenKey HKLM\System\CurrentControlSet\Services\WinSock2\Parameters\Protocol_Catalog9\00000008 NAME NOT FOUND Desired Access: Read 4/14/2022 12:34:30 PM Registry C:\Windows\system32\nltest.exe BLUETEAM\ezk nltest.exe  /dclist:BLUETEAM.COM 10756 2128,benign
nltest.exe,5768,RegQueryKey,HKLM\System\CurrentControlSet\Services\WinSock2\Parameters\Protocol_Catalog9,SUCCESS,"Query: HandleTags, HandleTags: 0x0",4/14/2022 12:34:30 PM,Registry,C:\Windows\system32\nltest.exe,BLUETEAM\ezk,nltest.exe  /dclist:BLUETEAM.COM,10756,2128,"nltest.exe 5768 RegQueryKey HKLM\System\CurrentControlSet\Services\WinSock2\Parameters\Protocol_Catalog9 SUCCESS Query: HandleTags, HandleTags: 0x0 4/14/2022 12:34:30 PM Registry C:\Windows\system32\nltest.exe BLUETEAM\ezk nltest.exe  /dclist:BLUETEAM.COM 10756 2128",benign
nltest.exe,5768,RegQueryValue,HKLM\System\CurrentControlSet\Services\WinSock2\Parameters\Protocol_Catalog9\Serial_Access_Num,SUCCESS,"Type: REG_DWORD, Length: 4, Data: 8",4/14/2022 12:34:30 PM,Registry,C:\Windows\system32\nltest.exe,BLUETEAM\ezk,nltest.exe  /dclist:BLUETEAM.COM,10756,2128,"nltest.exe 5768 RegQueryValue HKLM\System\CurrentControlSet\Services\WinSock2\Parameters\Protocol_Catalog9\Serial_Access_Num SUCCESS Type: REG_DWORD, Length: 4, Data: 8 4/14/2022 12:34:30 PM Registry C:\Windows\system32\nltest.exe BLUETEAM\ezk nltest.exe  /dclist:BLUETEAM.COM 10756 2128",benign
nltest.exe,5768,RegQueryValue,HKLM\System\CurrentControlSet\Services\WinSock2\Parameters\Protocol_Catalog9\Serial_Access_Num,SUCCESS,"Type: REG_DWORD, Length: 4, Data: 8",4/14/2022 12:34:30 PM,Registry,C:\Windows\system32\nltest.exe,BLUETEAM\ezk,nltest.exe  /dclist:BLUETEAM.COM,10756,2128,"nltest.exe 5768 RegQueryValue HKLM\System\CurrentControlSet\Services\WinSock2\Parameters\Protocol_Catalog9\Serial_Access_Num SUCCESS Type: REG_DWORD, Length: 4, Data: 8 4/14/2022 12:34:30 PM Registry C:\Windows\system32\nltest.exe BLUETEAM\ezk nltest.exe  /dclist:BLUETEAM.COM 10756 2128",benign
nltest.exe,5768,RegQueryKey,HKLM\System\CurrentControlSet\Services\WinSock2\Parameters\Protocol_Catalog9,SUCCESS,"Query: HandleTags, HandleTags: 0x0",4/14/2022 12:34:30 PM,Registry,C:\Windows\system32\nltest.exe,BLUETEAM\ezk,nltest.exe  /dclist:BLUETEAM.COM,10756,2128,"nltest.exe 5768 RegQueryKey HKLM\System\CurrentControlSet\Services\WinSock2\Parameters\Protocol_Catalog9 SUCCESS Query: HandleTags, HandleTags: 0x0 4/14/2022 12:34:30 PM Registry C:\Windows\system32\nltest.exe BLUETEAM\ezk nltest.exe  /dclist:BLUETEAM.COM 10756 2128",benign
nltest.exe,5768,RegQueryValue,HKLM\SOFTWARE\Microsoft\Rpc\IdleTimerWindow,NAME NOT FOUND,Length: 16,4/14/2022 12:34:30 PM,Registry,C:\Windows\system32\nltest.exe,BLUETEAM\ezk,nltest.exe  /dclist:BLUETEAM.COM,10756,2128,nltest.exe 5768 RegQueryValue HKLM\SOFTWARE\Microsoft\Rpc\IdleTimerWindow NAME NOT FOUND Length: 16 4/14/2022 12:34:30 PM Registry C:\Windows\system32\nltest.exe BLUETEAM\ezk nltest.exe  /dclist:BLUETEAM.COM 10756 2128,benign
nltest.exe,5768,RegQueryValue,HKLM\System\CurrentControlSet\Services\WinSock2\Parameters\Protocol_Catalog9\Catalog_Entries64\000000000009\PackedCatalogItem,BUFFER OVERFLOW,Length: 144,4/14/2022 12:34:30 PM,Registry,C:\Windows\system32\nltest.exe,BLUETEAM\ezk,nltest.exe  /dclist:BLUETEAM.COM,10756,2128,nltest.exe 5768 RegQueryValue HKLM\System\CurrentControlSet\Services\WinSock2\Parameters\Protocol_Catalog9\Catalog_Entries64\000000000009\PackedCatalogItem BUFFER OVERFLOW Length: 144 4/14/2022 12:34:30 PM Registry C:\Windows\system32\nltest.exe BLUETEAM\ezk nltest.exe  /dclist:BLUETEAM.COM 10756 2128,benign
nltest.exe,5768,RegCloseKey,HKLM\System\CurrentControlSet\Services\WinSock2\Parameters\Protocol_Catalog9\Catalog_Entries64\000000000009,SUCCESS,,4/14/2022 12:34:30 PM,Registry,C:\Windows\system32\nltest.exe,BLUETEAM\ezk,nltest.exe  /dclist:BLUETEAM.COM,10756,2128,nltest.exe 5768 RegCloseKey HKLM\System\CurrentControlSet\Services\WinSock2\Parameters\Protocol_Catalog9\Catalog_Entries64\000000000009 SUCCESS None 4/14/2022 12:34:30 PM Registry C:\Windows\system32\nltest.exe BLUETEAM\ezk nltest.exe  /dclist:BLUETEAM.COM 10756 2128,benign
nltest.exe,5768,RegCloseKey,HKLM\System\CurrentControlSet\Services\WinSock2\Parameters\Protocol_Catalog9\Catalog_Entries64,SUCCESS,,4/14/2022 12:34:30 PM,Registry,C:\Windows\system32\nltest.exe,BLUETEAM\ezk,nltest.exe  /dclist:BLUETEAM.COM,10756,2128,nltest.exe 5768 RegCloseKey HKLM\System\CurrentControlSet\Services\WinSock2\Parameters\Protocol_Catalog9\Catalog_Entries64 SUCCESS None 4/14/2022 12:34:30 PM Registry C:\Windows\system32\nltest.exe BLUETEAM\ezk nltest.exe  /dclist:BLUETEAM.COM 10756 2128,benign
nltest.exe,5768,RegQueryKey,HKLM\System\CurrentControlSet\Services\WinSock2\Parameters,SUCCESS,"Query: HandleTags, HandleTags: 0x0",4/14/2022 12:34:30 PM,Registry,C:\Windows\system32\nltest.exe,BLUETEAM\ezk,nltest.exe  /dclist:BLUETEAM.COM,10756,2128,"nltest.exe 5768 RegQueryKey HKLM\System\CurrentControlSet\Services\WinSock2\Parameters SUCCESS Query: HandleTags, HandleTags: 0x0 4/14/2022 12:34:30 PM Registry C:\Windows\system32\nltest.exe BLUETEAM\ezk nltest.exe  /dclist:BLUETEAM.COM 10756 2128",benign
nltest.exe,5768,RegOpenKey,HKLM\System\CurrentControlSet\Services\WinSock2\Parameters\NameSpace_Catalog5,SUCCESS,"Desired Access: Maximum Allowed, Granted Access: All Access",4/14/2022 12:34:30 PM,Registry,C:\Windows\system32\nltest.exe,BLUETEAM\ezk,nltest.exe  /dclist:BLUETEAM.COM,10756,2128,"nltest.exe 5768 RegOpenKey HKLM\System\CurrentControlSet\Services\WinSock2\Parameters\NameSpace_Catalog5 SUCCESS Desired Access: Maximum Allowed, Granted Access: All Access 4/14/2022 12:34:30 PM Registry C:\Windows\system32\nltest.exe BLUETEAM\ezk nltest.exe  /dclist:BLUETEAM.COM 10756 2128",benign
nltest.exe,5768,RegQueryValue,HKLM\System\CurrentControlSet\Services\WinSock2\Parameters\NameSpace_Catalog5\Serial_Access_Num,SUCCESS,"Type: REG_DWORD, Length: 4, Data: 22",4/14/2022 12:34:30 PM,Registry,C:\Windows\system32\nltest.exe,BLUETEAM\ezk,nltest.exe  /dclist:BLUETEAM.COM,10756,2128,"nltest.exe 5768 RegQueryValue HKLM\System\CurrentControlSet\Services\WinSock2\Parameters\NameSpace_Catalog5\Serial_Access_Num SUCCESS Type: REG_DWORD, Length: 4, Data: 22 4/14/2022 12:34:30 PM Registry C:\Windows\system32\nltest.exe BLUETEAM\ezk nltest.exe  /dclist:BLUETEAM.COM 10756 2128",benign
nltest.exe,5768,RegQueryValue,HKLM\System\CurrentControlSet\Services\WinSock2\Parameters\NameSpace_Catalog5\Serial_Access_Num,SUCCESS,"Type: REG_DWORD, Length: 4, Data: 22",4/14/2022 12:34:30 PM,Registry,C:\Windows\system32\nltest.exe,BLUETEAM\ezk,nltest.exe  /dclist:BLUETEAM.COM,10756,2128,"nltest.exe 5768 RegQueryValue HKLM\System\CurrentControlSet\Services\WinSock2\Parameters\NameSpace_Catalog5\Serial_Access_Num SUCCESS Type: REG_DWORD, Length: 4, Data: 22 4/14/2022 12:34:30 PM Registry C:\Windows\system32\nltest.exe BLUETEAM\ezk nltest.exe  /dclist:BLUETEAM.COM 10756 2128",benign
nltest.exe,5768,RegQueryKey,HKLM\System\CurrentControlSet\Services\WinSock2\Parameters\NameSpace_Catalog5,SUCCESS,"Query: HandleTags, HandleTags: 0x0",4/14/2022 12:34:30 PM,Registry,C:\Windows\system32\nltest.exe,BLUETEAM\ezk,nltest.exe  /dclist:BLUETEAM.COM,10756,2128,"nltest.exe 5768 RegQueryKey HKLM\System\CurrentControlSet\Services\WinSock2\Parameters\NameSpace_Catalog5 SUCCESS Query: HandleTags, HandleTags: 0x0 4/14/2022 12:34:30 PM Registry C:\Windows\system32\nltest.exe BLUETEAM\ezk nltest.exe  /dclist:BLUETEAM.COM 10756 2128",benign
nltest.exe,5768,RegOpenKey,HKLM\System\CurrentControlSet\Services\WinSock2\Parameters\NameSpace_Catalog5\00000016,NAME NOT FOUND,Desired Access: Read,4/14/2022 12:34:30 PM,Registry,C:\Windows\system32\nltest.exe,BLUETEAM\ezk,nltest.exe  /dclist:BLUETEAM.COM,10756,2128,nltest.exe 5768 RegOpenKey HKLM\System\CurrentControlSet\Services\WinSock2\Parameters\NameSpace_Catalog5\00000016 NAME NOT FOUND Desired Access: Read 4/14/2022 12:34:30 PM Registry C:\Windows\system32\nltest.exe BLUETEAM\ezk nltest.exe  /dclist:BLUETEAM.COM 10756 2128,benign
nltest.exe,5768,RegQueryValue,HKLM\System\CurrentControlSet\Services\WinSock2\Parameters\NameSpace_Catalog5\Num_Catalog_Entries64,SUCCESS,"Type: REG_DWORD, Length: 4, Data: 7",4/14/2022 12:34:30 PM,Registry,C:\Windows\system32\nltest.exe,BLUETEAM\ezk,nltest.exe  /dclist:BLUETEAM.COM,10756,2128,"nltest.exe 5768 RegQueryValue HKLM\System\CurrentControlSet\Services\WinSock2\Parameters\NameSpace_Catalog5\Num_Catalog_Entries64 SUCCESS Type: REG_DWORD, Length: 4, Data: 7 4/14/2022 12:34:30 PM Registry C:\Windows\system32\nltest.exe BLUETEAM\ezk nltest.exe  /dclist:BLUETEAM.COM 10756 2128",benign
nltest.exe,5768,RegQueryKey,HKLM\System\CurrentControlSet\Services\WinSock2\Parameters\NameSpace_Catalog5,SUCCESS,"Query: HandleTags, HandleTags: 0x0",4/14/2022 12:34:30 PM,Registry,C:\Windows\system32\nltest.exe,BLUETEAM\ezk,nltest.exe  /dclist:BLUETEAM.COM,10756,2128,"nltest.exe 5768 RegQueryKey HKLM\System\CurrentControlSet\Services\WinSock2\Parameters\NameSpace_Catalog5 SUCCESS Query: HandleTags, HandleTags: 0x0 4/14/2022 12:34:30 PM Registry C:\Windows\system32\nltest.exe BLUETEAM\ezk nltest.exe  /dclist:BLUETEAM.COM 10756 2128",benign
nltest.exe,5768,RegOpenKey,HKLM\System\CurrentControlSet\Services\WinSock2\Parameters\NameSpace_Catalog5\Catalog_Entries64,SUCCESS,"Desired Access: Maximum Allowed, Granted Access: All Access",4/14/2022 12:34:30 PM,Registry,C:\Windows\system32\nltest.exe,BLUETEAM\ezk,nltest.exe  /dclist:BLUETEAM.COM,10756,2128,"nltest.exe 5768 RegOpenKey HKLM\System\CurrentControlSet\Services\WinSock2\Parameters\NameSpace_Catalog5\Catalog_Entries64 SUCCESS Desired Access: Maximum Allowed, Granted Access: All Access 4/14/2022 12:34:30 PM Registry C:\Windows\system32\nltest.exe BLUETEAM\ezk nltest.exe  /dclist:BLUETEAM.COM 10756 2128",benign
nltest.exe,5768,RegQueryKey,HKLM\System\CurrentControlSet\Services\WinSock2\Parameters\NameSpace_Catalog5\Catalog_Entries64,SUCCESS,"Query: HandleTags, HandleTags: 0x0",4/14/2022 12:34:30 PM,Registry,C:\Windows\system32\nltest.exe,BLUETEAM\ezk,nltest.exe  /dclist:BLUETEAM.COM,10756,2128,"nltest.exe 5768 RegQueryKey HKLM\System\CurrentControlSet\Services\WinSock2\Parameters\NameSpace_Catalog5\Catalog_Entries64 SUCCESS Query: HandleTags, HandleTags: 0x0 4/14/2022 12:34:30 PM Registry C:\Windows\system32\nltest.exe BLUETEAM\ezk nltest.exe  /dclist:BLUETEAM.COM 10756 2128",benign
nltest.exe,5768,RegOpenKey,HKLM\System\CurrentControlSet\Services\WinSock2\Parameters\NameSpace_Catalog5\Catalog_Entries64\000000000001,SUCCESS,Desired Access: Read,4/14/2022 12:34:30 PM,Registry,C:\Windows\system32\nltest.exe,BLUETEAM\ezk,nltest.exe  /dclist:BLUETEAM.COM,10756,2128,nltest.exe 5768 RegOpenKey HKLM\System\CurrentControlSet\Services\WinSock2\Parameters\NameSpace_Catalog5\Catalog_Entries64\000000000001 SUCCESS Desired Access: Read 4/14/2022 12:34:30 PM Registry C:\Windows\system32\nltest.exe BLUETEAM\ezk nltest.exe  /dclist:BLUETEAM.COM 10756 2128,benign
nltest.exe,5768,RegQueryValue,HKLM\System\CurrentControlSet\Services\WinSock2\Parameters\NameSpace_Catalog5\Catalog_Entries64\000000000001\LibraryPath,SUCCESS,"Type: REG_SZ, Length: 68, Data: %SystemRoot%\system32\napinsp.dll",4/14/2022 12:34:30 PM,Registry,C:\Windows\system32\nltest.exe,BLUETEAM\ezk,nltest.exe  /dclist:BLUETEAM.COM,10756,2128,"nltest.exe 5768 RegQueryValue HKLM\System\CurrentControlSet\Services\WinSock2\Parameters\NameSpace_Catalog5\Catalog_Entries64\000000000001\LibraryPath SUCCESS Type: REG_SZ, Length: 68, Data: %SystemRoot%\system32\napinsp.dll 4/14/2022 12:34:30 PM Registry C:\Windows\system32\nltest.exe BLUETEAM\ezk nltest.exe  /dclist:BLUETEAM.COM 10756 2128",benign
nltest.exe,5768,RegQueryValue,HKLM\System\CurrentControlSet\Services\WinSock2\Parameters\NameSpace_Catalog5\Catalog_Entries64\000000000001\LibraryPath,SUCCESS,"Type: REG_SZ, Length: 68, Data: %SystemRoot%\system32\napinsp.dll",4/14/2022 12:34:30 PM,Registry,C:\Windows\system32\nltest.exe,BLUETEAM\ezk,nltest.exe  /dclist:BLUETEAM.COM,10756,2128,"nltest.exe 5768 RegQueryValue HKLM\System\CurrentControlSet\Services\WinSock2\Parameters\NameSpace_Catalog5\Catalog_Entries64\000000000001\LibraryPath SUCCESS Type: REG_SZ, Length: 68, Data: %SystemRoot%\system32\napinsp.dll 4/14/2022 12:34:30 PM Registry C:\Windows\system32\nltest.exe BLUETEAM\ezk nltest.exe  /dclist:BLUETEAM.COM 10756 2128",benign
nltest.exe,5768,RegQueryValue,HKLM\System\CurrentControlSet\Services\WinSock2\Parameters\NameSpace_Catalog5\Catalog_Entries64\000000000001\DisplayString,BUFFER OVERFLOW,Length: 12,4/14/2022 12:34:30 PM,Registry,C:\Windows\system32\nltest.exe,BLUETEAM\ezk,nltest.exe  /dclist:BLUETEAM.COM,10756,2128,nltest.exe 5768 RegQueryValue HKLM\System\CurrentControlSet\Services\WinSock2\Parameters\NameSpace_Catalog5\Catalog_Entries64\000000000001\DisplayString BUFFER OVERFLOW Length: 12 4/14/2022 12:34:30 PM Registry C:\Windows\system32\nltest.exe BLUETEAM\ezk nltest.exe  /dclist:BLUETEAM.COM 10756 2128,benign
nltest.exe,5768,RegQueryValue,HKLM\System\CurrentControlSet\Services\WinSock2\Parameters\NameSpace_Catalog5\Catalog_Entries64\000000000001\DisplayString,SUCCESS,"Type: REG_SZ, Length: 82, Data: @%SystemRoot%\system32\napinsp.dll,-1000",4/14/2022 12:34:30 PM,Registry,C:\Windows\system32\nltest.exe,BLUETEAM\ezk,nltest.exe  /dclist:BLUETEAM.COM,10756,2128,"nltest.exe 5768 RegQueryValue HKLM\System\CurrentControlSet\Services\WinSock2\Parameters\NameSpace_Catalog5\Catalog_Entries64\000000000001\DisplayString SUCCESS Type: REG_SZ, Length: 82, Data: @%SystemRoot%\system32\napinsp.dll,-1000 4/14/2022 12:34:30 PM Registry C:\Windows\system32\nltest.exe BLUETEAM\ezk nltest.exe  /dclist:BLUETEAM.COM 10756 2128",benign
nltest.exe,5768,RegQueryValue,HKLM\System\CurrentControlSet\Services\WinSock2\Parameters\NameSpace_Catalog5\Catalog_Entries64\000000000001\DisplayString,SUCCESS,"Type: REG_SZ, Length: 82, Data: @%SystemRoot%\system32\napinsp.dll,-1000",4/14/2022 12:34:30 PM,Registry,C:\Windows\system32\nltest.exe,BLUETEAM\ezk,nltest.exe  /dclist:BLUETEAM.COM,10756,2128,"nltest.exe 5768 RegQueryValue HKLM\System\CurrentControlSet\Services\WinSock2\Parameters\NameSpace_Catalog5\Catalog_Entries64\000000000001\DisplayString SUCCESS Type: REG_SZ, Length: 82, Data: @%SystemRoot%\system32\napinsp.dll,-1000 4/14/2022 12:34:30 PM Registry C:\Windows\system32\nltest.exe BLUETEAM\ezk nltest.exe  /dclist:BLUETEAM.COM 10756 2128",benign
nltest.exe,5768,RegQueryValue,HKLM\System\CurrentControlSet\Services\WinSock2\Parameters\NameSpace_Catalog5\Catalog_Entries64\000000000002\LibraryPath,SUCCESS,"Type: REG_SZ, Length: 68, Data: %SystemRoot%\system32\pnrpnsp.dll",4/14/2022 12:34:30 PM,Registry,C:\Windows\system32\nltest.exe,BLUETEAM\ezk,nltest.exe  /dclist:BLUETEAM.COM,10756,2128,"nltest.exe 5768 RegQueryValue HKLM\System\CurrentControlSet\Services\WinSock2\Parameters\NameSpace_Catalog5\Catalog_Entries64\000000000002\LibraryPath SUCCESS Type: REG_SZ, Length: 68, Data: %SystemRoot%\system32\pnrpnsp.dll 4/14/2022 12:34:30 PM Registry C:\Windows\system32\nltest.exe BLUETEAM\ezk nltest.exe  /dclist:BLUETEAM.COM 10756 2128",benign
nltest.exe,5768,RegQueryValue,HKLM\System\CurrentControlSet\Services\WinSock2\Parameters\NameSpace_Catalog5\Catalog_Entries64\000000000002\LibraryPath,SUCCESS,"Type: REG_SZ, Length: 68, Data: %SystemRoot%\system32\pnrpnsp.dll",4/14/2022 12:34:30 PM,Registry,C:\Windows\system32\nltest.exe,BLUETEAM\ezk,nltest.exe  /dclist:BLUETEAM.COM,10756,2128,"nltest.exe 5768 RegQueryValue HKLM\System\CurrentControlSet\Services\WinSock2\Parameters\NameSpace_Catalog5\Catalog_Entries64\000000000002\LibraryPath SUCCESS Type: REG_SZ, Length: 68, Data: %SystemRoot%\system32\pnrpnsp.dll 4/14/2022 12:34:30 PM Registry C:\Windows\system32\nltest.exe BLUETEAM\ezk nltest.exe  /dclist:BLUETEAM.COM 10756 2128",benign
nltest.exe,5768,RegOpenKey,HKLM\System\CurrentControlSet\Services\WinSock2\Parameters\NameSpace_Catalog5\Catalog_Entries64\000000000002,SUCCESS,Desired Access: Read,4/14/2022 12:34:30 PM,Registry,C:\Windows\system32\nltest.exe,BLUETEAM\ezk,nltest.exe  /dclist:BLUETEAM.COM,10756,2128,nltest.exe 5768 RegOpenKey HKLM\System\CurrentControlSet\Services\WinSock2\Parameters\NameSpace_Catalog5\Catalog_Entries64\000000000002 SUCCESS Desired Access: Read 4/14/2022 12:34:30 PM Registry C:\Windows\system32\nltest.exe BLUETEAM\ezk nltest.exe  /dclist:BLUETEAM.COM 10756 2128,benign
nltest.exe,5768,RegQueryKey,HKLM\System\CurrentControlSet\Services\WinSock2\Parameters\NameSpace_Catalog5\Catalog_Entries64,SUCCESS,"Query: HandleTags, HandleTags: 0x0",4/14/2022 12:34:30 PM,Registry,C:\Windows\system32\nltest.exe,BLUETEAM\ezk,nltest.exe  /dclist:BLUETEAM.COM,10756,2128,"nltest.exe 5768 RegQueryKey HKLM\System\CurrentControlSet\Services\WinSock2\Parameters\NameSpace_Catalog5\Catalog_Entries64 SUCCESS Query: HandleTags, HandleTags: 0x0 4/14/2022 12:34:30 PM Registry C:\Windows\system32\nltest.exe BLUETEAM\ezk nltest.exe  /dclist:BLUETEAM.COM 10756 2128",benign
nltest.exe,5768,RegCloseKey,HKLM\System\CurrentControlSet\Services\WinSock2\Parameters\NameSpace_Catalog5\Catalog_Entries64\000000000001,SUCCESS,,4/14/2022 12:34:30 PM,Registry,C:\Windows\system32\nltest.exe,BLUETEAM\ezk,nltest.exe  /dclist:BLUETEAM.COM,10756,2128,nltest.exe 5768 RegCloseKey HKLM\System\CurrentControlSet\Services\WinSock2\Parameters\NameSpace_Catalog5\Catalog_Entries64\000000000001 SUCCESS None 4/14/2022 12:34:30 PM Registry C:\Windows\system32\nltest.exe BLUETEAM\ezk nltest.exe  /dclist:BLUETEAM.COM 10756 2128,benign
nltest.exe,5768,RegQueryValue,HKLM\System\CurrentControlSet\Services\WinSock2\Parameters\NameSpace_Catalog5\Catalog_Entries64\000000000001\ProviderInfo,SUCCESS,"Type: REG_BINARY, Length: 0",4/14/2022 12:34:30 PM,Registry,C:\Windows\system32\nltest.exe,BLUETEAM\ezk,nltest.exe  /dclist:BLUETEAM.COM,10756,2128,"nltest.exe 5768 RegQueryValue HKLM\System\CurrentControlSet\Services\WinSock2\Parameters\NameSpace_Catalog5\Catalog_Entries64\000000000001\ProviderInfo SUCCESS Type: REG_BINARY, Length: 0 4/14/2022 12:34:30 PM Registry C:\Windows\system32\nltest.exe BLUETEAM\ezk nltest.exe  /dclist:BLUETEAM.COM 10756 2128",benign
nltest.exe,5768,RegCloseKey,HKLM\System\CurrentControlSet\Services\WinSock2\Parameters\Protocol_Catalog9\Catalog_Entries64\000000000016,SUCCESS,,4/14/2022 12:34:30 PM,Registry,C:\Windows\system32\nltest.exe,BLUETEAM\ezk,nltest.exe  /dclist:BLUETEAM.COM,10756,2128,nltest.exe 5768 RegCloseKey HKLM\System\CurrentControlSet\Services\WinSock2\Parameters\Protocol_Catalog9\Catalog_Entries64\000000000016 SUCCESS None 4/14/2022 12:34:30 PM Registry C:\Windows\system32\nltest.exe BLUETEAM\ezk nltest.exe  /dclist:BLUETEAM.COM 10756 2128,benign
nltest.exe,5768,RegQueryValue,HKLM\System\CurrentControlSet\Services\WinSock2\Parameters\NameSpace_Catalog5\Catalog_Entries64\000000000001\ProviderInfo,SUCCESS,"Type: REG_BINARY, Length: 0",4/14/2022 12:34:30 PM,Registry,C:\Windows\system32\nltest.exe,BLUETEAM\ezk,nltest.exe  /dclist:BLUETEAM.COM,10756,2128,"nltest.exe 5768 RegQueryValue HKLM\System\CurrentControlSet\Services\WinSock2\Parameters\NameSpace_Catalog5\Catalog_Entries64\000000000001\ProviderInfo SUCCESS Type: REG_BINARY, Length: 0 4/14/2022 12:34:30 PM Registry C:\Windows\system32\nltest.exe BLUETEAM\ezk nltest.exe  /dclist:BLUETEAM.COM 10756 2128",benign
nltest.exe,5768,RegQueryValue,HKLM\System\CurrentControlSet\Services\WinSock2\Parameters\NameSpace_Catalog5\Catalog_Entries64\000000000001\Version,SUCCESS,"Type: REG_DWORD, Length: 4, Data: 0",4/14/2022 12:34:30 PM,Registry,C:\Windows\system32\nltest.exe,BLUETEAM\ezk,nltest.exe  /dclist:BLUETEAM.COM,10756,2128,"nltest.exe 5768 RegQueryValue HKLM\System\CurrentControlSet\Services\WinSock2\Parameters\NameSpace_Catalog5\Catalog_Entries64\000000000001\Version SUCCESS Type: REG_DWORD, Length: 4, Data: 0 4/14/2022 12:34:30 PM Registry C:\Windows\system32\nltest.exe BLUETEAM\ezk nltest.exe  /dclist:BLUETEAM.COM 10756 2128",benign
nltest.exe,5768,RegQueryValue,HKLM\System\CurrentControlSet\Services\WinSock2\Parameters\NameSpace_Catalog5\Catalog_Entries64\000000000001\Enabled,SUCCESS,"Type: REG_DWORD, Length: 4, Data: 1",4/14/2022 12:34:30 PM,Registry,C:\Windows\system32\nltest.exe,BLUETEAM\ezk,nltest.exe  /dclist:BLUETEAM.COM,10756,2128,"nltest.exe 5768 RegQueryValue HKLM\System\CurrentControlSet\Services\WinSock2\Parameters\NameSpace_Catalog5\Catalog_Entries64\000000000001\Enabled SUCCESS Type: REG_DWORD, Length: 4, Data: 1 4/14/2022 12:34:30 PM Registry C:\Windows\system32\nltest.exe BLUETEAM\ezk nltest.exe  /dclist:BLUETEAM.COM 10756 2128",benign
nltest.exe,5768,RegQueryValue,HKLM\System\CurrentControlSet\Services\WinSock2\Parameters\NameSpace_Catalog5\Catalog_Entries64\000000000001\SupportedNameSpace,SUCCESS,"Type: REG_DWORD, Length: 4, Data: 37",4/14/2022 12:34:30 PM,Registry,C:\Windows\system32\nltest.exe,BLUETEAM\ezk,nltest.exe  /dclist:BLUETEAM.COM,10756,2128,"nltest.exe 5768 RegQueryValue HKLM\System\CurrentControlSet\Services\WinSock2\Parameters\NameSpace_Catalog5\Catalog_Entries64\000000000001\SupportedNameSpace SUCCESS Type: REG_DWORD, Length: 4, Data: 37 4/14/2022 12:34:30 PM Registry C:\Windows\system32\nltest.exe BLUETEAM\ezk nltest.exe  /dclist:BLUETEAM.COM 10756 2128",benign
nltest.exe,5768,RegQueryValue,HKLM\System\CurrentControlSet\Services\WinSock2\Parameters\NameSpace_Catalog5\Catalog_Entries64\000000000001\AddressFamily,NAME NOT FOUND,Length: 16,4/14/2022 12:34:30 PM,Registry,C:\Windows\system32\nltest.exe,BLUETEAM\ezk,nltest.exe  /dclist:BLUETEAM.COM,10756,2128,nltest.exe 5768 RegQueryValue HKLM\System\CurrentControlSet\Services\WinSock2\Parameters\NameSpace_Catalog5\Catalog_Entries64\000000000001\AddressFamily NAME NOT FOUND Length: 16 4/14/2022 12:34:30 PM Registry C:\Windows\system32\nltest.exe BLUETEAM\ezk nltest.exe  /dclist:BLUETEAM.COM 10756 2128,benign
nltest.exe,5768,RegQueryValue,HKLM\System\CurrentControlSet\Services\WinSock2\Parameters\NameSpace_Catalog5\Catalog_Entries64\000000000001\ProviderId,SUCCESS,"Type: REG_BINARY, Length: 16, Data: A2 CB 4A 96 BC B2 EB 40 8C 6A A6 DB 40 16 1C AE",4/14/2022 12:34:30 PM,Registry,C:\Windows\system32\nltest.exe,BLUETEAM\ezk,nltest.exe  /dclist:BLUETEAM.COM,10756,2128,"nltest.exe 5768 RegQueryValue HKLM\System\CurrentControlSet\Services\WinSock2\Parameters\NameSpace_Catalog5\Catalog_Entries64\000000000001\ProviderId SUCCESS Type: REG_BINARY, Length: 16, Data: A2 CB 4A 96 BC B2 EB 40 8C 6A A6 DB 40 16 1C AE 4/14/2022 12:34:30 PM Registry C:\Windows\system32\nltest.exe BLUETEAM\ezk nltest.exe  /dclist:BLUETEAM.COM 10756 2128",benign
nltest.exe,5768,RegQueryValue,HKLM\System\CurrentControlSet\Services\WinSock2\Parameters\NameSpace_Catalog5\Catalog_Entries64\000000000001\DisplayString,SUCCESS,"Type: REG_SZ, Length: 82, Data: @%SystemRoot%\system32\napinsp.dll,-1000",4/14/2022 12:34:30 PM,Registry,C:\Windows\system32\nltest.exe,BLUETEAM\ezk,nltest.exe  /dclist:BLUETEAM.COM,10756,2128,"nltest.exe 5768 RegQueryValue HKLM\System\CurrentControlSet\Services\WinSock2\Parameters\NameSpace_Catalog5\Catalog_Entries64\000000000001\DisplayString SUCCESS Type: REG_SZ, Length: 82, Data: @%SystemRoot%\system32\napinsp.dll,-1000 4/14/2022 12:34:30 PM Registry C:\Windows\system32\nltest.exe BLUETEAM\ezk nltest.exe  /dclist:BLUETEAM.COM 10756 2128",benign
nltest.exe,5768,RegQueryValue,HKLM\System\CurrentControlSet\Services\WinSock2\Parameters\NameSpace_Catalog5\Catalog_Entries64\000000000001\StoresServiceClassInfo,SUCCESS,"Type: REG_DWORD, Length: 4, Data: 0",4/14/2022 12:34:30 PM,Registry,C:\Windows\system32\nltest.exe,BLUETEAM\ezk,nltest.exe  /dclist:BLUETEAM.COM,10756,2128,"nltest.exe 5768 RegQueryValue HKLM\System\CurrentControlSet\Services\WinSock2\Parameters\NameSpace_Catalog5\Catalog_Entries64\000000000001\StoresServiceClassInfo SUCCESS Type: REG_DWORD, Length: 4, Data: 0 4/14/2022 12:34:30 PM Registry C:\Windows\system32\nltest.exe BLUETEAM\ezk nltest.exe  /dclist:BLUETEAM.COM 10756 2128",benign
nltest.exe,5768,RegQueryValue,HKLM\System\CurrentControlSet\Services\WinSock2\Parameters\Protocol_Catalog9\Catalog_Entries64\000000000009\PackedCatalogItem,SUCCESS,"Type: REG_BINARY, Length: 888, Data: 25 53 79 73 74 65 6D 52 6F 6F 74 25 5C 73 79 73",4/14/2022 12:34:30 PM,Registry,C:\Windows\system32\nltest.exe,BLUETEAM\ezk,nltest.exe  /dclist:BLUETEAM.COM,10756,2128,"nltest.exe 5768 RegQueryValue HKLM\System\CurrentControlSet\Services\WinSock2\Parameters\Protocol_Catalog9\Catalog_Entries64\000000000009\PackedCatalogItem SUCCESS Type: REG_BINARY, Length: 888, Data: 25 53 79 73 74 65 6D 52 6F 6F 74 25 5C 73 79 73 4/14/2022 12:34:30 PM Registry C:\Windows\system32\nltest.exe BLUETEAM\ezk nltest.exe  /dclist:BLUETEAM.COM 10756 2128",benign
nltest.exe,5768,RegQueryValue,HKLM\System\CurrentControlSet\Services\WinSock2\Parameters\Protocol_Catalog9\Catalog_Entries64\000000000016\PackedCatalogItem,SUCCESS,"Type: REG_BINARY, Length: 888, Data: 25 77 69 6E 64 69 72 25 5C 73 79 73 74 65 6D 33",4/14/2022 12:34:30 PM,Registry,C:\Windows\system32\nltest.exe,BLUETEAM\ezk,nltest.exe  /dclist:BLUETEAM.COM,10756,2128,"nltest.exe 5768 RegQueryValue HKLM\System\CurrentControlSet\Services\WinSock2\Parameters\Protocol_Catalog9\Catalog_Entries64\000000000016\PackedCatalogItem SUCCESS Type: REG_BINARY, Length: 888, Data: 25 77 69 6E 64 69 72 25 5C 73 79 73 74 65 6D 33 4/14/2022 12:34:30 PM Registry C:\Windows\system32\nltest.exe BLUETEAM\ezk nltest.exe  /dclist:BLUETEAM.COM 10756 2128",benign
nltest.exe,5768,RegOpenKey,HKLM\System\CurrentControlSet\Services\WinSock2\Parameters\Protocol_Catalog9\Catalog_Entries64\000000000016,SUCCESS,Desired Access: Read,4/14/2022 12:34:30 PM,Registry,C:\Windows\system32\nltest.exe,BLUETEAM\ezk,nltest.exe  /dclist:BLUETEAM.COM,10756,2128,nltest.exe 5768 RegOpenKey HKLM\System\CurrentControlSet\Services\WinSock2\Parameters\Protocol_Catalog9\Catalog_Entries64\000000000016 SUCCESS Desired Access: Read 4/14/2022 12:34:30 PM Registry C:\Windows\system32\nltest.exe BLUETEAM\ezk nltest.exe  /dclist:BLUETEAM.COM 10756 2128,benign
nltest.exe,5768,RegQueryKey,HKLM\System\CurrentControlSet\Services\WinSock2\Parameters\Protocol_Catalog9\Catalog_Entries64,SUCCESS,"Query: HandleTags, HandleTags: 0x0",4/14/2022 12:34:30 PM,Registry,C:\Windows\system32\nltest.exe,BLUETEAM\ezk,nltest.exe  /dclist:BLUETEAM.COM,10756,2128,"nltest.exe 5768 RegQueryKey HKLM\System\CurrentControlSet\Services\WinSock2\Parameters\Protocol_Catalog9\Catalog_Entries64 SUCCESS Query: HandleTags, HandleTags: 0x0 4/14/2022 12:34:30 PM Registry C:\Windows\system32\nltest.exe BLUETEAM\ezk nltest.exe  /dclist:BLUETEAM.COM 10756 2128",benign
nltest.exe,5768,RegOpenKey,HKLM\System\CurrentControlSet\Services\WinSock2\Parameters\Protocol_Catalog9\Catalog_Entries64\000000000010,SUCCESS,Desired Access: Read,4/14/2022 12:34:30 PM,Registry,C:\Windows\system32\nltest.exe,BLUETEAM\ezk,nltest.exe  /dclist:BLUETEAM.COM,10756,2128,nltest.exe 5768 RegOpenKey HKLM\System\CurrentControlSet\Services\WinSock2\Parameters\Protocol_Catalog9\Catalog_Entries64\000000000010 SUCCESS Desired Access: Read 4/14/2022 12:34:30 PM Registry C:\Windows\system32\nltest.exe BLUETEAM\ezk nltest.exe  /dclist:BLUETEAM.COM 10756 2128,benign
nltest.exe,5768,RegQueryValue,HKLM\System\CurrentControlSet\Services\WinSock2\Parameters\Protocol_Catalog9\Catalog_Entries64\000000000010\PackedCatalogItem,BUFFER OVERFLOW,Length: 144,4/14/2022 12:34:30 PM,Registry,C:\Windows\system32\nltest.exe,BLUETEAM\ezk,nltest.exe  /dclist:BLUETEAM.COM,10756,2128,nltest.exe 5768 RegQueryValue HKLM\System\CurrentControlSet\Services\WinSock2\Parameters\Protocol_Catalog9\Catalog_Entries64\000000000010\PackedCatalogItem BUFFER OVERFLOW Length: 144 4/14/2022 12:34:30 PM Registry C:\Windows\system32\nltest.exe BLUETEAM\ezk nltest.exe  /dclist:BLUETEAM.COM 10756 2128,benign
nltest.exe,5768,RegQueryValue,HKLM\System\CurrentControlSet\Services\WinSock2\Parameters\Protocol_Catalog9\Catalog_Entries64\000000000010\PackedCatalogItem,SUCCESS,"Type: REG_BINARY, Length: 888, Data: 25 53 79 73 74 65 6D 52 6F 6F 74 25 5C 73 79 73",4/14/2022 12:34:30 PM,Registry,C:\Windows\system32\nltest.exe,BLUETEAM\ezk,nltest.exe  /dclist:BLUETEAM.COM,10756,2128,"nltest.exe 5768 RegQueryValue HKLM\System\CurrentControlSet\Services\WinSock2\Parameters\Protocol_Catalog9\Catalog_Entries64\000000000010\PackedCatalogItem SUCCESS Type: REG_BINARY, Length: 888, Data: 25 53 79 73 74 65 6D 52 6F 6F 74 25 5C 73 79 73 4/14/2022 12:34:30 PM Registry C:\Windows\system32\nltest.exe BLUETEAM\ezk nltest.exe  /dclist:BLUETEAM.COM 10756 2128",benign
nltest.exe,5768,RegCloseKey,HKLM\System\CurrentControlSet\Services\WinSock2\Parameters\Protocol_Catalog9\Catalog_Entries64\000000000010,SUCCESS,,4/14/2022 12:34:30 PM,Registry,C:\Windows\system32\nltest.exe,BLUETEAM\ezk,nltest.exe  /dclist:BLUETEAM.COM,10756,2128,nltest.exe 5768 RegCloseKey HKLM\System\CurrentControlSet\Services\WinSock2\Parameters\Protocol_Catalog9\Catalog_Entries64\000000000010 SUCCESS None 4/14/2022 12:34:30 PM Registry C:\Windows\system32\nltest.exe BLUETEAM\ezk nltest.exe  /dclist:BLUETEAM.COM 10756 2128,benign
nltest.exe,5768,RegQueryKey,HKLM\System\CurrentControlSet\Services\WinSock2\Parameters\Protocol_Catalog9\Catalog_Entries64,SUCCESS,"Query: HandleTags, HandleTags: 0x0",4/14/2022 12:34:30 PM,Registry,C:\Windows\system32\nltest.exe,BLUETEAM\ezk,nltest.exe  /dclist:BLUETEAM.COM,10756,2128,"nltest.exe 5768 RegQueryKey HKLM\System\CurrentControlSet\Services\WinSock2\Parameters\Protocol_Catalog9\Catalog_Entries64 SUCCESS Query: HandleTags, HandleTags: 0x0 4/14/2022 12:34:30 PM Registry C:\Windows\system32\nltest.exe BLUETEAM\ezk nltest.exe  /dclist:BLUETEAM.COM 10756 2128",benign
nltest.exe,5768,RegOpenKey,HKLM\System\CurrentControlSet\Services\WinSock2\Parameters\Protocol_Catalog9\Catalog_Entries64\000000000011,SUCCESS,Desired Access: Read,4/14/2022 12:34:30 PM,Registry,C:\Windows\system32\nltest.exe,BLUETEAM\ezk,nltest.exe  /dclist:BLUETEAM.COM,10756,2128,nltest.exe 5768 RegOpenKey HKLM\System\CurrentControlSet\Services\WinSock2\Parameters\Protocol_Catalog9\Catalog_Entries64\000000000011 SUCCESS Desired Access: Read 4/14/2022 12:34:30 PM Registry C:\Windows\system32\nltest.exe BLUETEAM\ezk nltest.exe  /dclist:BLUETEAM.COM 10756 2128,benign
nltest.exe,5768,RegQueryValue,HKLM\System\CurrentControlSet\Services\WinSock2\Parameters\Protocol_Catalog9\Catalog_Entries64\000000000011\PackedCatalogItem,BUFFER OVERFLOW,Length: 144,4/14/2022 12:34:30 PM,Registry,C:\Windows\system32\nltest.exe,BLUETEAM\ezk,nltest.exe  /dclist:BLUETEAM.COM,10756,2128,nltest.exe 5768 RegQueryValue HKLM\System\CurrentControlSet\Services\WinSock2\Parameters\Protocol_Catalog9\Catalog_Entries64\000000000011\PackedCatalogItem BUFFER OVERFLOW Length: 144 4/14/2022 12:34:30 PM Registry C:\Windows\system32\nltest.exe BLUETEAM\ezk nltest.exe  /dclist:BLUETEAM.COM 10756 2128,benign
nltest.exe,5768,RegQueryValue,HKLM\System\CurrentControlSet\Services\WinSock2\Parameters\Protocol_Catalog9\Catalog_Entries64\000000000011\PackedCatalogItem,SUCCESS,"Type: REG_BINARY, Length: 888, Data: 25 53 79 73 74 65 6D 52 6F 6F 74 25 5C 73 79 73",4/14/2022 12:34:30 PM,Registry,C:\Windows\system32\nltest.exe,BLUETEAM\ezk,nltest.exe  /dclist:BLUETEAM.COM,10756,2128,"nltest.exe 5768 RegQueryValue HKLM\System\CurrentControlSet\Services\WinSock2\Parameters\Protocol_Catalog9\Catalog_Entries64\000000000011\PackedCatalogItem SUCCESS Type: REG_BINARY, Length: 888, Data: 25 53 79 73 74 65 6D 52 6F 6F 74 25 5C 73 79 73 4/14/2022 12:34:30 PM Registry C:\Windows\system32\nltest.exe BLUETEAM\ezk nltest.exe  /dclist:BLUETEAM.COM 10756 2128",benign
nltest.exe,5768,RegCloseKey,HKLM\System\CurrentControlSet\Services\WinSock2\Parameters\Protocol_Catalog9\Catalog_Entries64\000000000011,SUCCESS,,4/14/2022 12:34:30 PM,Registry,C:\Windows\system32\nltest.exe,BLUETEAM\ezk,nltest.exe  /dclist:BLUETEAM.COM,10756,2128,nltest.exe 5768 RegCloseKey HKLM\System\CurrentControlSet\Services\WinSock2\Parameters\Protocol_Catalog9\Catalog_Entries64\000000000011 SUCCESS None 4/14/2022 12:34:30 PM Registry C:\Windows\system32\nltest.exe BLUETEAM\ezk nltest.exe  /dclist:BLUETEAM.COM 10756 2128,benign
nltest.exe,5768,RegQueryKey,HKLM\System\CurrentControlSet\Services\WinSock2\Parameters\Protocol_Catalog9\Catalog_Entries64,SUCCESS,"Query: HandleTags, HandleTags: 0x0",4/14/2022 12:34:30 PM,Registry,C:\Windows\system32\nltest.exe,BLUETEAM\ezk,nltest.exe  /dclist:BLUETEAM.COM,10756,2128,"nltest.exe 5768 RegQueryKey HKLM\System\CurrentControlSet\Services\WinSock2\Parameters\Protocol_Catalog9\Catalog_Entries64 SUCCESS Query: HandleTags, HandleTags: 0x0 4/14/2022 12:34:30 PM Registry C:\Windows\system32\nltest.exe BLUETEAM\ezk nltest.exe  /dclist:BLUETEAM.COM 10756 2128",benign
nltest.exe,5768,RegOpenKey,HKLM\System\CurrentControlSet\Services\WinSock2\Parameters\Protocol_Catalog9\Catalog_Entries64\000000000012,SUCCESS,Desired Access: Read,4/14/2022 12:34:30 PM,Registry,C:\Windows\system32\nltest.exe,BLUETEAM\ezk,nltest.exe  /dclist:BLUETEAM.COM,10756,2128,nltest.exe 5768 RegOpenKey HKLM\System\CurrentControlSet\Services\WinSock2\Parameters\Protocol_Catalog9\Catalog_Entries64\000000000012 SUCCESS Desired Access: Read 4/14/2022 12:34:30 PM Registry C:\Windows\system32\nltest.exe BLUETEAM\ezk nltest.exe  /dclist:BLUETEAM.COM 10756 2128,benign
nltest.exe,5768,RegQueryValue,HKLM\System\CurrentControlSet\Services\WinSock2\Parameters\Protocol_Catalog9\Catalog_Entries64\000000000012\PackedCatalogItem,BUFFER OVERFLOW,Length: 144,4/14/2022 12:34:30 PM,Registry,C:\Windows\system32\nltest.exe,BLUETEAM\ezk,nltest.exe  /dclist:BLUETEAM.COM,10756,2128,nltest.exe 5768 RegQueryValue HKLM\System\CurrentControlSet\Services\WinSock2\Parameters\Protocol_Catalog9\Catalog_Entries64\000000000012\PackedCatalogItem BUFFER OVERFLOW Length: 144 4/14/2022 12:34:30 PM Registry C:\Windows\system32\nltest.exe BLUETEAM\ezk nltest.exe  /dclist:BLUETEAM.COM 10756 2128,benign
nltest.exe,5768,RegQueryValue,HKLM\System\CurrentControlSet\Services\WinSock2\Parameters\Protocol_Catalog9\Catalog_Entries64\000000000012\PackedCatalogItem,SUCCESS,"Type: REG_BINARY, Length: 888, Data: 25 53 79 73 74 65 6D 52 6F 6F 74 25 5C 73 79 73",4/14/2022 12:34:30 PM,Registry,C:\Windows\system32\nltest.exe,BLUETEAM\ezk,nltest.exe  /dclist:BLUETEAM.COM,10756,2128,"nltest.exe 5768 RegQueryValue HKLM\System\CurrentControlSet\Services\WinSock2\Parameters\Protocol_Catalog9\Catalog_Entries64\000000000012\PackedCatalogItem SUCCESS Type: REG_BINARY, Length: 888, Data: 25 53 79 73 74 65 6D 52 6F 6F 74 25 5C 73 79 73 4/14/2022 12:34:30 PM Registry C:\Windows\system32\nltest.exe BLUETEAM\ezk nltest.exe  /dclist:BLUETEAM.COM 10756 2128",benign
nltest.exe,5768,RegCloseKey,HKLM\System\CurrentControlSet\Services\WinSock2\Parameters\Protocol_Catalog9\Catalog_Entries64\000000000012,SUCCESS,,4/14/2022 12:34:30 PM,Registry,C:\Windows\system32\nltest.exe,BLUETEAM\ezk,nltest.exe  /dclist:BLUETEAM.COM,10756,2128,nltest.exe 5768 RegCloseKey HKLM\System\CurrentControlSet\Services\WinSock2\Parameters\Protocol_Catalog9\Catalog_Entries64\000000000012 SUCCESS None 4/14/2022 12:34:30 PM Registry C:\Windows\system32\nltest.exe BLUETEAM\ezk nltest.exe  /dclist:BLUETEAM.COM 10756 2128,benign
nltest.exe,5768,RegQueryKey,HKLM\System\CurrentControlSet\Services\WinSock2\Parameters\Protocol_Catalog9\Catalog_Entries64,SUCCESS,"Query: HandleTags, HandleTags: 0x0",4/14/2022 12:34:30 PM,Registry,C:\Windows\system32\nltest.exe,BLUETEAM\ezk,nltest.exe  /dclist:BLUETEAM.COM,10756,2128,"nltest.exe 5768 RegQueryKey HKLM\System\CurrentControlSet\Services\WinSock2\Parameters\Protocol_Catalog9\Catalog_Entries64 SUCCESS Query: HandleTags, HandleTags: 0x0 4/14/2022 12:34:30 PM Registry C:\Windows\system32\nltest.exe BLUETEAM\ezk nltest.exe  /dclist:BLUETEAM.COM 10756 2128",benign
nltest.exe,5768,RegOpenKey,HKLM\System\CurrentControlSet\Services\WinSock2\Parameters\Protocol_Catalog9\Catalog_Entries64\000000000013,SUCCESS,Desired Access: Read,4/14/2022 12:34:30 PM,Registry,C:\Windows\system32\nltest.exe,BLUETEAM\ezk,nltest.exe  /dclist:BLUETEAM.COM,10756,2128,nltest.exe 5768 RegOpenKey HKLM\System\CurrentControlSet\Services\WinSock2\Parameters\Protocol_Catalog9\Catalog_Entries64\000000000013 SUCCESS Desired Access: Read 4/14/2022 12:34:30 PM Registry C:\Windows\system32\nltest.exe BLUETEAM\ezk nltest.exe  /dclist:BLUETEAM.COM 10756 2128,benign
nltest.exe,5768,RegQueryKey,HKLM\System\CurrentControlSet\Services\WinSock2\Parameters\Protocol_Catalog9\Catalog_Entries64,SUCCESS,"Query: HandleTags, HandleTags: 0x0",4/14/2022 12:34:30 PM,Registry,C:\Windows\system32\nltest.exe,BLUETEAM\ezk,nltest.exe  /dclist:BLUETEAM.COM,10756,2128,"nltest.exe 5768 RegQueryKey HKLM\System\CurrentControlSet\Services\WinSock2\Parameters\Protocol_Catalog9\Catalog_Entries64 SUCCESS Query: HandleTags, HandleTags: 0x0 4/14/2022 12:34:30 PM Registry C:\Windows\system32\nltest.exe BLUETEAM\ezk nltest.exe  /dclist:BLUETEAM.COM 10756 2128",benign
nltest.exe,5768,RegCloseKey,HKLM\System\CurrentControlSet\Services\WinSock2\Parameters\Protocol_Catalog9\Catalog_Entries64\000000000015,SUCCESS,,4/14/2022 12:34:30 PM,Registry,C:\Windows\system32\nltest.exe,BLUETEAM\ezk,nltest.exe  /dclist:BLUETEAM.COM,10756,2128,nltest.exe 5768 RegCloseKey HKLM\System\CurrentControlSet\Services\WinSock2\Parameters\Protocol_Catalog9\Catalog_Entries64\000000000015 SUCCESS None 4/14/2022 12:34:30 PM Registry C:\Windows\system32\nltest.exe BLUETEAM\ezk nltest.exe  /dclist:BLUETEAM.COM 10756 2128,benign
nltest.exe,5768,RegQueryValue,HKLM\System\CurrentControlSet\Services\WinSock2\Parameters\Protocol_Catalog9\Catalog_Entries64\000000000015\PackedCatalogItem,SUCCESS,"Type: REG_BINARY, Length: 888, Data: 25 77 69 6E 64 69 72 25 5C 73 79 73 74 65 6D 33",4/14/2022 12:34:30 PM,Registry,C:\Windows\system32\nltest.exe,BLUETEAM\ezk,nltest.exe  /dclist:BLUETEAM.COM,10756,2128,"nltest.exe 5768 RegQueryValue HKLM\System\CurrentControlSet\Services\WinSock2\Parameters\Protocol_Catalog9\Catalog_Entries64\000000000015\PackedCatalogItem SUCCESS Type: REG_BINARY, Length: 888, Data: 25 77 69 6E 64 69 72 25 5C 73 79 73 74 65 6D 33 4/14/2022 12:34:30 PM Registry C:\Windows\system32\nltest.exe BLUETEAM\ezk nltest.exe  /dclist:BLUETEAM.COM 10756 2128",benign
nltest.exe,5768,RegQueryValue,HKLM\System\CurrentControlSet\Services\WinSock2\Parameters\Protocol_Catalog9\Catalog_Entries64\000000000015\PackedCatalogItem,BUFFER OVERFLOW,Length: 144,4/14/2022 12:34:30 PM,Registry,C:\Windows\system32\nltest.exe,BLUETEAM\ezk,nltest.exe  /dclist:BLUETEAM.COM,10756,2128,nltest.exe 5768 RegQueryValue HKLM\System\CurrentControlSet\Services\WinSock2\Parameters\Protocol_Catalog9\Catalog_Entries64\000000000015\PackedCatalogItem BUFFER OVERFLOW Length: 144 4/14/2022 12:34:30 PM Registry C:\Windows\system32\nltest.exe BLUETEAM\ezk nltest.exe  /dclist:BLUETEAM.COM 10756 2128,benign
nltest.exe,5768,RegOpenKey,HKLM\System\CurrentControlSet\Services\WinSock2\Parameters\Protocol_Catalog9\Catalog_Entries64\000000000015,SUCCESS,Desired Access: Read,4/14/2022 12:34:30 PM,Registry,C:\Windows\system32\nltest.exe,BLUETEAM\ezk,nltest.exe  /dclist:BLUETEAM.COM,10756,2128,nltest.exe 5768 RegOpenKey HKLM\System\CurrentControlSet\Services\WinSock2\Parameters\Protocol_Catalog9\Catalog_Entries64\000000000015 SUCCESS Desired Access: Read 4/14/2022 12:34:30 PM Registry C:\Windows\system32\nltest.exe BLUETEAM\ezk nltest.exe  /dclist:BLUETEAM.COM 10756 2128,benign
nltest.exe,5768,RegQueryKey,HKLM\System\CurrentControlSet\Services\WinSock2\Parameters\Protocol_Catalog9\Catalog_Entries64,SUCCESS,"Query: HandleTags, HandleTags: 0x0",4/14/2022 12:34:30 PM,Registry,C:\Windows\system32\nltest.exe,BLUETEAM\ezk,nltest.exe  /dclist:BLUETEAM.COM,10756,2128,"nltest.exe 5768 RegQueryKey HKLM\System\CurrentControlSet\Services\WinSock2\Parameters\Protocol_Catalog9\Catalog_Entries64 SUCCESS Query: HandleTags, HandleTags: 0x0 4/14/2022 12:34:30 PM Registry C:\Windows\system32\nltest.exe BLUETEAM\ezk nltest.exe  /dclist:BLUETEAM.COM 10756 2128",benign
nltest.exe,5768,RegQueryValue,HKLM\System\CurrentControlSet\Services\WinSock2\Parameters\Protocol_Catalog9\Catalog_Entries64\000000000016\PackedCatalogItem,BUFFER OVERFLOW,Length: 144,4/14/2022 12:34:30 PM,Registry,C:\Windows\system32\nltest.exe,BLUETEAM\ezk,nltest.exe  /dclist:BLUETEAM.COM,10756,2128,nltest.exe 5768 RegQueryValue HKLM\System\CurrentControlSet\Services\WinSock2\Parameters\Protocol_Catalog9\Catalog_Entries64\000000000016\PackedCatalogItem BUFFER OVERFLOW Length: 144 4/14/2022 12:34:30 PM Registry C:\Windows\system32\nltest.exe BLUETEAM\ezk nltest.exe  /dclist:BLUETEAM.COM 10756 2128,benign
nltest.exe,5768,RegCloseKey,HKLM\System\CurrentControlSet\Services\WinSock2\Parameters\Protocol_Catalog9\Catalog_Entries64\000000000014,SUCCESS,,4/14/2022 12:34:30 PM,Registry,C:\Windows\system32\nltest.exe,BLUETEAM\ezk,nltest.exe  /dclist:BLUETEAM.COM,10756,2128,nltest.exe 5768 RegCloseKey HKLM\System\CurrentControlSet\Services\WinSock2\Parameters\Protocol_Catalog9\Catalog_Entries64\000000000014 SUCCESS None 4/14/2022 12:34:30 PM Registry C:\Windows\system32\nltest.exe BLUETEAM\ezk nltest.exe  /dclist:BLUETEAM.COM 10756 2128,benign
nltest.exe,5768,RegQueryValue,HKLM\System\CurrentControlSet\Services\WinSock2\Parameters\Protocol_Catalog9\Catalog_Entries64\000000000014\PackedCatalogItem,BUFFER OVERFLOW,Length: 144,4/14/2022 12:34:30 PM,Registry,C:\Windows\system32\nltest.exe,BLUETEAM\ezk,nltest.exe  /dclist:BLUETEAM.COM,10756,2128,nltest.exe 5768 RegQueryValue HKLM\System\CurrentControlSet\Services\WinSock2\Parameters\Protocol_Catalog9\Catalog_Entries64\000000000014\PackedCatalogItem BUFFER OVERFLOW Length: 144 4/14/2022 12:34:30 PM Registry C:\Windows\system32\nltest.exe BLUETEAM\ezk nltest.exe  /dclist:BLUETEAM.COM 10756 2128,benign
nltest.exe,5768,RegOpenKey,HKLM\System\CurrentControlSet\Services\WinSock2\Parameters\Protocol_Catalog9\Catalog_Entries64\000000000014,SUCCESS,Desired Access: Read,4/14/2022 12:34:30 PM,Registry,C:\Windows\system32\nltest.exe,BLUETEAM\ezk,nltest.exe  /dclist:BLUETEAM.COM,10756,2128,nltest.exe 5768 RegOpenKey HKLM\System\CurrentControlSet\Services\WinSock2\Parameters\Protocol_Catalog9\Catalog_Entries64\000000000014 SUCCESS Desired Access: Read 4/14/2022 12:34:30 PM Registry C:\Windows\system32\nltest.exe BLUETEAM\ezk nltest.exe  /dclist:BLUETEAM.COM 10756 2128,benign
nltest.exe,5768,RegQueryKey,HKLM\System\CurrentControlSet\Services\WinSock2\Parameters\Protocol_Catalog9\Catalog_Entries64,SUCCESS,"Query: HandleTags, HandleTags: 0x0",4/14/2022 12:34:30 PM,Registry,C:\Windows\system32\nltest.exe,BLUETEAM\ezk,nltest.exe  /dclist:BLUETEAM.COM,10756,2128,"nltest.exe 5768 RegQueryKey HKLM\System\CurrentControlSet\Services\WinSock2\Parameters\Protocol_Catalog9\Catalog_Entries64 SUCCESS Query: HandleTags, HandleTags: 0x0 4/14/2022 12:34:30 PM Registry C:\Windows\system32\nltest.exe BLUETEAM\ezk nltest.exe  /dclist:BLUETEAM.COM 10756 2128",benign
nltest.exe,5768,RegCloseKey,HKLM\System\CurrentControlSet\Services\WinSock2\Parameters\Protocol_Catalog9\Catalog_Entries64\000000000013,SUCCESS,,4/14/2022 12:34:30 PM,Registry,C:\Windows\system32\nltest.exe,BLUETEAM\ezk,nltest.exe  /dclist:BLUETEAM.COM,10756,2128,nltest.exe 5768 RegCloseKey HKLM\System\CurrentControlSet\Services\WinSock2\Parameters\Protocol_Catalog9\Catalog_Entries64\000000000013 SUCCESS None 4/14/2022 12:34:30 PM Registry C:\Windows\system32\nltest.exe BLUETEAM\ezk nltest.exe  /dclist:BLUETEAM.COM 10756 2128,benign
nltest.exe,5768,RegQueryValue,HKLM\System\CurrentControlSet\Services\WinSock2\Parameters\Protocol_Catalog9\Catalog_Entries64\000000000013\PackedCatalogItem,SUCCESS,"Type: REG_BINARY, Length: 888, Data: 25 53 79 73 74 65 6D 52 6F 6F 74 25 5C 73 79 73",4/14/2022 12:34:30 PM,Registry,C:\Windows\system32\nltest.exe,BLUETEAM\ezk,nltest.exe  /dclist:BLUETEAM.COM,10756,2128,"nltest.exe 5768 RegQueryValue HKLM\System\CurrentControlSet\Services\WinSock2\Parameters\Protocol_Catalog9\Catalog_Entries64\000000000013\PackedCatalogItem SUCCESS Type: REG_BINARY, Length: 888, Data: 25 53 79 73 74 65 6D 52 6F 6F 74 25 5C 73 79 73 4/14/2022 12:34:30 PM Registry C:\Windows\system32\nltest.exe BLUETEAM\ezk nltest.exe  /dclist:BLUETEAM.COM 10756 2128",benign
nltest.exe,5768,RegQueryValue,HKLM\System\CurrentControlSet\Services\WinSock2\Parameters\Protocol_Catalog9\Catalog_Entries64\000000000013\PackedCatalogItem,BUFFER OVERFLOW,Length: 144,4/14/2022 12:34:30 PM,Registry,C:\Windows\system32\nltest.exe,BLUETEAM\ezk,nltest.exe  /dclist:BLUETEAM.COM,10756,2128,nltest.exe 5768 RegQueryValue HKLM\System\CurrentControlSet\Services\WinSock2\Parameters\Protocol_Catalog9\Catalog_Entries64\000000000013\PackedCatalogItem BUFFER OVERFLOW Length: 144 4/14/2022 12:34:30 PM Registry C:\Windows\system32\nltest.exe BLUETEAM\ezk nltest.exe  /dclist:BLUETEAM.COM 10756 2128,benign
nltest.exe,5768,RegQueryValue,HKLM\System\CurrentControlSet\Services\WinSock2\Parameters\Protocol_Catalog9\Catalog_Entries64\000000000014\PackedCatalogItem,SUCCESS,"Type: REG_BINARY, Length: 888, Data: 25 53 79 73 74 65 6D 52 6F 6F 74 25 5C 73 79 73",4/14/2022 12:34:30 PM,Registry,C:\Windows\system32\nltest.exe,BLUETEAM\ezk,nltest.exe  /dclist:BLUETEAM.COM,10756,2128,"nltest.exe 5768 RegQueryValue HKLM\System\CurrentControlSet\Services\WinSock2\Parameters\Protocol_Catalog9\Catalog_Entries64\000000000014\PackedCatalogItem SUCCESS Type: REG_BINARY, Length: 888, Data: 25 53 79 73 74 65 6D 52 6F 6F 74 25 5C 73 79 73 4/14/2022 12:34:30 PM Registry C:\Windows\system32\nltest.exe BLUETEAM\ezk nltest.exe  /dclist:BLUETEAM.COM 10756 2128",benign
nltest.exe,5768,RegOpenKey,HKLM\SOFTWARE\Microsoft\Windows NT\CurrentVersion\Image File Execution Options\nltest.exe,NAME NOT FOUND,"Desired Access: Query Value, Enumerate Sub Keys",4/14/2022 12:34:30 PM,Registry,C:\Windows\system32\nltest.exe,BLUETEAM\ezk,nltest.exe  /dclist:BLUETEAM.COM,10756,2128,"nltest.exe 5768 RegOpenKey HKLM\SOFTWARE\Microsoft\Windows NT\CurrentVersion\Image File Execution Options\nltest.exe NAME NOT FOUND Desired Access: Query Value, Enumerate Sub Keys 4/14/2022 12:34:30 PM Registry C:\Windows\system32\nltest.exe BLUETEAM\ezk nltest.exe  /dclist:BLUETEAM.COM 10756 2128",benign
nltest.exe,5768,RegOpenKey,HKLM\Software\Microsoft\Rpc,SUCCESS,Desired Access: Query Value,4/14/2022 12:34:30 PM,Registry,C:\Windows\system32\nltest.exe,BLUETEAM\ezk,nltest.exe  /dclist:BLUETEAM.COM,10756,2128,nltest.exe 5768 RegOpenKey HKLM\Software\Microsoft\Rpc SUCCESS Desired Access: Query Value 4/14/2022 12:34:30 PM Registry C:\Windows\system32\nltest.exe BLUETEAM\ezk nltest.exe  /dclist:BLUETEAM.COM 10756 2128,benign
nltest.exe,5768,RegOpenKey,HKLM\Software\Policies\Microsoft\Windows NT\Rpc,NAME NOT FOUND,Desired Access: Read,4/14/2022 12:34:30 PM,Registry,C:\Windows\system32\nltest.exe,BLUETEAM\ezk,nltest.exe  /dclist:BLUETEAM.COM,10756,2128,nltest.exe 5768 RegOpenKey HKLM\Software\Policies\Microsoft\Windows NT\Rpc NAME NOT FOUND Desired Access: Read 4/14/2022 12:34:30 PM Registry C:\Windows\system32\nltest.exe BLUETEAM\ezk nltest.exe  /dclist:BLUETEAM.COM 10756 2128,benign
nltest.exe,5768,RegQueryValue,HKCU\Control Panel\Desktop\MuiCached\MachinePreferredUILanguages,BUFFER OVERFLOW,Length: 12,4/14/2022 12:34:30 PM,Registry,C:\Windows\system32\nltest.exe,BLUETEAM\ezk,nltest.exe  /dclist:BLUETEAM.COM,10756,2128,nltest.exe 5768 RegQueryValue HKCU\Control Panel\Desktop\MuiCached\MachinePreferredUILanguages BUFFER OVERFLOW Length: 12 4/14/2022 12:34:30 PM Registry C:\Windows\system32\nltest.exe BLUETEAM\ezk nltest.exe  /dclist:BLUETEAM.COM 10756 2128,benign
nltest.exe,5768,RegQueryValue,HKCU\Control Panel\Desktop\MuiCached\MachinePreferredUILanguages,SUCCESS,"Type: REG_MULTI_SZ, Length: 12, Data: en-US",4/14/2022 12:34:30 PM,Registry,C:\Windows\system32\nltest.exe,BLUETEAM\ezk,nltest.exe  /dclist:BLUETEAM.COM,10756,2128,"nltest.exe 5768 RegQueryValue HKCU\Control Panel\Desktop\MuiCached\MachinePreferredUILanguages SUCCESS Type: REG_MULTI_SZ, Length: 12, Data: en-US 4/14/2022 12:34:30 PM Registry C:\Windows\system32\nltest.exe BLUETEAM\ezk nltest.exe  /dclist:BLUETEAM.COM 10756 2128",benign
nltest.exe,5768,RegCloseKey,HKCU\Control Panel\Desktop\MuiCached,SUCCESS,,4/14/2022 12:34:30 PM,Registry,C:\Windows\system32\nltest.exe,BLUETEAM\ezk,nltest.exe  /dclist:BLUETEAM.COM,10756,2128,nltest.exe 5768 RegCloseKey HKCU\Control Panel\Desktop\MuiCached SUCCESS None 4/14/2022 12:34:30 PM Registry C:\Windows\system32\nltest.exe BLUETEAM\ezk nltest.exe  /dclist:BLUETEAM.COM 10756 2128,benign
nltest.exe,5768,RegCloseKey,HKCU,SUCCESS,,4/14/2022 12:34:30 PM,Registry,C:\Windows\system32\nltest.exe,BLUETEAM\ezk,nltest.exe  /dclist:BLUETEAM.COM,10756,2128,nltest.exe 5768 RegCloseKey HKCU SUCCESS None 4/14/2022 12:34:30 PM Registry C:\Windows\system32\nltest.exe BLUETEAM\ezk nltest.exe  /dclist:BLUETEAM.COM 10756 2128,benign
nltest.exe,5768,RegOpenKey,HKLM\System\CurrentControlSet\Control\StateSeparation\RedirectionMap\Keys,REPARSE,Desired Access: Read,4/14/2022 12:34:30 PM,Registry,C:\Windows\system32\nltest.exe,BLUETEAM\ezk,nltest.exe  /dclist:BLUETEAM.COM,10756,2128,nltest.exe 5768 RegOpenKey HKLM\System\CurrentControlSet\Control\StateSeparation\RedirectionMap\Keys REPARSE Desired Access: Read 4/14/2022 12:34:30 PM Registry C:\Windows\system32\nltest.exe BLUETEAM\ezk nltest.exe  /dclist:BLUETEAM.COM 10756 2128,benign
nltest.exe,5768,RegOpenKey,HKLM\System\CurrentControlSet\Control\StateSeparation\RedirectionMap\Keys,NAME NOT FOUND,Desired Access: Read,4/14/2022 12:34:30 PM,Registry,C:\Windows\system32\nltest.exe,BLUETEAM\ezk,nltest.exe  /dclist:BLUETEAM.COM,10756,2128,nltest.exe 5768 RegOpenKey HKLM\System\CurrentControlSet\Control\StateSeparation\RedirectionMap\Keys NAME NOT FOUND Desired Access: Read 4/14/2022 12:34:30 PM Registry C:\Windows\system32\nltest.exe BLUETEAM\ezk nltest.exe  /dclist:BLUETEAM.COM 10756 2128,benign
nltest.exe,5768,RegOpenKey,HKLM\Software\Microsoft\LanguageOverlay\OverlayPackages\en-US,NAME NOT FOUND,Desired Access: Read,4/14/2022 12:34:30 PM,Registry,C:\Windows\system32\nltest.exe,BLUETEAM\ezk,nltest.exe  /dclist:BLUETEAM.COM,10756,2128,nltest.exe 5768 RegOpenKey HKLM\Software\Microsoft\LanguageOverlay\OverlayPackages\en-US NAME NOT FOUND Desired Access: Read 4/14/2022 12:34:30 PM Registry C:\Windows\system32\nltest.exe BLUETEAM\ezk nltest.exe  /dclist:BLUETEAM.COM 10756 2128,benign
nltest.exe,5768,CreateFile,C:\Windows\System32\en-US\nltest.exe.mui,SUCCESS,"Desired Access: Read Data/List Directory, Synchronize, Disposition: Open, Options: Synchronous IO Non-Alert, Non-Directory File, Attributes: n/a, ShareMode: Read, Delete, AllocationSize: n/a, OpenResult: Opened",4/14/2022 12:34:30 PM,File System,C:\Windows\system32\nltest.exe,BLUETEAM\ezk,nltest.exe  /dclist:BLUETEAM.COM,10756,2128,"nltest.exe 5768 CreateFile C:\Windows\System32\en-US\nltest.exe.mui SUCCESS Desired Access: Read Data/List Directory, Synchronize, Disposition: Open, Options: Synchronous IO Non-Alert, Non-Directory File, Attributes: n/a, ShareMode: Read, Delete, AllocationSize: n/a, OpenResult: Opened 4/14/2022 12:34:30 PM File System C:\Windows\system32\nltest.exe BLUETEAM\ezk nltest.exe  /dclist:BLUETEAM.COM 10756 2128",benign
nltest.exe,5768,RegQueryKey,HKLM,SUCCESS,"Query: HandleTags, HandleTags: 0x0",4/14/2022 12:34:30 PM,Registry,C:\Windows\system32\nltest.exe,BLUETEAM\ezk,nltest.exe  /dclist:BLUETEAM.COM,10756,2128,"nltest.exe 5768 RegQueryKey HKLM SUCCESS Query: HandleTags, HandleTags: 0x0 4/14/2022 12:34:30 PM Registry C:\Windows\system32\nltest.exe BLUETEAM\ezk nltest.exe  /dclist:BLUETEAM.COM 10756 2128",benign
nltest.exe,5768,RegOpenKey,HKLM\Software\Microsoft\Windows NT\CurrentVersion\Windows,SUCCESS,Desired Access: Read,4/14/2022 12:34:30 PM,Registry,C:\Windows\system32\nltest.exe,BLUETEAM\ezk,nltest.exe  /dclist:BLUETEAM.COM,10756,2128,nltest.exe 5768 RegOpenKey HKLM\Software\Microsoft\Windows NT\CurrentVersion\Windows SUCCESS Desired Access: Read 4/14/2022 12:34:30 PM Registry C:\Windows\system32\nltest.exe BLUETEAM\ezk nltest.exe  /dclist:BLUETEAM.COM 10756 2128,benign
nltest.exe,5768,RegQueryValue,HKLM\SOFTWARE\Microsoft\Windows NT\CurrentVersion\Windows\LoadAppInit_DLLs,SUCCESS,"Type: REG_DWORD, Length: 4, Data: 0",4/14/2022 12:34:30 PM,Registry,C:\Windows\system32\nltest.exe,BLUETEAM\ezk,nltest.exe  /dclist:BLUETEAM.COM,10756,2128,"nltest.exe 5768 RegQueryValue HKLM\SOFTWARE\Microsoft\Windows NT\CurrentVersion\Windows\LoadAppInit_DLLs SUCCESS Type: REG_DWORD, Length: 4, Data: 0 4/14/2022 12:34:30 PM Registry C:\Windows\system32\nltest.exe BLUETEAM\ezk nltest.exe  /dclist:BLUETEAM.COM 10756 2128",benign
nltest.exe,5768,RegCloseKey,HKLM\SOFTWARE\Microsoft\Windows NT\CurrentVersion\Windows,SUCCESS,,4/14/2022 12:34:30 PM,Registry,C:\Windows\system32\nltest.exe,BLUETEAM\ezk,nltest.exe  /dclist:BLUETEAM.COM,10756,2128,nltest.exe 5768 RegCloseKey HKLM\SOFTWARE\Microsoft\Windows NT\CurrentVersion\Windows SUCCESS None 4/14/2022 12:34:30 PM Registry C:\Windows\system32\nltest.exe BLUETEAM\ezk nltest.exe  /dclist:BLUETEAM.COM 10756 2128,benign
nltest.exe,5768,RegOpenKey,HKLM\SOFTWARE\Microsoft\Windows NT\CurrentVersion\Image File Execution Options\nltest.exe,NAME NOT FOUND,"Desired Access: Query Value, Enumerate Sub Keys",4/14/2022 12:34:30 PM,Registry,C:\Windows\system32\nltest.exe,BLUETEAM\ezk,nltest.exe  /dclist:BLUETEAM.COM,10756,2128,"nltest.exe 5768 RegOpenKey HKLM\SOFTWARE\Microsoft\Windows NT\CurrentVersion\Image File Execution Options\nltest.exe NAME NOT FOUND Desired Access: Query Value, Enumerate Sub Keys 4/14/2022 12:34:30 PM Registry C:\Windows\system32\nltest.exe BLUETEAM\ezk nltest.exe  /dclist:BLUETEAM.COM 10756 2128",benign
nltest.exe,5768,RegOpenKey,HKLM\System\CurrentControlSet\Control\Nls\CustomLocale,REPARSE,Desired Access: Read,4/14/2022 12:34:30 PM,Registry,C:\Windows\system32\nltest.exe,BLUETEAM\ezk,nltest.exe  /dclist:BLUETEAM.COM,10756,2128,nltest.exe 5768 RegOpenKey HKLM\System\CurrentControlSet\Control\Nls\CustomLocale REPARSE Desired Access: Read 4/14/2022 12:34:30 PM Registry C:\Windows\system32\nltest.exe BLUETEAM\ezk nltest.exe  /dclist:BLUETEAM.COM 10756 2128,benign
nltest.exe,5768,RegOpenKey,HKLM\System\CurrentControlSet\Control\Nls\CustomLocale,SUCCESS,Desired Access: Read,4/14/2022 12:34:30 PM,Registry,C:\Windows\system32\nltest.exe,BLUETEAM\ezk,nltest.exe  /dclist:BLUETEAM.COM,10756,2128,nltest.exe 5768 RegOpenKey HKLM\System\CurrentControlSet\Control\Nls\CustomLocale SUCCESS Desired Access: Read 4/14/2022 12:34:30 PM Registry C:\Windows\system32\nltest.exe BLUETEAM\ezk nltest.exe  /dclist:BLUETEAM.COM 10756 2128,benign
nltest.exe,5768,RegQueryValue,HKLM\System\CurrentControlSet\Control\Nls\CustomLocale\en-US,NAME NOT FOUND,Length: 532,4/14/2022 12:34:30 PM,Registry,C:\Windows\system32\nltest.exe,BLUETEAM\ezk,nltest.exe  /dclist:BLUETEAM.COM,10756,2128,nltest.exe 5768 RegQueryValue HKLM\System\CurrentControlSet\Control\Nls\CustomLocale\en-US NAME NOT FOUND Length: 532 4/14/2022 12:34:30 PM Registry C:\Windows\system32\nltest.exe BLUETEAM\ezk nltest.exe  /dclist:BLUETEAM.COM 10756 2128,benign
nltest.exe,5768,RegCloseKey,HKLM\System\CurrentControlSet\Control\Nls\CustomLocale,SUCCESS,,4/14/2022 12:34:30 PM,Registry,C:\Windows\system32\nltest.exe,BLUETEAM\ezk,nltest.exe  /dclist:BLUETEAM.COM,10756,2128,nltest.exe 5768 RegCloseKey HKLM\System\CurrentControlSet\Control\Nls\CustomLocale SUCCESS None 4/14/2022 12:34:30 PM Registry C:\Windows\system32\nltest.exe BLUETEAM\ezk nltest.exe  /dclist:BLUETEAM.COM 10756 2128,benign
nltest.exe,5768,RegQueryValue,HKLM\SOFTWARE\Microsoft\Cryptography\Defaults\Provider\Microsoft Strong Cryptographic Provider\Type,SUCCESS,"Type: REG_DWORD, Length: 4, Data: 1",4/14/2022 12:34:30 PM,Registry,C:\Windows\system32\nltest.exe,BLUETEAM\ezk,nltest.exe  /dclist:BLUETEAM.COM,10756,2128,"nltest.exe 5768 RegQueryValue HKLM\SOFTWARE\Microsoft\Cryptography\Defaults\Provider\Microsoft Strong Cryptographic Provider\Type SUCCESS Type: REG_DWORD, Length: 4, Data: 1 4/14/2022 12:34:30 PM Registry C:\Windows\system32\nltest.exe BLUETEAM\ezk nltest.exe  /dclist:BLUETEAM.COM 10756 2128",benign
nltest.exe,5768,RegOpenKey,HKLM\SOFTWARE\Microsoft\Cryptography\Defaults\Provider\Microsoft Strong Cryptographic Provider,SUCCESS,Desired Access: Read,4/14/2022 12:34:30 PM,Registry,C:\Windows\system32\nltest.exe,BLUETEAM\ezk,nltest.exe  /dclist:BLUETEAM.COM,10756,2128,nltest.exe 5768 RegOpenKey HKLM\SOFTWARE\Microsoft\Cryptography\Defaults\Provider\Microsoft Strong Cryptographic Provider SUCCESS Desired Access: Read 4/14/2022 12:34:30 PM Registry C:\Windows\system32\nltest.exe BLUETEAM\ezk nltest.exe  /dclist:BLUETEAM.COM 10756 2128,benign
nltest.exe,5768,RegQueryKey,HKLM,SUCCESS,"Query: HandleTags, HandleTags: 0x0",4/14/2022 12:34:30 PM,Registry,C:\Windows\system32\nltest.exe,BLUETEAM\ezk,nltest.exe  /dclist:BLUETEAM.COM,10756,2128,"nltest.exe 5768 RegQueryKey HKLM SUCCESS Query: HandleTags, HandleTags: 0x0 4/14/2022 12:34:30 PM Registry C:\Windows\system32\nltest.exe BLUETEAM\ezk nltest.exe  /dclist:BLUETEAM.COM 10756 2128",benign
nltest.exe,5768,RegCloseKey,HKLM\SOFTWARE\Microsoft\Cryptography\Defaults\Provider Types\Type 001,SUCCESS,,4/14/2022 12:34:30 PM,Registry,C:\Windows\system32\nltest.exe,BLUETEAM\ezk,nltest.exe  /dclist:BLUETEAM.COM,10756,2128,nltest.exe 5768 RegCloseKey HKLM\SOFTWARE\Microsoft\Cryptography\Defaults\Provider Types\Type 001 SUCCESS None 4/14/2022 12:34:30 PM Registry C:\Windows\system32\nltest.exe BLUETEAM\ezk nltest.exe  /dclist:BLUETEAM.COM 10756 2128,benign
nltest.exe,5768,RegQueryValue,HKLM\SOFTWARE\Microsoft\Cryptography\Defaults\Provider Types\Type 001\Name,SUCCESS,"Type: REG_SZ, Length: 80, Data: Microsoft Strong Cryptographic Provider",4/14/2022 12:34:30 PM,Registry,C:\Windows\system32\nltest.exe,BLUETEAM\ezk,nltest.exe  /dclist:BLUETEAM.COM,10756,2128,"nltest.exe 5768 RegQueryValue HKLM\SOFTWARE\Microsoft\Cryptography\Defaults\Provider Types\Type 001\Name SUCCESS Type: REG_SZ, Length: 80, Data: Microsoft Strong Cryptographic Provider 4/14/2022 12:34:30 PM Registry C:\Windows\system32\nltest.exe BLUETEAM\ezk nltest.exe  /dclist:BLUETEAM.COM 10756 2128",benign
nltest.exe,5768,RegQueryValue,HKLM\SOFTWARE\Microsoft\Cryptography\Defaults\Provider Types\Type 001\Name,BUFFER OVERFLOW,Length: 52,4/14/2022 12:34:30 PM,Registry,C:\Windows\system32\nltest.exe,BLUETEAM\ezk,nltest.exe  /dclist:BLUETEAM.COM,10756,2128,nltest.exe 5768 RegQueryValue HKLM\SOFTWARE\Microsoft\Cryptography\Defaults\Provider Types\Type 001\Name BUFFER OVERFLOW Length: 52 4/14/2022 12:34:30 PM Registry C:\Windows\system32\nltest.exe BLUETEAM\ezk nltest.exe  /dclist:BLUETEAM.COM 10756 2128,benign
nltest.exe,5768,RegOpenKey,HKCU\Control Panel\Desktop\MuiCached,SUCCESS,Desired Access: Read,4/14/2022 12:34:30 PM,Registry,C:\Windows\system32\nltest.exe,BLUETEAM\ezk,nltest.exe  /dclist:BLUETEAM.COM,10756,2128,nltest.exe 5768 RegOpenKey HKCU\Control Panel\Desktop\MuiCached SUCCESS Desired Access: Read 4/14/2022 12:34:30 PM Registry C:\Windows\system32\nltest.exe BLUETEAM\ezk nltest.exe  /dclist:BLUETEAM.COM 10756 2128,benign
nltest.exe,5768,RegQueryValue,HKLM\SOFTWARE\Microsoft\Cryptography\Defaults\Provider Types\Type 001\Name,SUCCESS,"Type: REG_SZ, Length: 80, Data: Microsoft Strong Cryptographic Provider",4/14/2022 12:34:30 PM,Registry,C:\Windows\system32\nltest.exe,BLUETEAM\ezk,nltest.exe  /dclist:BLUETEAM.COM,10756,2128,"nltest.exe 5768 RegQueryValue HKLM\SOFTWARE\Microsoft\Cryptography\Defaults\Provider Types\Type 001\Name SUCCESS Type: REG_SZ, Length: 80, Data: Microsoft Strong Cryptographic Provider 4/14/2022 12:34:30 PM Registry C:\Windows\system32\nltest.exe BLUETEAM\ezk nltest.exe  /dclist:BLUETEAM.COM 10756 2128",benign
nltest.exe,5768,RegOpenKey,HKLM\SOFTWARE\Microsoft\Cryptography\Defaults\Provider Types\Type 001,SUCCESS,Desired Access: Read,4/14/2022 12:34:30 PM,Registry,C:\Windows\system32\nltest.exe,BLUETEAM\ezk,nltest.exe  /dclist:BLUETEAM.COM,10756,2128,nltest.exe 5768 RegOpenKey HKLM\SOFTWARE\Microsoft\Cryptography\Defaults\Provider Types\Type 001 SUCCESS Desired Access: Read 4/14/2022 12:34:30 PM Registry C:\Windows\system32\nltest.exe BLUETEAM\ezk nltest.exe  /dclist:BLUETEAM.COM 10756 2128,benign
nltest.exe,5768,RegQueryKey,HKLM,SUCCESS,"Query: HandleTags, HandleTags: 0x0",4/14/2022 12:34:30 PM,Registry,C:\Windows\system32\nltest.exe,BLUETEAM\ezk,nltest.exe  /dclist:BLUETEAM.COM,10756,2128,"nltest.exe 5768 RegQueryKey HKLM SUCCESS Query: HandleTags, HandleTags: 0x0 4/14/2022 12:34:30 PM Registry C:\Windows\system32\nltest.exe BLUETEAM\ezk nltest.exe  /dclist:BLUETEAM.COM 10756 2128",benign
nltest.exe,5768,RegCloseKey,HKLM\System\CurrentControlSet\Control\Nls\ExtendedLocale,SUCCESS,,4/14/2022 12:34:30 PM,Registry,C:\Windows\system32\nltest.exe,BLUETEAM\ezk,nltest.exe  /dclist:BLUETEAM.COM,10756,2128,nltest.exe 5768 RegCloseKey HKLM\System\CurrentControlSet\Control\Nls\ExtendedLocale SUCCESS None 4/14/2022 12:34:30 PM Registry C:\Windows\system32\nltest.exe BLUETEAM\ezk nltest.exe  /dclist:BLUETEAM.COM 10756 2128,benign
nltest.exe,5768,RegQueryValue,HKLM\System\CurrentControlSet\Control\Nls\ExtendedLocale\en-US,NAME NOT FOUND,Length: 532,4/14/2022 12:34:30 PM,Registry,C:\Windows\system32\nltest.exe,BLUETEAM\ezk,nltest.exe  /dclist:BLUETEAM.COM,10756,2128,nltest.exe 5768 RegQueryValue HKLM\System\CurrentControlSet\Control\Nls\ExtendedLocale\en-US NAME NOT FOUND Length: 532 4/14/2022 12:34:30 PM Registry C:\Windows\system32\nltest.exe BLUETEAM\ezk nltest.exe  /dclist:BLUETEAM.COM 10756 2128,benign
nltest.exe,5768,RegOpenKey,HKLM\System\CurrentControlSet\Control\Nls\ExtendedLocale,SUCCESS,Desired Access: Read,4/14/2022 12:34:30 PM,Registry,C:\Windows\system32\nltest.exe,BLUETEAM\ezk,nltest.exe  /dclist:BLUETEAM.COM,10756,2128,nltest.exe 5768 RegOpenKey HKLM\System\CurrentControlSet\Control\Nls\ExtendedLocale SUCCESS Desired Access: Read 4/14/2022 12:34:30 PM Registry C:\Windows\system32\nltest.exe BLUETEAM\ezk nltest.exe  /dclist:BLUETEAM.COM 10756 2128,benign
nltest.exe,5768,RegOpenKey,HKLM\System\CurrentControlSet\Control\Nls\ExtendedLocale,REPARSE,Desired Access: Read,4/14/2022 12:34:30 PM,Registry,C:\Windows\system32\nltest.exe,BLUETEAM\ezk,nltest.exe  /dclist:BLUETEAM.COM,10756,2128,nltest.exe 5768 RegOpenKey HKLM\System\CurrentControlSet\Control\Nls\ExtendedLocale REPARSE Desired Access: Read 4/14/2022 12:34:30 PM Registry C:\Windows\system32\nltest.exe BLUETEAM\ezk nltest.exe  /dclist:BLUETEAM.COM 10756 2128,benign
nltest.exe,5768,RegQueryValue,HKLM\SOFTWARE\Microsoft\Cryptography\Defaults\Provider Types\Type 001\Name,BUFFER OVERFLOW,Length: 12,4/14/2022 12:34:30 PM,Registry,C:\Windows\system32\nltest.exe,BLUETEAM\ezk,nltest.exe  /dclist:BLUETEAM.COM,10756,2128,nltest.exe 5768 RegQueryValue HKLM\SOFTWARE\Microsoft\Cryptography\Defaults\Provider Types\Type 001\Name BUFFER OVERFLOW Length: 12 4/14/2022 12:34:30 PM Registry C:\Windows\system32\nltest.exe BLUETEAM\ezk nltest.exe  /dclist:BLUETEAM.COM 10756 2128,benign
nltest.exe,5768,RegQueryValue,HKLM\SOFTWARE\Microsoft\Cryptography\Defaults\Provider\Microsoft Strong Cryptographic Provider\Image Path,BUFFER OVERFLOW,Length: 12,4/14/2022 12:34:30 PM,Registry,C:\Windows\system32\nltest.exe,BLUETEAM\ezk,nltest.exe  /dclist:BLUETEAM.COM,10756,2128,nltest.exe 5768 RegQueryValue HKLM\SOFTWARE\Microsoft\Cryptography\Defaults\Provider\Microsoft Strong Cryptographic Provider\Image Path BUFFER OVERFLOW Length: 12 4/14/2022 12:34:30 PM Registry C:\Windows\system32\nltest.exe BLUETEAM\ezk nltest.exe  /dclist:BLUETEAM.COM 10756 2128,benign
nltest.exe,5768,RegOpenKey,HKCU,SUCCESS,"Desired Access: Maximum Allowed, Granted Access: All Access",4/14/2022 12:34:30 PM,Registry,C:\Windows\system32\nltest.exe,BLUETEAM\ezk,nltest.exe  /dclist:BLUETEAM.COM,10756,2128,"nltest.exe 5768 RegOpenKey HKCU SUCCESS Desired Access: Maximum Allowed, Granted Access: All Access 4/14/2022 12:34:30 PM Registry C:\Windows\system32\nltest.exe BLUETEAM\ezk nltest.exe  /dclist:BLUETEAM.COM 10756 2128",benign
nltest.exe,5768,RegCloseKey,HKCU,SUCCESS,,4/14/2022 12:34:30 PM,Registry,C:\Windows\system32\nltest.exe,BLUETEAM\ezk,nltest.exe  /dclist:BLUETEAM.COM,10756,2128,nltest.exe 5768 RegCloseKey HKCU SUCCESS None 4/14/2022 12:34:30 PM Registry C:\Windows\system32\nltest.exe BLUETEAM\ezk nltest.exe  /dclist:BLUETEAM.COM 10756 2128,benign
nltest.exe,5768,RegOpenKey,HKLM\Software\Policies\Microsoft\Windows\Display,NAME NOT FOUND,Desired Access: Read,4/14/2022 12:34:30 PM,Registry,C:\Windows\system32\nltest.exe,BLUETEAM\ezk,nltest.exe  /dclist:BLUETEAM.COM,10756,2128,nltest.exe 5768 RegOpenKey HKLM\Software\Policies\Microsoft\Windows\Display NAME NOT FOUND Desired Access: Read 4/14/2022 12:34:30 PM Registry C:\Windows\system32\nltest.exe BLUETEAM\ezk nltest.exe  /dclist:BLUETEAM.COM 10756 2128,benign
nltest.exe,5768,RegOpenKey,HKLM\Software\Microsoft\Windows NT\CurrentVersion\GRE_Initialize,SUCCESS,Desired Access: Read,4/14/2022 12:34:30 PM,Registry,C:\Windows\system32\nltest.exe,BLUETEAM\ezk,nltest.exe  /dclist:BLUETEAM.COM,10756,2128,nltest.exe 5768 RegOpenKey HKLM\Software\Microsoft\Windows NT\CurrentVersion\GRE_Initialize SUCCESS Desired Access: Read 4/14/2022 12:34:30 PM Registry C:\Windows\system32\nltest.exe BLUETEAM\ezk nltest.exe  /dclist:BLUETEAM.COM 10756 2128,benign
nltest.exe,5768,RegQueryValue,HKLM\SOFTWARE\Microsoft\Windows NT\CurrentVersion\GRE_Initialize\DisableMetaFiles,NAME NOT FOUND,Length: 20,4/14/2022 12:34:30 PM,Registry,C:\Windows\system32\nltest.exe,BLUETEAM\ezk,nltest.exe  /dclist:BLUETEAM.COM,10756,2128,nltest.exe 5768 RegQueryValue HKLM\SOFTWARE\Microsoft\Windows NT\CurrentVersion\GRE_Initialize\DisableMetaFiles NAME NOT FOUND Length: 20 4/14/2022 12:34:30 PM Registry C:\Windows\system32\nltest.exe BLUETEAM\ezk nltest.exe  /dclist:BLUETEAM.COM 10756 2128,benign
nltest.exe,5768,RegCloseKey,HKLM\SOFTWARE\Microsoft\Windows NT\CurrentVersion\GRE_Initialize,SUCCESS,,4/14/2022 12:34:30 PM,Registry,C:\Windows\system32\nltest.exe,BLUETEAM\ezk,nltest.exe  /dclist:BLUETEAM.COM,10756,2128,nltest.exe 5768 RegCloseKey HKLM\SOFTWARE\Microsoft\Windows NT\CurrentVersion\GRE_Initialize SUCCESS None 4/14/2022 12:34:30 PM Registry C:\Windows\system32\nltest.exe BLUETEAM\ezk nltest.exe  /dclist:BLUETEAM.COM 10756 2128,benign
nltest.exe,5768,RegOpenKey,HKLM\Software\Microsoft\Windows NT\CurrentVersion\GRE_Initialize,SUCCESS,Desired Access: Read,4/14/2022 12:34:30 PM,Registry,C:\Windows\system32\nltest.exe,BLUETEAM\ezk,nltest.exe  /dclist:BLUETEAM.COM,10756,2128,nltest.exe 5768 RegOpenKey HKLM\Software\Microsoft\Windows NT\CurrentVersion\GRE_Initialize SUCCESS Desired Access: Read 4/14/2022 12:34:30 PM Registry C:\Windows\system32\nltest.exe BLUETEAM\ezk nltest.exe  /dclist:BLUETEAM.COM 10756 2128,benign
nltest.exe,5768,RegQueryValue,HKLM\SOFTWARE\Microsoft\Windows NT\CurrentVersion\GRE_Initialize\DisableUmpdBufferSizeCheck,NAME NOT FOUND,Length: 20,4/14/2022 12:34:30 PM,Registry,C:\Windows\system32\nltest.exe,BLUETEAM\ezk,nltest.exe  /dclist:BLUETEAM.COM,10756,2128,nltest.exe 5768 RegQueryValue HKLM\SOFTWARE\Microsoft\Windows NT\CurrentVersion\GRE_Initialize\DisableUmpdBufferSizeCheck NAME NOT FOUND Length: 20 4/14/2022 12:34:30 PM Registry C:\Windows\system32\nltest.exe BLUETEAM\ezk nltest.exe  /dclist:BLUETEAM.COM 10756 2128,benign
nltest.exe,5768,RegCloseKey,HKLM\SOFTWARE\Microsoft\Windows NT\CurrentVersion\GRE_Initialize,SUCCESS,,4/14/2022 12:34:30 PM,Registry,C:\Windows\system32\nltest.exe,BLUETEAM\ezk,nltest.exe  /dclist:BLUETEAM.COM,10756,2128,nltest.exe 5768 RegCloseKey HKLM\SOFTWARE\Microsoft\Windows NT\CurrentVersion\GRE_Initialize SUCCESS None 4/14/2022 12:34:30 PM Registry C:\Windows\system32\nltest.exe BLUETEAM\ezk nltest.exe  /dclist:BLUETEAM.COM 10756 2128,benign
nltest.exe,5768,RegOpenKey,HKLM\Software\Microsoft\Windows NT\CurrentVersion\Image File Execution Options\nltest.exe,NAME NOT FOUND,Desired Access: Read,4/14/2022 12:34:30 PM,Registry,C:\Windows\system32\nltest.exe,BLUETEAM\ezk,nltest.exe  /dclist:BLUETEAM.COM,10756,2128,nltest.exe 5768 RegOpenKey HKLM\Software\Microsoft\Windows NT\CurrentVersion\Image File Execution Options\nltest.exe NAME NOT FOUND Desired Access: Read 4/14/2022 12:34:30 PM Registry C:\Windows\system32\nltest.exe BLUETEAM\ezk nltest.exe  /dclist:BLUETEAM.COM 10756 2128,benign
nltest.exe,5768,RegOpenKey,HKLM\Software\Policies\Microsoft\Windows\Control Panel\Desktop,NAME NOT FOUND,Desired Access: Read,4/14/2022 12:34:30 PM,Registry,C:\Windows\system32\nltest.exe,BLUETEAM\ezk,nltest.exe  /dclist:BLUETEAM.COM,10756,2128,nltest.exe 5768 RegOpenKey HKLM\Software\Policies\Microsoft\Windows\Control Panel\Desktop NAME NOT FOUND Desired Access: Read 4/14/2022 12:34:30 PM Registry C:\Windows\system32\nltest.exe BLUETEAM\ezk nltest.exe  /dclist:BLUETEAM.COM 10756 2128,benign
nltest.exe,5768,RegOpenKey,HKCU\Software\Policies\Microsoft\Windows\Control Panel\Desktop,NAME NOT FOUND,Desired Access: Read,4/14/2022 12:34:30 PM,Registry,C:\Windows\system32\nltest.exe,BLUETEAM\ezk,nltest.exe  /dclist:BLUETEAM.COM,10756,2128,nltest.exe 5768 RegOpenKey HKCU\Software\Policies\Microsoft\Windows\Control Panel\Desktop NAME NOT FOUND Desired Access: Read 4/14/2022 12:34:30 PM Registry C:\Windows\system32\nltest.exe BLUETEAM\ezk nltest.exe  /dclist:BLUETEAM.COM 10756 2128,benign
nltest.exe,5768,RegOpenKey,HKCU\Control Panel\Desktop,SUCCESS,Desired Access: Read,4/14/2022 12:34:30 PM,Registry,C:\Windows\system32\nltest.exe,BLUETEAM\ezk,nltest.exe  /dclist:BLUETEAM.COM,10756,2128,nltest.exe 5768 RegOpenKey HKCU\Control Panel\Desktop SUCCESS Desired Access: Read 4/14/2022 12:34:30 PM Registry C:\Windows\system32\nltest.exe BLUETEAM\ezk nltest.exe  /dclist:BLUETEAM.COM 10756 2128,benign
nltest.exe,5768,RegQueryValue,HKCU\Control Panel\Desktop\EnablePerProcessSystemDPI,NAME NOT FOUND,Length: 20,4/14/2022 12:34:30 PM,Registry,C:\Windows\system32\nltest.exe,BLUETEAM\ezk,nltest.exe  /dclist:BLUETEAM.COM,10756,2128,nltest.exe 5768 RegQueryValue HKCU\Control Panel\Desktop\EnablePerProcessSystemDPI NAME NOT FOUND Length: 20 4/14/2022 12:34:30 PM Registry C:\Windows\system32\nltest.exe BLUETEAM\ezk nltest.exe  /dclist:BLUETEAM.COM 10756 2128,benign
nltest.exe,5768,RegCloseKey,HKCU\Control Panel\Desktop,SUCCESS,,4/14/2022 12:34:30 PM,Registry,C:\Windows\system32\nltest.exe,BLUETEAM\ezk,nltest.exe  /dclist:BLUETEAM.COM,10756,2128,nltest.exe 5768 RegCloseKey HKCU\Control Panel\Desktop SUCCESS None 4/14/2022 12:34:30 PM Registry C:\Windows\system32\nltest.exe BLUETEAM\ezk nltest.exe  /dclist:BLUETEAM.COM 10756 2128,benign
nltest.exe,5768,RegOpenKey,HKLM\Software\Microsoft\Windows NT\CurrentVersion\Compatibility32,SUCCESS,Desired Access: Read,4/14/2022 12:34:30 PM,Registry,C:\Windows\system32\nltest.exe,BLUETEAM\ezk,nltest.exe  /dclist:BLUETEAM.COM,10756,2128,nltest.exe 5768 RegOpenKey HKLM\Software\Microsoft\Windows NT\CurrentVersion\Compatibility32 SUCCESS Desired Access: Read 4/14/2022 12:34:30 PM Registry C:\Windows\system32\nltest.exe BLUETEAM\ezk nltest.exe  /dclist:BLUETEAM.COM 10756 2128,benign
nltest.exe,5768,RegQueryValue,HKLM\SOFTWARE\Microsoft\Windows NT\CurrentVersion\Compatibility32\nltest,NAME NOT FOUND,Length: 172,4/14/2022 12:34:30 PM,Registry,C:\Windows\system32\nltest.exe,BLUETEAM\ezk,nltest.exe  /dclist:BLUETEAM.COM,10756,2128,nltest.exe 5768 RegQueryValue HKLM\SOFTWARE\Microsoft\Windows NT\CurrentVersion\Compatibility32\nltest NAME NOT FOUND Length: 172 4/14/2022 12:34:30 PM Registry C:\Windows\system32\nltest.exe BLUETEAM\ezk nltest.exe  /dclist:BLUETEAM.COM 10756 2128,benign
nltest.exe,5768,RegCloseKey,HKLM\SOFTWARE\Microsoft\Windows NT\CurrentVersion\Compatibility32,SUCCESS,,4/14/2022 12:34:30 PM,Registry,C:\Windows\system32\nltest.exe,BLUETEAM\ezk,nltest.exe  /dclist:BLUETEAM.COM,10756,2128,nltest.exe 5768 RegCloseKey HKLM\SOFTWARE\Microsoft\Windows NT\CurrentVersion\Compatibility32 SUCCESS None 4/14/2022 12:34:30 PM Registry C:\Windows\system32\nltest.exe BLUETEAM\ezk nltest.exe  /dclist:BLUETEAM.COM 10756 2128,benign
nltest.exe,5768,RegOpenKey,HKLM\Software\Microsoft\Windows NT\CurrentVersion\IME Compatibility,NAME NOT FOUND,Desired Access: Read,4/14/2022 12:34:30 PM,Registry,C:\Windows\system32\nltest.exe,BLUETEAM\ezk,nltest.exe  /dclist:BLUETEAM.COM,10756,2128,nltest.exe 5768 RegOpenKey HKLM\Software\Microsoft\Windows NT\CurrentVersion\IME Compatibility NAME NOT FOUND Desired Access: Read 4/14/2022 12:34:30 PM Registry C:\Windows\system32\nltest.exe BLUETEAM\ezk nltest.exe  /dclist:BLUETEAM.COM 10756 2128,benign
nltest.exe,5768,RegCloseKey,HKCU\Control Panel\Desktop,SUCCESS,,4/14/2022 12:34:30 PM,Registry,C:\Windows\system32\nltest.exe,BLUETEAM\ezk,nltest.exe  /dclist:BLUETEAM.COM,10756,2128,nltest.exe 5768 RegCloseKey HKCU\Control Panel\Desktop SUCCESS None 4/14/2022 12:34:30 PM Registry C:\Windows\system32\nltest.exe BLUETEAM\ezk nltest.exe  /dclist:BLUETEAM.COM 10756 2128,benign
nltest.exe,5768,RegQueryValue,HKCU\Control Panel\Desktop\PreferredUILanguages,NAME NOT FOUND,Length: 12,4/14/2022 12:34:30 PM,Registry,C:\Windows\system32\nltest.exe,BLUETEAM\ezk,nltest.exe  /dclist:BLUETEAM.COM,10756,2128,nltest.exe 5768 RegQueryValue HKCU\Control Panel\Desktop\PreferredUILanguages NAME NOT FOUND Length: 12 4/14/2022 12:34:30 PM Registry C:\Windows\system32\nltest.exe BLUETEAM\ezk nltest.exe  /dclist:BLUETEAM.COM 10756 2128,benign
nltest.exe,5768,RegOpenKey,HKCU\Control Panel\Desktop,SUCCESS,Desired Access: Read,4/14/2022 12:34:30 PM,Registry,C:\Windows\system32\nltest.exe,BLUETEAM\ezk,nltest.exe  /dclist:BLUETEAM.COM,10756,2128,nltest.exe 5768 RegOpenKey HKCU\Control Panel\Desktop SUCCESS Desired Access: Read 4/14/2022 12:34:30 PM Registry C:\Windows\system32\nltest.exe BLUETEAM\ezk nltest.exe  /dclist:BLUETEAM.COM 10756 2128,benign
nltest.exe,5768,RegOpenKey,HKCU\Software\Policies\Microsoft\Control Panel\Desktop,NAME NOT FOUND,Desired Access: Read,4/14/2022 12:34:30 PM,Registry,C:\Windows\system32\nltest.exe,BLUETEAM\ezk,nltest.exe  /dclist:BLUETEAM.COM,10756,2128,nltest.exe 5768 RegOpenKey HKCU\Software\Policies\Microsoft\Control Panel\Desktop NAME NOT FOUND Desired Access: Read 4/14/2022 12:34:30 PM Registry C:\Windows\system32\nltest.exe BLUETEAM\ezk nltest.exe  /dclist:BLUETEAM.COM 10756 2128,benign
nltest.exe,5768,RegOpenKey,HKCU,SUCCESS,"Desired Access: Maximum Allowed, Granted Access: All Access",4/14/2022 12:34:30 PM,Registry,C:\Windows\system32\nltest.exe,BLUETEAM\ezk,nltest.exe  /dclist:BLUETEAM.COM,10756,2128,"nltest.exe 5768 RegOpenKey HKCU SUCCESS Desired Access: Maximum Allowed, Granted Access: All Access 4/14/2022 12:34:30 PM Registry C:\Windows\system32\nltest.exe BLUETEAM\ezk nltest.exe  /dclist:BLUETEAM.COM 10756 2128",benign
nltest.exe,5768,RegOpenKey,HKLM\Software\Policies\Microsoft\MUI\Settings,NAME NOT FOUND,Desired Access: Read,4/14/2022 12:34:30 PM,Registry,C:\Windows\system32\nltest.exe,BLUETEAM\ezk,nltest.exe  /dclist:BLUETEAM.COM,10756,2128,nltest.exe 5768 RegOpenKey HKLM\Software\Policies\Microsoft\MUI\Settings NAME NOT FOUND Desired Access: Read 4/14/2022 12:34:30 PM Registry C:\Windows\system32\nltest.exe BLUETEAM\ezk nltest.exe  /dclist:BLUETEAM.COM 10756 2128,benign
nltest.exe,5768,RegOpenKey,HKLM\Software\Policies\Microsoft\MUI\Settings,NAME NOT FOUND,Desired Access: Read,4/14/2022 12:34:30 PM,Registry,C:\Windows\system32\nltest.exe,BLUETEAM\ezk,nltest.exe  /dclist:BLUETEAM.COM,10756,2128,nltest.exe 5768 RegOpenKey HKLM\Software\Policies\Microsoft\MUI\Settings NAME NOT FOUND Desired Access: Read 4/14/2022 12:34:30 PM Registry C:\Windows\system32\nltest.exe BLUETEAM\ezk nltest.exe  /dclist:BLUETEAM.COM 10756 2128,benign
nltest.exe,5768,RegCloseKey,HKCU,SUCCESS,,4/14/2022 12:34:30 PM,Registry,C:\Windows\system32\nltest.exe,BLUETEAM\ezk,nltest.exe  /dclist:BLUETEAM.COM,10756,2128,nltest.exe 5768 RegCloseKey HKCU SUCCESS None 4/14/2022 12:34:30 PM Registry C:\Windows\system32\nltest.exe BLUETEAM\ezk nltest.exe  /dclist:BLUETEAM.COM 10756 2128,benign
nltest.exe,5768,RegOpenKey,HKCU\Software\Policies\Microsoft\Control Panel\Desktop,NAME NOT FOUND,Desired Access: Read,4/14/2022 12:34:30 PM,Registry,C:\Windows\system32\nltest.exe,BLUETEAM\ezk,nltest.exe  /dclist:BLUETEAM.COM,10756,2128,nltest.exe 5768 RegOpenKey HKCU\Software\Policies\Microsoft\Control Panel\Desktop NAME NOT FOUND Desired Access: Read 4/14/2022 12:34:30 PM Registry C:\Windows\system32\nltest.exe BLUETEAM\ezk nltest.exe  /dclist:BLUETEAM.COM 10756 2128,benign
nltest.exe,5768,RegOpenKey,HKCU,SUCCESS,"Desired Access: Maximum Allowed, Granted Access: All Access",4/14/2022 12:34:30 PM,Registry,C:\Windows\system32\nltest.exe,BLUETEAM\ezk,nltest.exe  /dclist:BLUETEAM.COM,10756,2128,"nltest.exe 5768 RegOpenKey HKCU SUCCESS Desired Access: Maximum Allowed, Granted Access: All Access 4/14/2022 12:34:30 PM Registry C:\Windows\system32\nltest.exe BLUETEAM\ezk nltest.exe  /dclist:BLUETEAM.COM 10756 2128",benign
nltest.exe,5768,RegOpenKey,HKLM\Software\Policies\Microsoft\MUI\Settings,NAME NOT FOUND,Desired Access: Read,4/14/2022 12:34:30 PM,Registry,C:\Windows\system32\nltest.exe,BLUETEAM\ezk,nltest.exe  /dclist:BLUETEAM.COM,10756,2128,nltest.exe 5768 RegOpenKey HKLM\Software\Policies\Microsoft\MUI\Settings NAME NOT FOUND Desired Access: Read 4/14/2022 12:34:30 PM Registry C:\Windows\system32\nltest.exe BLUETEAM\ezk nltest.exe  /dclist:BLUETEAM.COM 10756 2128,benign
nltest.exe,5768,RegCloseKey,HKCU,SUCCESS,,4/14/2022 12:34:30 PM,Registry,C:\Windows\system32\nltest.exe,BLUETEAM\ezk,nltest.exe  /dclist:BLUETEAM.COM,10756,2128,nltest.exe 5768 RegCloseKey HKCU SUCCESS None 4/14/2022 12:34:30 PM Registry C:\Windows\system32\nltest.exe BLUETEAM\ezk nltest.exe  /dclist:BLUETEAM.COM 10756 2128,benign
nltest.exe,5768,RegOpenKey,HKCU\Control Panel\Desktop\MuiCached\MachineLanguageConfiguration,NAME NOT FOUND,Desired Access: Read,4/14/2022 12:34:30 PM,Registry,C:\Windows\system32\nltest.exe,BLUETEAM\ezk,nltest.exe  /dclist:BLUETEAM.COM,10756,2128,nltest.exe 5768 RegOpenKey HKCU\Control Panel\Desktop\MuiCached\MachineLanguageConfiguration NAME NOT FOUND Desired Access: Read 4/14/2022 12:34:30 PM Registry C:\Windows\system32\nltest.exe BLUETEAM\ezk nltest.exe  /dclist:BLUETEAM.COM 10756 2128,benign
nltest.exe,5768,RegOpenKey,HKCU,SUCCESS,"Desired Access: Maximum Allowed, Granted Access: All Access",4/14/2022 12:34:30 PM,Registry,C:\Windows\system32\nltest.exe,BLUETEAM\ezk,nltest.exe  /dclist:BLUETEAM.COM,10756,2128,"nltest.exe 5768 RegOpenKey HKCU SUCCESS Desired Access: Maximum Allowed, Granted Access: All Access 4/14/2022 12:34:30 PM Registry C:\Windows\system32\nltest.exe BLUETEAM\ezk nltest.exe  /dclist:BLUETEAM.COM 10756 2128",benign
nltest.exe,5768,RegOpenKey,HKCU\Control Panel\Desktop\LanguageConfiguration,NAME NOT FOUND,Desired Access: Read,4/14/2022 12:34:30 PM,Registry,C:\Windows\system32\nltest.exe,BLUETEAM\ezk,nltest.exe  /dclist:BLUETEAM.COM,10756,2128,nltest.exe 5768 RegOpenKey HKCU\Control Panel\Desktop\LanguageConfiguration NAME NOT FOUND Desired Access: Read 4/14/2022 12:34:30 PM Registry C:\Windows\system32\nltest.exe BLUETEAM\ezk nltest.exe  /dclist:BLUETEAM.COM 10756 2128,benign
nltest.exe,5768,RegQueryKey,HKLM,SUCCESS,"Query: HandleTags, HandleTags: 0x0",4/14/2022 12:34:30 PM,Registry,C:\Windows\system32\nltest.exe,BLUETEAM\ezk,nltest.exe  /dclist:BLUETEAM.COM,10756,2128,"nltest.exe 5768 RegQueryKey HKLM SUCCESS Query: HandleTags, HandleTags: 0x0 4/14/2022 12:34:30 PM Registry C:\Windows\system32\nltest.exe BLUETEAM\ezk nltest.exe  /dclist:BLUETEAM.COM 10756 2128",benign
nltest.exe,5768,RegQueryValue,HKLM\SOFTWARE\Microsoft\Cryptography\Defaults\Provider\Microsoft Strong Cryptographic Provider\Image Path,SUCCESS,"Type: REG_SZ, Length: 66, Data: %SystemRoot%\system32\rsaenh.dll",4/14/2022 12:34:30 PM,Registry,C:\Windows\system32\nltest.exe,BLUETEAM\ezk,nltest.exe  /dclist:BLUETEAM.COM,10756,2128,"nltest.exe 5768 RegQueryValue HKLM\SOFTWARE\Microsoft\Cryptography\Defaults\Provider\Microsoft Strong Cryptographic Provider\Image Path SUCCESS Type: REG_SZ, Length: 66, Data: %SystemRoot%\system32\rsaenh.dll 4/14/2022 12:34:30 PM Registry C:\Windows\system32\nltest.exe BLUETEAM\ezk nltest.exe  /dclist:BLUETEAM.COM 10756 2128",benign
nltest.exe,5768,RegQueryValue,HKLM\SOFTWARE\Microsoft\Cryptography\Defaults\Provider\Microsoft Strong Cryptographic Provider\Image Path,SUCCESS,"Type: REG_SZ, Length: 66, Data: %SystemRoot%\system32\rsaenh.dll",4/14/2022 12:34:30 PM,Registry,C:\Windows\system32\nltest.exe,BLUETEAM\ezk,nltest.exe  /dclist:BLUETEAM.COM,10756,2128,"nltest.exe 5768 RegQueryValue HKLM\SOFTWARE\Microsoft\Cryptography\Defaults\Provider\Microsoft Strong Cryptographic Provider\Image Path SUCCESS Type: REG_SZ, Length: 66, Data: %SystemRoot%\system32\rsaenh.dll 4/14/2022 12:34:30 PM Registry C:\Windows\system32\nltest.exe BLUETEAM\ezk nltest.exe  /dclist:BLUETEAM.COM 10756 2128",benign
nltest.exe,5768,RegOpenKey,HKLM\System\CurrentControlSet\Control\Lsa\FipsAlgorithmPolicy,SUCCESS,Desired Access: Query Value,4/14/2022 12:34:30 PM,Registry,C:\Windows\system32\nltest.exe,BLUETEAM\ezk,nltest.exe  /dclist:BLUETEAM.COM,10756,2128,nltest.exe 5768 RegOpenKey HKLM\System\CurrentControlSet\Control\Lsa\FipsAlgorithmPolicy SUCCESS Desired Access: Query Value 4/14/2022 12:34:30 PM Registry C:\Windows\system32\nltest.exe BLUETEAM\ezk nltest.exe  /dclist:BLUETEAM.COM 10756 2128,benign
nltest.exe,5768,RegQueryValue,HKLM\System\CurrentControlSet\Control\Lsa\FipsAlgorithmPolicy\Enabled,SUCCESS,"Type: REG_DWORD, Length: 4, Data: 0",4/14/2022 12:34:30 PM,Registry,C:\Windows\system32\nltest.exe,BLUETEAM\ezk,nltest.exe  /dclist:BLUETEAM.COM,10756,2128,"nltest.exe 5768 RegQueryValue HKLM\System\CurrentControlSet\Control\Lsa\FipsAlgorithmPolicy\Enabled SUCCESS Type: REG_DWORD, Length: 4, Data: 0 4/14/2022 12:34:30 PM Registry C:\Windows\system32\nltest.exe BLUETEAM\ezk nltest.exe  /dclist:BLUETEAM.COM 10756 2128",benign
nltest.exe,5768,RegOpenKey,HKLM\System\CurrentControlSet\Control\Lsa,REPARSE,Desired Access: Query Value,4/14/2022 12:34:30 PM,Registry,C:\Windows\system32\nltest.exe,BLUETEAM\ezk,nltest.exe  /dclist:BLUETEAM.COM,10756,2128,nltest.exe 5768 RegOpenKey HKLM\System\CurrentControlSet\Control\Lsa REPARSE Desired Access: Query Value 4/14/2022 12:34:30 PM Registry C:\Windows\system32\nltest.exe BLUETEAM\ezk nltest.exe  /dclist:BLUETEAM.COM 10756 2128,benign
nltest.exe,5768,RegOpenKey,HKLM\System\CurrentControlSet\Control\Lsa,SUCCESS,Desired Access: Query Value,4/14/2022 12:34:30 PM,Registry,C:\Windows\system32\nltest.exe,BLUETEAM\ezk,nltest.exe  /dclist:BLUETEAM.COM,10756,2128,nltest.exe 5768 RegOpenKey HKLM\System\CurrentControlSet\Control\Lsa SUCCESS Desired Access: Query Value 4/14/2022 12:34:30 PM Registry C:\Windows\system32\nltest.exe BLUETEAM\ezk nltest.exe  /dclist:BLUETEAM.COM 10756 2128,benign
nltest.exe,5768,RegQueryValue,HKLM\System\CurrentControlSet\Control\Lsa\FipsAlgorithmPolicy,NAME NOT FOUND,Length: 20,4/14/2022 12:34:30 PM,Registry,C:\Windows\system32\nltest.exe,BLUETEAM\ezk,nltest.exe  /dclist:BLUETEAM.COM,10756,2128,nltest.exe 5768 RegQueryValue HKLM\System\CurrentControlSet\Control\Lsa\FipsAlgorithmPolicy NAME NOT FOUND Length: 20 4/14/2022 12:34:30 PM Registry C:\Windows\system32\nltest.exe BLUETEAM\ezk nltest.exe  /dclist:BLUETEAM.COM 10756 2128,benign
nltest.exe,5768,RegQueryValue,HKLM\System\CurrentControlSet\Control\Lsa\FipsAlgorithmPolicy\MDMEnabled,NAME NOT FOUND,Length: 20,4/14/2022 12:34:30 PM,Registry,C:\Windows\system32\nltest.exe,BLUETEAM\ezk,nltest.exe  /dclist:BLUETEAM.COM,10756,2128,nltest.exe 5768 RegQueryValue HKLM\System\CurrentControlSet\Control\Lsa\FipsAlgorithmPolicy\MDMEnabled NAME NOT FOUND Length: 20 4/14/2022 12:34:30 PM Registry C:\Windows\system32\nltest.exe BLUETEAM\ezk nltest.exe  /dclist:BLUETEAM.COM 10756 2128,benign
nltest.exe,5768,RegCloseKey,HKLM\System\CurrentControlSet\Control\Lsa\FipsAlgorithmPolicy,SUCCESS,,4/14/2022 12:34:30 PM,Registry,C:\Windows\system32\nltest.exe,BLUETEAM\ezk,nltest.exe  /dclist:BLUETEAM.COM,10756,2128,nltest.exe 5768 RegCloseKey HKLM\System\CurrentControlSet\Control\Lsa\FipsAlgorithmPolicy SUCCESS None 4/14/2022 12:34:30 PM Registry C:\Windows\system32\nltest.exe BLUETEAM\ezk nltest.exe  /dclist:BLUETEAM.COM 10756 2128,benign
nltest.exe,5768,RegCloseKey,HKLM\System\CurrentControlSet\Control\Lsa,SUCCESS,,4/14/2022 12:34:30 PM,Registry,C:\Windows\system32\nltest.exe,BLUETEAM\ezk,nltest.exe  /dclist:BLUETEAM.COM,10756,2128,nltest.exe 5768 RegCloseKey HKLM\System\CurrentControlSet\Control\Lsa SUCCESS None 4/14/2022 12:34:30 PM Registry C:\Windows\system32\nltest.exe BLUETEAM\ezk nltest.exe  /dclist:BLUETEAM.COM 10756 2128,benign
nltest.exe,5768,RegOpenKey,HKLM\SYSTEM\CurrentControlSet\Policies\Microsoft\Cryptography\Configuration,REPARSE,Desired Access: Query Value,4/14/2022 12:34:30 PM,Registry,C:\Windows\system32\nltest.exe,BLUETEAM\ezk,nltest.exe  /dclist:BLUETEAM.COM,10756,2128,nltest.exe 5768 RegOpenKey HKLM\SYSTEM\CurrentControlSet\Policies\Microsoft\Cryptography\Configuration REPARSE Desired Access: Query Value 4/14/2022 12:34:30 PM Registry C:\Windows\system32\nltest.exe BLUETEAM\ezk nltest.exe  /dclist:BLUETEAM.COM 10756 2128,benign
nltest.exe,5768,RegOpenKey,HKLM\System\CurrentControlSet\Policies\Microsoft\Cryptography\Configuration,NAME NOT FOUND,Desired Access: Query Value,4/14/2022 12:34:30 PM,Registry,C:\Windows\system32\nltest.exe,BLUETEAM\ezk,nltest.exe  /dclist:BLUETEAM.COM,10756,2128,nltest.exe 5768 RegOpenKey HKLM\System\CurrentControlSet\Policies\Microsoft\Cryptography\Configuration NAME NOT FOUND Desired Access: Query Value 4/14/2022 12:34:30 PM Registry C:\Windows\system32\nltest.exe BLUETEAM\ezk nltest.exe  /dclist:BLUETEAM.COM 10756 2128,benign
nltest.exe,5768,RegCloseKey,HKLM\SOFTWARE\Microsoft\Cryptography\Defaults\Provider\Microsoft Strong Cryptographic Provider,SUCCESS,,4/14/2022 12:34:30 PM,Registry,C:\Windows\system32\nltest.exe,BLUETEAM\ezk,nltest.exe  /dclist:BLUETEAM.COM,10756,2128,nltest.exe 5768 RegCloseKey HKLM\SOFTWARE\Microsoft\Cryptography\Defaults\Provider\Microsoft Strong Cryptographic Provider SUCCESS None 4/14/2022 12:34:30 PM Registry C:\Windows\system32\nltest.exe BLUETEAM\ezk nltest.exe  /dclist:BLUETEAM.COM 10756 2128,benign
nltest.exe,5768,RegQueryKey,HKLM,SUCCESS,"Query: HandleTags, HandleTags: 0x0",4/14/2022 12:34:30 PM,Registry,C:\Windows\system32\nltest.exe,BLUETEAM\ezk,nltest.exe  /dclist:BLUETEAM.COM,10756,2128,"nltest.exe 5768 RegQueryKey HKLM SUCCESS Query: HandleTags, HandleTags: 0x0 4/14/2022 12:34:30 PM Registry C:\Windows\system32\nltest.exe BLUETEAM\ezk nltest.exe  /dclist:BLUETEAM.COM 10756 2128",benign
nltest.exe,5768,RegOpenKey,HKLM\Software\Microsoft\Rpc,SUCCESS,Desired Access: Read,4/14/2022 12:34:30 PM,Registry,C:\Windows\system32\nltest.exe,BLUETEAM\ezk,nltest.exe  /dclist:BLUETEAM.COM,10756,2128,nltest.exe 5768 RegOpenKey HKLM\Software\Microsoft\Rpc SUCCESS Desired Access: Read 4/14/2022 12:34:30 PM Registry C:\Windows\system32\nltest.exe BLUETEAM\ezk nltest.exe  /dclist:BLUETEAM.COM 10756 2128,benign
nltest.exe,5768,RegQueryValue,HKLM\SOFTWARE\Microsoft\Rpc\MaxRpcSize,NAME NOT FOUND,Length: 16,4/14/2022 12:34:30 PM,Registry,C:\Windows\system32\nltest.exe,BLUETEAM\ezk,nltest.exe  /dclist:BLUETEAM.COM,10756,2128,nltest.exe 5768 RegQueryValue HKLM\SOFTWARE\Microsoft\Rpc\MaxRpcSize NAME NOT FOUND Length: 16 4/14/2022 12:34:30 PM Registry C:\Windows\system32\nltest.exe BLUETEAM\ezk nltest.exe  /dclist:BLUETEAM.COM 10756 2128,benign
nltest.exe,5768,RegCloseKey,HKLM\SOFTWARE\Microsoft\Rpc,SUCCESS,,4/14/2022 12:34:30 PM,Registry,C:\Windows\system32\nltest.exe,BLUETEAM\ezk,nltest.exe  /dclist:BLUETEAM.COM,10756,2128,nltest.exe 5768 RegCloseKey HKLM\SOFTWARE\Microsoft\Rpc SUCCESS None 4/14/2022 12:34:30 PM Registry C:\Windows\system32\nltest.exe BLUETEAM\ezk nltest.exe  /dclist:BLUETEAM.COM 10756 2128,benign
nltest.exe,5768,RegOpenKey,HKLM\System\CurrentControlSet\Services\CCG,REPARSE,Desired Access: Read,4/14/2022 12:34:30 PM,Registry,C:\Windows\system32\nltest.exe,BLUETEAM\ezk,nltest.exe  /dclist:BLUETEAM.COM,10756,2128,nltest.exe 5768 RegOpenKey HKLM\System\CurrentControlSet\Services\CCG REPARSE Desired Access: Read 4/14/2022 12:34:30 PM Registry C:\Windows\system32\nltest.exe BLUETEAM\ezk nltest.exe  /dclist:BLUETEAM.COM 10756 2128,benign
nltest.exe,5768,RegOpenKey,HKLM\System\CurrentControlSet\Services\CCG,NAME NOT FOUND,Desired Access: Read,4/14/2022 12:34:30 PM,Registry,C:\Windows\system32\nltest.exe,BLUETEAM\ezk,nltest.exe  /dclist:BLUETEAM.COM,10756,2128,nltest.exe 5768 RegOpenKey HKLM\System\CurrentControlSet\Services\CCG NAME NOT FOUND Desired Access: Read 4/14/2022 12:34:30 PM Registry C:\Windows\system32\nltest.exe BLUETEAM\ezk nltest.exe  /dclist:BLUETEAM.COM 10756 2128,benign
nltest.exe,5768,RegQueryKey,HKLM,SUCCESS,"Query: HandleTags, HandleTags: 0x0",4/14/2022 12:34:30 PM,Registry,C:\Windows\system32\nltest.exe,BLUETEAM\ezk,nltest.exe  /dclist:BLUETEAM.COM,10756,2128,"nltest.exe 5768 RegQueryKey HKLM SUCCESS Query: HandleTags, HandleTags: 0x0 4/14/2022 12:34:30 PM Registry C:\Windows\system32\nltest.exe BLUETEAM\ezk nltest.exe  /dclist:BLUETEAM.COM 10756 2128",benign
nltest.exe,5768,RegOpenKey,HKLM\SOFTWARE\Microsoft\Windows NT\CurrentVersion\Image File Execution Options\nltest.exe,NAME NOT FOUND,"Desired Access: Query Value, Enumerate Sub Keys",4/14/2022 12:34:30 PM,Registry,C:\Windows\system32\nltest.exe,BLUETEAM\ezk,nltest.exe  /dclist:BLUETEAM.COM,10756,2128,"nltest.exe 5768 RegOpenKey HKLM\SOFTWARE\Microsoft\Windows NT\CurrentVersion\Image File Execution Options\nltest.exe NAME NOT FOUND Desired Access: Query Value, Enumerate Sub Keys 4/14/2022 12:34:30 PM Registry C:\Windows\system32\nltest.exe BLUETEAM\ezk nltest.exe  /dclist:BLUETEAM.COM 10756 2128",benign
nltest.exe,5768,RegCloseKey,HKLM\SYSTEM\Setup,SUCCESS,,4/14/2022 12:34:30 PM,Registry,C:\Windows\system32\nltest.exe,BLUETEAM\ezk,nltest.exe  /dclist:BLUETEAM.COM,10756,2128,nltest.exe 5768 RegCloseKey HKLM\SYSTEM\Setup SUCCESS None 4/14/2022 12:34:30 PM Registry C:\Windows\system32\nltest.exe BLUETEAM\ezk nltest.exe  /dclist:BLUETEAM.COM 10756 2128,benign
nltest.exe,5768,RegQueryValue,HKLM\SYSTEM\Setup\SystemSetupInProgress,SUCCESS,"Type: REG_DWORD, Length: 4, Data: 0",4/14/2022 12:34:30 PM,Registry,C:\Windows\system32\nltest.exe,BLUETEAM\ezk,nltest.exe  /dclist:BLUETEAM.COM,10756,2128,"nltest.exe 5768 RegQueryValue HKLM\SYSTEM\Setup\SystemSetupInProgress SUCCESS Type: REG_DWORD, Length: 4, Data: 0 4/14/2022 12:34:30 PM Registry C:\Windows\system32\nltest.exe BLUETEAM\ezk nltest.exe  /dclist:BLUETEAM.COM 10756 2128",benign
nltest.exe,5768,RegOpenKey,HKLM\System\Setup,SUCCESS,Desired Access: Read,4/14/2022 12:34:30 PM,Registry,C:\Windows\system32\nltest.exe,BLUETEAM\ezk,nltest.exe  /dclist:BLUETEAM.COM,10756,2128,nltest.exe 5768 RegOpenKey HKLM\System\Setup SUCCESS Desired Access: Read 4/14/2022 12:34:30 PM Registry C:\Windows\system32\nltest.exe BLUETEAM\ezk nltest.exe  /dclist:BLUETEAM.COM 10756 2128,benign
nltest.exe,5768,RegCloseKey,HKLM\SYSTEM\Setup,SUCCESS,,4/14/2022 12:34:30 PM,Registry,C:\Windows\system32\nltest.exe,BLUETEAM\ezk,nltest.exe  /dclist:BLUETEAM.COM,10756,2128,nltest.exe 5768 RegCloseKey HKLM\SYSTEM\Setup SUCCESS None 4/14/2022 12:34:30 PM Registry C:\Windows\system32\nltest.exe BLUETEAM\ezk nltest.exe  /dclist:BLUETEAM.COM 10756 2128,benign
nltest.exe,5768,RegOpenKey,HKLM\System\CurrentControlSet\Control\Lsa\FipsAlgorithmPolicy,REPARSE,Desired Access: Query Value,4/14/2022 12:34:30 PM,Registry,C:\Windows\system32\nltest.exe,BLUETEAM\ezk,nltest.exe  /dclist:BLUETEAM.COM,10756,2128,nltest.exe 5768 RegOpenKey HKLM\System\CurrentControlSet\Control\Lsa\FipsAlgorithmPolicy REPARSE Desired Access: Query Value 4/14/2022 12:34:30 PM Registry C:\Windows\system32\nltest.exe BLUETEAM\ezk nltest.exe  /dclist:BLUETEAM.COM 10756 2128,benign
nltest.exe,5768,RegQueryValue,HKLM\SYSTEM\Setup\OOBEInProgress,SUCCESS,"Type: REG_DWORD, Length: 4, Data: 0",4/14/2022 12:34:30 PM,Registry,C:\Windows\system32\nltest.exe,BLUETEAM\ezk,nltest.exe  /dclist:BLUETEAM.COM,10756,2128,"nltest.exe 5768 RegQueryValue HKLM\SYSTEM\Setup\OOBEInProgress SUCCESS Type: REG_DWORD, Length: 4, Data: 0 4/14/2022 12:34:30 PM Registry C:\Windows\system32\nltest.exe BLUETEAM\ezk nltest.exe  /dclist:BLUETEAM.COM 10756 2128",benign
nltest.exe,5768,RegCloseKey,HKLM\System\CurrentControlSet\Control\ComputerName\ActiveComputerName,SUCCESS,,4/14/2022 12:34:30 PM,Registry,C:\Windows\system32\nltest.exe,BLUETEAM\ezk,nltest.exe  /dclist:BLUETEAM.COM,10756,2128,nltest.exe 5768 RegCloseKey HKLM\System\CurrentControlSet\Control\ComputerName\ActiveComputerName SUCCESS None 4/14/2022 12:34:30 PM Registry C:\Windows\system32\nltest.exe BLUETEAM\ezk nltest.exe  /dclist:BLUETEAM.COM 10756 2128,benign
nltest.exe,5768,RegQueryValue,HKLM\System\CurrentControlSet\Control\ComputerName\ActiveComputerName\ComputerName,SUCCESS,"Type: REG_SZ, Length: 32, Data: DESKTOP-BA1RQFC",4/14/2022 12:34:30 PM,Registry,C:\Windows\system32\nltest.exe,BLUETEAM\ezk,nltest.exe  /dclist:BLUETEAM.COM,10756,2128,"nltest.exe 5768 RegQueryValue HKLM\System\CurrentControlSet\Control\ComputerName\ActiveComputerName\ComputerName SUCCESS Type: REG_SZ, Length: 32, Data: DESKTOP-BA1RQFC 4/14/2022 12:34:30 PM Registry C:\Windows\system32\nltest.exe BLUETEAM\ezk nltest.exe  /dclist:BLUETEAM.COM 10756 2128",benign
nltest.exe,5768,RegOpenKey,HKLM\System\CurrentControlSet\Control\ComputerName\ActiveComputerName,SUCCESS,Desired Access: Read,4/14/2022 12:34:30 PM,Registry,C:\Windows\system32\nltest.exe,BLUETEAM\ezk,nltest.exe  /dclist:BLUETEAM.COM,10756,2128,nltest.exe 5768 RegOpenKey HKLM\System\CurrentControlSet\Control\ComputerName\ActiveComputerName SUCCESS Desired Access: Read 4/14/2022 12:34:30 PM Registry C:\Windows\system32\nltest.exe BLUETEAM\ezk nltest.exe  /dclist:BLUETEAM.COM 10756 2128,benign
nltest.exe,5768,RegOpenKey,HKLM\System\CurrentControlSet\Control\ComputerName\ActiveComputerName,REPARSE,Desired Access: Read,4/14/2022 12:34:30 PM,Registry,C:\Windows\system32\nltest.exe,BLUETEAM\ezk,nltest.exe  /dclist:BLUETEAM.COM,10756,2128,nltest.exe 5768 RegOpenKey HKLM\System\CurrentControlSet\Control\ComputerName\ActiveComputerName REPARSE Desired Access: Read 4/14/2022 12:34:30 PM Registry C:\Windows\system32\nltest.exe BLUETEAM\ezk nltest.exe  /dclist:BLUETEAM.COM 10756 2128,benign
nltest.exe,5768,RegOpenKey,HKLM\System\CurrentControlSet\Services\CCG,NAME NOT FOUND,Desired Access: Read,4/14/2022 12:34:30 PM,Registry,C:\Windows\system32\nltest.exe,BLUETEAM\ezk,nltest.exe  /dclist:BLUETEAM.COM,10756,2128,nltest.exe 5768 RegOpenKey HKLM\System\CurrentControlSet\Services\CCG NAME NOT FOUND Desired Access: Read 4/14/2022 12:34:30 PM Registry C:\Windows\system32\nltest.exe BLUETEAM\ezk nltest.exe  /dclist:BLUETEAM.COM 10756 2128,benign
nltest.exe,5768,RegOpenKey,HKLM\System\CurrentControlSet\Services\CCG,REPARSE,Desired Access: Read,4/14/2022 12:34:30 PM,Registry,C:\Windows\system32\nltest.exe,BLUETEAM\ezk,nltest.exe  /dclist:BLUETEAM.COM,10756,2128,nltest.exe 5768 RegOpenKey HKLM\System\CurrentControlSet\Services\CCG REPARSE Desired Access: Read 4/14/2022 12:34:30 PM Registry C:\Windows\system32\nltest.exe BLUETEAM\ezk nltest.exe  /dclist:BLUETEAM.COM 10756 2128,benign
nltest.exe,5768,RegOpenKey,HKLM\System\Setup,SUCCESS,Desired Access: Read,4/14/2022 12:34:30 PM,Registry,C:\Windows\system32\nltest.exe,BLUETEAM\ezk,nltest.exe  /dclist:BLUETEAM.COM,10756,2128,nltest.exe 5768 RegOpenKey HKLM\System\Setup SUCCESS Desired Access: Read 4/14/2022 12:34:30 PM Registry C:\Windows\system32\nltest.exe BLUETEAM\ezk nltest.exe  /dclist:BLUETEAM.COM 10756 2128,benign
nltest.exe,5768,RegQueryValue,HKLM\SOFTWARE\Microsoft\Cryptography\Defaults\Provider\Microsoft Strong Cryptographic Provider\Image Path,BUFFER OVERFLOW,Length: 45,4/14/2022 12:34:30 PM,Registry,C:\Windows\system32\nltest.exe,BLUETEAM\ezk,nltest.exe  /dclist:BLUETEAM.COM,10756,2128,nltest.exe 5768 RegQueryValue HKLM\SOFTWARE\Microsoft\Cryptography\Defaults\Provider\Microsoft Strong Cryptographic Provider\Image Path BUFFER OVERFLOW Length: 45 4/14/2022 12:34:30 PM Registry C:\Windows\system32\nltest.exe BLUETEAM\ezk nltest.exe  /dclist:BLUETEAM.COM 10756 2128,benign
nltest.exe,5768,RegCloseKey,HKLM\System\CurrentControlSet\Control\Lsa\FipsAlgorithmPolicy,SUCCESS,,4/14/2022 12:34:30 PM,Registry,C:\Windows\system32\nltest.exe,BLUETEAM\ezk,nltest.exe  /dclist:BLUETEAM.COM,10756,2128,nltest.exe 5768 RegCloseKey HKLM\System\CurrentControlSet\Control\Lsa\FipsAlgorithmPolicy SUCCESS None 4/14/2022 12:34:30 PM Registry C:\Windows\system32\nltest.exe BLUETEAM\ezk nltest.exe  /dclist:BLUETEAM.COM 10756 2128,benign
nltest.exe,5768,RegOpenKey,HKLM\System\CurrentControlSet\Control\Lsa\FipsAlgorithmPolicy,SUCCESS,Desired Access: Query Value,4/14/2022 12:34:30 PM,Registry,C:\Windows\system32\nltest.exe,BLUETEAM\ezk,nltest.exe  /dclist:BLUETEAM.COM,10756,2128,nltest.exe 5768 RegOpenKey HKLM\System\CurrentControlSet\Control\Lsa\FipsAlgorithmPolicy SUCCESS Desired Access: Query Value 4/14/2022 12:34:30 PM Registry C:\Windows\system32\nltest.exe BLUETEAM\ezk nltest.exe  /dclist:BLUETEAM.COM 10756 2128,benign
nltest.exe,5768,CreateFile,C:\Windows\System32\rsaenh.dll,SUCCESS,"Desired Access: Read Attributes, Disposition: Open, Options: Open Reparse Point, Attributes: n/a, ShareMode: Read, Write, Delete, AllocationSize: n/a, OpenResult: Opened",4/14/2022 12:34:30 PM,File System,C:\Windows\system32\nltest.exe,BLUETEAM\ezk,nltest.exe  /dclist:BLUETEAM.COM,10756,2128,"nltest.exe 5768 CreateFile C:\Windows\System32\rsaenh.dll SUCCESS Desired Access: Read Attributes, Disposition: Open, Options: Open Reparse Point, Attributes: n/a, ShareMode: Read, Write, Delete, AllocationSize: n/a, OpenResult: Opened 4/14/2022 12:34:30 PM File System C:\Windows\system32\nltest.exe BLUETEAM\ezk nltest.exe  /dclist:BLUETEAM.COM 10756 2128",benign
nltest.exe,5768,QueryBasicInformationFile,C:\Windows\System32\rsaenh.dll,SUCCESS,"CreationTime: 9/22/2021 5:22:06 PM, LastAccessTime: 4/14/2022 12:33:09 PM, LastWriteTime: 9/22/2021 5:22:06 PM, ChangeTime: 10/15/2021 2:25:23 PM, FileAttributes: A",4/14/2022 12:34:30 PM,File System,C:\Windows\system32\nltest.exe,BLUETEAM\ezk,nltest.exe  /dclist:BLUETEAM.COM,10756,2128,"nltest.exe 5768 QueryBasicInformationFile C:\Windows\System32\rsaenh.dll SUCCESS CreationTime: 9/22/2021 5:22:06 PM, LastAccessTime: 4/14/2022 12:33:09 PM, LastWriteTime: 9/22/2021 5:22:06 PM, ChangeTime: 10/15/2021 2:25:23 PM, FileAttributes: A 4/14/2022 12:34:30 PM File System C:\Windows\system32\nltest.exe BLUETEAM\ezk nltest.exe  /dclist:BLUETEAM.COM 10756 2128",benign
nltest.exe,5768,CloseFile,C:\Windows\System32\rsaenh.dll,SUCCESS,,4/14/2022 12:34:30 PM,File System,C:\Windows\system32\nltest.exe,BLUETEAM\ezk,nltest.exe  /dclist:BLUETEAM.COM,10756,2128,nltest.exe 5768 CloseFile C:\Windows\System32\rsaenh.dll SUCCESS None 4/14/2022 12:34:30 PM File System C:\Windows\system32\nltest.exe BLUETEAM\ezk nltest.exe  /dclist:BLUETEAM.COM 10756 2128,benign
nltest.exe,5768,CreateFile,C:\Windows\System32\rsaenh.dll,SUCCESS,"Desired Access: Read Data/List Directory, Execute/Traverse, Synchronize, Disposition: Open, Options: Synchronous IO Non-Alert, Non-Directory File, Attributes: n/a, ShareMode: Read, Delete, AllocationSize: n/a, OpenResult: Opened",4/14/2022 12:34:30 PM,File System,C:\Windows\system32\nltest.exe,BLUETEAM\ezk,nltest.exe  /dclist:BLUETEAM.COM,10756,2128,"nltest.exe 5768 CreateFile C:\Windows\System32\rsaenh.dll SUCCESS Desired Access: Read Data/List Directory, Execute/Traverse, Synchronize, Disposition: Open, Options: Synchronous IO Non-Alert, Non-Directory File, Attributes: n/a, ShareMode: Read, Delete, AllocationSize: n/a, OpenResult: Opened 4/14/2022 12:34:30 PM File System C:\Windows\system32\nltest.exe BLUETEAM\ezk nltest.exe  /dclist:BLUETEAM.COM 10756 2128",benign
nltest.exe,5768,CloseFile,C:\Windows\System32\rsaenh.dll,SUCCESS,,4/14/2022 12:34:30 PM,File System,C:\Windows\system32\nltest.exe,BLUETEAM\ezk,nltest.exe  /dclist:BLUETEAM.COM,10756,2128,nltest.exe 5768 CloseFile C:\Windows\System32\rsaenh.dll SUCCESS None 4/14/2022 12:34:30 PM File System C:\Windows\system32\nltest.exe BLUETEAM\ezk nltest.exe  /dclist:BLUETEAM.COM 10756 2128,benign
nltest.exe,5768,RegQueryKey,HKLM,SUCCESS,"Query: HandleTags, HandleTags: 0x0",4/14/2022 12:34:30 PM,Registry,C:\Windows\system32\nltest.exe,BLUETEAM\ezk,nltest.exe  /dclist:BLUETEAM.COM,10756,2128,"nltest.exe 5768 RegQueryKey HKLM SUCCESS Query: HandleTags, HandleTags: 0x0 4/14/2022 12:34:30 PM Registry C:\Windows\system32\nltest.exe BLUETEAM\ezk nltest.exe  /dclist:BLUETEAM.COM 10756 2128",benign
nltest.exe,5768,RegOpenKey,HKLM\Software\Policies\Microsoft\Cryptography,SUCCESS,Desired Access: Read,4/14/2022 12:34:30 PM,Registry,C:\Windows\system32\nltest.exe,BLUETEAM\ezk,nltest.exe  /dclist:BLUETEAM.COM,10756,2128,nltest.exe 5768 RegOpenKey HKLM\Software\Policies\Microsoft\Cryptography SUCCESS Desired Access: Read 4/14/2022 12:34:30 PM Registry C:\Windows\system32\nltest.exe BLUETEAM\ezk nltest.exe  /dclist:BLUETEAM.COM 10756 2128,benign
nltest.exe,5768,RegQueryValue,HKLM\SOFTWARE\Policies\Microsoft\Cryptography\PrivKeyCacheMaxItems,NAME NOT FOUND,Length: 16,4/14/2022 12:34:30 PM,Registry,C:\Windows\system32\nltest.exe,BLUETEAM\ezk,nltest.exe  /dclist:BLUETEAM.COM,10756,2128,nltest.exe 5768 RegQueryValue HKLM\SOFTWARE\Policies\Microsoft\Cryptography\PrivKeyCacheMaxItems NAME NOT FOUND Length: 16 4/14/2022 12:34:30 PM Registry C:\Windows\system32\nltest.exe BLUETEAM\ezk nltest.exe  /dclist:BLUETEAM.COM 10756 2128,benign
nltest.exe,5768,RegQueryValue,HKLM\SOFTWARE\Policies\Microsoft\Cryptography\PrivKeyCachePurgeIntervalSeconds,NAME NOT FOUND,Length: 16,4/14/2022 12:34:30 PM,Registry,C:\Windows\system32\nltest.exe,BLUETEAM\ezk,nltest.exe  /dclist:BLUETEAM.COM,10756,2128,nltest.exe 5768 RegQueryValue HKLM\SOFTWARE\Policies\Microsoft\Cryptography\PrivKeyCachePurgeIntervalSeconds NAME NOT FOUND Length: 16 4/14/2022 12:34:30 PM Registry C:\Windows\system32\nltest.exe BLUETEAM\ezk nltest.exe  /dclist:BLUETEAM.COM 10756 2128,benign
nltest.exe,5768,RegQueryValue,HKLM\SOFTWARE\Policies\Microsoft\Cryptography\PrivateKeyLifetimeSeconds,NAME NOT FOUND,Length: 16,4/14/2022 12:34:30 PM,Registry,C:\Windows\system32\nltest.exe,BLUETEAM\ezk,nltest.exe  /dclist:BLUETEAM.COM,10756,2128,nltest.exe 5768 RegQueryValue HKLM\SOFTWARE\Policies\Microsoft\Cryptography\PrivateKeyLifetimeSeconds NAME NOT FOUND Length: 16 4/14/2022 12:34:30 PM Registry C:\Windows\system32\nltest.exe BLUETEAM\ezk nltest.exe  /dclist:BLUETEAM.COM 10756 2128,benign
nltest.exe,5768,RegCloseKey,HKLM\SOFTWARE\Policies\Microsoft\Cryptography,SUCCESS,,4/14/2022 12:34:30 PM,Registry,C:\Windows\system32\nltest.exe,BLUETEAM\ezk,nltest.exe  /dclist:BLUETEAM.COM,10756,2128,nltest.exe 5768 RegCloseKey HKLM\SOFTWARE\Policies\Microsoft\Cryptography SUCCESS None 4/14/2022 12:34:30 PM Registry C:\Windows\system32\nltest.exe BLUETEAM\ezk nltest.exe  /dclist:BLUETEAM.COM 10756 2128,benign
nltest.exe,5768,RegQueryKey,HKLM,SUCCESS,"Query: HandleTags, HandleTags: 0x0",4/14/2022 12:34:30 PM,Registry,C:\Windows\system32\nltest.exe,BLUETEAM\ezk,nltest.exe  /dclist:BLUETEAM.COM,10756,2128,"nltest.exe 5768 RegQueryKey HKLM SUCCESS Query: HandleTags, HandleTags: 0x0 4/14/2022 12:34:30 PM Registry C:\Windows\system32\nltest.exe BLUETEAM\ezk nltest.exe  /dclist:BLUETEAM.COM 10756 2128",benign
nltest.exe,5768,RegOpenKey,HKLM\Software\Microsoft\Cryptography,SUCCESS,Desired Access: Read,4/14/2022 12:34:30 PM,Registry,C:\Windows\system32\nltest.exe,BLUETEAM\ezk,nltest.exe  /dclist:BLUETEAM.COM,10756,2128,nltest.exe 5768 RegOpenKey HKLM\Software\Microsoft\Cryptography SUCCESS Desired Access: Read 4/14/2022 12:34:30 PM Registry C:\Windows\system32\nltest.exe BLUETEAM\ezk nltest.exe  /dclist:BLUETEAM.COM 10756 2128,benign
nltest.exe,5768,RegQueryValue,HKLM\SOFTWARE\Microsoft\Cryptography\MachineGuid,BUFFER OVERFLOW,Length: 12,4/14/2022 12:34:30 PM,Registry,C:\Windows\system32\nltest.exe,BLUETEAM\ezk,nltest.exe  /dclist:BLUETEAM.COM,10756,2128,nltest.exe 5768 RegQueryValue HKLM\SOFTWARE\Microsoft\Cryptography\MachineGuid BUFFER OVERFLOW Length: 12 4/14/2022 12:34:30 PM Registry C:\Windows\system32\nltest.exe BLUETEAM\ezk nltest.exe  /dclist:BLUETEAM.COM 10756 2128,benign
nltest.exe,5768,RegQueryValue,HKLM\SOFTWARE\Microsoft\Cryptography\MachineGuid,SUCCESS,"Type: REG_SZ, Length: 74, Data: 3a2967af-d6a3-4f62-84d7-3904349f48e6",4/14/2022 12:34:30 PM,Registry,C:\Windows\system32\nltest.exe,BLUETEAM\ezk,nltest.exe  /dclist:BLUETEAM.COM,10756,2128,"nltest.exe 5768 RegQueryValue HKLM\SOFTWARE\Microsoft\Cryptography\MachineGuid SUCCESS Type: REG_SZ, Length: 74, Data: 3a2967af-d6a3-4f62-84d7-3904349f48e6 4/14/2022 12:34:30 PM Registry C:\Windows\system32\nltest.exe BLUETEAM\ezk nltest.exe  /dclist:BLUETEAM.COM 10756 2128",benign
nltest.exe,5768,RegQueryValue,HKLM\SOFTWARE\Microsoft\Cryptography\MachineGuid,BUFFER OVERFLOW,Length: 49,4/14/2022 12:34:30 PM,Registry,C:\Windows\system32\nltest.exe,BLUETEAM\ezk,nltest.exe  /dclist:BLUETEAM.COM,10756,2128,nltest.exe 5768 RegQueryValue HKLM\SOFTWARE\Microsoft\Cryptography\MachineGuid BUFFER OVERFLOW Length: 49 4/14/2022 12:34:30 PM Registry C:\Windows\system32\nltest.exe BLUETEAM\ezk nltest.exe  /dclist:BLUETEAM.COM 10756 2128,benign
nltest.exe,5768,RegQueryValue,HKLM\SOFTWARE\Microsoft\Cryptography\MachineGuid,SUCCESS,"Type: REG_SZ, Length: 74, Data: 3a2967af-d6a3-4f62-84d7-3904349f48e6",4/14/2022 12:34:30 PM,Registry,C:\Windows\system32\nltest.exe,BLUETEAM\ezk,nltest.exe  /dclist:BLUETEAM.COM,10756,2128,"nltest.exe 5768 RegQueryValue HKLM\SOFTWARE\Microsoft\Cryptography\MachineGuid SUCCESS Type: REG_SZ, Length: 74, Data: 3a2967af-d6a3-4f62-84d7-3904349f48e6 4/14/2022 12:34:30 PM Registry C:\Windows\system32\nltest.exe BLUETEAM\ezk nltest.exe  /dclist:BLUETEAM.COM 10756 2128",benign
nltest.exe,5768,RegOpenKey,HKLM\System\CurrentControlSet\Control\Lsa\FipsAlgorithmPolicy,REPARSE,Desired Access: Query Value,4/14/2022 12:34:30 PM,Registry,C:\Windows\system32\nltest.exe,BLUETEAM\ezk,nltest.exe  /dclist:BLUETEAM.COM,10756,2128,nltest.exe 5768 RegOpenKey HKLM\System\CurrentControlSet\Control\Lsa\FipsAlgorithmPolicy REPARSE Desired Access: Query Value 4/14/2022 12:34:30 PM Registry C:\Windows\system32\nltest.exe BLUETEAM\ezk nltest.exe  /dclist:BLUETEAM.COM 10756 2128,benign
nltest.exe,5768,CloseFile,C:\Windows\System32\cryptbase.dll,SUCCESS,,4/14/2022 12:34:30 PM,File System,C:\Windows\system32\nltest.exe,BLUETEAM\ezk,nltest.exe  /dclist:BLUETEAM.COM,10756,2128,nltest.exe 5768 CloseFile C:\Windows\System32\cryptbase.dll SUCCESS None 4/14/2022 12:34:30 PM File System C:\Windows\system32\nltest.exe BLUETEAM\ezk nltest.exe  /dclist:BLUETEAM.COM 10756 2128,benign
nltest.exe,5768,CreateFile,C:\Windows\System32\cryptbase.dll,SUCCESS,"Desired Access: Read Data/List Directory, Execute/Traverse, Synchronize, Disposition: Open, Options: Synchronous IO Non-Alert, Non-Directory File, Attributes: n/a, ShareMode: Read, Delete, AllocationSize: n/a, OpenResult: Opened",4/14/2022 12:34:30 PM,File System,C:\Windows\system32\nltest.exe,BLUETEAM\ezk,nltest.exe  /dclist:BLUETEAM.COM,10756,2128,"nltest.exe 5768 CreateFile C:\Windows\System32\cryptbase.dll SUCCESS Desired Access: Read Data/List Directory, Execute/Traverse, Synchronize, Disposition: Open, Options: Synchronous IO Non-Alert, Non-Directory File, Attributes: n/a, ShareMode: Read, Delete, AllocationSize: n/a, OpenResult: Opened 4/14/2022 12:34:30 PM File System C:\Windows\system32\nltest.exe BLUETEAM\ezk nltest.exe  /dclist:BLUETEAM.COM 10756 2128",benign
nltest.exe,5768,CloseFile,C:\Windows\System32\cryptbase.dll,SUCCESS,,4/14/2022 12:34:30 PM,File System,C:\Windows\system32\nltest.exe,BLUETEAM\ezk,nltest.exe  /dclist:BLUETEAM.COM,10756,2128,nltest.exe 5768 CloseFile C:\Windows\System32\cryptbase.dll SUCCESS None 4/14/2022 12:34:30 PM File System C:\Windows\system32\nltest.exe BLUETEAM\ezk nltest.exe  /dclist:BLUETEAM.COM 10756 2128,benign
nltest.exe,5768,QueryBasicInformationFile,C:\Windows\System32\cryptbase.dll,SUCCESS,"CreationTime: 9/22/2021 5:22:09 PM, LastAccessTime: 4/14/2022 12:33:09 PM, LastWriteTime: 9/22/2021 5:22:09 PM, ChangeTime: 10/15/2021 2:25:23 PM, FileAttributes: A",4/14/2022 12:34:30 PM,File System,C:\Windows\system32\nltest.exe,BLUETEAM\ezk,nltest.exe  /dclist:BLUETEAM.COM,10756,2128,"nltest.exe 5768 QueryBasicInformationFile C:\Windows\System32\cryptbase.dll SUCCESS CreationTime: 9/22/2021 5:22:09 PM, LastAccessTime: 4/14/2022 12:33:09 PM, LastWriteTime: 9/22/2021 5:22:09 PM, ChangeTime: 10/15/2021 2:25:23 PM, FileAttributes: A 4/14/2022 12:34:30 PM File System C:\Windows\system32\nltest.exe BLUETEAM\ezk nltest.exe  /dclist:BLUETEAM.COM 10756 2128",benign
nltest.exe,5768,CreateFile,C:\Windows\System32\cryptbase.dll,SUCCESS,"Desired Access: Read Attributes, Disposition: Open, Options: Open Reparse Point, Attributes: n/a, ShareMode: Read, Write, Delete, AllocationSize: n/a, OpenResult: Opened",4/14/2022 12:34:30 PM,File System,C:\Windows\system32\nltest.exe,BLUETEAM\ezk,nltest.exe  /dclist:BLUETEAM.COM,10756,2128,"nltest.exe 5768 CreateFile C:\Windows\System32\cryptbase.dll SUCCESS Desired Access: Read Attributes, Disposition: Open, Options: Open Reparse Point, Attributes: n/a, ShareMode: Read, Write, Delete, AllocationSize: n/a, OpenResult: Opened 4/14/2022 12:34:30 PM File System C:\Windows\system32\nltest.exe BLUETEAM\ezk nltest.exe  /dclist:BLUETEAM.COM 10756 2128",benign
nltest.exe,5768,RegQueryValue,HKLM\System\CurrentControlSet\Control\Lsa\FipsAlgorithmPolicy\STE,NAME NOT FOUND,Length: 20,4/14/2022 12:34:30 PM,Registry,C:\Windows\system32\nltest.exe,BLUETEAM\ezk,nltest.exe  /dclist:BLUETEAM.COM,10756,2128,nltest.exe 5768 RegQueryValue HKLM\System\CurrentControlSet\Control\Lsa\FipsAlgorithmPolicy\STE NAME NOT FOUND Length: 20 4/14/2022 12:34:30 PM Registry C:\Windows\system32\nltest.exe BLUETEAM\ezk nltest.exe  /dclist:BLUETEAM.COM 10756 2128,benign
nltest.exe,5768,RegOpenKey,HKLM\System\CurrentControlSet\Control\Nls\Sorting\Ids,SUCCESS,Desired Access: Read,4/14/2022 12:34:30 PM,Registry,C:\Windows\system32\nltest.exe,BLUETEAM\ezk,nltest.exe  /dclist:BLUETEAM.COM,10756,2128,nltest.exe 5768 RegOpenKey HKLM\System\CurrentControlSet\Control\Nls\Sorting\Ids SUCCESS Desired Access: Read 4/14/2022 12:34:30 PM Registry C:\Windows\system32\nltest.exe BLUETEAM\ezk nltest.exe  /dclist:BLUETEAM.COM 10756 2128,benign
nltest.exe,5768,CloseFile,C:\Windows\Globalization\Sorting\SortDefault.nls,SUCCESS,,4/14/2022 12:34:30 PM,File System,C:\Windows\system32\nltest.exe,BLUETEAM\ezk,nltest.exe  /dclist:BLUETEAM.COM,10756,2128,nltest.exe 5768 CloseFile C:\Windows\Globalization\Sorting\SortDefault.nls SUCCESS None 4/14/2022 12:34:30 PM File System C:\Windows\system32\nltest.exe BLUETEAM\ezk nltest.exe  /dclist:BLUETEAM.COM 10756 2128,benign
nltest.exe,5768,CreateFile,C:\Windows\Globalization\Sorting\SortDefault.nls,SUCCESS,"Desired Access: Generic Read, Disposition: Open, Options: Synchronous IO Non-Alert, Non-Directory File, Attributes: N, ShareMode: Read, AllocationSize: n/a, OpenResult: Opened",4/14/2022 12:34:30 PM,File System,C:\Windows\system32\nltest.exe,BLUETEAM\ezk,nltest.exe  /dclist:BLUETEAM.COM,10756,2128,"nltest.exe 5768 CreateFile C:\Windows\Globalization\Sorting\SortDefault.nls SUCCESS Desired Access: Generic Read, Disposition: Open, Options: Synchronous IO Non-Alert, Non-Directory File, Attributes: N, ShareMode: Read, AllocationSize: n/a, OpenResult: Opened 4/14/2022 12:34:30 PM File System C:\Windows\system32\nltest.exe BLUETEAM\ezk nltest.exe  /dclist:BLUETEAM.COM 10756 2128",benign
nltest.exe,5768,RegQueryValue,HKLM\System\CurrentControlSet\Control\Nls\Sorting\Versions\000603xx,SUCCESS,"Type: REG_SZ, Length: 26, Data: kernel32.dll",4/14/2022 12:34:30 PM,Registry,C:\Windows\system32\nltest.exe,BLUETEAM\ezk,nltest.exe  /dclist:BLUETEAM.COM,10756,2128,"nltest.exe 5768 RegQueryValue HKLM\System\CurrentControlSet\Control\Nls\Sorting\Versions\000603xx SUCCESS Type: REG_SZ, Length: 26, Data: kernel32.dll 4/14/2022 12:34:30 PM Registry C:\Windows\system32\nltest.exe BLUETEAM\ezk nltest.exe  /dclist:BLUETEAM.COM 10756 2128",benign
nltest.exe,5768,RegOpenKey,HKLM\Software\Microsoft\Cryptography\Offload,NAME NOT FOUND,Desired Access: Read,4/14/2022 12:34:30 PM,Registry,C:\Windows\system32\nltest.exe,BLUETEAM\ezk,nltest.exe  /dclist:BLUETEAM.COM,10756,2128,nltest.exe 5768 RegOpenKey HKLM\Software\Microsoft\Cryptography\Offload NAME NOT FOUND Desired Access: Read 4/14/2022 12:34:30 PM Registry C:\Windows\system32\nltest.exe BLUETEAM\ezk nltest.exe  /dclist:BLUETEAM.COM 10756 2128,benign
nltest.exe,5768,RegQueryKey,HKLM,SUCCESS,"Query: HandleTags, HandleTags: 0x0",4/14/2022 12:34:30 PM,Registry,C:\Windows\system32\nltest.exe,BLUETEAM\ezk,nltest.exe  /dclist:BLUETEAM.COM,10756,2128,"nltest.exe 5768 RegQueryKey HKLM SUCCESS Query: HandleTags, HandleTags: 0x0 4/14/2022 12:34:30 PM Registry C:\Windows\system32\nltest.exe BLUETEAM\ezk nltest.exe  /dclist:BLUETEAM.COM 10756 2128",benign
nltest.exe,5768,RegCloseKey,HKLM\SOFTWARE\Microsoft\Cryptography,SUCCESS,,4/14/2022 12:34:30 PM,Registry,C:\Windows\system32\nltest.exe,BLUETEAM\ezk,nltest.exe  /dclist:BLUETEAM.COM,10756,2128,nltest.exe 5768 RegCloseKey HKLM\SOFTWARE\Microsoft\Cryptography SUCCESS None 4/14/2022 12:34:30 PM Registry C:\Windows\system32\nltest.exe BLUETEAM\ezk nltest.exe  /dclist:BLUETEAM.COM 10756 2128,benign
nltest.exe,5768,RegOpenKey,HKLM\System\CurrentControlSet\Control\Nls\Sorting\Ids,REPARSE,Desired Access: Read,4/14/2022 12:34:30 PM,Registry,C:\Windows\system32\nltest.exe,BLUETEAM\ezk,nltest.exe  /dclist:BLUETEAM.COM,10756,2128,nltest.exe 5768 RegOpenKey HKLM\System\CurrentControlSet\Control\Nls\Sorting\Ids REPARSE Desired Access: Read 4/14/2022 12:34:30 PM Registry C:\Windows\system32\nltest.exe BLUETEAM\ezk nltest.exe  /dclist:BLUETEAM.COM 10756 2128,benign
nltest.exe,5768,TCP Disconnect,DESKTOP-BA1RQFC.blueteam.com:62815 -> 192.168.48.10:49667,SUCCESS,"Length: 0, seqnum: 0, connid: 0",4/14/2022 12:34:30 PM,Network,C:\Windows\system32\nltest.exe,BLUETEAM\ezk,nltest.exe  /dclist:BLUETEAM.COM,0,2128,"nltest.exe 5768 TCP Disconnect DESKTOP-BA1RQFC.blueteam.com:62815 -> 192.168.48.10:49667 SUCCESS Length: 0, seqnum: 0, connid: 0 4/14/2022 12:34:30 PM Network C:\Windows\system32\nltest.exe BLUETEAM\ezk nltest.exe  /dclist:BLUETEAM.COM 0 2128",benign
