Process Name,PID,Operation,Path,Result,Detail,Date & Time,Event Class,Image Path,User,Command Line,TID,Parent PID,Content,Label
cmd.exe,7380,Process Start,,SUCCESS,"Parent PID: 10688, Command line: cmd.exe /C nltest /domain_trusts, Current directory: C:\Windows\system32\, Environment: ;	ALLUSERSPROFILE=C:\ProgramData;	APPDATA=C:\Users\ezk\AppData\Roaming;	CommonProgramFiles=C:\Program Files\Common Files;	CommonProgramFiles(x86)=C:\Program Files (x86)\Common Files;	CommonProgramW6432=C:\Program Files\Common Files;	COMPUTERNAME=DESKTOP-BA1RQFC;	ComSpec=C:\Windows\system32\cmd.exe;	DriverData=C:\Windows\System32\Drivers\DriverData;	HOMEDRIVE=C:;	HOMEPATH=\Users\ezk;	LOCALAPPDATA=C:\Users\ezk\AppData\Local;	LOGONSERVER=\\DC02;	NUMBER_OF_PROCESSORS=2;	OneDrive=C:\Users\ezk\OneDrive;	OS=Windows_NT;	Path=C:\Windows\system32;C:\Windows;C:\Windows\System32\Wbem;C:\Windows\System32\WindowsPowerShell\v1.0\;C:\Windows\System32\OpenSSH\;C:\Users\ezk\AppData\Local\Microsoft\WindowsApps;	PATHEXT=.COM;.EXE;.BAT;.CMD;.VBS;.VBE;.JS;.JSE;.WSF;.WSH;.MSC;.CPL;	PROCESSOR_ARCHITECTURE=AMD64;	PROCESSOR_IDENTIFIER=Intel64 Family 6 Model 165 Stepping 5, GenuineIntel;	PROCESSOR_LEVEL=6;	PROCESSOR_REVISION=a505;	ProgramData=C:\ProgramData;	ProgramFiles=C:\Program Files;	ProgramFiles(x86)=C:\Program Files (x86);	ProgramW6432=C:\Program Files;	PSModulePath=C:\Users\ezk\Documents\WindowsPowerShell\Modules;C:\Program Files\WindowsPowerShell\Modules;C:\Windows\system32\WindowsPowerShell\v1.0\Modules;	PUBLIC=C:\Users\Public;	SystemDrive=C:;	SystemRoot=C:\Windows;	TEMP=C:\Users\ezk\AppData\Local\Temp;	TMP=C:\Users\ezk\AppData\Local\Temp;	USERDNSDOMAIN=BLUETEAM.COM;	USERDOMAIN=BLUETEAM;	USERDOMAIN_ROAMINGPROFILE=BLUETEAM;	USERNAME=ezk;	USERPROFILE=C:\Users\ezk;	windir=C:\Windows",4/18/2022 10:56:50 AM,Process,C:\Windows\system32\cmd.exe,BLUETEAM\ezk,cmd.exe /C nltest /domain_trusts,10692,10688,"cmd.exe 7380 Process Start None SUCCESS Parent PID: 10688, Command line: cmd.exe /C nltest /domain_trusts, Current directory: C:\Windows\system32\, Environment: ;	ALLUSERSPROFILE=C:\ProgramData;	APPDATA=C:\Users\ezk\AppData\Roaming;	CommonProgramFiles=C:\Program Files\Common Files;	CommonProgramFiles(x86)=C:\Program Files (x86)\Common Files;	CommonProgramW6432=C:\Program Files\Common Files;	COMPUTERNAME=DESKTOP-BA1RQFC;	ComSpec=C:\Windows\system32\cmd.exe;	DriverData=C:\Windows\System32\Drivers\DriverData;	HOMEDRIVE=C:;	HOMEPATH=\Users\ezk;	LOCALAPPDATA=C:\Users\ezk\AppData\Local;	LOGONSERVER=\\DC02;	NUMBER_OF_PROCESSORS=2;	OneDrive=C:\Users\ezk\OneDrive;	OS=Windows_NT;	Path=C:\Windows\system32;C:\Windows;C:\Windows\System32\Wbem;C:\Windows\System32\WindowsPowerShell\v1.0\;C:\Windows\System32\OpenSSH\;C:\Users\ezk\AppData\Local\Microsoft\WindowsApps;	PATHEXT=.COM;.EXE;.BAT;.CMD;.VBS;.VBE;.JS;.JSE;.WSF;.WSH;.MSC;.CPL;	PROCESSOR_ARCHITECTURE=AMD64;	PROCESSOR_IDENTIFIER=Intel64 Family 6 Model 165 Stepping 5, GenuineIntel;	PROCESSOR_LEVEL=6;	PROCESSOR_REVISION=a505;	ProgramData=C:\ProgramData;	ProgramFiles=C:\Program Files;	ProgramFiles(x86)=C:\Program Files (x86);	ProgramW6432=C:\Program Files;	PSModulePath=C:\Users\ezk\Documents\WindowsPowerShell\Modules;C:\Program Files\WindowsPowerShell\Modules;C:\Windows\system32\WindowsPowerShell\v1.0\Modules;	PUBLIC=C:\Users\Public;	SystemDrive=C:;	SystemRoot=C:\Windows;	TEMP=C:\Users\ezk\AppData\Local\Temp;	TMP=C:\Users\ezk\AppData\Local\Temp;	USERDNSDOMAIN=BLUETEAM.COM;	USERDOMAIN=BLUETEAM;	USERDOMAIN_ROAMINGPROFILE=BLUETEAM;	USERNAME=ezk;	USERPROFILE=C:\Users\ezk;	windir=C:\Windows 4/18/2022 10:56:50 AM Process C:\Windows\system32\cmd.exe BLUETEAM\ezk cmd.exe /C nltest /domain_trusts 10692 10688",benign
nltest.exe,11004,RegCloseKey,HKCU\Control Panel\Desktop,SUCCESS,,4/18/2022 10:56:50 AM,Registry,C:\Windows\system32\nltest.exe,BLUETEAM\ezk,nltest  /domain_trusts,10848,7380,nltest.exe 11004 RegCloseKey HKCU\Control Panel\Desktop SUCCESS None 4/18/2022 10:56:50 AM Registry C:\Windows\system32\nltest.exe BLUETEAM\ezk nltest  /domain_trusts 10848 7380,benign
nltest.exe,11004,RegQueryValue,HKCU\Control Panel\Desktop\EnablePerProcessSystemDPI,NAME NOT FOUND,Length: 20,4/18/2022 10:56:50 AM,Registry,C:\Windows\system32\nltest.exe,BLUETEAM\ezk,nltest  /domain_trusts,10848,7380,nltest.exe 11004 RegQueryValue HKCU\Control Panel\Desktop\EnablePerProcessSystemDPI NAME NOT FOUND Length: 20 4/18/2022 10:56:50 AM Registry C:\Windows\system32\nltest.exe BLUETEAM\ezk nltest  /domain_trusts 10848 7380,benign
nltest.exe,11004,RegOpenKey,HKCU\Control Panel\Desktop,SUCCESS,Desired Access: Read,4/18/2022 10:56:50 AM,Registry,C:\Windows\system32\nltest.exe,BLUETEAM\ezk,nltest  /domain_trusts,10848,7380,nltest.exe 11004 RegOpenKey HKCU\Control Panel\Desktop SUCCESS Desired Access: Read 4/18/2022 10:56:50 AM Registry C:\Windows\system32\nltest.exe BLUETEAM\ezk nltest  /domain_trusts 10848 7380,benign
nltest.exe,11004,RegOpenKey,HKCU\Software\Policies\Microsoft\Windows\Control Panel\Desktop,NAME NOT FOUND,Desired Access: Read,4/18/2022 10:56:50 AM,Registry,C:\Windows\system32\nltest.exe,BLUETEAM\ezk,nltest  /domain_trusts,10848,7380,nltest.exe 11004 RegOpenKey HKCU\Software\Policies\Microsoft\Windows\Control Panel\Desktop NAME NOT FOUND Desired Access: Read 4/18/2022 10:56:50 AM Registry C:\Windows\system32\nltest.exe BLUETEAM\ezk nltest  /domain_trusts 10848 7380,benign
nltest.exe,11004,RegOpenKey,HKLM\Software\Policies\Microsoft\Windows\Control Panel\Desktop,NAME NOT FOUND,Desired Access: Read,4/18/2022 10:56:50 AM,Registry,C:\Windows\system32\nltest.exe,BLUETEAM\ezk,nltest  /domain_trusts,10848,7380,nltest.exe 11004 RegOpenKey HKLM\Software\Policies\Microsoft\Windows\Control Panel\Desktop NAME NOT FOUND Desired Access: Read 4/18/2022 10:56:50 AM Registry C:\Windows\system32\nltest.exe BLUETEAM\ezk nltest  /domain_trusts 10848 7380,benign
nltest.exe,11004,RegOpenKey,HKLM\Software\Microsoft\Windows NT\CurrentVersion\Image File Execution Options\nltest.exe,NAME NOT FOUND,Desired Access: Read,4/18/2022 10:56:50 AM,Registry,C:\Windows\system32\nltest.exe,BLUETEAM\ezk,nltest  /domain_trusts,10848,7380,nltest.exe 11004 RegOpenKey HKLM\Software\Microsoft\Windows NT\CurrentVersion\Image File Execution Options\nltest.exe NAME NOT FOUND Desired Access: Read 4/18/2022 10:56:50 AM Registry C:\Windows\system32\nltest.exe BLUETEAM\ezk nltest  /domain_trusts 10848 7380,benign
nltest.exe,11004,RegCloseKey,HKLM\SOFTWARE\Microsoft\Windows NT\CurrentVersion\GRE_Initialize,SUCCESS,,4/18/2022 10:56:50 AM,Registry,C:\Windows\system32\nltest.exe,BLUETEAM\ezk,nltest  /domain_trusts,10848,7380,nltest.exe 11004 RegCloseKey HKLM\SOFTWARE\Microsoft\Windows NT\CurrentVersion\GRE_Initialize SUCCESS None 4/18/2022 10:56:50 AM Registry C:\Windows\system32\nltest.exe BLUETEAM\ezk nltest  /domain_trusts 10848 7380,benign
nltest.exe,11004,RegQueryValue,HKLM\SOFTWARE\Microsoft\Windows NT\CurrentVersion\GRE_Initialize\DisableUmpdBufferSizeCheck,NAME NOT FOUND,Length: 20,4/18/2022 10:56:50 AM,Registry,C:\Windows\system32\nltest.exe,BLUETEAM\ezk,nltest  /domain_trusts,10848,7380,nltest.exe 11004 RegQueryValue HKLM\SOFTWARE\Microsoft\Windows NT\CurrentVersion\GRE_Initialize\DisableUmpdBufferSizeCheck NAME NOT FOUND Length: 20 4/18/2022 10:56:50 AM Registry C:\Windows\system32\nltest.exe BLUETEAM\ezk nltest  /domain_trusts 10848 7380,benign
nltest.exe,11004,RegOpenKey,HKLM\Software\Microsoft\Windows NT\CurrentVersion\GRE_Initialize,SUCCESS,Desired Access: Read,4/18/2022 10:56:50 AM,Registry,C:\Windows\system32\nltest.exe,BLUETEAM\ezk,nltest  /domain_trusts,10848,7380,nltest.exe 11004 RegOpenKey HKLM\Software\Microsoft\Windows NT\CurrentVersion\GRE_Initialize SUCCESS Desired Access: Read 4/18/2022 10:56:50 AM Registry C:\Windows\system32\nltest.exe BLUETEAM\ezk nltest  /domain_trusts 10848 7380,benign
nltest.exe,11004,RegCloseKey,HKLM\SOFTWARE\Microsoft\Windows NT\CurrentVersion\GRE_Initialize,SUCCESS,,4/18/2022 10:56:50 AM,Registry,C:\Windows\system32\nltest.exe,BLUETEAM\ezk,nltest  /domain_trusts,10848,7380,nltest.exe 11004 RegCloseKey HKLM\SOFTWARE\Microsoft\Windows NT\CurrentVersion\GRE_Initialize SUCCESS None 4/18/2022 10:56:50 AM Registry C:\Windows\system32\nltest.exe BLUETEAM\ezk nltest  /domain_trusts 10848 7380,benign
nltest.exe,11004,RegQueryValue,HKLM\SOFTWARE\Microsoft\Windows NT\CurrentVersion\GRE_Initialize\DisableMetaFiles,NAME NOT FOUND,Length: 20,4/18/2022 10:56:50 AM,Registry,C:\Windows\system32\nltest.exe,BLUETEAM\ezk,nltest  /domain_trusts,10848,7380,nltest.exe 11004 RegQueryValue HKLM\SOFTWARE\Microsoft\Windows NT\CurrentVersion\GRE_Initialize\DisableMetaFiles NAME NOT FOUND Length: 20 4/18/2022 10:56:50 AM Registry C:\Windows\system32\nltest.exe BLUETEAM\ezk nltest  /domain_trusts 10848 7380,benign
nltest.exe,11004,RegOpenKey,HKLM\Software\Microsoft\Windows NT\CurrentVersion\Compatibility32,SUCCESS,Desired Access: Read,4/18/2022 10:56:50 AM,Registry,C:\Windows\system32\nltest.exe,BLUETEAM\ezk,nltest  /domain_trusts,10848,7380,nltest.exe 11004 RegOpenKey HKLM\Software\Microsoft\Windows NT\CurrentVersion\Compatibility32 SUCCESS Desired Access: Read 4/18/2022 10:56:50 AM Registry C:\Windows\system32\nltest.exe BLUETEAM\ezk nltest  /domain_trusts 10848 7380,benign
nltest.exe,11004,RegOpenKey,HKLM\Software\Microsoft\Windows NT\CurrentVersion\GRE_Initialize,SUCCESS,Desired Access: Read,4/18/2022 10:56:50 AM,Registry,C:\Windows\system32\nltest.exe,BLUETEAM\ezk,nltest  /domain_trusts,10848,7380,nltest.exe 11004 RegOpenKey HKLM\Software\Microsoft\Windows NT\CurrentVersion\GRE_Initialize SUCCESS Desired Access: Read 4/18/2022 10:56:50 AM Registry C:\Windows\system32\nltest.exe BLUETEAM\ezk nltest  /domain_trusts 10848 7380,benign
nltest.exe,11004,RegOpenKey,HKLM\Software\Policies\Microsoft\Windows\Display,NAME NOT FOUND,Desired Access: Read,4/18/2022 10:56:50 AM,Registry,C:\Windows\system32\nltest.exe,BLUETEAM\ezk,nltest  /domain_trusts,10848,7380,nltest.exe 11004 RegOpenKey HKLM\Software\Policies\Microsoft\Windows\Display NAME NOT FOUND Desired Access: Read 4/18/2022 10:56:50 AM Registry C:\Windows\system32\nltest.exe BLUETEAM\ezk nltest  /domain_trusts 10848 7380,benign
nltest.exe,11004,RegOpenKey,HKLM\SOFTWARE\Microsoft\Windows NT\CurrentVersion\Image File Execution Options\nltest.exe,NAME NOT FOUND,"Desired Access: Query Value, Enumerate Sub Keys",4/18/2022 10:56:50 AM,Registry,C:\Windows\system32\nltest.exe,BLUETEAM\ezk,nltest  /domain_trusts,10848,7380,"nltest.exe 11004 RegOpenKey HKLM\SOFTWARE\Microsoft\Windows NT\CurrentVersion\Image File Execution Options\nltest.exe NAME NOT FOUND Desired Access: Query Value, Enumerate Sub Keys 4/18/2022 10:56:50 AM Registry C:\Windows\system32\nltest.exe BLUETEAM\ezk nltest  /domain_trusts 10848 7380",benign
nltest.exe,11004,RegOpenKey,HKLM\Software\Policies\Microsoft\Windows\Display,NAME NOT FOUND,Desired Access: Read,4/18/2022 10:56:50 AM,Registry,C:\Windows\system32\nltest.exe,BLUETEAM\ezk,nltest  /domain_trusts,10848,7380,nltest.exe 11004 RegOpenKey HKLM\Software\Policies\Microsoft\Windows\Display NAME NOT FOUND Desired Access: Read 4/18/2022 10:56:50 AM Registry C:\Windows\system32\nltest.exe BLUETEAM\ezk nltest  /domain_trusts 10848 7380,benign
nltest.exe,11004,RegOpenKey,HKLM\Software\Policies\Microsoft\Windows\Display,NAME NOT FOUND,Desired Access: Read,4/18/2022 10:56:50 AM,Registry,C:\Windows\system32\nltest.exe,BLUETEAM\ezk,nltest  /domain_trusts,10848,7380,nltest.exe 11004 RegOpenKey HKLM\Software\Policies\Microsoft\Windows\Display NAME NOT FOUND Desired Access: Read 4/18/2022 10:56:50 AM Registry C:\Windows\system32\nltest.exe BLUETEAM\ezk nltest  /domain_trusts 10848 7380,benign
nltest.exe,11004,RegOpenKey,HKLM\SOFTWARE\Microsoft\Windows NT\CurrentVersion\Image File Execution Options\nltest.exe,NAME NOT FOUND,"Desired Access: Query Value, Enumerate Sub Keys",4/18/2022 10:56:50 AM,Registry,C:\Windows\system32\nltest.exe,BLUETEAM\ezk,nltest  /domain_trusts,10848,7380,"nltest.exe 11004 RegOpenKey HKLM\SOFTWARE\Microsoft\Windows NT\CurrentVersion\Image File Execution Options\nltest.exe NAME NOT FOUND Desired Access: Query Value, Enumerate Sub Keys 4/18/2022 10:56:50 AM Registry C:\Windows\system32\nltest.exe BLUETEAM\ezk nltest  /domain_trusts 10848 7380",benign
nltest.exe,11004,RegOpenKey,HKLM\Software\Microsoft\Windows NT\CurrentVersion\Image File Execution Options,SUCCESS,"Desired Access: Query Value, Enumerate Sub Keys",4/18/2022 10:56:50 AM,Registry,C:\Windows\system32\nltest.exe,BLUETEAM\ezk,nltest  /domain_trusts,10848,7380,"nltest.exe 11004 RegOpenKey HKLM\Software\Microsoft\Windows NT\CurrentVersion\Image File Execution Options SUCCESS Desired Access: Query Value, Enumerate Sub Keys 4/18/2022 10:56:50 AM Registry C:\Windows\system32\nltest.exe BLUETEAM\ezk nltest  /domain_trusts 10848 7380",benign
nltest.exe,11004,RegOpenKey,HKLM\System\CurrentControlSet\Control\Error Message Instrument,NAME NOT FOUND,Desired Access: Read,4/18/2022 10:56:50 AM,Registry,C:\Windows\system32\nltest.exe,BLUETEAM\ezk,nltest  /domain_trusts,10848,7380,nltest.exe 11004 RegOpenKey HKLM\System\CurrentControlSet\Control\Error Message Instrument NAME NOT FOUND Desired Access: Read 4/18/2022 10:56:50 AM Registry C:\Windows\system32\nltest.exe BLUETEAM\ezk nltest  /domain_trusts 10848 7380,benign
nltest.exe,11004,RegOpenKey,HKLM\System\CurrentControlSet\Control\Error Message Instrument\,REPARSE,Desired Access: Read,4/18/2022 10:56:50 AM,Registry,C:\Windows\system32\nltest.exe,BLUETEAM\ezk,nltest  /domain_trusts,10848,7380,nltest.exe 11004 RegOpenKey HKLM\System\CurrentControlSet\Control\Error Message Instrument\ REPARSE Desired Access: Read 4/18/2022 10:56:50 AM Registry C:\Windows\system32\nltest.exe BLUETEAM\ezk nltest  /domain_trusts 10848 7380,benign
nltest.exe,11004,CloseFile,C:\Windows\System32\imm32.dll,SUCCESS,,4/18/2022 10:56:50 AM,File System,C:\Windows\system32\nltest.exe,BLUETEAM\ezk,nltest  /domain_trusts,10848,7380,nltest.exe 11004 CloseFile C:\Windows\System32\imm32.dll SUCCESS None 4/18/2022 10:56:50 AM File System C:\Windows\system32\nltest.exe BLUETEAM\ezk nltest  /domain_trusts 10848 7380,benign
nltest.exe,11004,CreateFile,C:\Windows\System32\imm32.dll,SUCCESS,"Desired Access: Read Data/List Directory, Synchronize, Disposition: Open, Options: Synchronous IO Non-Alert, Non-Directory File, Attributes: n/a, ShareMode: Read, Delete, AllocationSize: n/a, OpenResult: Opened",4/18/2022 10:56:50 AM,File System,C:\Windows\system32\nltest.exe,BLUETEAM\ezk,nltest  /domain_trusts,10848,7380,"nltest.exe 11004 CreateFile C:\Windows\System32\imm32.dll SUCCESS Desired Access: Read Data/List Directory, Synchronize, Disposition: Open, Options: Synchronous IO Non-Alert, Non-Directory File, Attributes: n/a, ShareMode: Read, Delete, AllocationSize: n/a, OpenResult: Opened 4/18/2022 10:56:50 AM File System C:\Windows\system32\nltest.exe BLUETEAM\ezk nltest  /domain_trusts 10848 7380",benign
nltest.exe,11004,CloseFile,C:\Windows\System32\imm32.dll,SUCCESS,,4/18/2022 10:56:50 AM,File System,C:\Windows\system32\nltest.exe,BLUETEAM\ezk,nltest  /domain_trusts,10848,7380,nltest.exe 11004 CloseFile C:\Windows\System32\imm32.dll SUCCESS None 4/18/2022 10:56:50 AM File System C:\Windows\system32\nltest.exe BLUETEAM\ezk nltest  /domain_trusts 10848 7380,benign
nltest.exe,11004,RegOpenKey,HKLM\Software\Policies\Microsoft\Windows\Display,NAME NOT FOUND,Desired Access: Read,4/18/2022 10:56:50 AM,Registry,C:\Windows\system32\nltest.exe,BLUETEAM\ezk,nltest  /domain_trusts,10848,7380,nltest.exe 11004 RegOpenKey HKLM\Software\Policies\Microsoft\Windows\Display NAME NOT FOUND Desired Access: Read 4/18/2022 10:56:50 AM Registry C:\Windows\system32\nltest.exe BLUETEAM\ezk nltest  /domain_trusts 10848 7380,benign
nltest.exe,11004,QueryBasicInformationFile,C:\Windows\System32\imm32.dll,SUCCESS,"CreationTime: 9/22/2021 5:22:10 PM, LastAccessTime: 4/18/2022 10:56:41 AM, LastWriteTime: 9/22/2021 5:22:10 PM, ChangeTime: 10/15/2021 2:25:23 PM, FileAttributes: A",4/18/2022 10:56:50 AM,File System,C:\Windows\system32\nltest.exe,BLUETEAM\ezk,nltest  /domain_trusts,10848,7380,"nltest.exe 11004 QueryBasicInformationFile C:\Windows\System32\imm32.dll SUCCESS CreationTime: 9/22/2021 5:22:10 PM, LastAccessTime: 4/18/2022 10:56:41 AM, LastWriteTime: 9/22/2021 5:22:10 PM, ChangeTime: 10/15/2021 2:25:23 PM, FileAttributes: A 4/18/2022 10:56:50 AM File System C:\Windows\system32\nltest.exe BLUETEAM\ezk nltest  /domain_trusts 10848 7380",benign
nltest.exe,11004,RegQueryValue,HKLM\SOFTWARE\Microsoft\Windows NT\CurrentVersion\Compatibility32\nltest,NAME NOT FOUND,Length: 172,4/18/2022 10:56:50 AM,Registry,C:\Windows\system32\nltest.exe,BLUETEAM\ezk,nltest  /domain_trusts,10848,7380,nltest.exe 11004 RegQueryValue HKLM\SOFTWARE\Microsoft\Windows NT\CurrentVersion\Compatibility32\nltest NAME NOT FOUND Length: 172 4/18/2022 10:56:50 AM Registry C:\Windows\system32\nltest.exe BLUETEAM\ezk nltest  /domain_trusts 10848 7380,benign
nltest.exe,11004,RegOpenKey,HKLM\Software\Microsoft\Windows NT\CurrentVersion\IME Compatibility,NAME NOT FOUND,Desired Access: Read,4/18/2022 10:56:50 AM,Registry,C:\Windows\system32\nltest.exe,BLUETEAM\ezk,nltest  /domain_trusts,10848,7380,nltest.exe 11004 RegOpenKey HKLM\Software\Microsoft\Windows NT\CurrentVersion\IME Compatibility NAME NOT FOUND Desired Access: Read 4/18/2022 10:56:50 AM Registry C:\Windows\system32\nltest.exe BLUETEAM\ezk nltest  /domain_trusts 10848 7380,benign
nltest.exe,11004,RegOpenKey,HKLM\System\CurrentControlSet\Control\StateSeparation\RedirectionMap\Keys,NAME NOT FOUND,Desired Access: Read,4/18/2022 10:56:50 AM,Registry,C:\Windows\system32\nltest.exe,BLUETEAM\ezk,nltest  /domain_trusts,10848,7380,nltest.exe 11004 RegOpenKey HKLM\System\CurrentControlSet\Control\StateSeparation\RedirectionMap\Keys NAME NOT FOUND Desired Access: Read 4/18/2022 10:56:50 AM Registry C:\Windows\system32\nltest.exe BLUETEAM\ezk nltest  /domain_trusts 10848 7380,benign
nltest.exe,11004,RegOpenKey,HKLM\System\CurrentControlSet\Control\StateSeparation\RedirectionMap\Keys,REPARSE,Desired Access: Read,4/18/2022 10:56:50 AM,Registry,C:\Windows\system32\nltest.exe,BLUETEAM\ezk,nltest  /domain_trusts,10848,7380,nltest.exe 11004 RegOpenKey HKLM\System\CurrentControlSet\Control\StateSeparation\RedirectionMap\Keys REPARSE Desired Access: Read 4/18/2022 10:56:50 AM Registry C:\Windows\system32\nltest.exe BLUETEAM\ezk nltest  /domain_trusts 10848 7380,benign
nltest.exe,11004,RegCloseKey,HKCU,SUCCESS,,4/18/2022 10:56:50 AM,Registry,C:\Windows\system32\nltest.exe,BLUETEAM\ezk,nltest  /domain_trusts,10848,7380,nltest.exe 11004 RegCloseKey HKCU SUCCESS None 4/18/2022 10:56:50 AM Registry C:\Windows\system32\nltest.exe BLUETEAM\ezk nltest  /domain_trusts 10848 7380,benign
nltest.exe,11004,RegCloseKey,HKCU\Control Panel\Desktop\MuiCached,SUCCESS,,4/18/2022 10:56:50 AM,Registry,C:\Windows\system32\nltest.exe,BLUETEAM\ezk,nltest  /domain_trusts,10848,7380,nltest.exe 11004 RegCloseKey HKCU\Control Panel\Desktop\MuiCached SUCCESS None 4/18/2022 10:56:50 AM Registry C:\Windows\system32\nltest.exe BLUETEAM\ezk nltest  /domain_trusts 10848 7380,benign
nltest.exe,11004,RegQueryValue,HKCU\Control Panel\Desktop\MuiCached\MachinePreferredUILanguages,SUCCESS,"Type: REG_MULTI_SZ, Length: 12, Data: en-US",4/18/2022 10:56:50 AM,Registry,C:\Windows\system32\nltest.exe,BLUETEAM\ezk,nltest  /domain_trusts,10848,7380,"nltest.exe 11004 RegQueryValue HKCU\Control Panel\Desktop\MuiCached\MachinePreferredUILanguages SUCCESS Type: REG_MULTI_SZ, Length: 12, Data: en-US 4/18/2022 10:56:50 AM Registry C:\Windows\system32\nltest.exe BLUETEAM\ezk nltest  /domain_trusts 10848 7380",benign
nltest.exe,11004,RegQueryValue,HKCU\Control Panel\Desktop\MuiCached\MachinePreferredUILanguages,BUFFER OVERFLOW,Length: 12,4/18/2022 10:56:50 AM,Registry,C:\Windows\system32\nltest.exe,BLUETEAM\ezk,nltest  /domain_trusts,10848,7380,nltest.exe 11004 RegQueryValue HKCU\Control Panel\Desktop\MuiCached\MachinePreferredUILanguages BUFFER OVERFLOW Length: 12 4/18/2022 10:56:50 AM Registry C:\Windows\system32\nltest.exe BLUETEAM\ezk nltest  /domain_trusts 10848 7380,benign
nltest.exe,11004,RegOpenKey,HKCU\Control Panel\Desktop\MuiCached,SUCCESS,Desired Access: Read,4/18/2022 10:56:50 AM,Registry,C:\Windows\system32\nltest.exe,BLUETEAM\ezk,nltest  /domain_trusts,10848,7380,nltest.exe 11004 RegOpenKey HKCU\Control Panel\Desktop\MuiCached SUCCESS Desired Access: Read 4/18/2022 10:56:50 AM Registry C:\Windows\system32\nltest.exe BLUETEAM\ezk nltest  /domain_trusts 10848 7380,benign
nltest.exe,11004,RegOpenKey,HKCU,SUCCESS,"Desired Access: Maximum Allowed, Granted Access: All Access",4/18/2022 10:56:50 AM,Registry,C:\Windows\system32\nltest.exe,BLUETEAM\ezk,nltest  /domain_trusts,10848,7380,"nltest.exe 11004 RegOpenKey HKCU SUCCESS Desired Access: Maximum Allowed, Granted Access: All Access 4/18/2022 10:56:50 AM Registry C:\Windows\system32\nltest.exe BLUETEAM\ezk nltest  /domain_trusts 10848 7380",benign
nltest.exe,11004,RegOpenKey,HKLM\Software\Policies\Microsoft\MUI\Settings,NAME NOT FOUND,Desired Access: Read,4/18/2022 10:56:50 AM,Registry,C:\Windows\system32\nltest.exe,BLUETEAM\ezk,nltest  /domain_trusts,10848,7380,nltest.exe 11004 RegOpenKey HKLM\Software\Policies\Microsoft\MUI\Settings NAME NOT FOUND Desired Access: Read 4/18/2022 10:56:50 AM Registry C:\Windows\system32\nltest.exe BLUETEAM\ezk nltest  /domain_trusts 10848 7380,benign
nltest.exe,11004,RegCloseKey,HKCU,SUCCESS,,4/18/2022 10:56:50 AM,Registry,C:\Windows\system32\nltest.exe,BLUETEAM\ezk,nltest  /domain_trusts,10848,7380,nltest.exe 11004 RegCloseKey HKCU SUCCESS None 4/18/2022 10:56:50 AM Registry C:\Windows\system32\nltest.exe BLUETEAM\ezk nltest  /domain_trusts 10848 7380,benign
nltest.exe,11004,RegCloseKey,HKCU\Control Panel\Desktop,SUCCESS,,4/18/2022 10:56:50 AM,Registry,C:\Windows\system32\nltest.exe,BLUETEAM\ezk,nltest  /domain_trusts,10848,7380,nltest.exe 11004 RegCloseKey HKCU\Control Panel\Desktop SUCCESS None 4/18/2022 10:56:50 AM Registry C:\Windows\system32\nltest.exe BLUETEAM\ezk nltest  /domain_trusts 10848 7380,benign
nltest.exe,11004,RegCloseKey,HKLM\SOFTWARE\Microsoft\Windows NT\CurrentVersion\Compatibility32,SUCCESS,,4/18/2022 10:56:50 AM,Registry,C:\Windows\system32\nltest.exe,BLUETEAM\ezk,nltest  /domain_trusts,10848,7380,nltest.exe 11004 RegCloseKey HKLM\SOFTWARE\Microsoft\Windows NT\CurrentVersion\Compatibility32 SUCCESS None 4/18/2022 10:56:50 AM Registry C:\Windows\system32\nltest.exe BLUETEAM\ezk nltest  /domain_trusts 10848 7380,benign
nltest.exe,11004,RegQueryValue,HKCU\Control Panel\Desktop\PreferredUILanguages,NAME NOT FOUND,Length: 12,4/18/2022 10:56:50 AM,Registry,C:\Windows\system32\nltest.exe,BLUETEAM\ezk,nltest  /domain_trusts,10848,7380,nltest.exe 11004 RegQueryValue HKCU\Control Panel\Desktop\PreferredUILanguages NAME NOT FOUND Length: 12 4/18/2022 10:56:50 AM Registry C:\Windows\system32\nltest.exe BLUETEAM\ezk nltest  /domain_trusts 10848 7380,benign
nltest.exe,11004,RegOpenKey,HKCU\Software\Policies\Microsoft\Control Panel\Desktop,NAME NOT FOUND,Desired Access: Read,4/18/2022 10:56:50 AM,Registry,C:\Windows\system32\nltest.exe,BLUETEAM\ezk,nltest  /domain_trusts,10848,7380,nltest.exe 11004 RegOpenKey HKCU\Software\Policies\Microsoft\Control Panel\Desktop NAME NOT FOUND Desired Access: Read 4/18/2022 10:56:50 AM Registry C:\Windows\system32\nltest.exe BLUETEAM\ezk nltest  /domain_trusts 10848 7380,benign
nltest.exe,11004,RegOpenKey,HKCU,SUCCESS,"Desired Access: Maximum Allowed, Granted Access: All Access",4/18/2022 10:56:50 AM,Registry,C:\Windows\system32\nltest.exe,BLUETEAM\ezk,nltest  /domain_trusts,10848,7380,"nltest.exe 11004 RegOpenKey HKCU SUCCESS Desired Access: Maximum Allowed, Granted Access: All Access 4/18/2022 10:56:50 AM Registry C:\Windows\system32\nltest.exe BLUETEAM\ezk nltest  /domain_trusts 10848 7380",benign
nltest.exe,11004,RegOpenKey,HKLM\Software\Policies\Microsoft\MUI\Settings,NAME NOT FOUND,Desired Access: Read,4/18/2022 10:56:50 AM,Registry,C:\Windows\system32\nltest.exe,BLUETEAM\ezk,nltest  /domain_trusts,10848,7380,nltest.exe 11004 RegOpenKey HKLM\Software\Policies\Microsoft\MUI\Settings NAME NOT FOUND Desired Access: Read 4/18/2022 10:56:50 AM Registry C:\Windows\system32\nltest.exe BLUETEAM\ezk nltest  /domain_trusts 10848 7380,benign
nltest.exe,11004,RegCloseKey,HKCU,SUCCESS,,4/18/2022 10:56:50 AM,Registry,C:\Windows\system32\nltest.exe,BLUETEAM\ezk,nltest  /domain_trusts,10848,7380,nltest.exe 11004 RegCloseKey HKCU SUCCESS None 4/18/2022 10:56:50 AM Registry C:\Windows\system32\nltest.exe BLUETEAM\ezk nltest  /domain_trusts 10848 7380,benign
nltest.exe,11004,RegOpenKey,HKCU\Control Panel\Desktop\LanguageConfiguration,NAME NOT FOUND,Desired Access: Read,4/18/2022 10:56:50 AM,Registry,C:\Windows\system32\nltest.exe,BLUETEAM\ezk,nltest  /domain_trusts,10848,7380,nltest.exe 11004 RegOpenKey HKCU\Control Panel\Desktop\LanguageConfiguration NAME NOT FOUND Desired Access: Read 4/18/2022 10:56:50 AM Registry C:\Windows\system32\nltest.exe BLUETEAM\ezk nltest  /domain_trusts 10848 7380,benign
nltest.exe,11004,RegOpenKey,HKCU\Software\Policies\Microsoft\Control Panel\Desktop,NAME NOT FOUND,Desired Access: Read,4/18/2022 10:56:50 AM,Registry,C:\Windows\system32\nltest.exe,BLUETEAM\ezk,nltest  /domain_trusts,10848,7380,nltest.exe 11004 RegOpenKey HKCU\Software\Policies\Microsoft\Control Panel\Desktop NAME NOT FOUND Desired Access: Read 4/18/2022 10:56:50 AM Registry C:\Windows\system32\nltest.exe BLUETEAM\ezk nltest  /domain_trusts 10848 7380,benign
nltest.exe,11004,RegOpenKey,HKCU,SUCCESS,"Desired Access: Maximum Allowed, Granted Access: All Access",4/18/2022 10:56:50 AM,Registry,C:\Windows\system32\nltest.exe,BLUETEAM\ezk,nltest  /domain_trusts,10848,7380,"nltest.exe 11004 RegOpenKey HKCU SUCCESS Desired Access: Maximum Allowed, Granted Access: All Access 4/18/2022 10:56:50 AM Registry C:\Windows\system32\nltest.exe BLUETEAM\ezk nltest  /domain_trusts 10848 7380",benign
nltest.exe,11004,RegOpenKey,HKLM\Software\Policies\Microsoft\MUI\Settings,NAME NOT FOUND,Desired Access: Read,4/18/2022 10:56:50 AM,Registry,C:\Windows\system32\nltest.exe,BLUETEAM\ezk,nltest  /domain_trusts,10848,7380,nltest.exe 11004 RegOpenKey HKLM\Software\Policies\Microsoft\MUI\Settings NAME NOT FOUND Desired Access: Read 4/18/2022 10:56:50 AM Registry C:\Windows\system32\nltest.exe BLUETEAM\ezk nltest  /domain_trusts 10848 7380,benign
nltest.exe,11004,RegCloseKey,HKCU,SUCCESS,,4/18/2022 10:56:50 AM,Registry,C:\Windows\system32\nltest.exe,BLUETEAM\ezk,nltest  /domain_trusts,10848,7380,nltest.exe 11004 RegCloseKey HKCU SUCCESS None 4/18/2022 10:56:50 AM Registry C:\Windows\system32\nltest.exe BLUETEAM\ezk nltest  /domain_trusts 10848 7380,benign
nltest.exe,11004,RegOpenKey,HKCU\Control Panel\Desktop\MuiCached\MachineLanguageConfiguration,NAME NOT FOUND,Desired Access: Read,4/18/2022 10:56:50 AM,Registry,C:\Windows\system32\nltest.exe,BLUETEAM\ezk,nltest  /domain_trusts,10848,7380,nltest.exe 11004 RegOpenKey HKCU\Control Panel\Desktop\MuiCached\MachineLanguageConfiguration NAME NOT FOUND Desired Access: Read 4/18/2022 10:56:50 AM Registry C:\Windows\system32\nltest.exe BLUETEAM\ezk nltest  /domain_trusts 10848 7380,benign
nltest.exe,11004,RegOpenKey,HKCU,SUCCESS,"Desired Access: Maximum Allowed, Granted Access: All Access",4/18/2022 10:56:50 AM,Registry,C:\Windows\system32\nltest.exe,BLUETEAM\ezk,nltest  /domain_trusts,10848,7380,"nltest.exe 11004 RegOpenKey HKCU SUCCESS Desired Access: Maximum Allowed, Granted Access: All Access 4/18/2022 10:56:50 AM Registry C:\Windows\system32\nltest.exe BLUETEAM\ezk nltest  /domain_trusts 10848 7380",benign
nltest.exe,11004,RegOpenKey,HKCU\Control Panel\Desktop,SUCCESS,Desired Access: Read,4/18/2022 10:56:50 AM,Registry,C:\Windows\system32\nltest.exe,BLUETEAM\ezk,nltest  /domain_trusts,10848,7380,nltest.exe 11004 RegOpenKey HKCU\Control Panel\Desktop SUCCESS Desired Access: Read 4/18/2022 10:56:50 AM Registry C:\Windows\system32\nltest.exe BLUETEAM\ezk nltest  /domain_trusts 10848 7380,benign
nltest.exe,11004,CreateFile,C:\Windows\System32\imm32.dll,SUCCESS,"Desired Access: Read Attributes, Disposition: Open, Options: Open Reparse Point, Attributes: n/a, ShareMode: Read, Write, Delete, AllocationSize: n/a, OpenResult: Opened",4/18/2022 10:56:50 AM,File System,C:\Windows\system32\nltest.exe,BLUETEAM\ezk,nltest  /domain_trusts,10848,7380,"nltest.exe 11004 CreateFile C:\Windows\System32\imm32.dll SUCCESS Desired Access: Read Attributes, Disposition: Open, Options: Open Reparse Point, Attributes: n/a, ShareMode: Read, Write, Delete, AllocationSize: n/a, OpenResult: Opened 4/18/2022 10:56:50 AM File System C:\Windows\system32\nltest.exe BLUETEAM\ezk nltest  /domain_trusts 10848 7380",benign
nltest.exe,11004,RegCloseKey,HKLM\System\CurrentControlSet\Services\Netlogon\Parameters,SUCCESS,,4/18/2022 10:56:50 AM,Registry,C:\Windows\system32\nltest.exe,BLUETEAM\ezk,nltest  /domain_trusts,10848,7380,nltest.exe 11004 RegCloseKey HKLM\System\CurrentControlSet\Services\Netlogon\Parameters SUCCESS None 4/18/2022 10:56:50 AM Registry C:\Windows\system32\nltest.exe BLUETEAM\ezk nltest  /domain_trusts 10848 7380,benign
nltest.exe,11004,RegQueryValue,HKLM\System\CurrentControlSet\Services\Netlogon\Parameters\DCLocatorLdapConnectionCacheEnabled,NAME NOT FOUND,Length: 16,4/18/2022 10:56:50 AM,Registry,C:\Windows\system32\nltest.exe,BLUETEAM\ezk,nltest  /domain_trusts,10848,7380,nltest.exe 11004 RegQueryValue HKLM\System\CurrentControlSet\Services\Netlogon\Parameters\DCLocatorLdapConnectionCacheEnabled NAME NOT FOUND Length: 16 4/18/2022 10:56:50 AM Registry C:\Windows\system32\nltest.exe BLUETEAM\ezk nltest  /domain_trusts 10848 7380,benign
nltest.exe,11004,QueryBasicInformationFile,C:\Windows\System32\netutils.dll,SUCCESS,"CreationTime: 9/22/2021 5:22:06 PM, LastAccessTime: 4/18/2022 10:56:42 AM, LastWriteTime: 9/22/2021 5:22:06 PM, ChangeTime: 10/15/2021 2:25:23 PM, FileAttributes: A",4/18/2022 10:56:50 AM,File System,C:\Windows\system32\nltest.exe,BLUETEAM\ezk,nltest  /domain_trusts,10848,7380,"nltest.exe 11004 QueryBasicInformationFile C:\Windows\System32\netutils.dll SUCCESS CreationTime: 9/22/2021 5:22:06 PM, LastAccessTime: 4/18/2022 10:56:42 AM, LastWriteTime: 9/22/2021 5:22:06 PM, ChangeTime: 10/15/2021 2:25:23 PM, FileAttributes: A 4/18/2022 10:56:50 AM File System C:\Windows\system32\nltest.exe BLUETEAM\ezk nltest  /domain_trusts 10848 7380",benign
nltest.exe,11004,CreateFile,C:\Windows\System32\netutils.dll,SUCCESS,"Desired Access: Read Attributes, Disposition: Open, Options: Open Reparse Point, Attributes: n/a, ShareMode: Read, Write, Delete, AllocationSize: n/a, OpenResult: Opened",4/18/2022 10:56:50 AM,File System,C:\Windows\system32\nltest.exe,BLUETEAM\ezk,nltest  /domain_trusts,10848,7380,"nltest.exe 11004 CreateFile C:\Windows\System32\netutils.dll SUCCESS Desired Access: Read Attributes, Disposition: Open, Options: Open Reparse Point, Attributes: n/a, ShareMode: Read, Write, Delete, AllocationSize: n/a, OpenResult: Opened 4/18/2022 10:56:50 AM File System C:\Windows\system32\nltest.exe BLUETEAM\ezk nltest  /domain_trusts 10848 7380",benign
nltest.exe,11004,CloseFile,C:\Windows\System32\logoncli.dll,SUCCESS,,4/18/2022 10:56:50 AM,File System,C:\Windows\system32\nltest.exe,BLUETEAM\ezk,nltest  /domain_trusts,6724,7380,nltest.exe 11004 CloseFile C:\Windows\System32\logoncli.dll SUCCESS None 4/18/2022 10:56:50 AM File System C:\Windows\system32\nltest.exe BLUETEAM\ezk nltest  /domain_trusts 6724 7380,benign
nltest.exe,11004,CreateFile,C:\Windows\System32\logoncli.dll,SUCCESS,"Desired Access: Read Data/List Directory, Execute/Traverse, Synchronize, Disposition: Open, Options: Synchronous IO Non-Alert, Non-Directory File, Attributes: n/a, ShareMode: Read, Delete, AllocationSize: n/a, OpenResult: Opened",4/18/2022 10:56:50 AM,File System,C:\Windows\system32\nltest.exe,BLUETEAM\ezk,nltest  /domain_trusts,6724,7380,"nltest.exe 11004 CreateFile C:\Windows\System32\logoncli.dll SUCCESS Desired Access: Read Data/List Directory, Execute/Traverse, Synchronize, Disposition: Open, Options: Synchronous IO Non-Alert, Non-Directory File, Attributes: n/a, ShareMode: Read, Delete, AllocationSize: n/a, OpenResult: Opened 4/18/2022 10:56:50 AM File System C:\Windows\system32\nltest.exe BLUETEAM\ezk nltest  /domain_trusts 6724 7380",benign
nltest.exe,11004,CloseFile,C:\Windows\System32\logoncli.dll,SUCCESS,,4/18/2022 10:56:50 AM,File System,C:\Windows\system32\nltest.exe,BLUETEAM\ezk,nltest  /domain_trusts,6724,7380,nltest.exe 11004 CloseFile C:\Windows\System32\logoncli.dll SUCCESS None 4/18/2022 10:56:50 AM File System C:\Windows\system32\nltest.exe BLUETEAM\ezk nltest  /domain_trusts 6724 7380,benign
nltest.exe,11004,QueryBasicInformationFile,C:\Windows\System32\logoncli.dll,SUCCESS,"CreationTime: 9/22/2021 5:22:06 PM, LastAccessTime: 4/18/2022 10:56:48 AM, LastWriteTime: 9/22/2021 5:22:06 PM, ChangeTime: 10/15/2021 2:25:23 PM, FileAttributes: A",4/18/2022 10:56:50 AM,File System,C:\Windows\system32\nltest.exe,BLUETEAM\ezk,nltest  /domain_trusts,6724,7380,"nltest.exe 11004 QueryBasicInformationFile C:\Windows\System32\logoncli.dll SUCCESS CreationTime: 9/22/2021 5:22:06 PM, LastAccessTime: 4/18/2022 10:56:48 AM, LastWriteTime: 9/22/2021 5:22:06 PM, ChangeTime: 10/15/2021 2:25:23 PM, FileAttributes: A 4/18/2022 10:56:50 AM File System C:\Windows\system32\nltest.exe BLUETEAM\ezk nltest  /domain_trusts 6724 7380",benign
nltest.exe,11004,CreateFile,C:\Windows\System32\logoncli.dll,SUCCESS,"Desired Access: Read Attributes, Disposition: Open, Options: Open Reparse Point, Attributes: n/a, ShareMode: Read, Write, Delete, AllocationSize: n/a, OpenResult: Opened",4/18/2022 10:56:50 AM,File System,C:\Windows\system32\nltest.exe,BLUETEAM\ezk,nltest  /domain_trusts,6724,7380,"nltest.exe 11004 CreateFile C:\Windows\System32\logoncli.dll SUCCESS Desired Access: Read Attributes, Disposition: Open, Options: Open Reparse Point, Attributes: n/a, ShareMode: Read, Write, Delete, AllocationSize: n/a, OpenResult: Opened 4/18/2022 10:56:50 AM File System C:\Windows\system32\nltest.exe BLUETEAM\ezk nltest  /domain_trusts 6724 7380",benign
nltest.exe,11004,CloseFile,C:\Windows\System32\ntdsapi.dll,SUCCESS,,4/18/2022 10:56:50 AM,File System,C:\Windows\system32\nltest.exe,BLUETEAM\ezk,nltest  /domain_trusts,10448,7380,nltest.exe 11004 CloseFile C:\Windows\System32\ntdsapi.dll SUCCESS None 4/18/2022 10:56:50 AM File System C:\Windows\system32\nltest.exe BLUETEAM\ezk nltest  /domain_trusts 10448 7380,benign
nltest.exe,11004,QueryBasicInformationFile,C:\Windows\System32\ntdsapi.dll,SUCCESS,"CreationTime: 9/22/2021 5:21:51 PM, LastAccessTime: 4/18/2022 10:56:10 AM, LastWriteTime: 9/22/2021 5:21:51 PM, ChangeTime: 10/15/2021 2:36:53 PM, FileAttributes: A",4/18/2022 10:56:50 AM,File System,C:\Windows\system32\nltest.exe,BLUETEAM\ezk,nltest  /domain_trusts,10448,7380,"nltest.exe 11004 QueryBasicInformationFile C:\Windows\System32\ntdsapi.dll SUCCESS CreationTime: 9/22/2021 5:21:51 PM, LastAccessTime: 4/18/2022 10:56:10 AM, LastWriteTime: 9/22/2021 5:21:51 PM, ChangeTime: 10/15/2021 2:36:53 PM, FileAttributes: A 4/18/2022 10:56:50 AM File System C:\Windows\system32\nltest.exe BLUETEAM\ezk nltest  /domain_trusts 10448 7380",benign
nltest.exe,11004,CreateFile,C:\Windows\System32\ntdsapi.dll,SUCCESS,"Desired Access: Read Attributes, Disposition: Open, Options: Open Reparse Point, Attributes: n/a, ShareMode: Read, Write, Delete, AllocationSize: n/a, OpenResult: Opened",4/18/2022 10:56:50 AM,File System,C:\Windows\system32\nltest.exe,BLUETEAM\ezk,nltest  /domain_trusts,10448,7380,"nltest.exe 11004 CreateFile C:\Windows\System32\ntdsapi.dll SUCCESS Desired Access: Read Attributes, Disposition: Open, Options: Open Reparse Point, Attributes: n/a, ShareMode: Read, Write, Delete, AllocationSize: n/a, OpenResult: Opened 4/18/2022 10:56:50 AM File System C:\Windows\system32\nltest.exe BLUETEAM\ezk nltest  /domain_trusts 10448 7380",benign
nltest.exe,11004,RegQueryValue,HKLM\System\CurrentControlSet\Control\Session Manager\SafeDllSearchMode,NAME NOT FOUND,Length: 16,4/18/2022 10:56:50 AM,Registry,C:\Windows\system32\nltest.exe,BLUETEAM\ezk,nltest  /domain_trusts,10448,7380,nltest.exe 11004 RegQueryValue HKLM\System\CurrentControlSet\Control\Session Manager\SafeDllSearchMode NAME NOT FOUND Length: 16 4/18/2022 10:56:50 AM Registry C:\Windows\system32\nltest.exe BLUETEAM\ezk nltest  /domain_trusts 10448 7380,benign
nltest.exe,11004,CloseFile,C:\Windows\System32\netutils.dll,SUCCESS,,4/18/2022 10:56:50 AM,File System,C:\Windows\system32\nltest.exe,BLUETEAM\ezk,nltest  /domain_trusts,10848,7380,nltest.exe 11004 CloseFile C:\Windows\System32\netutils.dll SUCCESS None 4/18/2022 10:56:50 AM File System C:\Windows\system32\nltest.exe BLUETEAM\ezk nltest  /domain_trusts 10848 7380,benign
nltest.exe,11004,RegOpenKey,HKLM\System\CurrentControlSet\Control\Session Manager,SUCCESS,Desired Access: Query Value,4/18/2022 10:56:50 AM,Registry,C:\Windows\system32\nltest.exe,BLUETEAM\ezk,nltest  /domain_trusts,10448,7380,nltest.exe 11004 RegOpenKey HKLM\System\CurrentControlSet\Control\Session Manager SUCCESS Desired Access: Query Value 4/18/2022 10:56:50 AM Registry C:\Windows\system32\nltest.exe BLUETEAM\ezk nltest  /domain_trusts 10448 7380,benign
nltest.exe,11004,RegCloseKey,HKLM\System\CurrentControlSet\Control\Session Manager,SUCCESS,,4/18/2022 10:56:50 AM,Registry,C:\Windows\system32\nltest.exe,BLUETEAM\ezk,nltest  /domain_trusts,10848,7380,nltest.exe 11004 RegCloseKey HKLM\System\CurrentControlSet\Control\Session Manager SUCCESS None 4/18/2022 10:56:50 AM Registry C:\Windows\system32\nltest.exe BLUETEAM\ezk nltest  /domain_trusts 10848 7380,benign
nltest.exe,11004,RegQueryValue,HKLM\System\CurrentControlSet\Control\Session Manager\ResourcePolicies,NAME NOT FOUND,Length: 24,4/18/2022 10:56:50 AM,Registry,C:\Windows\system32\nltest.exe,BLUETEAM\ezk,nltest  /domain_trusts,10848,7380,nltest.exe 11004 RegQueryValue HKLM\System\CurrentControlSet\Control\Session Manager\ResourcePolicies NAME NOT FOUND Length: 24 4/18/2022 10:56:50 AM Registry C:\Windows\system32\nltest.exe BLUETEAM\ezk nltest  /domain_trusts 10848 7380,benign
nltest.exe,11004,RegOpenKey,HKLM\System\CurrentControlSet\Control\Session Manager,SUCCESS,"Desired Access: Query Value, Enumerate Sub Keys",4/18/2022 10:56:50 AM,Registry,C:\Windows\system32\nltest.exe,BLUETEAM\ezk,nltest  /domain_trusts,10848,7380,"nltest.exe 11004 RegOpenKey HKLM\System\CurrentControlSet\Control\Session Manager SUCCESS Desired Access: Query Value, Enumerate Sub Keys 4/18/2022 10:56:50 AM Registry C:\Windows\system32\nltest.exe BLUETEAM\ezk nltest  /domain_trusts 10848 7380",benign
nltest.exe,11004,RegOpenKey,HKLM\SYSTEM\CurrentControlSet\Control\Session Manager,REPARSE,"Desired Access: Query Value, Enumerate Sub Keys",4/18/2022 10:56:50 AM,Registry,C:\Windows\system32\nltest.exe,BLUETEAM\ezk,nltest  /domain_trusts,10848,7380,"nltest.exe 11004 RegOpenKey HKLM\SYSTEM\CurrentControlSet\Control\Session Manager REPARSE Desired Access: Query Value, Enumerate Sub Keys 4/18/2022 10:56:50 AM Registry C:\Windows\system32\nltest.exe BLUETEAM\ezk nltest  /domain_trusts 10848 7380",benign
nltest.exe,11004,RegCloseKey,HKLM\System\CurrentControlSet\Control\FileSystem,SUCCESS,,4/18/2022 10:56:50 AM,Registry,C:\Windows\system32\nltest.exe,BLUETEAM\ezk,nltest  /domain_trusts,10848,7380,nltest.exe 11004 RegCloseKey HKLM\System\CurrentControlSet\Control\FileSystem SUCCESS None 4/18/2022 10:56:50 AM Registry C:\Windows\system32\nltest.exe BLUETEAM\ezk nltest  /domain_trusts 10848 7380,benign
nltest.exe,11004,RegQueryValue,HKLM\System\CurrentControlSet\Control\FileSystem\LongPathsEnabled,SUCCESS,"Type: REG_DWORD, Length: 4, Data: 0",4/18/2022 10:56:50 AM,Registry,C:\Windows\system32\nltest.exe,BLUETEAM\ezk,nltest  /domain_trusts,10848,7380,"nltest.exe 11004 RegQueryValue HKLM\System\CurrentControlSet\Control\FileSystem\LongPathsEnabled SUCCESS Type: REG_DWORD, Length: 4, Data: 0 4/18/2022 10:56:50 AM Registry C:\Windows\system32\nltest.exe BLUETEAM\ezk nltest  /domain_trusts 10848 7380",benign
nltest.exe,11004,RegOpenKey,HKLM\System\CurrentControlSet\Control\FileSystem,SUCCESS,Desired Access: Read,4/18/2022 10:56:50 AM,Registry,C:\Windows\system32\nltest.exe,BLUETEAM\ezk,nltest  /domain_trusts,10848,7380,nltest.exe 11004 RegOpenKey HKLM\System\CurrentControlSet\Control\FileSystem SUCCESS Desired Access: Read 4/18/2022 10:56:50 AM Registry C:\Windows\system32\nltest.exe BLUETEAM\ezk nltest  /domain_trusts 10848 7380,benign
nltest.exe,11004,RegOpenKey,HKLM\System\CurrentControlSet\Control\FileSystem\,REPARSE,Desired Access: Read,4/18/2022 10:56:50 AM,Registry,C:\Windows\system32\nltest.exe,BLUETEAM\ezk,nltest  /domain_trusts,10848,7380,nltest.exe 11004 RegOpenKey HKLM\System\CurrentControlSet\Control\FileSystem\ REPARSE Desired Access: Read 4/18/2022 10:56:50 AM Registry C:\Windows\system32\nltest.exe BLUETEAM\ezk nltest  /domain_trusts 10848 7380,benign
nltest.exe,11004,RegOpenKey,HKCU\Software\Policies\Microsoft\Windows\Safer\CodeIdentifiers,NAME NOT FOUND,Desired Access: Query Value,4/18/2022 10:56:50 AM,Registry,C:\Windows\system32\nltest.exe,BLUETEAM\ezk,nltest  /domain_trusts,10848,7380,nltest.exe 11004 RegOpenKey HKCU\Software\Policies\Microsoft\Windows\Safer\CodeIdentifiers NAME NOT FOUND Desired Access: Query Value 4/18/2022 10:56:50 AM Registry C:\Windows\system32\nltest.exe BLUETEAM\ezk nltest  /domain_trusts 10848 7380,benign
nltest.exe,11004,RegCloseKey,HKLM\SOFTWARE\Policies\Microsoft\Windows\safer\codeidentifiers,SUCCESS,,4/18/2022 10:56:50 AM,Registry,C:\Windows\system32\nltest.exe,BLUETEAM\ezk,nltest  /domain_trusts,10848,7380,nltest.exe 11004 RegCloseKey HKLM\SOFTWARE\Policies\Microsoft\Windows\safer\codeidentifiers SUCCESS None 4/18/2022 10:56:50 AM Registry C:\Windows\system32\nltest.exe BLUETEAM\ezk nltest  /domain_trusts 10848 7380,benign
nltest.exe,11004,RegQueryValue,HKLM\SOFTWARE\Policies\Microsoft\Windows\safer\codeidentifiers\TransparentEnabled,NAME NOT FOUND,Length: 80,4/18/2022 10:56:50 AM,Registry,C:\Windows\system32\nltest.exe,BLUETEAM\ezk,nltest  /domain_trusts,10848,7380,nltest.exe 11004 RegQueryValue HKLM\SOFTWARE\Policies\Microsoft\Windows\safer\codeidentifiers\TransparentEnabled NAME NOT FOUND Length: 80 4/18/2022 10:56:50 AM Registry C:\Windows\system32\nltest.exe BLUETEAM\ezk nltest  /domain_trusts 10848 7380,benign
nltest.exe,11004,RegOpenKey,HKLM\System\CurrentControlSet\Control\Session Manager,REPARSE,Desired Access: Query Value,4/18/2022 10:56:50 AM,Registry,C:\Windows\system32\nltest.exe,BLUETEAM\ezk,nltest  /domain_trusts,10448,7380,nltest.exe 11004 RegOpenKey HKLM\System\CurrentControlSet\Control\Session Manager REPARSE Desired Access: Query Value 4/18/2022 10:56:50 AM Registry C:\Windows\system32\nltest.exe BLUETEAM\ezk nltest  /domain_trusts 10448 7380,benign
nltest.exe,11004,CreateFile,C:\Windows\System32\netutils.dll,SUCCESS,"Desired Access: Read Data/List Directory, Execute/Traverse, Synchronize, Disposition: Open, Options: Synchronous IO Non-Alert, Non-Directory File, Attributes: n/a, ShareMode: Read, Delete, AllocationSize: n/a, OpenResult: Opened",4/18/2022 10:56:50 AM,File System,C:\Windows\system32\nltest.exe,BLUETEAM\ezk,nltest  /domain_trusts,10848,7380,"nltest.exe 11004 CreateFile C:\Windows\System32\netutils.dll SUCCESS Desired Access: Read Data/List Directory, Execute/Traverse, Synchronize, Disposition: Open, Options: Synchronous IO Non-Alert, Non-Directory File, Attributes: n/a, ShareMode: Read, Delete, AllocationSize: n/a, OpenResult: Opened 4/18/2022 10:56:50 AM File System C:\Windows\system32\nltest.exe BLUETEAM\ezk nltest  /domain_trusts 10848 7380",benign
nltest.exe,11004,CloseFile,C:\Windows\System32\netutils.dll,SUCCESS,,4/18/2022 10:56:50 AM,File System,C:\Windows\system32\nltest.exe,BLUETEAM\ezk,nltest  /domain_trusts,10848,7380,nltest.exe 11004 CloseFile C:\Windows\System32\netutils.dll SUCCESS None 4/18/2022 10:56:50 AM File System C:\Windows\system32\nltest.exe BLUETEAM\ezk nltest  /domain_trusts 10848 7380,benign
nltest.exe,11004,CreateFile,C:\Windows\System32\ntdsapi.dll,SUCCESS,"Desired Access: Read Data/List Directory, Execute/Traverse, Synchronize, Disposition: Open, Options: Synchronous IO Non-Alert, Non-Directory File, Attributes: n/a, ShareMode: Read, Delete, AllocationSize: n/a, OpenResult: Opened",4/18/2022 10:56:50 AM,File System,C:\Windows\system32\nltest.exe,BLUETEAM\ezk,nltest  /domain_trusts,10448,7380,"nltest.exe 11004 CreateFile C:\Windows\System32\ntdsapi.dll SUCCESS Desired Access: Read Data/List Directory, Execute/Traverse, Synchronize, Disposition: Open, Options: Synchronous IO Non-Alert, Non-Directory File, Attributes: n/a, ShareMode: Read, Delete, AllocationSize: n/a, OpenResult: Opened 4/18/2022 10:56:50 AM File System C:\Windows\system32\nltest.exe BLUETEAM\ezk nltest  /domain_trusts 10448 7380",benign
nltest.exe,11004,RegOpenKey,HKLM\System\CurrentControlSet\Services\Netlogon\Parameters,SUCCESS,Desired Access: Query Value,4/18/2022 10:56:50 AM,Registry,C:\Windows\system32\nltest.exe,BLUETEAM\ezk,nltest  /domain_trusts,10848,7380,nltest.exe 11004 RegOpenKey HKLM\System\CurrentControlSet\Services\Netlogon\Parameters SUCCESS Desired Access: Query Value 4/18/2022 10:56:50 AM Registry C:\Windows\system32\nltest.exe BLUETEAM\ezk nltest  /domain_trusts 10848 7380,benign
nltest.exe,11004,RegOpenKey,HKLM\SYSTEM\CurrentControlSet\Services\Netlogon\Parameters,REPARSE,Desired Access: Query Value,4/18/2022 10:56:50 AM,Registry,C:\Windows\system32\nltest.exe,BLUETEAM\ezk,nltest  /domain_trusts,10848,7380,nltest.exe 11004 RegOpenKey HKLM\SYSTEM\CurrentControlSet\Services\Netlogon\Parameters REPARSE Desired Access: Query Value 4/18/2022 10:56:50 AM Registry C:\Windows\system32\nltest.exe BLUETEAM\ezk nltest  /domain_trusts 10848 7380,benign
nltest.exe,11004,RegQueryKey,HKLM,SUCCESS,"Query: HandleTags, HandleTags: 0x0",4/18/2022 10:56:50 AM,Registry,C:\Windows\system32\nltest.exe,BLUETEAM\ezk,nltest  /domain_trusts,10848,7380,"nltest.exe 11004 RegQueryKey HKLM SUCCESS Query: HandleTags, HandleTags: 0x0 4/18/2022 10:56:50 AM Registry C:\Windows\system32\nltest.exe BLUETEAM\ezk nltest  /domain_trusts 10848 7380",benign
nltest.exe,11004,RegOpenKey,HKLM\SOFTWARE\Microsoft\AppModel\Lookaside\Packages,NAME NOT FOUND,Desired Access: Read,4/18/2022 10:56:50 AM,Registry,C:\Windows\system32\nltest.exe,BLUETEAM\ezk,nltest  /domain_trusts,10848,7380,nltest.exe 11004 RegOpenKey HKLM\SOFTWARE\Microsoft\AppModel\Lookaside\Packages NAME NOT FOUND Desired Access: Read 4/18/2022 10:56:50 AM Registry C:\Windows\system32\nltest.exe BLUETEAM\ezk nltest  /domain_trusts 10848 7380,benign
nltest.exe,11004,RegOpenKey,HKLM\Software\Policies\Microsoft\Netlogon\Parameters,NAME NOT FOUND,Desired Access: Query Value,4/18/2022 10:56:50 AM,Registry,C:\Windows\system32\nltest.exe,BLUETEAM\ezk,nltest  /domain_trusts,10848,7380,nltest.exe 11004 RegOpenKey HKLM\Software\Policies\Microsoft\Netlogon\Parameters NAME NOT FOUND Desired Access: Query Value 4/18/2022 10:56:50 AM Registry C:\Windows\system32\nltest.exe BLUETEAM\ezk nltest  /domain_trusts 10848 7380,benign
nltest.exe,11004,RegQueryKey,HKLM,SUCCESS,"Query: HandleTags, HandleTags: 0x0",4/18/2022 10:56:50 AM,Registry,C:\Windows\system32\nltest.exe,BLUETEAM\ezk,nltest  /domain_trusts,10848,7380,"nltest.exe 11004 RegQueryKey HKLM SUCCESS Query: HandleTags, HandleTags: 0x0 4/18/2022 10:56:50 AM Registry C:\Windows\system32\nltest.exe BLUETEAM\ezk nltest  /domain_trusts 10848 7380",benign
nltest.exe,11004,RegCloseKey,HKLM\SYSTEM\Setup,SUCCESS,,4/18/2022 10:56:50 AM,Registry,C:\Windows\system32\nltest.exe,BLUETEAM\ezk,nltest  /domain_trusts,10848,7380,nltest.exe 11004 RegCloseKey HKLM\SYSTEM\Setup SUCCESS None 4/18/2022 10:56:50 AM Registry C:\Windows\system32\nltest.exe BLUETEAM\ezk nltest  /domain_trusts 10848 7380,benign
nltest.exe,11004,RegQueryValue,HKLM\SYSTEM\Setup\SystemSetupInProgress,SUCCESS,"Type: REG_DWORD, Length: 4, Data: 0",4/18/2022 10:56:50 AM,Registry,C:\Windows\system32\nltest.exe,BLUETEAM\ezk,nltest  /domain_trusts,10848,7380,"nltest.exe 11004 RegQueryValue HKLM\SYSTEM\Setup\SystemSetupInProgress SUCCESS Type: REG_DWORD, Length: 4, Data: 0 4/18/2022 10:56:50 AM Registry C:\Windows\system32\nltest.exe BLUETEAM\ezk nltest  /domain_trusts 10848 7380",benign
nltest.exe,11004,RegOpenKey,HKLM\SYSTEM\Setup,SUCCESS,Desired Access: Query Value,4/18/2022 10:56:50 AM,Registry,C:\Windows\system32\nltest.exe,BLUETEAM\ezk,nltest  /domain_trusts,10848,7380,nltest.exe 11004 RegOpenKey HKLM\SYSTEM\Setup SUCCESS Desired Access: Query Value 4/18/2022 10:56:50 AM Registry C:\Windows\system32\nltest.exe BLUETEAM\ezk nltest  /domain_trusts 10848 7380,benign
nltest.exe,11004,RegQueryKey,HKLM,SUCCESS,"Query: HandleTags, HandleTags: 0x0",4/18/2022 10:56:50 AM,Registry,C:\Windows\system32\nltest.exe,BLUETEAM\ezk,nltest  /domain_trusts,10848,7380,"nltest.exe 11004 RegQueryKey HKLM SUCCESS Query: HandleTags, HandleTags: 0x0 4/18/2022 10:56:50 AM Registry C:\Windows\system32\nltest.exe BLUETEAM\ezk nltest  /domain_trusts 10848 7380",benign
nltest.exe,11004,RegOpenKey,HKLM,SUCCESS,"Desired Access: Maximum Allowed, Granted Access: All Access",4/18/2022 10:56:50 AM,Registry,C:\Windows\system32\nltest.exe,BLUETEAM\ezk,nltest  /domain_trusts,10848,7380,"nltest.exe 11004 RegOpenKey HKLM SUCCESS Desired Access: Maximum Allowed, Granted Access: All Access 4/18/2022 10:56:50 AM Registry C:\Windows\system32\nltest.exe BLUETEAM\ezk nltest  /domain_trusts 10848 7380",benign
nltest.exe,11004,RegCloseKey,HKLM\System\CurrentControlSet\Control\Session Manager,SUCCESS,,4/18/2022 10:56:50 AM,Registry,C:\Windows\system32\nltest.exe,BLUETEAM\ezk,nltest  /domain_trusts,10848,7380,nltest.exe 11004 RegCloseKey HKLM\System\CurrentControlSet\Control\Session Manager SUCCESS None 4/18/2022 10:56:50 AM Registry C:\Windows\system32\nltest.exe BLUETEAM\ezk nltest  /domain_trusts 10848 7380,benign
nltest.exe,11004,RegQueryValue,HKLM\System\CurrentControlSet\Control\Session Manager\ResourcePolicies,NAME NOT FOUND,Length: 24,4/18/2022 10:56:50 AM,Registry,C:\Windows\system32\nltest.exe,BLUETEAM\ezk,nltest  /domain_trusts,10848,7380,nltest.exe 11004 RegQueryValue HKLM\System\CurrentControlSet\Control\Session Manager\ResourcePolicies NAME NOT FOUND Length: 24 4/18/2022 10:56:50 AM Registry C:\Windows\system32\nltest.exe BLUETEAM\ezk nltest  /domain_trusts 10848 7380,benign
nltest.exe,11004,RegOpenKey,HKLM\System\CurrentControlSet\Control\Session Manager,SUCCESS,"Desired Access: Query Value, Enumerate Sub Keys",4/18/2022 10:56:50 AM,Registry,C:\Windows\system32\nltest.exe,BLUETEAM\ezk,nltest  /domain_trusts,10848,7380,"nltest.exe 11004 RegOpenKey HKLM\System\CurrentControlSet\Control\Session Manager SUCCESS Desired Access: Query Value, Enumerate Sub Keys 4/18/2022 10:56:50 AM Registry C:\Windows\system32\nltest.exe BLUETEAM\ezk nltest  /domain_trusts 10848 7380",benign
nltest.exe,11004,RegOpenKey,HKLM\SYSTEM\CurrentControlSet\Control\Session Manager,REPARSE,"Desired Access: Query Value, Enumerate Sub Keys",4/18/2022 10:56:50 AM,Registry,C:\Windows\system32\nltest.exe,BLUETEAM\ezk,nltest  /domain_trusts,10848,7380,"nltest.exe 11004 RegOpenKey HKLM\SYSTEM\CurrentControlSet\Control\Session Manager REPARSE Desired Access: Query Value, Enumerate Sub Keys 4/18/2022 10:56:50 AM Registry C:\Windows\system32\nltest.exe BLUETEAM\ezk nltest  /domain_trusts 10848 7380",benign
nltest.exe,11004,RegQueryValue,HKLM\System\CurrentControlSet\Control\Nls\Sorting\Versions\000603xx,SUCCESS,"Type: REG_SZ, Length: 26, Data: kernel32.dll",4/18/2022 10:56:50 AM,Registry,C:\Windows\system32\nltest.exe,BLUETEAM\ezk,nltest  /domain_trusts,10848,7380,"nltest.exe 11004 RegQueryValue HKLM\System\CurrentControlSet\Control\Nls\Sorting\Versions\000603xx SUCCESS Type: REG_SZ, Length: 26, Data: kernel32.dll 4/18/2022 10:56:50 AM Registry C:\Windows\system32\nltest.exe BLUETEAM\ezk nltest  /domain_trusts 10848 7380",benign
nltest.exe,11004,RegQueryValue,HKLM\System\CurrentControlSet\Control\Nls\Sorting\Versions\(Default),SUCCESS,"Type: REG_SZ, Length: 18, Data: 00060305",4/18/2022 10:56:50 AM,Registry,C:\Windows\system32\nltest.exe,BLUETEAM\ezk,nltest  /domain_trusts,10848,7380,"nltest.exe 11004 RegQueryValue HKLM\System\CurrentControlSet\Control\Nls\Sorting\Versions\(Default) SUCCESS Type: REG_SZ, Length: 18, Data: 00060305 4/18/2022 10:56:50 AM Registry C:\Windows\system32\nltest.exe BLUETEAM\ezk nltest  /domain_trusts 10848 7380",benign
nltest.exe,11004,RegOpenKey,HKLM\System\CurrentControlSet\Control\Nls\Sorting\Versions,SUCCESS,Desired Access: Read,4/18/2022 10:56:50 AM,Registry,C:\Windows\system32\nltest.exe,BLUETEAM\ezk,nltest  /domain_trusts,10848,7380,nltest.exe 11004 RegOpenKey HKLM\System\CurrentControlSet\Control\Nls\Sorting\Versions SUCCESS Desired Access: Read 4/18/2022 10:56:50 AM Registry C:\Windows\system32\nltest.exe BLUETEAM\ezk nltest  /domain_trusts 10848 7380,benign
nltest.exe,11004,RegOpenKey,HKLM\System\CurrentControlSet\Control\Nls\Sorting\Versions,REPARSE,Desired Access: Read,4/18/2022 10:56:50 AM,Registry,C:\Windows\system32\nltest.exe,BLUETEAM\ezk,nltest  /domain_trusts,10848,7380,nltest.exe 11004 RegOpenKey HKLM\System\CurrentControlSet\Control\Nls\Sorting\Versions REPARSE Desired Access: Read 4/18/2022 10:56:50 AM Registry C:\Windows\system32\nltest.exe BLUETEAM\ezk nltest  /domain_trusts 10848 7380,benign
nltest.exe,11004,CloseFile,C:\Windows\System32\cryptsp.dll,SUCCESS,,4/18/2022 10:56:50 AM,File System,C:\Windows\system32\nltest.exe,BLUETEAM\ezk,nltest  /domain_trusts,10448,7380,nltest.exe 11004 CloseFile C:\Windows\System32\cryptsp.dll SUCCESS None 4/18/2022 10:56:50 AM File System C:\Windows\system32\nltest.exe BLUETEAM\ezk nltest  /domain_trusts 10448 7380,benign
nltest.exe,11004,CreateFile,C:\Windows\System32\cryptsp.dll,SUCCESS,"Desired Access: Read Data/List Directory, Execute/Traverse, Synchronize, Disposition: Open, Options: Synchronous IO Non-Alert, Non-Directory File, Attributes: n/a, ShareMode: Read, Delete, AllocationSize: n/a, OpenResult: Opened",4/18/2022 10:56:50 AM,File System,C:\Windows\system32\nltest.exe,BLUETEAM\ezk,nltest  /domain_trusts,10448,7380,"nltest.exe 11004 CreateFile C:\Windows\System32\cryptsp.dll SUCCESS Desired Access: Read Data/List Directory, Execute/Traverse, Synchronize, Disposition: Open, Options: Synchronous IO Non-Alert, Non-Directory File, Attributes: n/a, ShareMode: Read, Delete, AllocationSize: n/a, OpenResult: Opened 4/18/2022 10:56:50 AM File System C:\Windows\system32\nltest.exe BLUETEAM\ezk nltest  /domain_trusts 10448 7380",benign
nltest.exe,11004,CloseFile,C:\Windows\System32\cryptsp.dll,SUCCESS,,4/18/2022 10:56:50 AM,File System,C:\Windows\system32\nltest.exe,BLUETEAM\ezk,nltest  /domain_trusts,10448,7380,nltest.exe 11004 CloseFile C:\Windows\System32\cryptsp.dll SUCCESS None 4/18/2022 10:56:50 AM File System C:\Windows\system32\nltest.exe BLUETEAM\ezk nltest  /domain_trusts 10448 7380,benign
nltest.exe,11004,QueryBasicInformationFile,C:\Windows\System32\cryptsp.dll,SUCCESS,"CreationTime: 9/22/2021 5:22:06 PM, LastAccessTime: 4/18/2022 10:56:48 AM, LastWriteTime: 9/22/2021 5:22:06 PM, ChangeTime: 10/15/2021 2:25:23 PM, FileAttributes: A",4/18/2022 10:56:50 AM,File System,C:\Windows\system32\nltest.exe,BLUETEAM\ezk,nltest  /domain_trusts,10448,7380,"nltest.exe 11004 QueryBasicInformationFile C:\Windows\System32\cryptsp.dll SUCCESS CreationTime: 9/22/2021 5:22:06 PM, LastAccessTime: 4/18/2022 10:56:48 AM, LastWriteTime: 9/22/2021 5:22:06 PM, ChangeTime: 10/15/2021 2:25:23 PM, FileAttributes: A 4/18/2022 10:56:50 AM File System C:\Windows\system32\nltest.exe BLUETEAM\ezk nltest  /domain_trusts 10448 7380",benign
nltest.exe,11004,CreateFile,C:\Windows\System32\cryptsp.dll,SUCCESS,"Desired Access: Read Attributes, Disposition: Open, Options: Open Reparse Point, Attributes: n/a, ShareMode: Read, Write, Delete, AllocationSize: n/a, OpenResult: Opened",4/18/2022 10:56:50 AM,File System,C:\Windows\system32\nltest.exe,BLUETEAM\ezk,nltest  /domain_trusts,10448,7380,"nltest.exe 11004 CreateFile C:\Windows\System32\cryptsp.dll SUCCESS Desired Access: Read Attributes, Disposition: Open, Options: Open Reparse Point, Attributes: n/a, ShareMode: Read, Write, Delete, AllocationSize: n/a, OpenResult: Opened 4/18/2022 10:56:50 AM File System C:\Windows\system32\nltest.exe BLUETEAM\ezk nltest  /domain_trusts 10448 7380",benign
nltest.exe,11004,CloseFile,C:\Windows\System32\ntdsapi.dll,SUCCESS,,4/18/2022 10:56:50 AM,File System,C:\Windows\system32\nltest.exe,BLUETEAM\ezk,nltest  /domain_trusts,10448,7380,nltest.exe 11004 CloseFile C:\Windows\System32\ntdsapi.dll SUCCESS None 4/18/2022 10:56:50 AM File System C:\Windows\system32\nltest.exe BLUETEAM\ezk nltest  /domain_trusts 10448 7380,benign
nltest.exe,11004,RegOpenKey,HKLM\Software\Microsoft\LanguageOverlay\OverlayPackages\en-US,NAME NOT FOUND,Desired Access: Read,4/18/2022 10:56:50 AM,Registry,C:\Windows\system32\nltest.exe,BLUETEAM\ezk,nltest  /domain_trusts,10848,7380,nltest.exe 11004 RegOpenKey HKLM\Software\Microsoft\LanguageOverlay\OverlayPackages\en-US NAME NOT FOUND Desired Access: Read 4/18/2022 10:56:50 AM Registry C:\Windows\system32\nltest.exe BLUETEAM\ezk nltest  /domain_trusts 10848 7380,benign
nltest.exe,11004,CreateFile,C:\Windows\System32\en-US\nltest.exe.mui,SUCCESS,"Desired Access: Read Data/List Directory, Synchronize, Disposition: Open, Options: Synchronous IO Non-Alert, Non-Directory File, Attributes: n/a, ShareMode: Read, Delete, AllocationSize: n/a, OpenResult: Opened",4/18/2022 10:56:50 AM,File System,C:\Windows\system32\nltest.exe,BLUETEAM\ezk,nltest  /domain_trusts,10848,7380,"nltest.exe 11004 CreateFile C:\Windows\System32\en-US\nltest.exe.mui SUCCESS Desired Access: Read Data/List Directory, Synchronize, Disposition: Open, Options: Synchronous IO Non-Alert, Non-Directory File, Attributes: n/a, ShareMode: Read, Delete, AllocationSize: n/a, OpenResult: Opened 4/18/2022 10:56:50 AM File System C:\Windows\system32\nltest.exe BLUETEAM\ezk nltest  /domain_trusts 10848 7380",benign
nltest.exe,11004,RegQueryKey,HKLM,SUCCESS,"Query: HandleTags, HandleTags: 0x0",4/18/2022 10:56:50 AM,Registry,C:\Windows\system32\nltest.exe,BLUETEAM\ezk,nltest  /domain_trusts,10848,7380,"nltest.exe 11004 RegQueryKey HKLM SUCCESS Query: HandleTags, HandleTags: 0x0 4/18/2022 10:56:50 AM Registry C:\Windows\system32\nltest.exe BLUETEAM\ezk nltest  /domain_trusts 10848 7380",benign
nltest.exe,11004,RegOpenKey,HKLM\Software\Microsoft\Windows NT\CurrentVersion\Windows,SUCCESS,Desired Access: Read,4/18/2022 10:56:50 AM,Registry,C:\Windows\system32\nltest.exe,BLUETEAM\ezk,nltest  /domain_trusts,10848,7380,nltest.exe 11004 RegOpenKey HKLM\Software\Microsoft\Windows NT\CurrentVersion\Windows SUCCESS Desired Access: Read 4/18/2022 10:56:50 AM Registry C:\Windows\system32\nltest.exe BLUETEAM\ezk nltest  /domain_trusts 10848 7380,benign
nltest.exe,11004,RegOpenKey,HKLM\System\CurrentControlSet\Control\ComputerName\ActiveComputerName,SUCCESS,Desired Access: Read,4/18/2022 10:56:50 AM,Registry,C:\Windows\system32\nltest.exe,BLUETEAM\ezk,nltest  /domain_trusts,10848,7380,nltest.exe 11004 RegOpenKey HKLM\System\CurrentControlSet\Control\ComputerName\ActiveComputerName SUCCESS Desired Access: Read 4/18/2022 10:56:50 AM Registry C:\Windows\system32\nltest.exe BLUETEAM\ezk nltest  /domain_trusts 10848 7380,benign
nltest.exe,11004,RegOpenKey,HKLM\System\CurrentControlSet\Control\ComputerName\ActiveComputerName,REPARSE,Desired Access: Read,4/18/2022 10:56:50 AM,Registry,C:\Windows\system32\nltest.exe,BLUETEAM\ezk,nltest  /domain_trusts,10848,7380,nltest.exe 11004 RegOpenKey HKLM\System\CurrentControlSet\Control\ComputerName\ActiveComputerName REPARSE Desired Access: Read 4/18/2022 10:56:50 AM Registry C:\Windows\system32\nltest.exe BLUETEAM\ezk nltest  /domain_trusts 10848 7380,benign
nltest.exe,11004,RegOpenKey,HKLM\System\CurrentControlSet\Services\CCG,NAME NOT FOUND,Desired Access: Read,4/18/2022 10:56:50 AM,Registry,C:\Windows\system32\nltest.exe,BLUETEAM\ezk,nltest  /domain_trusts,10848,7380,nltest.exe 11004 RegOpenKey HKLM\System\CurrentControlSet\Services\CCG NAME NOT FOUND Desired Access: Read 4/18/2022 10:56:50 AM Registry C:\Windows\system32\nltest.exe BLUETEAM\ezk nltest  /domain_trusts 10848 7380,benign
nltest.exe,11004,RegOpenKey,HKLM\System\CurrentControlSet\Services\CCG,REPARSE,Desired Access: Read,4/18/2022 10:56:50 AM,Registry,C:\Windows\system32\nltest.exe,BLUETEAM\ezk,nltest  /domain_trusts,10848,7380,nltest.exe 11004 RegOpenKey HKLM\System\CurrentControlSet\Services\CCG REPARSE Desired Access: Read 4/18/2022 10:56:50 AM Registry C:\Windows\system32\nltest.exe BLUETEAM\ezk nltest  /domain_trusts 10848 7380,benign
nltest.exe,11004,RegOpenKey,HKLM\System\CurrentControlSet\Services\CCG,NAME NOT FOUND,Desired Access: Read,4/18/2022 10:56:50 AM,Registry,C:\Windows\system32\nltest.exe,BLUETEAM\ezk,nltest  /domain_trusts,10848,7380,nltest.exe 11004 RegOpenKey HKLM\System\CurrentControlSet\Services\CCG NAME NOT FOUND Desired Access: Read 4/18/2022 10:56:50 AM Registry C:\Windows\system32\nltest.exe BLUETEAM\ezk nltest  /domain_trusts 10848 7380,benign
nltest.exe,11004,RegOpenKey,HKLM\System\CurrentControlSet\Services\CCG,REPARSE,Desired Access: Read,4/18/2022 10:56:50 AM,Registry,C:\Windows\system32\nltest.exe,BLUETEAM\ezk,nltest  /domain_trusts,10848,7380,nltest.exe 11004 RegOpenKey HKLM\System\CurrentControlSet\Services\CCG REPARSE Desired Access: Read 4/18/2022 10:56:50 AM Registry C:\Windows\system32\nltest.exe BLUETEAM\ezk nltest  /domain_trusts 10848 7380,benign
nltest.exe,11004,RegCloseKey,HKLM\SOFTWARE\Microsoft\Rpc,SUCCESS,,4/18/2022 10:56:50 AM,Registry,C:\Windows\system32\nltest.exe,BLUETEAM\ezk,nltest  /domain_trusts,10848,7380,nltest.exe 11004 RegCloseKey HKLM\SOFTWARE\Microsoft\Rpc SUCCESS None 4/18/2022 10:56:50 AM Registry C:\Windows\system32\nltest.exe BLUETEAM\ezk nltest  /domain_trusts 10848 7380,benign
nltest.exe,11004,RegQueryValue,HKLM\SOFTWARE\Microsoft\Rpc\MaxRpcSize,NAME NOT FOUND,Length: 16,4/18/2022 10:56:50 AM,Registry,C:\Windows\system32\nltest.exe,BLUETEAM\ezk,nltest  /domain_trusts,10848,7380,nltest.exe 11004 RegQueryValue HKLM\SOFTWARE\Microsoft\Rpc\MaxRpcSize NAME NOT FOUND Length: 16 4/18/2022 10:56:50 AM Registry C:\Windows\system32\nltest.exe BLUETEAM\ezk nltest  /domain_trusts 10848 7380,benign
nltest.exe,11004,RegOpenKey,HKLM\Software\Microsoft\Rpc,SUCCESS,Desired Access: Read,4/18/2022 10:56:50 AM,Registry,C:\Windows\system32\nltest.exe,BLUETEAM\ezk,nltest  /domain_trusts,10848,7380,nltest.exe 11004 RegOpenKey HKLM\Software\Microsoft\Rpc SUCCESS Desired Access: Read 4/18/2022 10:56:50 AM Registry C:\Windows\system32\nltest.exe BLUETEAM\ezk nltest  /domain_trusts 10848 7380,benign
nltest.exe,11004,RegQueryKey,HKLM,SUCCESS,"Query: HandleTags, HandleTags: 0x0",4/18/2022 10:56:50 AM,Registry,C:\Windows\system32\nltest.exe,BLUETEAM\ezk,nltest  /domain_trusts,10848,7380,"nltest.exe 11004 RegQueryKey HKLM SUCCESS Query: HandleTags, HandleTags: 0x0 4/18/2022 10:56:50 AM Registry C:\Windows\system32\nltest.exe BLUETEAM\ezk nltest  /domain_trusts 10848 7380",benign
nltest.exe,11004,RegCloseKey,HKLM\SOFTWARE\Microsoft\Cryptography\Defaults\Provider\Microsoft Strong Cryptographic Provider,SUCCESS,,4/18/2022 10:56:50 AM,Registry,C:\Windows\system32\nltest.exe,BLUETEAM\ezk,nltest  /domain_trusts,10848,7380,nltest.exe 11004 RegCloseKey HKLM\SOFTWARE\Microsoft\Cryptography\Defaults\Provider\Microsoft Strong Cryptographic Provider SUCCESS None 4/18/2022 10:56:50 AM Registry C:\Windows\system32\nltest.exe BLUETEAM\ezk nltest  /domain_trusts 10848 7380,benign
nltest.exe,11004,RegQueryValue,HKLM\System\CurrentControlSet\Control\ComputerName\ActiveComputerName\ComputerName,SUCCESS,"Type: REG_SZ, Length: 32, Data: DESKTOP-BA1RQFC",4/18/2022 10:56:50 AM,Registry,C:\Windows\system32\nltest.exe,BLUETEAM\ezk,nltest  /domain_trusts,10848,7380,"nltest.exe 11004 RegQueryValue HKLM\System\CurrentControlSet\Control\ComputerName\ActiveComputerName\ComputerName SUCCESS Type: REG_SZ, Length: 32, Data: DESKTOP-BA1RQFC 4/18/2022 10:56:50 AM Registry C:\Windows\system32\nltest.exe BLUETEAM\ezk nltest  /domain_trusts 10848 7380",benign
nltest.exe,11004,RegOpenKey,HKLM\System\CurrentControlSet\Policies\Microsoft\Cryptography\Configuration,NAME NOT FOUND,Desired Access: Query Value,4/18/2022 10:56:50 AM,Registry,C:\Windows\system32\nltest.exe,BLUETEAM\ezk,nltest  /domain_trusts,10848,7380,nltest.exe 11004 RegOpenKey HKLM\System\CurrentControlSet\Policies\Microsoft\Cryptography\Configuration NAME NOT FOUND Desired Access: Query Value 4/18/2022 10:56:50 AM Registry C:\Windows\system32\nltest.exe BLUETEAM\ezk nltest  /domain_trusts 10848 7380,benign
nltest.exe,11004,RegCloseKey,HKLM\System\CurrentControlSet\Control\Lsa,SUCCESS,,4/18/2022 10:56:50 AM,Registry,C:\Windows\system32\nltest.exe,BLUETEAM\ezk,nltest  /domain_trusts,10848,7380,nltest.exe 11004 RegCloseKey HKLM\System\CurrentControlSet\Control\Lsa SUCCESS None 4/18/2022 10:56:50 AM Registry C:\Windows\system32\nltest.exe BLUETEAM\ezk nltest  /domain_trusts 10848 7380,benign
nltest.exe,11004,RegCloseKey,HKLM\System\CurrentControlSet\Control\Lsa\FipsAlgorithmPolicy,SUCCESS,,4/18/2022 10:56:50 AM,Registry,C:\Windows\system32\nltest.exe,BLUETEAM\ezk,nltest  /domain_trusts,10848,7380,nltest.exe 11004 RegCloseKey HKLM\System\CurrentControlSet\Control\Lsa\FipsAlgorithmPolicy SUCCESS None 4/18/2022 10:56:50 AM Registry C:\Windows\system32\nltest.exe BLUETEAM\ezk nltest  /domain_trusts 10848 7380,benign
nltest.exe,11004,RegQueryValue,HKLM\System\CurrentControlSet\Control\Lsa\FipsAlgorithmPolicy\MDMEnabled,NAME NOT FOUND,Length: 20,4/18/2022 10:56:50 AM,Registry,C:\Windows\system32\nltest.exe,BLUETEAM\ezk,nltest  /domain_trusts,10848,7380,nltest.exe 11004 RegQueryValue HKLM\System\CurrentControlSet\Control\Lsa\FipsAlgorithmPolicy\MDMEnabled NAME NOT FOUND Length: 20 4/18/2022 10:56:50 AM Registry C:\Windows\system32\nltest.exe BLUETEAM\ezk nltest  /domain_trusts 10848 7380,benign
nltest.exe,11004,RegQueryValue,HKLM\System\CurrentControlSet\Control\Lsa\FipsAlgorithmPolicy,NAME NOT FOUND,Length: 20,4/18/2022 10:56:50 AM,Registry,C:\Windows\system32\nltest.exe,BLUETEAM\ezk,nltest  /domain_trusts,10848,7380,nltest.exe 11004 RegQueryValue HKLM\System\CurrentControlSet\Control\Lsa\FipsAlgorithmPolicy NAME NOT FOUND Length: 20 4/18/2022 10:56:50 AM Registry C:\Windows\system32\nltest.exe BLUETEAM\ezk nltest  /domain_trusts 10848 7380,benign
nltest.exe,11004,RegOpenKey,HKLM\System\CurrentControlSet\Control\Lsa,SUCCESS,Desired Access: Query Value,4/18/2022 10:56:50 AM,Registry,C:\Windows\system32\nltest.exe,BLUETEAM\ezk,nltest  /domain_trusts,10848,7380,nltest.exe 11004 RegOpenKey HKLM\System\CurrentControlSet\Control\Lsa SUCCESS Desired Access: Query Value 4/18/2022 10:56:50 AM Registry C:\Windows\system32\nltest.exe BLUETEAM\ezk nltest  /domain_trusts 10848 7380,benign
nltest.exe,11004,RegOpenKey,HKLM\System\CurrentControlSet\Control\Lsa,REPARSE,Desired Access: Query Value,4/18/2022 10:56:50 AM,Registry,C:\Windows\system32\nltest.exe,BLUETEAM\ezk,nltest  /domain_trusts,10848,7380,nltest.exe 11004 RegOpenKey HKLM\System\CurrentControlSet\Control\Lsa REPARSE Desired Access: Query Value 4/18/2022 10:56:50 AM Registry C:\Windows\system32\nltest.exe BLUETEAM\ezk nltest  /domain_trusts 10848 7380,benign
nltest.exe,11004,RegQueryValue,HKLM\System\CurrentControlSet\Control\Lsa\FipsAlgorithmPolicy\Enabled,SUCCESS,"Type: REG_DWORD, Length: 4, Data: 0",4/18/2022 10:56:50 AM,Registry,C:\Windows\system32\nltest.exe,BLUETEAM\ezk,nltest  /domain_trusts,10848,7380,"nltest.exe 11004 RegQueryValue HKLM\System\CurrentControlSet\Control\Lsa\FipsAlgorithmPolicy\Enabled SUCCESS Type: REG_DWORD, Length: 4, Data: 0 4/18/2022 10:56:50 AM Registry C:\Windows\system32\nltest.exe BLUETEAM\ezk nltest  /domain_trusts 10848 7380",benign
nltest.exe,11004,RegOpenKey,HKLM\System\CurrentControlSet\Control\Lsa\FipsAlgorithmPolicy,SUCCESS,Desired Access: Query Value,4/18/2022 10:56:50 AM,Registry,C:\Windows\system32\nltest.exe,BLUETEAM\ezk,nltest  /domain_trusts,10848,7380,nltest.exe 11004 RegOpenKey HKLM\System\CurrentControlSet\Control\Lsa\FipsAlgorithmPolicy SUCCESS Desired Access: Query Value 4/18/2022 10:56:50 AM Registry C:\Windows\system32\nltest.exe BLUETEAM\ezk nltest  /domain_trusts 10848 7380,benign
nltest.exe,11004,RegOpenKey,HKLM\System\CurrentControlSet\Control\Lsa\FipsAlgorithmPolicy,REPARSE,Desired Access: Query Value,4/18/2022 10:56:50 AM,Registry,C:\Windows\system32\nltest.exe,BLUETEAM\ezk,nltest  /domain_trusts,10848,7380,nltest.exe 11004 RegOpenKey HKLM\System\CurrentControlSet\Control\Lsa\FipsAlgorithmPolicy REPARSE Desired Access: Query Value 4/18/2022 10:56:50 AM Registry C:\Windows\system32\nltest.exe BLUETEAM\ezk nltest  /domain_trusts 10848 7380,benign
nltest.exe,11004,RegCloseKey,HKLM\System\CurrentControlSet\Control\Lsa\FipsAlgorithmPolicy,SUCCESS,,4/18/2022 10:56:50 AM,Registry,C:\Windows\system32\nltest.exe,BLUETEAM\ezk,nltest  /domain_trusts,10848,7380,nltest.exe 11004 RegCloseKey HKLM\System\CurrentControlSet\Control\Lsa\FipsAlgorithmPolicy SUCCESS None 4/18/2022 10:56:50 AM Registry C:\Windows\system32\nltest.exe BLUETEAM\ezk nltest  /domain_trusts 10848 7380,benign
nltest.exe,11004,RegQueryValue,HKLM\System\CurrentControlSet\Control\Lsa\FipsAlgorithmPolicy\STE,NAME NOT FOUND,Length: 20,4/18/2022 10:56:50 AM,Registry,C:\Windows\system32\nltest.exe,BLUETEAM\ezk,nltest  /domain_trusts,10848,7380,nltest.exe 11004 RegQueryValue HKLM\System\CurrentControlSet\Control\Lsa\FipsAlgorithmPolicy\STE NAME NOT FOUND Length: 20 4/18/2022 10:56:50 AM Registry C:\Windows\system32\nltest.exe BLUETEAM\ezk nltest  /domain_trusts 10848 7380,benign
nltest.exe,11004,RegOpenKey,HKLM\SYSTEM\CurrentControlSet\Policies\Microsoft\Cryptography\Configuration,REPARSE,Desired Access: Query Value,4/18/2022 10:56:50 AM,Registry,C:\Windows\system32\nltest.exe,BLUETEAM\ezk,nltest  /domain_trusts,10848,7380,nltest.exe 11004 RegOpenKey HKLM\SYSTEM\CurrentControlSet\Policies\Microsoft\Cryptography\Configuration REPARSE Desired Access: Query Value 4/18/2022 10:56:50 AM Registry C:\Windows\system32\nltest.exe BLUETEAM\ezk nltest  /domain_trusts 10848 7380,benign
nltest.exe,11004,RegCloseKey,HKLM\System\CurrentControlSet\Control\ComputerName\ActiveComputerName,SUCCESS,,4/18/2022 10:56:50 AM,Registry,C:\Windows\system32\nltest.exe,BLUETEAM\ezk,nltest  /domain_trusts,10848,7380,nltest.exe 11004 RegCloseKey HKLM\System\CurrentControlSet\Control\ComputerName\ActiveComputerName SUCCESS None 4/18/2022 10:56:50 AM Registry C:\Windows\system32\nltest.exe BLUETEAM\ezk nltest  /domain_trusts 10848 7380,benign
nltest.exe,11004,RegOpenKey,HKLM\System\Setup,SUCCESS,Desired Access: Read,4/18/2022 10:56:50 AM,Registry,C:\Windows\system32\nltest.exe,BLUETEAM\ezk,nltest  /domain_trusts,10848,7380,nltest.exe 11004 RegOpenKey HKLM\System\Setup SUCCESS Desired Access: Read 4/18/2022 10:56:50 AM Registry C:\Windows\system32\nltest.exe BLUETEAM\ezk nltest  /domain_trusts 10848 7380,benign
nltest.exe,11004,RegQueryValue,HKLM\SYSTEM\Setup\OOBEInProgress,SUCCESS,"Type: REG_DWORD, Length: 4, Data: 0",4/18/2022 10:56:50 AM,Registry,C:\Windows\system32\nltest.exe,BLUETEAM\ezk,nltest  /domain_trusts,10848,7380,"nltest.exe 11004 RegQueryValue HKLM\SYSTEM\Setup\OOBEInProgress SUCCESS Type: REG_DWORD, Length: 4, Data: 0 4/18/2022 10:56:50 AM Registry C:\Windows\system32\nltest.exe BLUETEAM\ezk nltest  /domain_trusts 10848 7380",benign
nltest.exe,11004,RegCloseKey,HKLM\SOFTWARE\Microsoft\Windows NT\CurrentVersion\Image File Execution Options,SUCCESS,,4/18/2022 10:56:50 AM,Registry,C:\Windows\system32\nltest.exe,BLUETEAM\ezk,nltest  /domain_trusts,10848,7380,nltest.exe 11004 RegCloseKey HKLM\SOFTWARE\Microsoft\Windows NT\CurrentVersion\Image File Execution Options SUCCESS None 4/18/2022 10:56:50 AM Registry C:\Windows\system32\nltest.exe BLUETEAM\ezk nltest  /domain_trusts 10848 7380,benign
nltest.exe,11004,RegCloseKey,HKLM,SUCCESS,,4/18/2022 10:56:50 AM,Registry,C:\Windows\system32\nltest.exe,BLUETEAM\ezk,nltest  /domain_trusts,10848,7380,nltest.exe 11004 RegCloseKey HKLM SUCCESS None 4/18/2022 10:56:50 AM Registry C:\Windows\system32\nltest.exe BLUETEAM\ezk nltest  /domain_trusts 10848 7380,benign
nltest.exe,11004,RegCloseKey,HKLM\System\CurrentControlSet\Control\Nls\Sorting\Versions,SUCCESS,,4/18/2022 10:56:50 AM,Registry,C:\Windows\system32\nltest.exe,BLUETEAM\ezk,nltest  /domain_trusts,10848,7380,nltest.exe 11004 RegCloseKey HKLM\System\CurrentControlSet\Control\Nls\Sorting\Versions SUCCESS None 4/18/2022 10:56:50 AM Registry C:\Windows\system32\nltest.exe BLUETEAM\ezk nltest  /domain_trusts 10848 7380,benign
nltest.exe,11004,RegCloseKey,HKLM\System\CurrentControlSet\Control\Session Manager,SUCCESS,,4/18/2022 10:56:50 AM,Registry,C:\Windows\system32\nltest.exe,BLUETEAM\ezk,nltest  /domain_trusts,10848,7380,nltest.exe 11004 RegCloseKey HKLM\System\CurrentControlSet\Control\Session Manager SUCCESS None 4/18/2022 10:56:50 AM Registry C:\Windows\system32\nltest.exe BLUETEAM\ezk nltest  /domain_trusts 10848 7380,benign
nltest.exe,11004,CloseFile,C:\Windows\System32,SUCCESS,,4/18/2022 10:56:50 AM,File System,C:\Windows\system32\nltest.exe,BLUETEAM\ezk,nltest  /domain_trusts,10848,7380,nltest.exe 11004 CloseFile C:\Windows\System32 SUCCESS None 4/18/2022 10:56:50 AM File System C:\Windows\system32\nltest.exe BLUETEAM\ezk nltest  /domain_trusts 10848 7380,benign
nltest.exe,11004,RegCloseKey,HKLM\System\CurrentControlSet\Services\bam\State\UserSettings\S-1-5-21-4065680934-2604657585-3199708412-1106,SUCCESS,,4/18/2022 10:56:50 AM,Registry,C:\Windows\system32\nltest.exe,BLUETEAM\ezk,nltest  /domain_trusts,10848,7380,nltest.exe 11004 RegCloseKey HKLM\System\CurrentControlSet\Services\bam\State\UserSettings\S-1-5-21-4065680934-2604657585-3199708412-1106 SUCCESS None 4/18/2022 10:56:50 AM Registry C:\Windows\system32\nltest.exe BLUETEAM\ezk nltest  /domain_trusts 10848 7380,benign
nltest.exe,11004,RegQueryValue,HKLM\System\CurrentControlSet\Services\bam\State\UserSettings\S-1-5-21-4065680934-2604657585-3199708412-1106\\Device\HarddiskVolume3\Windows\System32\nltest.exe,NAME NOT FOUND,Length: 40,4/18/2022 10:56:50 AM,Registry,C:\Windows\system32\nltest.exe,BLUETEAM\ezk,nltest  /domain_trusts,10848,7380,nltest.exe 11004 RegQueryValue HKLM\System\CurrentControlSet\Services\bam\State\UserSettings\S-1-5-21-4065680934-2604657585-3199708412-1106\\Device\HarddiskVolume3\Windows\System32\nltest.exe NAME NOT FOUND Length: 40 4/18/2022 10:56:50 AM Registry C:\Windows\system32\nltest.exe BLUETEAM\ezk nltest  /domain_trusts 10848 7380,benign
nltest.exe,11004,RegOpenKey,HKLM\System\CurrentControlSet\Services\bam\State\UserSettings\S-1-5-21-4065680934-2604657585-3199708412-1106,SUCCESS,Desired Access: All Access,4/18/2022 10:56:50 AM,Registry,C:\Windows\system32\nltest.exe,BLUETEAM\ezk,nltest  /domain_trusts,10848,7380,nltest.exe 11004 RegOpenKey HKLM\System\CurrentControlSet\Services\bam\State\UserSettings\S-1-5-21-4065680934-2604657585-3199708412-1106 SUCCESS Desired Access: All Access 4/18/2022 10:56:50 AM Registry C:\Windows\system32\nltest.exe BLUETEAM\ezk nltest  /domain_trusts 10848 7380,benign
nltest.exe,11004,RegCloseKey,HKLM\SOFTWARE\Microsoft\Windows NT\CurrentVersion\GRE_Initialize,SUCCESS,,4/18/2022 10:56:50 AM,Registry,C:\Windows\system32\nltest.exe,BLUETEAM\ezk,nltest  /domain_trusts,10848,7380,nltest.exe 11004 RegCloseKey HKLM\SOFTWARE\Microsoft\Windows NT\CurrentVersion\GRE_Initialize SUCCESS None 4/18/2022 10:56:50 AM Registry C:\Windows\system32\nltest.exe BLUETEAM\ezk nltest  /domain_trusts 10848 7380,benign
nltest.exe,11004,RegQueryValue,HKLM\SOFTWARE\Microsoft\Windows NT\CurrentVersion\GRE_Initialize\DisableUmpdBufferSizeCheck,NAME NOT FOUND,Length: 20,4/18/2022 10:56:50 AM,Registry,C:\Windows\system32\nltest.exe,BLUETEAM\ezk,nltest  /domain_trusts,10848,7380,nltest.exe 11004 RegQueryValue HKLM\SOFTWARE\Microsoft\Windows NT\CurrentVersion\GRE_Initialize\DisableUmpdBufferSizeCheck NAME NOT FOUND Length: 20 4/18/2022 10:56:50 AM Registry C:\Windows\system32\nltest.exe BLUETEAM\ezk nltest  /domain_trusts 10848 7380,benign
nltest.exe,11004,RegOpenKey,HKLM\Software\Microsoft\Windows NT\CurrentVersion\GRE_Initialize,SUCCESS,Desired Access: Read,4/18/2022 10:56:50 AM,Registry,C:\Windows\system32\nltest.exe,BLUETEAM\ezk,nltest  /domain_trusts,10848,7380,nltest.exe 11004 RegOpenKey HKLM\Software\Microsoft\Windows NT\CurrentVersion\GRE_Initialize SUCCESS Desired Access: Read 4/18/2022 10:56:50 AM Registry C:\Windows\system32\nltest.exe BLUETEAM\ezk nltest  /domain_trusts 10848 7380,benign
nltest.exe,11004,RegCloseKey,HKLM\SOFTWARE\Microsoft\Windows NT\CurrentVersion\GRE_Initialize,SUCCESS,,4/18/2022 10:56:50 AM,Registry,C:\Windows\system32\nltest.exe,BLUETEAM\ezk,nltest  /domain_trusts,10848,7380,nltest.exe 11004 RegCloseKey HKLM\SOFTWARE\Microsoft\Windows NT\CurrentVersion\GRE_Initialize SUCCESS None 4/18/2022 10:56:50 AM Registry C:\Windows\system32\nltest.exe BLUETEAM\ezk nltest  /domain_trusts 10848 7380,benign
nltest.exe,11004,RegQueryValue,HKLM\SOFTWARE\Microsoft\Windows NT\CurrentVersion\GRE_Initialize\DisableMetaFiles,NAME NOT FOUND,Length: 20,4/18/2022 10:56:50 AM,Registry,C:\Windows\system32\nltest.exe,BLUETEAM\ezk,nltest  /domain_trusts,10848,7380,nltest.exe 11004 RegQueryValue HKLM\SOFTWARE\Microsoft\Windows NT\CurrentVersion\GRE_Initialize\DisableMetaFiles NAME NOT FOUND Length: 20 4/18/2022 10:56:50 AM Registry C:\Windows\system32\nltest.exe BLUETEAM\ezk nltest  /domain_trusts 10848 7380,benign
nltest.exe,11004,RegOpenKey,HKLM\Software\Microsoft\Windows NT\CurrentVersion\GRE_Initialize,SUCCESS,Desired Access: Read,4/18/2022 10:56:50 AM,Registry,C:\Windows\system32\nltest.exe,BLUETEAM\ezk,nltest  /domain_trusts,10848,7380,nltest.exe 11004 RegOpenKey HKLM\Software\Microsoft\Windows NT\CurrentVersion\GRE_Initialize SUCCESS Desired Access: Read 4/18/2022 10:56:50 AM Registry C:\Windows\system32\nltest.exe BLUETEAM\ezk nltest  /domain_trusts 10848 7380,benign
nltest.exe,11004,RegCloseKey,HKLM\SOFTWARE\Microsoft\Rpc,SUCCESS,,4/18/2022 10:56:50 AM,Registry,C:\Windows\system32\nltest.exe,BLUETEAM\ezk,nltest  /domain_trusts,10848,7380,nltest.exe 11004 RegCloseKey HKLM\SOFTWARE\Microsoft\Rpc SUCCESS None 4/18/2022 10:56:50 AM Registry C:\Windows\system32\nltest.exe BLUETEAM\ezk nltest  /domain_trusts 10848 7380,benign
nltest.exe,11004,RegQueryValue,HKLM\SOFTWARE\Microsoft\Rpc\IdleTimerWindow,NAME NOT FOUND,Length: 16,4/18/2022 10:56:50 AM,Registry,C:\Windows\system32\nltest.exe,BLUETEAM\ezk,nltest  /domain_trusts,10848,7380,nltest.exe 11004 RegQueryValue HKLM\SOFTWARE\Microsoft\Rpc\IdleTimerWindow NAME NOT FOUND Length: 16 4/18/2022 10:56:50 AM Registry C:\Windows\system32\nltest.exe BLUETEAM\ezk nltest  /domain_trusts 10848 7380,benign
nltest.exe,11004,RegOpenKey,HKLM\Software\Microsoft\Rpc,SUCCESS,Desired Access: Query Value,4/18/2022 10:56:50 AM,Registry,C:\Windows\system32\nltest.exe,BLUETEAM\ezk,nltest  /domain_trusts,10848,7380,nltest.exe 11004 RegOpenKey HKLM\Software\Microsoft\Rpc SUCCESS Desired Access: Query Value 4/18/2022 10:56:50 AM Registry C:\Windows\system32\nltest.exe BLUETEAM\ezk nltest  /domain_trusts 10848 7380,benign
nltest.exe,11004,RegQueryKey,HKLM,SUCCESS,"Query: HandleTags, HandleTags: 0x0",4/18/2022 10:56:50 AM,Registry,C:\Windows\system32\nltest.exe,BLUETEAM\ezk,nltest  /domain_trusts,10848,7380,"nltest.exe 11004 RegQueryKey HKLM SUCCESS Query: HandleTags, HandleTags: 0x0 4/18/2022 10:56:50 AM Registry C:\Windows\system32\nltest.exe BLUETEAM\ezk nltest  /domain_trusts 10848 7380",benign
nltest.exe,11004,RegOpenKey,HKLM\Software\Policies\Microsoft\Windows NT\Rpc,NAME NOT FOUND,Desired Access: Read,4/18/2022 10:56:50 AM,Registry,C:\Windows\system32\nltest.exe,BLUETEAM\ezk,nltest  /domain_trusts,10848,7380,nltest.exe 11004 RegOpenKey HKLM\Software\Policies\Microsoft\Windows NT\Rpc NAME NOT FOUND Desired Access: Read 4/18/2022 10:56:50 AM Registry C:\Windows\system32\nltest.exe BLUETEAM\ezk nltest  /domain_trusts 10848 7380,benign
nltest.exe,11004,RegQueryKey,HKLM,SUCCESS,"Query: HandleTags, HandleTags: 0x0",4/18/2022 10:56:50 AM,Registry,C:\Windows\system32\nltest.exe,BLUETEAM\ezk,nltest  /domain_trusts,10848,7380,"nltest.exe 11004 RegQueryKey HKLM SUCCESS Query: HandleTags, HandleTags: 0x0 4/18/2022 10:56:50 AM Registry C:\Windows\system32\nltest.exe BLUETEAM\ezk nltest  /domain_trusts 10848 7380",benign
nltest.exe,11004,RegOpenKey,HKLM\SOFTWARE\Microsoft\Windows NT\CurrentVersion\Image File Execution Options\nltest.exe,NAME NOT FOUND,"Desired Access: Query Value, Enumerate Sub Keys",4/18/2022 10:56:50 AM,Registry,C:\Windows\system32\nltest.exe,BLUETEAM\ezk,nltest  /domain_trusts,10848,7380,"nltest.exe 11004 RegOpenKey HKLM\SOFTWARE\Microsoft\Windows NT\CurrentVersion\Image File Execution Options\nltest.exe NAME NOT FOUND Desired Access: Query Value, Enumerate Sub Keys 4/18/2022 10:56:50 AM Registry C:\Windows\system32\nltest.exe BLUETEAM\ezk nltest  /domain_trusts 10848 7380",benign
nltest.exe,11004,RegCloseKey,HKLM\SYSTEM\Setup,SUCCESS,,4/18/2022 10:56:50 AM,Registry,C:\Windows\system32\nltest.exe,BLUETEAM\ezk,nltest  /domain_trusts,10848,7380,nltest.exe 11004 RegCloseKey HKLM\SYSTEM\Setup SUCCESS None 4/18/2022 10:56:50 AM Registry C:\Windows\system32\nltest.exe BLUETEAM\ezk nltest  /domain_trusts 10848 7380,benign
nltest.exe,11004,RegQueryValue,HKLM\SYSTEM\Setup\SystemSetupInProgress,SUCCESS,"Type: REG_DWORD, Length: 4, Data: 0",4/18/2022 10:56:50 AM,Registry,C:\Windows\system32\nltest.exe,BLUETEAM\ezk,nltest  /domain_trusts,10848,7380,"nltest.exe 11004 RegQueryValue HKLM\SYSTEM\Setup\SystemSetupInProgress SUCCESS Type: REG_DWORD, Length: 4, Data: 0 4/18/2022 10:56:50 AM Registry C:\Windows\system32\nltest.exe BLUETEAM\ezk nltest  /domain_trusts 10848 7380",benign
nltest.exe,11004,RegOpenKey,HKLM\System\Setup,SUCCESS,Desired Access: Read,4/18/2022 10:56:50 AM,Registry,C:\Windows\system32\nltest.exe,BLUETEAM\ezk,nltest  /domain_trusts,10848,7380,nltest.exe 11004 RegOpenKey HKLM\System\Setup SUCCESS Desired Access: Read 4/18/2022 10:56:50 AM Registry C:\Windows\system32\nltest.exe BLUETEAM\ezk nltest  /domain_trusts 10848 7380,benign
nltest.exe,11004,RegCloseKey,HKLM\SYSTEM\Setup,SUCCESS,,4/18/2022 10:56:50 AM,Registry,C:\Windows\system32\nltest.exe,BLUETEAM\ezk,nltest  /domain_trusts,10848,7380,nltest.exe 11004 RegCloseKey HKLM\SYSTEM\Setup SUCCESS None 4/18/2022 10:56:50 AM Registry C:\Windows\system32\nltest.exe BLUETEAM\ezk nltest  /domain_trusts 10848 7380,benign
nltest.exe,11004,RegOpenKey,HKLM\System\CurrentControlSet\Control\Lsa\FipsAlgorithmPolicy,SUCCESS,Desired Access: Query Value,4/18/2022 10:56:50 AM,Registry,C:\Windows\system32\nltest.exe,BLUETEAM\ezk,nltest  /domain_trusts,10848,7380,nltest.exe 11004 RegOpenKey HKLM\System\CurrentControlSet\Control\Lsa\FipsAlgorithmPolicy SUCCESS Desired Access: Query Value 4/18/2022 10:56:50 AM Registry C:\Windows\system32\nltest.exe BLUETEAM\ezk nltest  /domain_trusts 10848 7380,benign
nltest.exe,11004,RegOpenKey,HKLM\Software\Policies\Microsoft\Windows\Safer\CodeIdentifiers,SUCCESS,Desired Access: Query Value,4/18/2022 10:56:50 AM,Registry,C:\Windows\system32\nltest.exe,BLUETEAM\ezk,nltest  /domain_trusts,10848,7380,nltest.exe 11004 RegOpenKey HKLM\Software\Policies\Microsoft\Windows\Safer\CodeIdentifiers SUCCESS Desired Access: Query Value 4/18/2022 10:56:50 AM Registry C:\Windows\system32\nltest.exe BLUETEAM\ezk nltest  /domain_trusts 10848 7380,benign
nltest.exe,11004,RegOpenKey,HKLM\System\CurrentControlSet\Control\Lsa\FipsAlgorithmPolicy,REPARSE,Desired Access: Query Value,4/18/2022 10:56:50 AM,Registry,C:\Windows\system32\nltest.exe,BLUETEAM\ezk,nltest  /domain_trusts,10848,7380,nltest.exe 11004 RegOpenKey HKLM\System\CurrentControlSet\Control\Lsa\FipsAlgorithmPolicy REPARSE Desired Access: Query Value 4/18/2022 10:56:50 AM Registry C:\Windows\system32\nltest.exe BLUETEAM\ezk nltest  /domain_trusts 10848 7380,benign
nltest.exe,11004,CreateFile,C:\Windows\System32\cryptbase.dll,SUCCESS,"Desired Access: Read Data/List Directory, Execute/Traverse, Synchronize, Disposition: Open, Options: Synchronous IO Non-Alert, Non-Directory File, Attributes: n/a, ShareMode: Read, Delete, AllocationSize: n/a, OpenResult: Opened",4/18/2022 10:56:50 AM,File System,C:\Windows\system32\nltest.exe,BLUETEAM\ezk,nltest  /domain_trusts,10848,7380,"nltest.exe 11004 CreateFile C:\Windows\System32\cryptbase.dll SUCCESS Desired Access: Read Data/List Directory, Execute/Traverse, Synchronize, Disposition: Open, Options: Synchronous IO Non-Alert, Non-Directory File, Attributes: n/a, ShareMode: Read, Delete, AllocationSize: n/a, OpenResult: Opened 4/18/2022 10:56:50 AM File System C:\Windows\system32\nltest.exe BLUETEAM\ezk nltest  /domain_trusts 10848 7380",benign
nltest.exe,11004,RegQueryValue,HKLM\SOFTWARE\Microsoft\Cryptography\Defaults\Provider\Microsoft Strong Cryptographic Provider\Image Path,BUFFER OVERFLOW,Length: 45,4/18/2022 10:56:50 AM,Registry,C:\Windows\system32\nltest.exe,BLUETEAM\ezk,nltest  /domain_trusts,10848,7380,nltest.exe 11004 RegQueryValue HKLM\SOFTWARE\Microsoft\Cryptography\Defaults\Provider\Microsoft Strong Cryptographic Provider\Image Path BUFFER OVERFLOW Length: 45 4/18/2022 10:56:50 AM Registry C:\Windows\system32\nltest.exe BLUETEAM\ezk nltest  /domain_trusts 10848 7380,benign
nltest.exe,11004,RegQueryValue,HKLM\SOFTWARE\Microsoft\Cryptography\Defaults\Provider\Microsoft Strong Cryptographic Provider\Image Path,SUCCESS,"Type: REG_SZ, Length: 66, Data: %SystemRoot%\system32\rsaenh.dll",4/18/2022 10:56:50 AM,Registry,C:\Windows\system32\nltest.exe,BLUETEAM\ezk,nltest  /domain_trusts,10848,7380,"nltest.exe 11004 RegQueryValue HKLM\SOFTWARE\Microsoft\Cryptography\Defaults\Provider\Microsoft Strong Cryptographic Provider\Image Path SUCCESS Type: REG_SZ, Length: 66, Data: %SystemRoot%\system32\rsaenh.dll 4/18/2022 10:56:50 AM Registry C:\Windows\system32\nltest.exe BLUETEAM\ezk nltest  /domain_trusts 10848 7380",benign
nltest.exe,11004,RegQueryValue,HKLM\SOFTWARE\Microsoft\Cryptography\Defaults\Provider\Microsoft Strong Cryptographic Provider\Image Path,BUFFER OVERFLOW,Length: 12,4/18/2022 10:56:50 AM,Registry,C:\Windows\system32\nltest.exe,BLUETEAM\ezk,nltest  /domain_trusts,10848,7380,nltest.exe 11004 RegQueryValue HKLM\SOFTWARE\Microsoft\Cryptography\Defaults\Provider\Microsoft Strong Cryptographic Provider\Image Path BUFFER OVERFLOW Length: 12 4/18/2022 10:56:50 AM Registry C:\Windows\system32\nltest.exe BLUETEAM\ezk nltest  /domain_trusts 10848 7380,benign
nltest.exe,11004,RegQueryValue,HKLM\SOFTWARE\Microsoft\Cryptography\Defaults\Provider\Microsoft Strong Cryptographic Provider\Type,SUCCESS,"Type: REG_DWORD, Length: 4, Data: 1",4/18/2022 10:56:50 AM,Registry,C:\Windows\system32\nltest.exe,BLUETEAM\ezk,nltest  /domain_trusts,10848,7380,"nltest.exe 11004 RegQueryValue HKLM\SOFTWARE\Microsoft\Cryptography\Defaults\Provider\Microsoft Strong Cryptographic Provider\Type SUCCESS Type: REG_DWORD, Length: 4, Data: 1 4/18/2022 10:56:50 AM Registry C:\Windows\system32\nltest.exe BLUETEAM\ezk nltest  /domain_trusts 10848 7380",benign
nltest.exe,11004,RegOpenKey,HKLM\SOFTWARE\Microsoft\Cryptography\Defaults\Provider\Microsoft Strong Cryptographic Provider,SUCCESS,Desired Access: Read,4/18/2022 10:56:50 AM,Registry,C:\Windows\system32\nltest.exe,BLUETEAM\ezk,nltest  /domain_trusts,10848,7380,nltest.exe 11004 RegOpenKey HKLM\SOFTWARE\Microsoft\Cryptography\Defaults\Provider\Microsoft Strong Cryptographic Provider SUCCESS Desired Access: Read 4/18/2022 10:56:50 AM Registry C:\Windows\system32\nltest.exe BLUETEAM\ezk nltest  /domain_trusts 10848 7380,benign
nltest.exe,11004,RegQueryKey,HKLM,SUCCESS,"Query: HandleTags, HandleTags: 0x0",4/18/2022 10:56:50 AM,Registry,C:\Windows\system32\nltest.exe,BLUETEAM\ezk,nltest  /domain_trusts,10848,7380,"nltest.exe 11004 RegQueryKey HKLM SUCCESS Query: HandleTags, HandleTags: 0x0 4/18/2022 10:56:50 AM Registry C:\Windows\system32\nltest.exe BLUETEAM\ezk nltest  /domain_trusts 10848 7380",benign
nltest.exe,11004,RegCloseKey,HKLM\SOFTWARE\Microsoft\Cryptography\Defaults\Provider Types\Type 001,SUCCESS,,4/18/2022 10:56:50 AM,Registry,C:\Windows\system32\nltest.exe,BLUETEAM\ezk,nltest  /domain_trusts,10848,7380,nltest.exe 11004 RegCloseKey HKLM\SOFTWARE\Microsoft\Cryptography\Defaults\Provider Types\Type 001 SUCCESS None 4/18/2022 10:56:50 AM Registry C:\Windows\system32\nltest.exe BLUETEAM\ezk nltest  /domain_trusts 10848 7380,benign
nltest.exe,11004,RegQueryValue,HKLM\SOFTWARE\Microsoft\Cryptography\Defaults\Provider Types\Type 001\Name,SUCCESS,"Type: REG_SZ, Length: 80, Data: Microsoft Strong Cryptographic Provider",4/18/2022 10:56:50 AM,Registry,C:\Windows\system32\nltest.exe,BLUETEAM\ezk,nltest  /domain_trusts,10848,7380,"nltest.exe 11004 RegQueryValue HKLM\SOFTWARE\Microsoft\Cryptography\Defaults\Provider Types\Type 001\Name SUCCESS Type: REG_SZ, Length: 80, Data: Microsoft Strong Cryptographic Provider 4/18/2022 10:56:50 AM Registry C:\Windows\system32\nltest.exe BLUETEAM\ezk nltest  /domain_trusts 10848 7380",benign
nltest.exe,11004,RegQueryValue,HKLM\SOFTWARE\Microsoft\Cryptography\Defaults\Provider Types\Type 001\Name,BUFFER OVERFLOW,Length: 52,4/18/2022 10:56:50 AM,Registry,C:\Windows\system32\nltest.exe,BLUETEAM\ezk,nltest  /domain_trusts,10848,7380,nltest.exe 11004 RegQueryValue HKLM\SOFTWARE\Microsoft\Cryptography\Defaults\Provider Types\Type 001\Name BUFFER OVERFLOW Length: 52 4/18/2022 10:56:50 AM Registry C:\Windows\system32\nltest.exe BLUETEAM\ezk nltest  /domain_trusts 10848 7380,benign
nltest.exe,11004,RegQueryValue,HKLM\SOFTWARE\Microsoft\Cryptography\Defaults\Provider Types\Type 001\Name,SUCCESS,"Type: REG_SZ, Length: 80, Data: Microsoft Strong Cryptographic Provider",4/18/2022 10:56:50 AM,Registry,C:\Windows\system32\nltest.exe,BLUETEAM\ezk,nltest  /domain_trusts,10848,7380,"nltest.exe 11004 RegQueryValue HKLM\SOFTWARE\Microsoft\Cryptography\Defaults\Provider Types\Type 001\Name SUCCESS Type: REG_SZ, Length: 80, Data: Microsoft Strong Cryptographic Provider 4/18/2022 10:56:50 AM Registry C:\Windows\system32\nltest.exe BLUETEAM\ezk nltest  /domain_trusts 10848 7380",benign
nltest.exe,11004,RegQueryValue,HKLM\SOFTWARE\Microsoft\Cryptography\Defaults\Provider Types\Type 001\Name,BUFFER OVERFLOW,Length: 12,4/18/2022 10:56:50 AM,Registry,C:\Windows\system32\nltest.exe,BLUETEAM\ezk,nltest  /domain_trusts,10848,7380,nltest.exe 11004 RegQueryValue HKLM\SOFTWARE\Microsoft\Cryptography\Defaults\Provider Types\Type 001\Name BUFFER OVERFLOW Length: 12 4/18/2022 10:56:50 AM Registry C:\Windows\system32\nltest.exe BLUETEAM\ezk nltest  /domain_trusts 10848 7380,benign
nltest.exe,11004,RegQueryValue,HKLM\SOFTWARE\Microsoft\Cryptography\Defaults\Provider\Microsoft Strong Cryptographic Provider\Image Path,SUCCESS,"Type: REG_SZ, Length: 66, Data: %SystemRoot%\system32\rsaenh.dll",4/18/2022 10:56:50 AM,Registry,C:\Windows\system32\nltest.exe,BLUETEAM\ezk,nltest  /domain_trusts,10848,7380,"nltest.exe 11004 RegQueryValue HKLM\SOFTWARE\Microsoft\Cryptography\Defaults\Provider\Microsoft Strong Cryptographic Provider\Image Path SUCCESS Type: REG_SZ, Length: 66, Data: %SystemRoot%\system32\rsaenh.dll 4/18/2022 10:56:50 AM Registry C:\Windows\system32\nltest.exe BLUETEAM\ezk nltest  /domain_trusts 10848 7380",benign
nltest.exe,11004,RegOpenKey,HKLM\SOFTWARE\Microsoft\Cryptography\Defaults\Provider Types\Type 001,SUCCESS,Desired Access: Read,4/18/2022 10:56:50 AM,Registry,C:\Windows\system32\nltest.exe,BLUETEAM\ezk,nltest  /domain_trusts,10848,7380,nltest.exe 11004 RegOpenKey HKLM\SOFTWARE\Microsoft\Cryptography\Defaults\Provider Types\Type 001 SUCCESS Desired Access: Read 4/18/2022 10:56:50 AM Registry C:\Windows\system32\nltest.exe BLUETEAM\ezk nltest  /domain_trusts 10848 7380,benign
nltest.exe,11004,RegCloseKey,HKLM\System\CurrentControlSet\Control\Nls\ExtendedLocale,SUCCESS,,4/18/2022 10:56:50 AM,Registry,C:\Windows\system32\nltest.exe,BLUETEAM\ezk,nltest  /domain_trusts,10848,7380,nltest.exe 11004 RegCloseKey HKLM\System\CurrentControlSet\Control\Nls\ExtendedLocale SUCCESS None 4/18/2022 10:56:50 AM Registry C:\Windows\system32\nltest.exe BLUETEAM\ezk nltest  /domain_trusts 10848 7380,benign
nltest.exe,11004,RegQueryValue,HKLM\System\CurrentControlSet\Control\Nls\ExtendedLocale\en-US,NAME NOT FOUND,Length: 532,4/18/2022 10:56:50 AM,Registry,C:\Windows\system32\nltest.exe,BLUETEAM\ezk,nltest  /domain_trusts,10848,7380,nltest.exe 11004 RegQueryValue HKLM\System\CurrentControlSet\Control\Nls\ExtendedLocale\en-US NAME NOT FOUND Length: 532 4/18/2022 10:56:50 AM Registry C:\Windows\system32\nltest.exe BLUETEAM\ezk nltest  /domain_trusts 10848 7380,benign
nltest.exe,11004,RegOpenKey,HKLM\System\CurrentControlSet\Control\Nls\ExtendedLocale,SUCCESS,Desired Access: Read,4/18/2022 10:56:50 AM,Registry,C:\Windows\system32\nltest.exe,BLUETEAM\ezk,nltest  /domain_trusts,10848,7380,nltest.exe 11004 RegOpenKey HKLM\System\CurrentControlSet\Control\Nls\ExtendedLocale SUCCESS Desired Access: Read 4/18/2022 10:56:50 AM Registry C:\Windows\system32\nltest.exe BLUETEAM\ezk nltest  /domain_trusts 10848 7380,benign
nltest.exe,11004,RegOpenKey,HKLM\System\CurrentControlSet\Control\Nls\ExtendedLocale,REPARSE,Desired Access: Read,4/18/2022 10:56:50 AM,Registry,C:\Windows\system32\nltest.exe,BLUETEAM\ezk,nltest  /domain_trusts,10848,7380,nltest.exe 11004 RegOpenKey HKLM\System\CurrentControlSet\Control\Nls\ExtendedLocale REPARSE Desired Access: Read 4/18/2022 10:56:50 AM Registry C:\Windows\system32\nltest.exe BLUETEAM\ezk nltest  /domain_trusts 10848 7380,benign
nltest.exe,11004,RegCloseKey,HKLM\System\CurrentControlSet\Control\Nls\CustomLocale,SUCCESS,,4/18/2022 10:56:50 AM,Registry,C:\Windows\system32\nltest.exe,BLUETEAM\ezk,nltest  /domain_trusts,10848,7380,nltest.exe 11004 RegCloseKey HKLM\System\CurrentControlSet\Control\Nls\CustomLocale SUCCESS None 4/18/2022 10:56:50 AM Registry C:\Windows\system32\nltest.exe BLUETEAM\ezk nltest  /domain_trusts 10848 7380,benign
nltest.exe,11004,RegQueryValue,HKLM\System\CurrentControlSet\Control\Nls\CustomLocale\en-US,NAME NOT FOUND,Length: 532,4/18/2022 10:56:50 AM,Registry,C:\Windows\system32\nltest.exe,BLUETEAM\ezk,nltest  /domain_trusts,10848,7380,nltest.exe 11004 RegQueryValue HKLM\System\CurrentControlSet\Control\Nls\CustomLocale\en-US NAME NOT FOUND Length: 532 4/18/2022 10:56:50 AM Registry C:\Windows\system32\nltest.exe BLUETEAM\ezk nltest  /domain_trusts 10848 7380,benign
nltest.exe,11004,RegOpenKey,HKLM\System\CurrentControlSet\Control\Nls\CustomLocale,SUCCESS,Desired Access: Read,4/18/2022 10:56:50 AM,Registry,C:\Windows\system32\nltest.exe,BLUETEAM\ezk,nltest  /domain_trusts,10848,7380,nltest.exe 11004 RegOpenKey HKLM\System\CurrentControlSet\Control\Nls\CustomLocale SUCCESS Desired Access: Read 4/18/2022 10:56:50 AM Registry C:\Windows\system32\nltest.exe BLUETEAM\ezk nltest  /domain_trusts 10848 7380,benign
nltest.exe,11004,RegOpenKey,HKLM\System\CurrentControlSet\Control\Nls\CustomLocale,REPARSE,Desired Access: Read,4/18/2022 10:56:50 AM,Registry,C:\Windows\system32\nltest.exe,BLUETEAM\ezk,nltest  /domain_trusts,10848,7380,nltest.exe 11004 RegOpenKey HKLM\System\CurrentControlSet\Control\Nls\CustomLocale REPARSE Desired Access: Read 4/18/2022 10:56:50 AM Registry C:\Windows\system32\nltest.exe BLUETEAM\ezk nltest  /domain_trusts 10848 7380,benign
nltest.exe,11004,RegOpenKey,HKLM\SOFTWARE\Microsoft\Windows NT\CurrentVersion\Image File Execution Options\nltest.exe,NAME NOT FOUND,"Desired Access: Query Value, Enumerate Sub Keys",4/18/2022 10:56:50 AM,Registry,C:\Windows\system32\nltest.exe,BLUETEAM\ezk,nltest  /domain_trusts,10848,7380,"nltest.exe 11004 RegOpenKey HKLM\SOFTWARE\Microsoft\Windows NT\CurrentVersion\Image File Execution Options\nltest.exe NAME NOT FOUND Desired Access: Query Value, Enumerate Sub Keys 4/18/2022 10:56:50 AM Registry C:\Windows\system32\nltest.exe BLUETEAM\ezk nltest  /domain_trusts 10848 7380",benign
nltest.exe,11004,RegCloseKey,HKLM\SOFTWARE\Microsoft\Windows NT\CurrentVersion\Windows,SUCCESS,,4/18/2022 10:56:50 AM,Registry,C:\Windows\system32\nltest.exe,BLUETEAM\ezk,nltest  /domain_trusts,10848,7380,nltest.exe 11004 RegCloseKey HKLM\SOFTWARE\Microsoft\Windows NT\CurrentVersion\Windows SUCCESS None 4/18/2022 10:56:50 AM Registry C:\Windows\system32\nltest.exe BLUETEAM\ezk nltest  /domain_trusts 10848 7380,benign
nltest.exe,11004,RegQueryValue,HKLM\SOFTWARE\Microsoft\Windows NT\CurrentVersion\Windows\LoadAppInit_DLLs,SUCCESS,"Type: REG_DWORD, Length: 4, Data: 0",4/18/2022 10:56:50 AM,Registry,C:\Windows\system32\nltest.exe,BLUETEAM\ezk,nltest  /domain_trusts,10848,7380,"nltest.exe 11004 RegQueryValue HKLM\SOFTWARE\Microsoft\Windows NT\CurrentVersion\Windows\LoadAppInit_DLLs SUCCESS Type: REG_DWORD, Length: 4, Data: 0 4/18/2022 10:56:50 AM Registry C:\Windows\system32\nltest.exe BLUETEAM\ezk nltest  /domain_trusts 10848 7380",benign
nltest.exe,11004,RegQueryKey,HKLM,SUCCESS,"Query: HandleTags, HandleTags: 0x0",4/18/2022 10:56:50 AM,Registry,C:\Windows\system32\nltest.exe,BLUETEAM\ezk,nltest  /domain_trusts,10848,7380,"nltest.exe 11004 RegQueryKey HKLM SUCCESS Query: HandleTags, HandleTags: 0x0 4/18/2022 10:56:50 AM Registry C:\Windows\system32\nltest.exe BLUETEAM\ezk nltest  /domain_trusts 10848 7380",benign
nltest.exe,11004,CreateFile,C:\Windows\System32\rsaenh.dll,SUCCESS,"Desired Access: Read Attributes, Disposition: Open, Options: Open Reparse Point, Attributes: n/a, ShareMode: Read, Write, Delete, AllocationSize: n/a, OpenResult: Opened",4/18/2022 10:56:50 AM,File System,C:\Windows\system32\nltest.exe,BLUETEAM\ezk,nltest  /domain_trusts,10848,7380,"nltest.exe 11004 CreateFile C:\Windows\System32\rsaenh.dll SUCCESS Desired Access: Read Attributes, Disposition: Open, Options: Open Reparse Point, Attributes: n/a, ShareMode: Read, Write, Delete, AllocationSize: n/a, OpenResult: Opened 4/18/2022 10:56:50 AM File System C:\Windows\system32\nltest.exe BLUETEAM\ezk nltest  /domain_trusts 10848 7380",benign
nltest.exe,11004,QueryBasicInformationFile,C:\Windows\System32\rsaenh.dll,SUCCESS,"CreationTime: 9/22/2021 5:22:06 PM, LastAccessTime: 4/18/2022 10:56:48 AM, LastWriteTime: 9/22/2021 5:22:06 PM, ChangeTime: 10/15/2021 2:25:23 PM, FileAttributes: A",4/18/2022 10:56:50 AM,File System,C:\Windows\system32\nltest.exe,BLUETEAM\ezk,nltest  /domain_trusts,10848,7380,"nltest.exe 11004 QueryBasicInformationFile C:\Windows\System32\rsaenh.dll SUCCESS CreationTime: 9/22/2021 5:22:06 PM, LastAccessTime: 4/18/2022 10:56:48 AM, LastWriteTime: 9/22/2021 5:22:06 PM, ChangeTime: 10/15/2021 2:25:23 PM, FileAttributes: A 4/18/2022 10:56:50 AM File System C:\Windows\system32\nltest.exe BLUETEAM\ezk nltest  /domain_trusts 10848 7380",benign
nltest.exe,11004,CloseFile,C:\Windows\System32\rsaenh.dll,SUCCESS,,4/18/2022 10:56:50 AM,File System,C:\Windows\system32\nltest.exe,BLUETEAM\ezk,nltest  /domain_trusts,10848,7380,nltest.exe 11004 CloseFile C:\Windows\System32\rsaenh.dll SUCCESS None 4/18/2022 10:56:50 AM File System C:\Windows\system32\nltest.exe BLUETEAM\ezk nltest  /domain_trusts 10848 7380,benign
nltest.exe,11004,CloseFile,C:\Windows\System32\cryptbase.dll,SUCCESS,,4/18/2022 10:56:50 AM,File System,C:\Windows\system32\nltest.exe,BLUETEAM\ezk,nltest  /domain_trusts,10848,7380,nltest.exe 11004 CloseFile C:\Windows\System32\cryptbase.dll SUCCESS None 4/18/2022 10:56:50 AM File System C:\Windows\system32\nltest.exe BLUETEAM\ezk nltest  /domain_trusts 10848 7380,benign
nltest.exe,11004,QueryBasicInformationFile,C:\Windows\System32\cryptbase.dll,SUCCESS,"CreationTime: 9/22/2021 5:22:09 PM, LastAccessTime: 4/18/2022 10:56:48 AM, LastWriteTime: 9/22/2021 5:22:09 PM, ChangeTime: 10/15/2021 2:25:23 PM, FileAttributes: A",4/18/2022 10:56:50 AM,File System,C:\Windows\system32\nltest.exe,BLUETEAM\ezk,nltest  /domain_trusts,10848,7380,"nltest.exe 11004 QueryBasicInformationFile C:\Windows\System32\cryptbase.dll SUCCESS CreationTime: 9/22/2021 5:22:09 PM, LastAccessTime: 4/18/2022 10:56:48 AM, LastWriteTime: 9/22/2021 5:22:09 PM, ChangeTime: 10/15/2021 2:25:23 PM, FileAttributes: A 4/18/2022 10:56:50 AM File System C:\Windows\system32\nltest.exe BLUETEAM\ezk nltest  /domain_trusts 10848 7380",benign
nltest.exe,11004,CreateFile,C:\Windows\System32\cryptbase.dll,SUCCESS,"Desired Access: Read Attributes, Disposition: Open, Options: Open Reparse Point, Attributes: n/a, ShareMode: Read, Write, Delete, AllocationSize: n/a, OpenResult: Opened",4/18/2022 10:56:50 AM,File System,C:\Windows\system32\nltest.exe,BLUETEAM\ezk,nltest  /domain_trusts,10848,7380,"nltest.exe 11004 CreateFile C:\Windows\System32\cryptbase.dll SUCCESS Desired Access: Read Attributes, Disposition: Open, Options: Open Reparse Point, Attributes: n/a, ShareMode: Read, Write, Delete, AllocationSize: n/a, OpenResult: Opened 4/18/2022 10:56:50 AM File System C:\Windows\system32\nltest.exe BLUETEAM\ezk nltest  /domain_trusts 10848 7380",benign
nltest.exe,11004,RegOpenKey,HKLM\System\CurrentControlSet\Control\Nls\Sorting\Ids,SUCCESS,Desired Access: Read,4/18/2022 10:56:50 AM,Registry,C:\Windows\system32\nltest.exe,BLUETEAM\ezk,nltest  /domain_trusts,10848,7380,nltest.exe 11004 RegOpenKey HKLM\System\CurrentControlSet\Control\Nls\Sorting\Ids SUCCESS Desired Access: Read 4/18/2022 10:56:50 AM Registry C:\Windows\system32\nltest.exe BLUETEAM\ezk nltest  /domain_trusts 10848 7380,benign
nltest.exe,11004,RegOpenKey,HKLM\System\CurrentControlSet\Control\Nls\Sorting\Ids,REPARSE,Desired Access: Read,4/18/2022 10:56:50 AM,Registry,C:\Windows\system32\nltest.exe,BLUETEAM\ezk,nltest  /domain_trusts,10848,7380,nltest.exe 11004 RegOpenKey HKLM\System\CurrentControlSet\Control\Nls\Sorting\Ids REPARSE Desired Access: Read 4/18/2022 10:56:50 AM Registry C:\Windows\system32\nltest.exe BLUETEAM\ezk nltest  /domain_trusts 10848 7380,benign
nltest.exe,11004,CloseFile,C:\Windows\Globalization\Sorting\SortDefault.nls,SUCCESS,,4/18/2022 10:56:50 AM,File System,C:\Windows\system32\nltest.exe,BLUETEAM\ezk,nltest  /domain_trusts,10848,7380,nltest.exe 11004 CloseFile C:\Windows\Globalization\Sorting\SortDefault.nls SUCCESS None 4/18/2022 10:56:50 AM File System C:\Windows\system32\nltest.exe BLUETEAM\ezk nltest  /domain_trusts 10848 7380,benign
nltest.exe,11004,CreateFile,C:\Windows\Globalization\Sorting\SortDefault.nls,SUCCESS,"Desired Access: Generic Read, Disposition: Open, Options: Synchronous IO Non-Alert, Non-Directory File, Attributes: N, ShareMode: Read, AllocationSize: n/a, OpenResult: Opened",4/18/2022 10:56:50 AM,File System,C:\Windows\system32\nltest.exe,BLUETEAM\ezk,nltest  /domain_trusts,10848,7380,"nltest.exe 11004 CreateFile C:\Windows\Globalization\Sorting\SortDefault.nls SUCCESS Desired Access: Generic Read, Disposition: Open, Options: Synchronous IO Non-Alert, Non-Directory File, Attributes: N, ShareMode: Read, AllocationSize: n/a, OpenResult: Opened 4/18/2022 10:56:50 AM File System C:\Windows\system32\nltest.exe BLUETEAM\ezk nltest  /domain_trusts 10848 7380",benign
nltest.exe,11004,RegQueryValue,HKLM\System\CurrentControlSet\Control\Nls\Sorting\Versions\000603xx,SUCCESS,"Type: REG_SZ, Length: 26, Data: kernel32.dll",4/18/2022 10:56:50 AM,Registry,C:\Windows\system32\nltest.exe,BLUETEAM\ezk,nltest  /domain_trusts,10848,7380,"nltest.exe 11004 RegQueryValue HKLM\System\CurrentControlSet\Control\Nls\Sorting\Versions\000603xx SUCCESS Type: REG_SZ, Length: 26, Data: kernel32.dll 4/18/2022 10:56:50 AM Registry C:\Windows\system32\nltest.exe BLUETEAM\ezk nltest  /domain_trusts 10848 7380",benign
nltest.exe,11004,RegOpenKey,HKLM\Software\Microsoft\Cryptography\Offload,NAME NOT FOUND,Desired Access: Read,4/18/2022 10:56:50 AM,Registry,C:\Windows\system32\nltest.exe,BLUETEAM\ezk,nltest  /domain_trusts,10848,7380,nltest.exe 11004 RegOpenKey HKLM\Software\Microsoft\Cryptography\Offload NAME NOT FOUND Desired Access: Read 4/18/2022 10:56:50 AM Registry C:\Windows\system32\nltest.exe BLUETEAM\ezk nltest  /domain_trusts 10848 7380,benign
nltest.exe,11004,RegQueryKey,HKLM,SUCCESS,"Query: HandleTags, HandleTags: 0x0",4/18/2022 10:56:50 AM,Registry,C:\Windows\system32\nltest.exe,BLUETEAM\ezk,nltest  /domain_trusts,10848,7380,"nltest.exe 11004 RegQueryKey HKLM SUCCESS Query: HandleTags, HandleTags: 0x0 4/18/2022 10:56:50 AM Registry C:\Windows\system32\nltest.exe BLUETEAM\ezk nltest  /domain_trusts 10848 7380",benign
nltest.exe,11004,RegCloseKey,HKLM\SOFTWARE\Microsoft\Cryptography,SUCCESS,,4/18/2022 10:56:50 AM,Registry,C:\Windows\system32\nltest.exe,BLUETEAM\ezk,nltest  /domain_trusts,10848,7380,nltest.exe 11004 RegCloseKey HKLM\SOFTWARE\Microsoft\Cryptography SUCCESS None 4/18/2022 10:56:50 AM Registry C:\Windows\system32\nltest.exe BLUETEAM\ezk nltest  /domain_trusts 10848 7380,benign
nltest.exe,11004,RegQueryValue,HKLM\SOFTWARE\Microsoft\Cryptography\MachineGuid,SUCCESS,"Type: REG_SZ, Length: 74, Data: 3a2967af-d6a3-4f62-84d7-3904349f48e6",4/18/2022 10:56:50 AM,Registry,C:\Windows\system32\nltest.exe,BLUETEAM\ezk,nltest  /domain_trusts,10848,7380,"nltest.exe 11004 RegQueryValue HKLM\SOFTWARE\Microsoft\Cryptography\MachineGuid SUCCESS Type: REG_SZ, Length: 74, Data: 3a2967af-d6a3-4f62-84d7-3904349f48e6 4/18/2022 10:56:50 AM Registry C:\Windows\system32\nltest.exe BLUETEAM\ezk nltest  /domain_trusts 10848 7380",benign
nltest.exe,11004,RegQueryValue,HKLM\SOFTWARE\Microsoft\Cryptography\MachineGuid,BUFFER OVERFLOW,Length: 49,4/18/2022 10:56:50 AM,Registry,C:\Windows\system32\nltest.exe,BLUETEAM\ezk,nltest  /domain_trusts,10848,7380,nltest.exe 11004 RegQueryValue HKLM\SOFTWARE\Microsoft\Cryptography\MachineGuid BUFFER OVERFLOW Length: 49 4/18/2022 10:56:50 AM Registry C:\Windows\system32\nltest.exe BLUETEAM\ezk nltest  /domain_trusts 10848 7380,benign
nltest.exe,11004,RegQueryValue,HKLM\SOFTWARE\Microsoft\Cryptography\MachineGuid,SUCCESS,"Type: REG_SZ, Length: 74, Data: 3a2967af-d6a3-4f62-84d7-3904349f48e6",4/18/2022 10:56:50 AM,Registry,C:\Windows\system32\nltest.exe,BLUETEAM\ezk,nltest  /domain_trusts,10848,7380,"nltest.exe 11004 RegQueryValue HKLM\SOFTWARE\Microsoft\Cryptography\MachineGuid SUCCESS Type: REG_SZ, Length: 74, Data: 3a2967af-d6a3-4f62-84d7-3904349f48e6 4/18/2022 10:56:50 AM Registry C:\Windows\system32\nltest.exe BLUETEAM\ezk nltest  /domain_trusts 10848 7380",benign
nltest.exe,11004,RegQueryValue,HKLM\SOFTWARE\Microsoft\Cryptography\MachineGuid,BUFFER OVERFLOW,Length: 12,4/18/2022 10:56:50 AM,Registry,C:\Windows\system32\nltest.exe,BLUETEAM\ezk,nltest  /domain_trusts,10848,7380,nltest.exe 11004 RegQueryValue HKLM\SOFTWARE\Microsoft\Cryptography\MachineGuid BUFFER OVERFLOW Length: 12 4/18/2022 10:56:50 AM Registry C:\Windows\system32\nltest.exe BLUETEAM\ezk nltest  /domain_trusts 10848 7380,benign
nltest.exe,11004,RegOpenKey,HKLM\Software\Microsoft\Cryptography,SUCCESS,Desired Access: Read,4/18/2022 10:56:50 AM,Registry,C:\Windows\system32\nltest.exe,BLUETEAM\ezk,nltest  /domain_trusts,10848,7380,nltest.exe 11004 RegOpenKey HKLM\Software\Microsoft\Cryptography SUCCESS Desired Access: Read 4/18/2022 10:56:50 AM Registry C:\Windows\system32\nltest.exe BLUETEAM\ezk nltest  /domain_trusts 10848 7380,benign
nltest.exe,11004,RegQueryKey,HKLM,SUCCESS,"Query: HandleTags, HandleTags: 0x0",4/18/2022 10:56:50 AM,Registry,C:\Windows\system32\nltest.exe,BLUETEAM\ezk,nltest  /domain_trusts,10848,7380,"nltest.exe 11004 RegQueryKey HKLM SUCCESS Query: HandleTags, HandleTags: 0x0 4/18/2022 10:56:50 AM Registry C:\Windows\system32\nltest.exe BLUETEAM\ezk nltest  /domain_trusts 10848 7380",benign
nltest.exe,11004,RegCloseKey,HKLM\SOFTWARE\Policies\Microsoft\Cryptography,SUCCESS,,4/18/2022 10:56:50 AM,Registry,C:\Windows\system32\nltest.exe,BLUETEAM\ezk,nltest  /domain_trusts,10848,7380,nltest.exe 11004 RegCloseKey HKLM\SOFTWARE\Policies\Microsoft\Cryptography SUCCESS None 4/18/2022 10:56:50 AM Registry C:\Windows\system32\nltest.exe BLUETEAM\ezk nltest  /domain_trusts 10848 7380,benign
nltest.exe,11004,RegQueryValue,HKLM\SOFTWARE\Policies\Microsoft\Cryptography\PrivateKeyLifetimeSeconds,NAME NOT FOUND,Length: 16,4/18/2022 10:56:50 AM,Registry,C:\Windows\system32\nltest.exe,BLUETEAM\ezk,nltest  /domain_trusts,10848,7380,nltest.exe 11004 RegQueryValue HKLM\SOFTWARE\Policies\Microsoft\Cryptography\PrivateKeyLifetimeSeconds NAME NOT FOUND Length: 16 4/18/2022 10:56:50 AM Registry C:\Windows\system32\nltest.exe BLUETEAM\ezk nltest  /domain_trusts 10848 7380,benign
nltest.exe,11004,RegQueryValue,HKLM\SOFTWARE\Policies\Microsoft\Cryptography\PrivKeyCachePurgeIntervalSeconds,NAME NOT FOUND,Length: 16,4/18/2022 10:56:50 AM,Registry,C:\Windows\system32\nltest.exe,BLUETEAM\ezk,nltest  /domain_trusts,10848,7380,nltest.exe 11004 RegQueryValue HKLM\SOFTWARE\Policies\Microsoft\Cryptography\PrivKeyCachePurgeIntervalSeconds NAME NOT FOUND Length: 16 4/18/2022 10:56:50 AM Registry C:\Windows\system32\nltest.exe BLUETEAM\ezk nltest  /domain_trusts 10848 7380,benign
nltest.exe,11004,RegQueryValue,HKLM\SOFTWARE\Policies\Microsoft\Cryptography\PrivKeyCacheMaxItems,NAME NOT FOUND,Length: 16,4/18/2022 10:56:50 AM,Registry,C:\Windows\system32\nltest.exe,BLUETEAM\ezk,nltest  /domain_trusts,10848,7380,nltest.exe 11004 RegQueryValue HKLM\SOFTWARE\Policies\Microsoft\Cryptography\PrivKeyCacheMaxItems NAME NOT FOUND Length: 16 4/18/2022 10:56:50 AM Registry C:\Windows\system32\nltest.exe BLUETEAM\ezk nltest  /domain_trusts 10848 7380,benign
nltest.exe,11004,RegOpenKey,HKLM\Software\Policies\Microsoft\Cryptography,SUCCESS,Desired Access: Read,4/18/2022 10:56:50 AM,Registry,C:\Windows\system32\nltest.exe,BLUETEAM\ezk,nltest  /domain_trusts,10848,7380,nltest.exe 11004 RegOpenKey HKLM\Software\Policies\Microsoft\Cryptography SUCCESS Desired Access: Read 4/18/2022 10:56:50 AM Registry C:\Windows\system32\nltest.exe BLUETEAM\ezk nltest  /domain_trusts 10848 7380,benign
nltest.exe,11004,RegQueryKey,HKLM,SUCCESS,"Query: HandleTags, HandleTags: 0x0",4/18/2022 10:56:50 AM,Registry,C:\Windows\system32\nltest.exe,BLUETEAM\ezk,nltest  /domain_trusts,10848,7380,"nltest.exe 11004 RegQueryKey HKLM SUCCESS Query: HandleTags, HandleTags: 0x0 4/18/2022 10:56:50 AM Registry C:\Windows\system32\nltest.exe BLUETEAM\ezk nltest  /domain_trusts 10848 7380",benign
nltest.exe,11004,CloseFile,C:\Windows\System32\rsaenh.dll,SUCCESS,,4/18/2022 10:56:50 AM,File System,C:\Windows\system32\nltest.exe,BLUETEAM\ezk,nltest  /domain_trusts,10848,7380,nltest.exe 11004 CloseFile C:\Windows\System32\rsaenh.dll SUCCESS None 4/18/2022 10:56:50 AM File System C:\Windows\system32\nltest.exe BLUETEAM\ezk nltest  /domain_trusts 10848 7380,benign
nltest.exe,11004,CreateFile,C:\Windows\System32\rsaenh.dll,SUCCESS,"Desired Access: Read Data/List Directory, Execute/Traverse, Synchronize, Disposition: Open, Options: Synchronous IO Non-Alert, Non-Directory File, Attributes: n/a, ShareMode: Read, Delete, AllocationSize: n/a, OpenResult: Opened",4/18/2022 10:56:50 AM,File System,C:\Windows\system32\nltest.exe,BLUETEAM\ezk,nltest  /domain_trusts,10848,7380,"nltest.exe 11004 CreateFile C:\Windows\System32\rsaenh.dll SUCCESS Desired Access: Read Data/List Directory, Execute/Traverse, Synchronize, Disposition: Open, Options: Synchronous IO Non-Alert, Non-Directory File, Attributes: n/a, ShareMode: Read, Delete, AllocationSize: n/a, OpenResult: Opened 4/18/2022 10:56:50 AM File System C:\Windows\system32\nltest.exe BLUETEAM\ezk nltest  /domain_trusts 10848 7380",benign
nltest.exe,11004,CloseFile,C:\Windows\System32\cryptbase.dll,SUCCESS,,4/18/2022 10:56:50 AM,File System,C:\Windows\system32\nltest.exe,BLUETEAM\ezk,nltest  /domain_trusts,10848,7380,nltest.exe 11004 CloseFile C:\Windows\System32\cryptbase.dll SUCCESS None 4/18/2022 10:56:50 AM File System C:\Windows\system32\nltest.exe BLUETEAM\ezk nltest  /domain_trusts 10848 7380,benign
nltest.exe,11004,RegOpenKey,HKLM\System\CurrentControlSet\Control\Srp\GP\DLL,NAME NOT FOUND,Desired Access: Read,4/18/2022 10:56:50 AM,Registry,C:\Windows\system32\nltest.exe,BLUETEAM\ezk,nltest  /domain_trusts,10848,7380,nltest.exe 11004 RegOpenKey HKLM\System\CurrentControlSet\Control\Srp\GP\DLL NAME NOT FOUND Desired Access: Read 4/18/2022 10:56:50 AM Registry C:\Windows\system32\nltest.exe BLUETEAM\ezk nltest  /domain_trusts 10848 7380,benign
nltest.exe,11004,RegOpenKey,HKLM\System\CurrentControlSet\Control\Srp\GP\DLL,REPARSE,Desired Access: Read,4/18/2022 10:56:50 AM,Registry,C:\Windows\system32\nltest.exe,BLUETEAM\ezk,nltest  /domain_trusts,10848,7380,nltest.exe 11004 RegOpenKey HKLM\System\CurrentControlSet\Control\Srp\GP\DLL REPARSE Desired Access: Read 4/18/2022 10:56:50 AM Registry C:\Windows\system32\nltest.exe BLUETEAM\ezk nltest  /domain_trusts 10848 7380,benign
nltest.exe,11004,RegOpenKey,HKLM\System\CurrentControlSet\Control\SafeBoot\Option,NAME NOT FOUND,"Desired Access: Query Value, Set Value",4/18/2022 10:56:50 AM,Registry,C:\Windows\system32\nltest.exe,BLUETEAM\ezk,nltest  /domain_trusts,10848,7380,"nltest.exe 11004 RegOpenKey HKLM\System\CurrentControlSet\Control\SafeBoot\Option NAME NOT FOUND Desired Access: Query Value, Set Value 4/18/2022 10:56:50 AM Registry C:\Windows\system32\nltest.exe BLUETEAM\ezk nltest  /domain_trusts 10848 7380",benign
cmd.exe,7380,RegCloseKey,HKCU,SUCCESS,,4/18/2022 10:56:50 AM,Registry,C:\Windows\system32\cmd.exe,BLUETEAM\ezk,cmd.exe /C nltest /domain_trusts,1520,10688,cmd.exe 7380 RegCloseKey HKCU SUCCESS None 4/18/2022 10:56:50 AM Registry C:\Windows\system32\cmd.exe BLUETEAM\ezk cmd.exe /C nltest /domain_trusts 1520 10688,benign
cmd.exe,7380,RegCloseKey,HKCU\Control Panel\Desktop\MuiCached,SUCCESS,,4/18/2022 10:56:50 AM,Registry,C:\Windows\system32\cmd.exe,BLUETEAM\ezk,cmd.exe /C nltest /domain_trusts,1520,10688,cmd.exe 7380 RegCloseKey HKCU\Control Panel\Desktop\MuiCached SUCCESS None 4/18/2022 10:56:50 AM Registry C:\Windows\system32\cmd.exe BLUETEAM\ezk cmd.exe /C nltest /domain_trusts 1520 10688,benign
cmd.exe,7380,RegQueryValue,HKCU\Control Panel\Desktop\MuiCached\MachinePreferredUILanguages,SUCCESS,"Type: REG_MULTI_SZ, Length: 12, Data: en-US",4/18/2022 10:56:50 AM,Registry,C:\Windows\system32\cmd.exe,BLUETEAM\ezk,cmd.exe /C nltest /domain_trusts,1520,10688,"cmd.exe 7380 RegQueryValue HKCU\Control Panel\Desktop\MuiCached\MachinePreferredUILanguages SUCCESS Type: REG_MULTI_SZ, Length: 12, Data: en-US 4/18/2022 10:56:50 AM Registry C:\Windows\system32\cmd.exe BLUETEAM\ezk cmd.exe /C nltest /domain_trusts 1520 10688",benign
cmd.exe,7380,RegQueryValue,HKCU\Control Panel\Desktop\MuiCached\MachinePreferredUILanguages,BUFFER OVERFLOW,Length: 12,4/18/2022 10:56:50 AM,Registry,C:\Windows\system32\cmd.exe,BLUETEAM\ezk,cmd.exe /C nltest /domain_trusts,1520,10688,cmd.exe 7380 RegQueryValue HKCU\Control Panel\Desktop\MuiCached\MachinePreferredUILanguages BUFFER OVERFLOW Length: 12 4/18/2022 10:56:50 AM Registry C:\Windows\system32\cmd.exe BLUETEAM\ezk cmd.exe /C nltest /domain_trusts 1520 10688,benign
cmd.exe,7380,RegOpenKey,HKCU\Control Panel\Desktop\MuiCached,SUCCESS,Desired Access: Read,4/18/2022 10:56:50 AM,Registry,C:\Windows\system32\cmd.exe,BLUETEAM\ezk,cmd.exe /C nltest /domain_trusts,1520,10688,cmd.exe 7380 RegOpenKey HKCU\Control Panel\Desktop\MuiCached SUCCESS Desired Access: Read 4/18/2022 10:56:50 AM Registry C:\Windows\system32\cmd.exe BLUETEAM\ezk cmd.exe /C nltest /domain_trusts 1520 10688,benign
cmd.exe,7380,RegOpenKey,HKCU,SUCCESS,"Desired Access: Maximum Allowed, Granted Access: All Access",4/18/2022 10:56:50 AM,Registry,C:\Windows\system32\cmd.exe,BLUETEAM\ezk,cmd.exe /C nltest /domain_trusts,1520,10688,"cmd.exe 7380 RegOpenKey HKCU SUCCESS Desired Access: Maximum Allowed, Granted Access: All Access 4/18/2022 10:56:50 AM Registry C:\Windows\system32\cmd.exe BLUETEAM\ezk cmd.exe /C nltest /domain_trusts 1520 10688",benign
cmd.exe,7380,RegOpenKey,HKLM\Software\Policies\Microsoft\MUI\Settings,NAME NOT FOUND,Desired Access: Read,4/18/2022 10:56:50 AM,Registry,C:\Windows\system32\cmd.exe,BLUETEAM\ezk,cmd.exe /C nltest /domain_trusts,1520,10688,cmd.exe 7380 RegOpenKey HKLM\Software\Policies\Microsoft\MUI\Settings NAME NOT FOUND Desired Access: Read 4/18/2022 10:56:50 AM Registry C:\Windows\system32\cmd.exe BLUETEAM\ezk cmd.exe /C nltest /domain_trusts 1520 10688,benign
cmd.exe,7380,RegCloseKey,HKCU,SUCCESS,,4/18/2022 10:56:50 AM,Registry,C:\Windows\system32\cmd.exe,BLUETEAM\ezk,cmd.exe /C nltest /domain_trusts,1520,10688,cmd.exe 7380 RegCloseKey HKCU SUCCESS None 4/18/2022 10:56:50 AM Registry C:\Windows\system32\cmd.exe BLUETEAM\ezk cmd.exe /C nltest /domain_trusts 1520 10688,benign
cmd.exe,7380,RegCloseKey,HKCU\Control Panel\Desktop,SUCCESS,,4/18/2022 10:56:50 AM,Registry,C:\Windows\system32\cmd.exe,BLUETEAM\ezk,cmd.exe /C nltest /domain_trusts,1520,10688,cmd.exe 7380 RegCloseKey HKCU\Control Panel\Desktop SUCCESS None 4/18/2022 10:56:50 AM Registry C:\Windows\system32\cmd.exe BLUETEAM\ezk cmd.exe /C nltest /domain_trusts 1520 10688,benign
cmd.exe,7380,RegQueryValue,HKCU\Control Panel\Desktop\PreferredUILanguages,NAME NOT FOUND,Length: 12,4/18/2022 10:56:50 AM,Registry,C:\Windows\system32\cmd.exe,BLUETEAM\ezk,cmd.exe /C nltest /domain_trusts,1520,10688,cmd.exe 7380 RegQueryValue HKCU\Control Panel\Desktop\PreferredUILanguages NAME NOT FOUND Length: 12 4/18/2022 10:56:50 AM Registry C:\Windows\system32\cmd.exe BLUETEAM\ezk cmd.exe /C nltest /domain_trusts 1520 10688,benign
cmd.exe,7380,RegOpenKey,HKCU\Control Panel\Desktop,SUCCESS,Desired Access: Read,4/18/2022 10:56:50 AM,Registry,C:\Windows\system32\cmd.exe,BLUETEAM\ezk,cmd.exe /C nltest /domain_trusts,1520,10688,cmd.exe 7380 RegOpenKey HKCU\Control Panel\Desktop SUCCESS Desired Access: Read 4/18/2022 10:56:50 AM Registry C:\Windows\system32\cmd.exe BLUETEAM\ezk cmd.exe /C nltest /domain_trusts 1520 10688,benign
cmd.exe,7380,RegOpenKey,HKLM\Software\Policies\Microsoft\MUI\Settings,NAME NOT FOUND,Desired Access: Read,4/18/2022 10:56:50 AM,Registry,C:\Windows\system32\cmd.exe,BLUETEAM\ezk,cmd.exe /C nltest /domain_trusts,1520,10688,cmd.exe 7380 RegOpenKey HKLM\Software\Policies\Microsoft\MUI\Settings NAME NOT FOUND Desired Access: Read 4/18/2022 10:56:50 AM Registry C:\Windows\system32\cmd.exe BLUETEAM\ezk cmd.exe /C nltest /domain_trusts 1520 10688,benign
cmd.exe,7380,RegOpenKey,HKCU\Software\Policies\Microsoft\Control Panel\Desktop,NAME NOT FOUND,Desired Access: Read,4/18/2022 10:56:50 AM,Registry,C:\Windows\system32\cmd.exe,BLUETEAM\ezk,cmd.exe /C nltest /domain_trusts,1520,10688,cmd.exe 7380 RegOpenKey HKCU\Software\Policies\Microsoft\Control Panel\Desktop NAME NOT FOUND Desired Access: Read 4/18/2022 10:56:50 AM Registry C:\Windows\system32\cmd.exe BLUETEAM\ezk cmd.exe /C nltest /domain_trusts 1520 10688,benign
cmd.exe,7380,RegOpenKey,HKLM\Software\Policies\Microsoft\MUI\Settings,NAME NOT FOUND,Desired Access: Read,4/18/2022 10:56:50 AM,Registry,C:\Windows\system32\cmd.exe,BLUETEAM\ezk,cmd.exe /C nltest /domain_trusts,1520,10688,cmd.exe 7380 RegOpenKey HKLM\Software\Policies\Microsoft\MUI\Settings NAME NOT FOUND Desired Access: Read 4/18/2022 10:56:50 AM Registry C:\Windows\system32\cmd.exe BLUETEAM\ezk cmd.exe /C nltest /domain_trusts 1520 10688,benign
cmd.exe,7380,RegCloseKey,HKCU,SUCCESS,,4/18/2022 10:56:50 AM,Registry,C:\Windows\system32\cmd.exe,BLUETEAM\ezk,cmd.exe /C nltest /domain_trusts,1520,10688,cmd.exe 7380 RegCloseKey HKCU SUCCESS None 4/18/2022 10:56:50 AM Registry C:\Windows\system32\cmd.exe BLUETEAM\ezk cmd.exe /C nltest /domain_trusts 1520 10688,benign
cmd.exe,7380,RegOpenKey,HKCU\Control Panel\Desktop\LanguageConfiguration,NAME NOT FOUND,Desired Access: Read,4/18/2022 10:56:50 AM,Registry,C:\Windows\system32\cmd.exe,BLUETEAM\ezk,cmd.exe /C nltest /domain_trusts,1520,10688,cmd.exe 7380 RegOpenKey HKCU\Control Panel\Desktop\LanguageConfiguration NAME NOT FOUND Desired Access: Read 4/18/2022 10:56:50 AM Registry C:\Windows\system32\cmd.exe BLUETEAM\ezk cmd.exe /C nltest /domain_trusts 1520 10688,benign
cmd.exe,7380,RegOpenKey,HKCU\Software\Policies\Microsoft\Control Panel\Desktop,NAME NOT FOUND,Desired Access: Read,4/18/2022 10:56:50 AM,Registry,C:\Windows\system32\cmd.exe,BLUETEAM\ezk,cmd.exe /C nltest /domain_trusts,1520,10688,cmd.exe 7380 RegOpenKey HKCU\Software\Policies\Microsoft\Control Panel\Desktop NAME NOT FOUND Desired Access: Read 4/18/2022 10:56:50 AM Registry C:\Windows\system32\cmd.exe BLUETEAM\ezk cmd.exe /C nltest /domain_trusts 1520 10688,benign
cmd.exe,7380,RegOpenKey,HKCU,SUCCESS,"Desired Access: Maximum Allowed, Granted Access: All Access",4/18/2022 10:56:50 AM,Registry,C:\Windows\system32\cmd.exe,BLUETEAM\ezk,cmd.exe /C nltest /domain_trusts,1520,10688,"cmd.exe 7380 RegOpenKey HKCU SUCCESS Desired Access: Maximum Allowed, Granted Access: All Access 4/18/2022 10:56:50 AM Registry C:\Windows\system32\cmd.exe BLUETEAM\ezk cmd.exe /C nltest /domain_trusts 1520 10688",benign
cmd.exe,7380,RegOpenKey,HKLM\Software\Policies\Microsoft\MUI\Settings,NAME NOT FOUND,Desired Access: Read,4/18/2022 10:56:50 AM,Registry,C:\Windows\system32\cmd.exe,BLUETEAM\ezk,cmd.exe /C nltest /domain_trusts,1520,10688,cmd.exe 7380 RegOpenKey HKLM\Software\Policies\Microsoft\MUI\Settings NAME NOT FOUND Desired Access: Read 4/18/2022 10:56:50 AM Registry C:\Windows\system32\cmd.exe BLUETEAM\ezk cmd.exe /C nltest /domain_trusts 1520 10688,benign
cmd.exe,7380,RegCloseKey,HKCU,SUCCESS,,4/18/2022 10:56:50 AM,Registry,C:\Windows\system32\cmd.exe,BLUETEAM\ezk,cmd.exe /C nltest /domain_trusts,1520,10688,cmd.exe 7380 RegCloseKey HKCU SUCCESS None 4/18/2022 10:56:50 AM Registry C:\Windows\system32\cmd.exe BLUETEAM\ezk cmd.exe /C nltest /domain_trusts 1520 10688,benign
cmd.exe,7380,RegOpenKey,HKCU\Control Panel\Desktop\MuiCached\MachineLanguageConfiguration,NAME NOT FOUND,Desired Access: Read,4/18/2022 10:56:50 AM,Registry,C:\Windows\system32\cmd.exe,BLUETEAM\ezk,cmd.exe /C nltest /domain_trusts,1520,10688,cmd.exe 7380 RegOpenKey HKCU\Control Panel\Desktop\MuiCached\MachineLanguageConfiguration NAME NOT FOUND Desired Access: Read 4/18/2022 10:56:50 AM Registry C:\Windows\system32\cmd.exe BLUETEAM\ezk cmd.exe /C nltest /domain_trusts 1520 10688,benign
cmd.exe,7380,RegOpenKey,HKCU,SUCCESS,"Desired Access: Maximum Allowed, Granted Access: All Access",4/18/2022 10:56:50 AM,Registry,C:\Windows\system32\cmd.exe,BLUETEAM\ezk,cmd.exe /C nltest /domain_trusts,1520,10688,"cmd.exe 7380 RegOpenKey HKCU SUCCESS Desired Access: Maximum Allowed, Granted Access: All Access 4/18/2022 10:56:50 AM Registry C:\Windows\system32\cmd.exe BLUETEAM\ezk cmd.exe /C nltest /domain_trusts 1520 10688",benign
cmd.exe,7380,RegOpenKey,HKLM\Software\Microsoft\OLE\Tracing,NAME NOT FOUND,Desired Access: Read,4/18/2022 10:56:50 AM,Registry,C:\Windows\system32\cmd.exe,BLUETEAM\ezk,cmd.exe /C nltest /domain_trusts,1520,10688,cmd.exe 7380 RegOpenKey HKLM\Software\Microsoft\OLE\Tracing NAME NOT FOUND Desired Access: Read 4/18/2022 10:56:50 AM Registry C:\Windows\system32\cmd.exe BLUETEAM\ezk cmd.exe /C nltest /domain_trusts 1520 10688,benign
cmd.exe,7380,RegQueryKey,HKLM,SUCCESS,"Query: HandleTags, HandleTags: 0x0",4/18/2022 10:56:50 AM,Registry,C:\Windows\system32\cmd.exe,BLUETEAM\ezk,cmd.exe /C nltest /domain_trusts,1520,10688,"cmd.exe 7380 RegQueryKey HKLM SUCCESS Query: HandleTags, HandleTags: 0x0 4/18/2022 10:56:50 AM Registry C:\Windows\system32\cmd.exe BLUETEAM\ezk cmd.exe /C nltest /domain_trusts 1520 10688",benign
cmd.exe,7380,RegOpenKey,HKCU,SUCCESS,"Desired Access: Maximum Allowed, Granted Access: All Access",4/18/2022 10:56:50 AM,Registry,C:\Windows\system32\cmd.exe,BLUETEAM\ezk,cmd.exe /C nltest /domain_trusts,1520,10688,"cmd.exe 7380 RegOpenKey HKCU SUCCESS Desired Access: Maximum Allowed, Granted Access: All Access 4/18/2022 10:56:50 AM Registry C:\Windows\system32\cmd.exe BLUETEAM\ezk cmd.exe /C nltest /domain_trusts 1520 10688",benign
cmd.exe,7380,RegOpenKey,HKCU,SUCCESS,"Desired Access: Maximum Allowed, Granted Access: All Access",4/18/2022 10:56:50 AM,Registry,C:\Windows\system32\cmd.exe,BLUETEAM\ezk,cmd.exe /C nltest /domain_trusts,1520,10688,"cmd.exe 7380 RegOpenKey HKCU SUCCESS Desired Access: Maximum Allowed, Granted Access: All Access 4/18/2022 10:56:50 AM Registry C:\Windows\system32\cmd.exe BLUETEAM\ezk cmd.exe /C nltest /domain_trusts 1520 10688",benign
cmd.exe,7380,RegOpenKey,HKCU\Software\Policies\Microsoft\Control Panel\Desktop,NAME NOT FOUND,Desired Access: Read,4/18/2022 10:56:50 AM,Registry,C:\Windows\system32\cmd.exe,BLUETEAM\ezk,cmd.exe /C nltest /domain_trusts,1520,10688,cmd.exe 7380 RegOpenKey HKCU\Software\Policies\Microsoft\Control Panel\Desktop NAME NOT FOUND Desired Access: Read 4/18/2022 10:56:50 AM Registry C:\Windows\system32\cmd.exe BLUETEAM\ezk cmd.exe /C nltest /domain_trusts 1520 10688,benign
cmd.exe,7380,RegOpenKey,HKCU\Control Panel\Desktop,SUCCESS,Desired Access: Read,4/18/2022 10:56:50 AM,Registry,C:\Windows\system32\cmd.exe,BLUETEAM\ezk,cmd.exe /C nltest /domain_trusts,1520,10688,cmd.exe 7380 RegOpenKey HKCU\Control Panel\Desktop SUCCESS Desired Access: Read 4/18/2022 10:56:50 AM Registry C:\Windows\system32\cmd.exe BLUETEAM\ezk cmd.exe /C nltest /domain_trusts 1520 10688,benign
cmd.exe,7380,QueryBasicInformationFile,C:\Windows\System32,SUCCESS,"CreationTime: 12/7/2019 5:03:44 PM, LastAccessTime: 4/18/2022 10:56:50 AM, LastWriteTime: 4/18/2022 10:56:10 AM, ChangeTime: 4/18/2022 10:56:10 AM, FileAttributes: D",4/18/2022 10:56:50 AM,File System,C:\Windows\system32\cmd.exe,BLUETEAM\ezk,cmd.exe /C nltest /domain_trusts,1520,10688,"cmd.exe 7380 QueryBasicInformationFile C:\Windows\System32 SUCCESS CreationTime: 12/7/2019 5:03:44 PM, LastAccessTime: 4/18/2022 10:56:50 AM, LastWriteTime: 4/18/2022 10:56:10 AM, ChangeTime: 4/18/2022 10:56:10 AM, FileAttributes: D 4/18/2022 10:56:50 AM File System C:\Windows\system32\cmd.exe BLUETEAM\ezk cmd.exe /C nltest /domain_trusts 1520 10688",benign
cmd.exe,7380,CreateFile,C:\Windows\System32,SUCCESS,"Desired Access: Read Attributes, Disposition: Open, Options: Open Reparse Point, Attributes: n/a, ShareMode: Read, Write, Delete, AllocationSize: n/a, OpenResult: Opened",4/18/2022 10:56:50 AM,File System,C:\Windows\system32\cmd.exe,BLUETEAM\ezk,cmd.exe /C nltest /domain_trusts,1520,10688,"cmd.exe 7380 CreateFile C:\Windows\System32 SUCCESS Desired Access: Read Attributes, Disposition: Open, Options: Open Reparse Point, Attributes: n/a, ShareMode: Read, Write, Delete, AllocationSize: n/a, OpenResult: Opened 4/18/2022 10:56:50 AM File System C:\Windows\system32\cmd.exe BLUETEAM\ezk cmd.exe /C nltest /domain_trusts 1520 10688",benign
cmd.exe,7380,RegOpenKey,HKCU\Software\Microsoft\Command Processor,NAME NOT FOUND,Desired Access: Maximum Allowed,4/18/2022 10:56:50 AM,Registry,C:\Windows\system32\cmd.exe,BLUETEAM\ezk,cmd.exe /C nltest /domain_trusts,1520,10688,cmd.exe 7380 RegOpenKey HKCU\Software\Microsoft\Command Processor NAME NOT FOUND Desired Access: Maximum Allowed 4/18/2022 10:56:50 AM Registry C:\Windows\system32\cmd.exe BLUETEAM\ezk cmd.exe /C nltest /domain_trusts 1520 10688,benign
cmd.exe,7380,RegQueryKey,HKCU,SUCCESS,"Query: HandleTags, HandleTags: 0x0",4/18/2022 10:56:50 AM,Registry,C:\Windows\system32\cmd.exe,BLUETEAM\ezk,cmd.exe /C nltest /domain_trusts,1520,10688,"cmd.exe 7380 RegQueryKey HKCU SUCCESS Query: HandleTags, HandleTags: 0x0 4/18/2022 10:56:50 AM Registry C:\Windows\system32\cmd.exe BLUETEAM\ezk cmd.exe /C nltest /domain_trusts 1520 10688",benign
cmd.exe,7380,RegCloseKey,HKLM\SOFTWARE\Microsoft\Command Processor,SUCCESS,,4/18/2022 10:56:50 AM,Registry,C:\Windows\system32\cmd.exe,BLUETEAM\ezk,cmd.exe /C nltest /domain_trusts,1520,10688,cmd.exe 7380 RegCloseKey HKLM\SOFTWARE\Microsoft\Command Processor SUCCESS None 4/18/2022 10:56:50 AM Registry C:\Windows\system32\cmd.exe BLUETEAM\ezk cmd.exe /C nltest /domain_trusts 1520 10688,benign
cmd.exe,7380,RegQueryValue,HKLM\SOFTWARE\Microsoft\Command Processor\AutoRun,NAME NOT FOUND,Length: 144,4/18/2022 10:56:50 AM,Registry,C:\Windows\system32\cmd.exe,BLUETEAM\ezk,cmd.exe /C nltest /domain_trusts,1520,10688,cmd.exe 7380 RegQueryValue HKLM\SOFTWARE\Microsoft\Command Processor\AutoRun NAME NOT FOUND Length: 144 4/18/2022 10:56:50 AM Registry C:\Windows\system32\cmd.exe BLUETEAM\ezk cmd.exe /C nltest /domain_trusts 1520 10688,benign
cmd.exe,7380,RegQueryValue,HKLM\SOFTWARE\Microsoft\Command Processor\PathCompletionChar,SUCCESS,"Type: REG_DWORD, Length: 4, Data: 9",4/18/2022 10:56:50 AM,Registry,C:\Windows\system32\cmd.exe,BLUETEAM\ezk,cmd.exe /C nltest /domain_trusts,1520,10688,"cmd.exe 7380 RegQueryValue HKLM\SOFTWARE\Microsoft\Command Processor\PathCompletionChar SUCCESS Type: REG_DWORD, Length: 4, Data: 9 4/18/2022 10:56:50 AM Registry C:\Windows\system32\cmd.exe BLUETEAM\ezk cmd.exe /C nltest /domain_trusts 1520 10688",benign
cmd.exe,7380,RegQueryValue,HKLM\SOFTWARE\Microsoft\Command Processor\CompletionChar,SUCCESS,"Type: REG_DWORD, Length: 4, Data: 9",4/18/2022 10:56:50 AM,Registry,C:\Windows\system32\cmd.exe,BLUETEAM\ezk,cmd.exe /C nltest /domain_trusts,1520,10688,"cmd.exe 7380 RegQueryValue HKLM\SOFTWARE\Microsoft\Command Processor\CompletionChar SUCCESS Type: REG_DWORD, Length: 4, Data: 9 4/18/2022 10:56:50 AM Registry C:\Windows\system32\cmd.exe BLUETEAM\ezk cmd.exe /C nltest /domain_trusts 1520 10688",benign
cmd.exe,7380,RegQueryValue,HKLM\SOFTWARE\Microsoft\Command Processor\DefaultColor,SUCCESS,"Type: REG_DWORD, Length: 4, Data: 0",4/18/2022 10:56:50 AM,Registry,C:\Windows\system32\cmd.exe,BLUETEAM\ezk,cmd.exe /C nltest /domain_trusts,1520,10688,"cmd.exe 7380 RegQueryValue HKLM\SOFTWARE\Microsoft\Command Processor\DefaultColor SUCCESS Type: REG_DWORD, Length: 4, Data: 0 4/18/2022 10:56:50 AM Registry C:\Windows\system32\cmd.exe BLUETEAM\ezk cmd.exe /C nltest /domain_trusts 1520 10688",benign
cmd.exe,7380,RegQueryValue,HKLM\SOFTWARE\Microsoft\Command Processor\DelayedExpansion,NAME NOT FOUND,Length: 144,4/18/2022 10:56:50 AM,Registry,C:\Windows\system32\cmd.exe,BLUETEAM\ezk,cmd.exe /C nltest /domain_trusts,1520,10688,cmd.exe 7380 RegQueryValue HKLM\SOFTWARE\Microsoft\Command Processor\DelayedExpansion NAME NOT FOUND Length: 144 4/18/2022 10:56:50 AM Registry C:\Windows\system32\cmd.exe BLUETEAM\ezk cmd.exe /C nltest /domain_trusts 1520 10688,benign
cmd.exe,7380,RegQueryValue,HKLM\SOFTWARE\Microsoft\Command Processor\EnableExtensions,SUCCESS,"Type: REG_DWORD, Length: 4, Data: 1",4/18/2022 10:56:50 AM,Registry,C:\Windows\system32\cmd.exe,BLUETEAM\ezk,cmd.exe /C nltest /domain_trusts,1520,10688,"cmd.exe 7380 RegQueryValue HKLM\SOFTWARE\Microsoft\Command Processor\EnableExtensions SUCCESS Type: REG_DWORD, Length: 4, Data: 1 4/18/2022 10:56:50 AM Registry C:\Windows\system32\cmd.exe BLUETEAM\ezk cmd.exe /C nltest /domain_trusts 1520 10688",benign
cmd.exe,7380,RegQueryValue,HKLM\SOFTWARE\Microsoft\Command Processor\DisableUNCCheck,NAME NOT FOUND,Length: 144,4/18/2022 10:56:50 AM,Registry,C:\Windows\system32\cmd.exe,BLUETEAM\ezk,cmd.exe /C nltest /domain_trusts,1520,10688,cmd.exe 7380 RegQueryValue HKLM\SOFTWARE\Microsoft\Command Processor\DisableUNCCheck NAME NOT FOUND Length: 144 4/18/2022 10:56:50 AM Registry C:\Windows\system32\cmd.exe BLUETEAM\ezk cmd.exe /C nltest /domain_trusts 1520 10688,benign
cmd.exe,7380,RegOpenKey,HKLM\Software\Microsoft\Command Processor,SUCCESS,"Desired Access: Maximum Allowed, Granted Access: All Access",4/18/2022 10:56:50 AM,Registry,C:\Windows\system32\cmd.exe,BLUETEAM\ezk,cmd.exe /C nltest /domain_trusts,1520,10688,"cmd.exe 7380 RegOpenKey HKLM\Software\Microsoft\Command Processor SUCCESS Desired Access: Maximum Allowed, Granted Access: All Access 4/18/2022 10:56:50 AM Registry C:\Windows\system32\cmd.exe BLUETEAM\ezk cmd.exe /C nltest /domain_trusts 1520 10688",benign
cmd.exe,7380,RegQueryKey,HKLM,SUCCESS,"Query: HandleTags, HandleTags: 0x0",4/18/2022 10:56:50 AM,Registry,C:\Windows\system32\cmd.exe,BLUETEAM\ezk,cmd.exe /C nltest /domain_trusts,1520,10688,"cmd.exe 7380 RegQueryKey HKLM SUCCESS Query: HandleTags, HandleTags: 0x0 4/18/2022 10:56:50 AM Registry C:\Windows\system32\cmd.exe BLUETEAM\ezk cmd.exe /C nltest /domain_trusts 1520 10688",benign
cmd.exe,7380,RegOpenKey,HKCU\Software\Policies\Microsoft\Windows\System,NAME NOT FOUND,Desired Access: Read,4/18/2022 10:56:50 AM,Registry,C:\Windows\system32\cmd.exe,BLUETEAM\ezk,cmd.exe /C nltest /domain_trusts,1520,10688,cmd.exe 7380 RegOpenKey HKCU\Software\Policies\Microsoft\Windows\System NAME NOT FOUND Desired Access: Read 4/18/2022 10:56:50 AM Registry C:\Windows\system32\cmd.exe BLUETEAM\ezk cmd.exe /C nltest /domain_trusts 1520 10688,benign
cmd.exe,7380,RegQueryKey,HKCU,SUCCESS,"Query: HandleTags, HandleTags: 0x0",4/18/2022 10:56:50 AM,Registry,C:\Windows\system32\cmd.exe,BLUETEAM\ezk,cmd.exe /C nltest /domain_trusts,1520,10688,"cmd.exe 7380 RegQueryKey HKCU SUCCESS Query: HandleTags, HandleTags: 0x0 4/18/2022 10:56:50 AM Registry C:\Windows\system32\cmd.exe BLUETEAM\ezk cmd.exe /C nltest /domain_trusts 1520 10688",benign
cmd.exe,7380,RegOpenKey,HKCU,SUCCESS,"Desired Access: Maximum Allowed, Granted Access: All Access",4/18/2022 10:56:50 AM,Registry,C:\Windows\system32\cmd.exe,BLUETEAM\ezk,cmd.exe /C nltest /domain_trusts,1520,10688,"cmd.exe 7380 RegOpenKey HKCU SUCCESS Desired Access: Maximum Allowed, Granted Access: All Access 4/18/2022 10:56:50 AM Registry C:\Windows\system32\cmd.exe BLUETEAM\ezk cmd.exe /C nltest /domain_trusts 1520 10688",benign
cmd.exe,7380,RegCloseKey,HKCU,SUCCESS,,4/18/2022 10:56:50 AM,Registry,C:\Windows\system32\cmd.exe,BLUETEAM\ezk,cmd.exe /C nltest /domain_trusts,1520,10688,cmd.exe 7380 RegCloseKey HKCU SUCCESS None 4/18/2022 10:56:50 AM Registry C:\Windows\system32\cmd.exe BLUETEAM\ezk cmd.exe /C nltest /domain_trusts 1520 10688,benign
cmd.exe,7380,RegOpenKey,HKCU\Control Panel\Desktop\LanguageConfiguration,NAME NOT FOUND,Desired Access: Read,4/18/2022 10:56:50 AM,Registry,C:\Windows\system32\cmd.exe,BLUETEAM\ezk,cmd.exe /C nltest /domain_trusts,1520,10688,cmd.exe 7380 RegOpenKey HKCU\Control Panel\Desktop\LanguageConfiguration NAME NOT FOUND Desired Access: Read 4/18/2022 10:56:50 AM Registry C:\Windows\system32\cmd.exe BLUETEAM\ezk cmd.exe /C nltest /domain_trusts 1520 10688,benign
cmd.exe,7380,RegOpenKey,HKCU\Software\Policies\Microsoft\Control Panel\Desktop,NAME NOT FOUND,Desired Access: Read,4/18/2022 10:56:50 AM,Registry,C:\Windows\system32\cmd.exe,BLUETEAM\ezk,cmd.exe /C nltest /domain_trusts,1520,10688,cmd.exe 7380 RegOpenKey HKCU\Software\Policies\Microsoft\Control Panel\Desktop NAME NOT FOUND Desired Access: Read 4/18/2022 10:56:50 AM Registry C:\Windows\system32\cmd.exe BLUETEAM\ezk cmd.exe /C nltest /domain_trusts 1520 10688,benign
cmd.exe,7380,RegOpenKey,HKCU,SUCCESS,"Desired Access: Maximum Allowed, Granted Access: All Access",4/18/2022 10:56:50 AM,Registry,C:\Windows\system32\cmd.exe,BLUETEAM\ezk,cmd.exe /C nltest /domain_trusts,1520,10688,"cmd.exe 7380 RegOpenKey HKCU SUCCESS Desired Access: Maximum Allowed, Granted Access: All Access 4/18/2022 10:56:50 AM Registry C:\Windows\system32\cmd.exe BLUETEAM\ezk cmd.exe /C nltest /domain_trusts 1520 10688",benign
cmd.exe,7380,RegOpenKey,HKLM\Software\Policies\Microsoft\MUI\Settings,NAME NOT FOUND,Desired Access: Read,4/18/2022 10:56:50 AM,Registry,C:\Windows\system32\cmd.exe,BLUETEAM\ezk,cmd.exe /C nltest /domain_trusts,1520,10688,cmd.exe 7380 RegOpenKey HKLM\Software\Policies\Microsoft\MUI\Settings NAME NOT FOUND Desired Access: Read 4/18/2022 10:56:50 AM Registry C:\Windows\system32\cmd.exe BLUETEAM\ezk cmd.exe /C nltest /domain_trusts 1520 10688,benign
cmd.exe,7380,RegCloseKey,HKCU,SUCCESS,,4/18/2022 10:56:50 AM,Registry,C:\Windows\system32\cmd.exe,BLUETEAM\ezk,cmd.exe /C nltest /domain_trusts,1520,10688,cmd.exe 7380 RegCloseKey HKCU SUCCESS None 4/18/2022 10:56:50 AM Registry C:\Windows\system32\cmd.exe BLUETEAM\ezk cmd.exe /C nltest /domain_trusts 1520 10688,benign
cmd.exe,7380,RegCloseKey,HKCU\Control Panel\Desktop,SUCCESS,,4/18/2022 10:56:50 AM,Registry,C:\Windows\system32\cmd.exe,BLUETEAM\ezk,cmd.exe /C nltest /domain_trusts,1520,10688,cmd.exe 7380 RegCloseKey HKCU\Control Panel\Desktop SUCCESS None 4/18/2022 10:56:50 AM Registry C:\Windows\system32\cmd.exe BLUETEAM\ezk cmd.exe /C nltest /domain_trusts 1520 10688,benign
cmd.exe,7380,RegQueryValue,HKCU\Control Panel\Desktop\PreferredUILanguages,NAME NOT FOUND,Length: 12,4/18/2022 10:56:50 AM,Registry,C:\Windows\system32\cmd.exe,BLUETEAM\ezk,cmd.exe /C nltest /domain_trusts,1520,10688,cmd.exe 7380 RegQueryValue HKCU\Control Panel\Desktop\PreferredUILanguages NAME NOT FOUND Length: 12 4/18/2022 10:56:50 AM Registry C:\Windows\system32\cmd.exe BLUETEAM\ezk cmd.exe /C nltest /domain_trusts 1520 10688,benign
cmd.exe,7380,RegOpenKey,HKLM\Software\Microsoft\Ole,SUCCESS,Desired Access: Read,4/18/2022 10:56:50 AM,Registry,C:\Windows\system32\cmd.exe,BLUETEAM\ezk,cmd.exe /C nltest /domain_trusts,1520,10688,cmd.exe 7380 RegOpenKey HKLM\Software\Microsoft\Ole SUCCESS Desired Access: Read 4/18/2022 10:56:50 AM Registry C:\Windows\system32\cmd.exe BLUETEAM\ezk cmd.exe /C nltest /domain_trusts 1520 10688,benign
cmd.exe,7380,CloseFile,C:\Windows\System32,SUCCESS,,4/18/2022 10:56:50 AM,File System,C:\Windows\system32\cmd.exe,BLUETEAM\ezk,cmd.exe /C nltest /domain_trusts,1520,10688,cmd.exe 7380 CloseFile C:\Windows\System32 SUCCESS None 4/18/2022 10:56:50 AM File System C:\Windows\system32\cmd.exe BLUETEAM\ezk cmd.exe /C nltest /domain_trusts 1520 10688,benign
cmd.exe,7380,RegQueryKey,HKLM,SUCCESS,"Query: HandleTags, HandleTags: 0x100",4/18/2022 10:56:50 AM,Registry,C:\Windows\system32\cmd.exe,BLUETEAM\ezk,cmd.exe /C nltest /domain_trusts,1520,10688,"cmd.exe 7380 RegQueryKey HKLM SUCCESS Query: HandleTags, HandleTags: 0x100 4/18/2022 10:56:50 AM Registry C:\Windows\system32\cmd.exe BLUETEAM\ezk cmd.exe /C nltest /domain_trusts 1520 10688",benign
cmd.exe,7380,RegQueryKey,HKLM,SUCCESS,"Query: HandleTags, HandleTags: 0x100",4/18/2022 10:56:50 AM,Registry,C:\Windows\system32\cmd.exe,BLUETEAM\ezk,cmd.exe /C nltest /domain_trusts,1520,10688,"cmd.exe 7380 RegQueryKey HKLM SUCCESS Query: HandleTags, HandleTags: 0x100 4/18/2022 10:56:50 AM Registry C:\Windows\system32\cmd.exe BLUETEAM\ezk cmd.exe /C nltest /domain_trusts 1520 10688",benign
cmd.exe,7380,RegOpenKey,HKLM\System\CurrentControlSet\Control\Nls\Sorting\Versions,REPARSE,Desired Access: Read,4/18/2022 10:56:50 AM,Registry,C:\Windows\system32\cmd.exe,BLUETEAM\ezk,cmd.exe /C nltest /domain_trusts,1520,10688,cmd.exe 7380 RegOpenKey HKLM\System\CurrentControlSet\Control\Nls\Sorting\Versions REPARSE Desired Access: Read 4/18/2022 10:56:50 AM Registry C:\Windows\system32\cmd.exe BLUETEAM\ezk cmd.exe /C nltest /domain_trusts 1520 10688,benign
cmd.exe,7380,RegCloseKey,HKLM\System\CurrentControlSet\Control\FileSystem,SUCCESS,,4/18/2022 10:56:50 AM,Registry,C:\Windows\system32\cmd.exe,BLUETEAM\ezk,cmd.exe /C nltest /domain_trusts,1520,10688,cmd.exe 7380 RegCloseKey HKLM\System\CurrentControlSet\Control\FileSystem SUCCESS None 4/18/2022 10:56:50 AM Registry C:\Windows\system32\cmd.exe BLUETEAM\ezk cmd.exe /C nltest /domain_trusts 1520 10688,benign
cmd.exe,7380,RegQueryValue,HKLM\System\CurrentControlSet\Control\FileSystem\LongPathsEnabled,SUCCESS,"Type: REG_DWORD, Length: 4, Data: 0",4/18/2022 10:56:50 AM,Registry,C:\Windows\system32\cmd.exe,BLUETEAM\ezk,cmd.exe /C nltest /domain_trusts,1520,10688,"cmd.exe 7380 RegQueryValue HKLM\System\CurrentControlSet\Control\FileSystem\LongPathsEnabled SUCCESS Type: REG_DWORD, Length: 4, Data: 0 4/18/2022 10:56:50 AM Registry C:\Windows\system32\cmd.exe BLUETEAM\ezk cmd.exe /C nltest /domain_trusts 1520 10688",benign
cmd.exe,7380,RegOpenKey,HKLM\System\CurrentControlSet\Control\FileSystem,SUCCESS,Desired Access: Read,4/18/2022 10:56:50 AM,Registry,C:\Windows\system32\cmd.exe,BLUETEAM\ezk,cmd.exe /C nltest /domain_trusts,1520,10688,cmd.exe 7380 RegOpenKey HKLM\System\CurrentControlSet\Control\FileSystem SUCCESS Desired Access: Read 4/18/2022 10:56:50 AM Registry C:\Windows\system32\cmd.exe BLUETEAM\ezk cmd.exe /C nltest /domain_trusts 1520 10688,benign
cmd.exe,7380,RegOpenKey,HKLM\System\CurrentControlSet\Control\FileSystem\,REPARSE,Desired Access: Read,4/18/2022 10:56:50 AM,Registry,C:\Windows\system32\cmd.exe,BLUETEAM\ezk,cmd.exe /C nltest /domain_trusts,1520,10688,cmd.exe 7380 RegOpenKey HKLM\System\CurrentControlSet\Control\FileSystem\ REPARSE Desired Access: Read 4/18/2022 10:56:50 AM Registry C:\Windows\system32\cmd.exe BLUETEAM\ezk cmd.exe /C nltest /domain_trusts 1520 10688,benign
cmd.exe,7380,RegOpenKey,HKCU\Software\Policies\Microsoft\Windows\Safer\CodeIdentifiers,NAME NOT FOUND,Desired Access: Query Value,4/18/2022 10:56:50 AM,Registry,C:\Windows\system32\cmd.exe,BLUETEAM\ezk,cmd.exe /C nltest /domain_trusts,1520,10688,cmd.exe 7380 RegOpenKey HKCU\Software\Policies\Microsoft\Windows\Safer\CodeIdentifiers NAME NOT FOUND Desired Access: Query Value 4/18/2022 10:56:50 AM Registry C:\Windows\system32\cmd.exe BLUETEAM\ezk cmd.exe /C nltest /domain_trusts 1520 10688,benign
cmd.exe,7380,RegCloseKey,HKLM\SOFTWARE\Policies\Microsoft\Windows\safer\codeidentifiers,SUCCESS,,4/18/2022 10:56:50 AM,Registry,C:\Windows\system32\cmd.exe,BLUETEAM\ezk,cmd.exe /C nltest /domain_trusts,1520,10688,cmd.exe 7380 RegCloseKey HKLM\SOFTWARE\Policies\Microsoft\Windows\safer\codeidentifiers SUCCESS None 4/18/2022 10:56:50 AM Registry C:\Windows\system32\cmd.exe BLUETEAM\ezk cmd.exe /C nltest /domain_trusts 1520 10688,benign
cmd.exe,7380,RegQueryValue,HKLM\SOFTWARE\Policies\Microsoft\Windows\safer\codeidentifiers\TransparentEnabled,NAME NOT FOUND,Length: 80,4/18/2022 10:56:50 AM,Registry,C:\Windows\system32\cmd.exe,BLUETEAM\ezk,cmd.exe /C nltest /domain_trusts,1520,10688,cmd.exe 7380 RegQueryValue HKLM\SOFTWARE\Policies\Microsoft\Windows\safer\codeidentifiers\TransparentEnabled NAME NOT FOUND Length: 80 4/18/2022 10:56:50 AM Registry C:\Windows\system32\cmd.exe BLUETEAM\ezk cmd.exe /C nltest /domain_trusts 1520 10688,benign
cmd.exe,7380,RegOpenKey,HKLM\Software\Policies\Microsoft\Windows\Safer\CodeIdentifiers,SUCCESS,Desired Access: Query Value,4/18/2022 10:56:50 AM,Registry,C:\Windows\system32\cmd.exe,BLUETEAM\ezk,cmd.exe /C nltest /domain_trusts,1520,10688,cmd.exe 7380 RegOpenKey HKLM\Software\Policies\Microsoft\Windows\Safer\CodeIdentifiers SUCCESS Desired Access: Query Value 4/18/2022 10:56:50 AM Registry C:\Windows\system32\cmd.exe BLUETEAM\ezk cmd.exe /C nltest /domain_trusts 1520 10688,benign
cmd.exe,7380,RegOpenKey,HKLM\System\CurrentControlSet\Control\Srp\GP\DLL,NAME NOT FOUND,Desired Access: Read,4/18/2022 10:56:50 AM,Registry,C:\Windows\system32\cmd.exe,BLUETEAM\ezk,cmd.exe /C nltest /domain_trusts,1520,10688,cmd.exe 7380 RegOpenKey HKLM\System\CurrentControlSet\Control\Srp\GP\DLL NAME NOT FOUND Desired Access: Read 4/18/2022 10:56:50 AM Registry C:\Windows\system32\cmd.exe BLUETEAM\ezk cmd.exe /C nltest /domain_trusts 1520 10688,benign
cmd.exe,7380,RegOpenKey,HKLM\System\CurrentControlSet\Control\Srp\GP\DLL,REPARSE,Desired Access: Read,4/18/2022 10:56:50 AM,Registry,C:\Windows\system32\cmd.exe,BLUETEAM\ezk,cmd.exe /C nltest /domain_trusts,1520,10688,cmd.exe 7380 RegOpenKey HKLM\System\CurrentControlSet\Control\Srp\GP\DLL REPARSE Desired Access: Read 4/18/2022 10:56:50 AM Registry C:\Windows\system32\cmd.exe BLUETEAM\ezk cmd.exe /C nltest /domain_trusts 1520 10688,benign
cmd.exe,7380,RegOpenKey,HKLM\System\CurrentControlSet\Control\Nls\Sorting\Versions,SUCCESS,Desired Access: Read,4/18/2022 10:56:50 AM,Registry,C:\Windows\system32\cmd.exe,BLUETEAM\ezk,cmd.exe /C nltest /domain_trusts,1520,10688,cmd.exe 7380 RegOpenKey HKLM\System\CurrentControlSet\Control\Nls\Sorting\Versions SUCCESS Desired Access: Read 4/18/2022 10:56:50 AM Registry C:\Windows\system32\cmd.exe BLUETEAM\ezk cmd.exe /C nltest /domain_trusts 1520 10688,benign
cmd.exe,7380,RegOpenKey,HKLM\System\CurrentControlSet\Control\SafeBoot\Option,NAME NOT FOUND,"Desired Access: Query Value, Set Value",4/18/2022 10:56:50 AM,Registry,C:\Windows\system32\cmd.exe,BLUETEAM\ezk,cmd.exe /C nltest /domain_trusts,1520,10688,"cmd.exe 7380 RegOpenKey HKLM\System\CurrentControlSet\Control\SafeBoot\Option NAME NOT FOUND Desired Access: Query Value, Set Value 4/18/2022 10:56:50 AM Registry C:\Windows\system32\cmd.exe BLUETEAM\ezk cmd.exe /C nltest /domain_trusts 1520 10688",benign
cmd.exe,7380,CreateFile,C:\Windows\System32,SUCCESS,"Desired Access: Execute/Traverse, Synchronize, Disposition: Open, Options: Directory, Synchronous IO Non-Alert, Attributes: n/a, ShareMode: Read, Write, AllocationSize: n/a, OpenResult: Opened",4/18/2022 10:56:50 AM,File System,C:\Windows\system32\cmd.exe,BLUETEAM\ezk,cmd.exe /C nltest /domain_trusts,1520,10688,"cmd.exe 7380 CreateFile C:\Windows\System32 SUCCESS Desired Access: Execute/Traverse, Synchronize, Disposition: Open, Options: Directory, Synchronous IO Non-Alert, Attributes: n/a, ShareMode: Read, Write, AllocationSize: n/a, OpenResult: Opened 4/18/2022 10:56:50 AM File System C:\Windows\system32\cmd.exe BLUETEAM\ezk cmd.exe /C nltest /domain_trusts 1520 10688",benign
cmd.exe,7380,RegCloseKey,HKLM\System\CurrentControlSet\Control\Session Manager,SUCCESS,,4/18/2022 10:56:50 AM,Registry,C:\Windows\system32\cmd.exe,BLUETEAM\ezk,cmd.exe /C nltest /domain_trusts,1520,10688,cmd.exe 7380 RegCloseKey HKLM\System\CurrentControlSet\Control\Session Manager SUCCESS None 4/18/2022 10:56:50 AM Registry C:\Windows\system32\cmd.exe BLUETEAM\ezk cmd.exe /C nltest /domain_trusts 1520 10688,benign
cmd.exe,7380,RegQueryValue,HKLM\System\CurrentControlSet\Control\Session Manager\ResourcePolicies,NAME NOT FOUND,Length: 24,4/18/2022 10:56:50 AM,Registry,C:\Windows\system32\cmd.exe,BLUETEAM\ezk,cmd.exe /C nltest /domain_trusts,1520,10688,cmd.exe 7380 RegQueryValue HKLM\System\CurrentControlSet\Control\Session Manager\ResourcePolicies NAME NOT FOUND Length: 24 4/18/2022 10:56:50 AM Registry C:\Windows\system32\cmd.exe BLUETEAM\ezk cmd.exe /C nltest /domain_trusts 1520 10688,benign
cmd.exe,7380,RegOpenKey,HKLM\System\CurrentControlSet\Control\Session Manager,SUCCESS,"Desired Access: Query Value, Enumerate Sub Keys",4/18/2022 10:56:50 AM,Registry,C:\Windows\system32\cmd.exe,BLUETEAM\ezk,cmd.exe /C nltest /domain_trusts,1520,10688,"cmd.exe 7380 RegOpenKey HKLM\System\CurrentControlSet\Control\Session Manager SUCCESS Desired Access: Query Value, Enumerate Sub Keys 4/18/2022 10:56:50 AM Registry C:\Windows\system32\cmd.exe BLUETEAM\ezk cmd.exe /C nltest /domain_trusts 1520 10688",benign
cmd.exe,7380,RegOpenKey,HKLM\SYSTEM\CurrentControlSet\Control\Session Manager,REPARSE,"Desired Access: Query Value, Enumerate Sub Keys",4/18/2022 10:56:50 AM,Registry,C:\Windows\system32\cmd.exe,BLUETEAM\ezk,cmd.exe /C nltest /domain_trusts,1520,10688,"cmd.exe 7380 RegOpenKey HKLM\SYSTEM\CurrentControlSet\Control\Session Manager REPARSE Desired Access: Query Value, Enumerate Sub Keys 4/18/2022 10:56:50 AM Registry C:\Windows\system32\cmd.exe BLUETEAM\ezk cmd.exe /C nltest /domain_trusts 1520 10688",benign
cmd.exe,7380,RegOpenKey,HKLM\System\CurrentControlSet\Control\Session Manager\Segment Heap,NAME NOT FOUND,Desired Access: Query Value,4/18/2022 10:56:50 AM,Registry,C:\Windows\system32\cmd.exe,BLUETEAM\ezk,cmd.exe /C nltest /domain_trusts,1520,10688,cmd.exe 7380 RegOpenKey HKLM\System\CurrentControlSet\Control\Session Manager\Segment Heap NAME NOT FOUND Desired Access: Query Value 4/18/2022 10:56:50 AM Registry C:\Windows\system32\cmd.exe BLUETEAM\ezk cmd.exe /C nltest /domain_trusts 1520 10688,benign
cmd.exe,7380,RegOpenKey,HKLM\SYSTEM\CurrentControlSet\Control\Session Manager\Segment Heap,REPARSE,Desired Access: Query Value,4/18/2022 10:56:50 AM,Registry,C:\Windows\system32\cmd.exe,BLUETEAM\ezk,cmd.exe /C nltest /domain_trusts,1520,10688,cmd.exe 7380 RegOpenKey HKLM\SYSTEM\CurrentControlSet\Control\Session Manager\Segment Heap REPARSE Desired Access: Query Value 4/18/2022 10:56:50 AM Registry C:\Windows\system32\cmd.exe BLUETEAM\ezk cmd.exe /C nltest /domain_trusts 1520 10688,benign
cmd.exe,7380,RegCloseKey,HKLM\System\CurrentControlSet\Control\Session Manager,SUCCESS,,4/18/2022 10:56:50 AM,Registry,C:\Windows\system32\cmd.exe,BLUETEAM\ezk,cmd.exe /C nltest /domain_trusts,1520,10688,cmd.exe 7380 RegCloseKey HKLM\System\CurrentControlSet\Control\Session Manager SUCCESS None 4/18/2022 10:56:50 AM Registry C:\Windows\system32\cmd.exe BLUETEAM\ezk cmd.exe /C nltest /domain_trusts 1520 10688,benign
cmd.exe,7380,RegQueryValue,HKLM\System\CurrentControlSet\Control\Session Manager\RaiseExceptionOnPossibleDeadlock,NAME NOT FOUND,Length: 80,4/18/2022 10:56:50 AM,Registry,C:\Windows\system32\cmd.exe,BLUETEAM\ezk,cmd.exe /C nltest /domain_trusts,1520,10688,cmd.exe 7380 RegQueryValue HKLM\System\CurrentControlSet\Control\Session Manager\RaiseExceptionOnPossibleDeadlock NAME NOT FOUND Length: 80 4/18/2022 10:56:50 AM Registry C:\Windows\system32\cmd.exe BLUETEAM\ezk cmd.exe /C nltest /domain_trusts 1520 10688,benign
cmd.exe,7380,RegOpenKey,HKLM\System\CurrentControlSet\Control\Session Manager,SUCCESS,Desired Access: Query Value,4/18/2022 10:56:50 AM,Registry,C:\Windows\system32\cmd.exe,BLUETEAM\ezk,cmd.exe /C nltest /domain_trusts,1520,10688,cmd.exe 7380 RegOpenKey HKLM\System\CurrentControlSet\Control\Session Manager SUCCESS Desired Access: Query Value 4/18/2022 10:56:50 AM Registry C:\Windows\system32\cmd.exe BLUETEAM\ezk cmd.exe /C nltest /domain_trusts 1520 10688,benign
cmd.exe,7380,RegOpenKey,HKLM\System\CurrentControlSet\Control\Session Manager,REPARSE,Desired Access: Query Value,4/18/2022 10:56:50 AM,Registry,C:\Windows\system32\cmd.exe,BLUETEAM\ezk,cmd.exe /C nltest /domain_trusts,1520,10688,cmd.exe 7380 RegOpenKey HKLM\System\CurrentControlSet\Control\Session Manager REPARSE Desired Access: Query Value 4/18/2022 10:56:50 AM Registry C:\Windows\system32\cmd.exe BLUETEAM\ezk cmd.exe /C nltest /domain_trusts 1520 10688,benign
cmd.exe,7380,RegOpenKey,HKLM\System\CurrentControlSet\Control\SafeBoot\Option,REPARSE,"Desired Access: Query Value, Set Value",4/18/2022 10:56:50 AM,Registry,C:\Windows\system32\cmd.exe,BLUETEAM\ezk,cmd.exe /C nltest /domain_trusts,1520,10688,"cmd.exe 7380 RegOpenKey HKLM\System\CurrentControlSet\Control\SafeBoot\Option REPARSE Desired Access: Query Value, Set Value 4/18/2022 10:56:50 AM Registry C:\Windows\system32\cmd.exe BLUETEAM\ezk cmd.exe /C nltest /domain_trusts 1520 10688",benign
cmd.exe,7380,RegQueryValue,HKLM\System\CurrentControlSet\Control\Nls\Sorting\Versions\(Default),SUCCESS,"Type: REG_SZ, Length: 18, Data: 00060305",4/18/2022 10:56:50 AM,Registry,C:\Windows\system32\cmd.exe,BLUETEAM\ezk,cmd.exe /C nltest /domain_trusts,1520,10688,"cmd.exe 7380 RegQueryValue HKLM\System\CurrentControlSet\Control\Nls\Sorting\Versions\(Default) SUCCESS Type: REG_SZ, Length: 18, Data: 00060305 4/18/2022 10:56:50 AM Registry C:\Windows\system32\cmd.exe BLUETEAM\ezk cmd.exe /C nltest /domain_trusts 1520 10688",benign
cmd.exe,7380,RegQueryValue,HKLM\System\CurrentControlSet\Control\Nls\Sorting\Versions\000603xx,SUCCESS,"Type: REG_SZ, Length: 26, Data: kernel32.dll",4/18/2022 10:56:50 AM,Registry,C:\Windows\system32\cmd.exe,BLUETEAM\ezk,cmd.exe /C nltest /domain_trusts,1520,10688,"cmd.exe 7380 RegQueryValue HKLM\System\CurrentControlSet\Control\Nls\Sorting\Versions\000603xx SUCCESS Type: REG_SZ, Length: 26, Data: kernel32.dll 4/18/2022 10:56:50 AM Registry C:\Windows\system32\cmd.exe BLUETEAM\ezk cmd.exe /C nltest /domain_trusts 1520 10688",benign
cmd.exe,7380,RegOpenKey,HKLM\SYSTEM\CurrentControlSet\Control\Session Manager,REPARSE,"Desired Access: Query Value, Enumerate Sub Keys",4/18/2022 10:56:50 AM,Registry,C:\Windows\system32\cmd.exe,BLUETEAM\ezk,cmd.exe /C nltest /domain_trusts,1520,10688,"cmd.exe 7380 RegOpenKey HKLM\SYSTEM\CurrentControlSet\Control\Session Manager REPARSE Desired Access: Query Value, Enumerate Sub Keys 4/18/2022 10:56:50 AM Registry C:\Windows\system32\cmd.exe BLUETEAM\ezk cmd.exe /C nltest /domain_trusts 1520 10688",benign
cmd.exe,7380,RegOpenKey,HKLM\SOFTWARE\Microsoft\AppModel\Lookaside\Packages,NAME NOT FOUND,Desired Access: Read,4/18/2022 10:56:50 AM,Registry,C:\Windows\system32\cmd.exe,BLUETEAM\ezk,cmd.exe /C nltest /domain_trusts,1520,10688,cmd.exe 7380 RegOpenKey HKLM\SOFTWARE\Microsoft\AppModel\Lookaside\Packages NAME NOT FOUND Desired Access: Read 4/18/2022 10:56:50 AM Registry C:\Windows\system32\cmd.exe BLUETEAM\ezk cmd.exe /C nltest /domain_trusts 1520 10688,benign
cmd.exe,7380,RegOpenKey,HKLM\Software\Microsoft\Ole\FeatureDevelopmentProperties,NAME NOT FOUND,Desired Access: Read,4/18/2022 10:56:50 AM,Registry,C:\Windows\system32\cmd.exe,BLUETEAM\ezk,cmd.exe /C nltest /domain_trusts,1520,10688,cmd.exe 7380 RegOpenKey HKLM\Software\Microsoft\Ole\FeatureDevelopmentProperties NAME NOT FOUND Desired Access: Read 4/18/2022 10:56:50 AM Registry C:\Windows\system32\cmd.exe BLUETEAM\ezk cmd.exe /C nltest /domain_trusts 1520 10688,benign
cmd.exe,7380,RegQueryKey,HKLM,SUCCESS,"Query: HandleTags, HandleTags: 0x100",4/18/2022 10:56:50 AM,Registry,C:\Windows\system32\cmd.exe,BLUETEAM\ezk,cmd.exe /C nltest /domain_trusts,1520,10688,"cmd.exe 7380 RegQueryKey HKLM SUCCESS Query: HandleTags, HandleTags: 0x100 4/18/2022 10:56:50 AM Registry C:\Windows\system32\cmd.exe BLUETEAM\ezk cmd.exe /C nltest /domain_trusts 1520 10688",benign
cmd.exe,7380,RegOpenKey,HKLM,SUCCESS,Desired Access: Read,4/18/2022 10:56:50 AM,Registry,C:\Windows\system32\cmd.exe,BLUETEAM\ezk,cmd.exe /C nltest /domain_trusts,1520,10688,cmd.exe 7380 RegOpenKey HKLM SUCCESS Desired Access: Read 4/18/2022 10:56:50 AM Registry C:\Windows\system32\cmd.exe BLUETEAM\ezk cmd.exe /C nltest /domain_trusts 1520 10688,benign
cmd.exe,7380,RegQueryKey,HKLM,SUCCESS,"Query: HandleTags, HandleTags: 0x0",4/18/2022 10:56:50 AM,Registry,C:\Windows\system32\cmd.exe,BLUETEAM\ezk,cmd.exe /C nltest /domain_trusts,1520,10688,"cmd.exe 7380 RegQueryKey HKLM SUCCESS Query: HandleTags, HandleTags: 0x0 4/18/2022 10:56:50 AM Registry C:\Windows\system32\cmd.exe BLUETEAM\ezk cmd.exe /C nltest /domain_trusts 1520 10688",benign
cmd.exe,7380,RegCloseKey,HKLM\SOFTWARE\Microsoft\Ole,SUCCESS,,4/18/2022 10:56:50 AM,Registry,C:\Windows\system32\cmd.exe,BLUETEAM\ezk,cmd.exe /C nltest /domain_trusts,1520,10688,cmd.exe 7380 RegCloseKey HKLM\SOFTWARE\Microsoft\Ole SUCCESS None 4/18/2022 10:56:50 AM Registry C:\Windows\system32\cmd.exe BLUETEAM\ezk cmd.exe /C nltest /domain_trusts 1520 10688,benign
cmd.exe,7380,RegQueryValue,HKLM\SOFTWARE\Microsoft\Ole\AggressiveMTATesting,NAME NOT FOUND,Length: 16,4/18/2022 10:56:50 AM,Registry,C:\Windows\system32\cmd.exe,BLUETEAM\ezk,cmd.exe /C nltest /domain_trusts,1520,10688,cmd.exe 7380 RegQueryValue HKLM\SOFTWARE\Microsoft\Ole\AggressiveMTATesting NAME NOT FOUND Length: 16 4/18/2022 10:56:50 AM Registry C:\Windows\system32\cmd.exe BLUETEAM\ezk cmd.exe /C nltest /domain_trusts 1520 10688,benign
cmd.exe,7380,RegOpenKey,HKLM\SOFTWARE\Microsoft\OLE,SUCCESS,Desired Access: Read,4/18/2022 10:56:50 AM,Registry,C:\Windows\system32\cmd.exe,BLUETEAM\ezk,cmd.exe /C nltest /domain_trusts,1520,10688,cmd.exe 7380 RegOpenKey HKLM\SOFTWARE\Microsoft\OLE SUCCESS Desired Access: Read 4/18/2022 10:56:50 AM Registry C:\Windows\system32\cmd.exe BLUETEAM\ezk cmd.exe /C nltest /domain_trusts 1520 10688,benign
cmd.exe,7380,RegQueryKey,HKLM,SUCCESS,"Query: HandleTags, HandleTags: 0x0",4/18/2022 10:56:50 AM,Registry,C:\Windows\system32\cmd.exe,BLUETEAM\ezk,cmd.exe /C nltest /domain_trusts,1520,10688,"cmd.exe 7380 RegQueryKey HKLM SUCCESS Query: HandleTags, HandleTags: 0x0 4/18/2022 10:56:50 AM Registry C:\Windows\system32\cmd.exe BLUETEAM\ezk cmd.exe /C nltest /domain_trusts 1520 10688",benign
cmd.exe,7380,RegCloseKey,HKLM\SOFTWARE\Microsoft\Ole,SUCCESS,,4/18/2022 10:56:50 AM,Registry,C:\Windows\system32\cmd.exe,BLUETEAM\ezk,cmd.exe /C nltest /domain_trusts,1520,10688,cmd.exe 7380 RegCloseKey HKLM\SOFTWARE\Microsoft\Ole SUCCESS None 4/18/2022 10:56:50 AM Registry C:\Windows\system32\cmd.exe BLUETEAM\ezk cmd.exe /C nltest /domain_trusts 1520 10688,benign
cmd.exe,7380,RegQueryValue,HKLM\SOFTWARE\Microsoft\Ole\PageAllocatorSystemHeapIsPrivate,NAME NOT FOUND,Length: 20,4/18/2022 10:56:50 AM,Registry,C:\Windows\system32\cmd.exe,BLUETEAM\ezk,cmd.exe /C nltest /domain_trusts,1520,10688,cmd.exe 7380 RegQueryValue HKLM\SOFTWARE\Microsoft\Ole\PageAllocatorSystemHeapIsPrivate NAME NOT FOUND Length: 20 4/18/2022 10:56:50 AM Registry C:\Windows\system32\cmd.exe BLUETEAM\ezk cmd.exe /C nltest /domain_trusts 1520 10688,benign
cmd.exe,7380,RegOpenKey,HKLM\SOFTWARE\Microsoft\OLE,SUCCESS,Desired Access: Read,4/18/2022 10:56:50 AM,Registry,C:\Windows\system32\cmd.exe,BLUETEAM\ezk,cmd.exe /C nltest /domain_trusts,1520,10688,cmd.exe 7380 RegOpenKey HKLM\SOFTWARE\Microsoft\OLE SUCCESS Desired Access: Read 4/18/2022 10:56:50 AM Registry C:\Windows\system32\cmd.exe BLUETEAM\ezk cmd.exe /C nltest /domain_trusts 1520 10688,benign
cmd.exe,7380,RegQueryKey,HKLM,SUCCESS,"Query: HandleTags, HandleTags: 0x0",4/18/2022 10:56:50 AM,Registry,C:\Windows\system32\cmd.exe,BLUETEAM\ezk,cmd.exe /C nltest /domain_trusts,1520,10688,"cmd.exe 7380 RegQueryKey HKLM SUCCESS Query: HandleTags, HandleTags: 0x0 4/18/2022 10:56:50 AM Registry C:\Windows\system32\cmd.exe BLUETEAM\ezk cmd.exe /C nltest /domain_trusts 1520 10688",benign
cmd.exe,7380,RegCloseKey,HKLM\SOFTWARE\Microsoft\Ole,SUCCESS,,4/18/2022 10:56:50 AM,Registry,C:\Windows\system32\cmd.exe,BLUETEAM\ezk,cmd.exe /C nltest /domain_trusts,1520,10688,cmd.exe 7380 RegCloseKey HKLM\SOFTWARE\Microsoft\Ole SUCCESS None 4/18/2022 10:56:50 AM Registry C:\Windows\system32\cmd.exe BLUETEAM\ezk cmd.exe /C nltest /domain_trusts 1520 10688,benign
cmd.exe,7380,RegQueryValue,HKLM\SOFTWARE\Microsoft\Ole\PageAllocatorUseSystemHeap,NAME NOT FOUND,Length: 20,4/18/2022 10:56:50 AM,Registry,C:\Windows\system32\cmd.exe,BLUETEAM\ezk,cmd.exe /C nltest /domain_trusts,1520,10688,cmd.exe 7380 RegQueryValue HKLM\SOFTWARE\Microsoft\Ole\PageAllocatorUseSystemHeap NAME NOT FOUND Length: 20 4/18/2022 10:56:50 AM Registry C:\Windows\system32\cmd.exe BLUETEAM\ezk cmd.exe /C nltest /domain_trusts 1520 10688,benign
cmd.exe,7380,RegOpenKey,HKLM\SOFTWARE\Microsoft\OLE,SUCCESS,Desired Access: Read,4/18/2022 10:56:50 AM,Registry,C:\Windows\system32\cmd.exe,BLUETEAM\ezk,cmd.exe /C nltest /domain_trusts,1520,10688,cmd.exe 7380 RegOpenKey HKLM\SOFTWARE\Microsoft\OLE SUCCESS Desired Access: Read 4/18/2022 10:56:50 AM Registry C:\Windows\system32\cmd.exe BLUETEAM\ezk cmd.exe /C nltest /domain_trusts 1520 10688,benign
cmd.exe,7380,RegQueryKey,HKLM,SUCCESS,"Query: HandleTags, HandleTags: 0x0",4/18/2022 10:56:50 AM,Registry,C:\Windows\system32\cmd.exe,BLUETEAM\ezk,cmd.exe /C nltest /domain_trusts,1520,10688,"cmd.exe 7380 RegQueryKey HKLM SUCCESS Query: HandleTags, HandleTags: 0x0 4/18/2022 10:56:50 AM Registry C:\Windows\system32\cmd.exe BLUETEAM\ezk cmd.exe /C nltest /domain_trusts 1520 10688",benign
cmd.exe,7380,RegOpenKey,HKLM,SUCCESS,"Desired Access: Maximum Allowed, Granted Access: All Access",4/18/2022 10:56:50 AM,Registry,C:\Windows\system32\cmd.exe,BLUETEAM\ezk,cmd.exe /C nltest /domain_trusts,1520,10688,"cmd.exe 7380 RegOpenKey HKLM SUCCESS Desired Access: Maximum Allowed, Granted Access: All Access 4/18/2022 10:56:50 AM Registry C:\Windows\system32\cmd.exe BLUETEAM\ezk cmd.exe /C nltest /domain_trusts 1520 10688",benign
cmd.exe,7380,RegCloseKey,HKLM\System\CurrentControlSet\Control\Session Manager,SUCCESS,,4/18/2022 10:56:50 AM,Registry,C:\Windows\system32\cmd.exe,BLUETEAM\ezk,cmd.exe /C nltest /domain_trusts,1520,10688,cmd.exe 7380 RegCloseKey HKLM\System\CurrentControlSet\Control\Session Manager SUCCESS None 4/18/2022 10:56:50 AM Registry C:\Windows\system32\cmd.exe BLUETEAM\ezk cmd.exe /C nltest /domain_trusts 1520 10688,benign
cmd.exe,7380,RegQueryValue,HKLM\System\CurrentControlSet\Control\Session Manager\ResourcePolicies,NAME NOT FOUND,Length: 24,4/18/2022 10:56:50 AM,Registry,C:\Windows\system32\cmd.exe,BLUETEAM\ezk,cmd.exe /C nltest /domain_trusts,1520,10688,cmd.exe 7380 RegQueryValue HKLM\System\CurrentControlSet\Control\Session Manager\ResourcePolicies NAME NOT FOUND Length: 24 4/18/2022 10:56:50 AM Registry C:\Windows\system32\cmd.exe BLUETEAM\ezk cmd.exe /C nltest /domain_trusts 1520 10688,benign
cmd.exe,7380,RegOpenKey,HKLM\System\CurrentControlSet\Control\Session Manager,SUCCESS,"Desired Access: Query Value, Enumerate Sub Keys",4/18/2022 10:56:50 AM,Registry,C:\Windows\system32\cmd.exe,BLUETEAM\ezk,cmd.exe /C nltest /domain_trusts,1520,10688,"cmd.exe 7380 RegOpenKey HKLM\System\CurrentControlSet\Control\Session Manager SUCCESS Desired Access: Query Value, Enumerate Sub Keys 4/18/2022 10:56:50 AM Registry C:\Windows\system32\cmd.exe BLUETEAM\ezk cmd.exe /C nltest /domain_trusts 1520 10688",benign
cmd.exe,7380,RegOpenKey,HKLM\SYSTEM\CurrentControlSet\Control\Session Manager,REPARSE,"Desired Access: Query Value, Enumerate Sub Keys",4/18/2022 10:56:50 AM,Registry,C:\Windows\system32\cmd.exe,BLUETEAM\ezk,cmd.exe /C nltest /domain_trusts,1520,10688,"cmd.exe 7380 RegOpenKey HKLM\SYSTEM\CurrentControlSet\Control\Session Manager REPARSE Desired Access: Query Value, Enumerate Sub Keys 4/18/2022 10:56:50 AM Registry C:\Windows\system32\cmd.exe BLUETEAM\ezk cmd.exe /C nltest /domain_trusts 1520 10688",benign
cmd.exe,7380,RegCloseKey,HKLM\System\CurrentControlSet\Control\Session Manager,SUCCESS,,4/18/2022 10:56:50 AM,Registry,C:\Windows\system32\cmd.exe,BLUETEAM\ezk,cmd.exe /C nltest /domain_trusts,1520,10688,cmd.exe 7380 RegCloseKey HKLM\System\CurrentControlSet\Control\Session Manager SUCCESS None 4/18/2022 10:56:50 AM Registry C:\Windows\system32\cmd.exe BLUETEAM\ezk cmd.exe /C nltest /domain_trusts 1520 10688,benign
cmd.exe,7380,RegQueryValue,HKLM\System\CurrentControlSet\Control\Session Manager\ResourcePolicies,NAME NOT FOUND,Length: 24,4/18/2022 10:56:50 AM,Registry,C:\Windows\system32\cmd.exe,BLUETEAM\ezk,cmd.exe /C nltest /domain_trusts,1520,10688,cmd.exe 7380 RegQueryValue HKLM\System\CurrentControlSet\Control\Session Manager\ResourcePolicies NAME NOT FOUND Length: 24 4/18/2022 10:56:50 AM Registry C:\Windows\system32\cmd.exe BLUETEAM\ezk cmd.exe /C nltest /domain_trusts 1520 10688,benign
cmd.exe,7380,RegOpenKey,HKLM\System\CurrentControlSet\Control\Session Manager,SUCCESS,"Desired Access: Query Value, Enumerate Sub Keys",4/18/2022 10:56:50 AM,Registry,C:\Windows\system32\cmd.exe,BLUETEAM\ezk,cmd.exe /C nltest /domain_trusts,1520,10688,"cmd.exe 7380 RegOpenKey HKLM\System\CurrentControlSet\Control\Session Manager SUCCESS Desired Access: Query Value, Enumerate Sub Keys 4/18/2022 10:56:50 AM Registry C:\Windows\system32\cmd.exe BLUETEAM\ezk cmd.exe /C nltest /domain_trusts 1520 10688",benign
cmd.exe,7380,RegOpenKey,HKLM\Software\Microsoft\Ole\FeatureDevelopmentProperties,NAME NOT FOUND,Desired Access: Read,4/18/2022 10:56:50 AM,Registry,C:\Windows\system32\cmd.exe,BLUETEAM\ezk,cmd.exe /C nltest /domain_trusts,1520,10688,cmd.exe 7380 RegOpenKey HKLM\Software\Microsoft\Ole\FeatureDevelopmentProperties NAME NOT FOUND Desired Access: Read 4/18/2022 10:56:50 AM Registry C:\Windows\system32\cmd.exe BLUETEAM\ezk cmd.exe /C nltest /domain_trusts 1520 10688,benign
nltest.exe,11004,CloseFile,C:\Windows\System32\en-US\nltest.exe.mui,SUCCESS,,4/18/2022 10:56:50 AM,File System,C:\Windows\system32\nltest.exe,BLUETEAM\ezk,nltest  /domain_trusts,10848,7380,nltest.exe 11004 CloseFile C:\Windows\System32\en-US\nltest.exe.mui SUCCESS None 4/18/2022 10:56:50 AM File System C:\Windows\system32\nltest.exe BLUETEAM\ezk nltest  /domain_trusts 10848 7380,benign
cmd.exe,7380,CreateFile,C:\,SUCCESS,"Desired Access: Read Data/List Directory, Synchronize, Disposition: Open, Options: Directory, Synchronous IO Non-Alert, Attributes: n/a, ShareMode: Read, Write, Delete, AllocationSize: n/a, OpenResult: Opened",4/18/2022 10:56:50 AM,File System,C:\Windows\system32\cmd.exe,BLUETEAM\ezk,cmd.exe /C nltest /domain_trusts,1520,10688,"cmd.exe 7380 CreateFile C:\ SUCCESS Desired Access: Read Data/List Directory, Synchronize, Disposition: Open, Options: Directory, Synchronous IO Non-Alert, Attributes: n/a, ShareMode: Read, Write, Delete, AllocationSize: n/a, OpenResult: Opened 4/18/2022 10:56:50 AM File System C:\Windows\system32\cmd.exe BLUETEAM\ezk cmd.exe /C nltest /domain_trusts 1520 10688",benign
cmd.exe,7380,CloseFile,C:\,SUCCESS,,4/18/2022 10:56:50 AM,File System,C:\Windows\system32\cmd.exe,BLUETEAM\ezk,cmd.exe /C nltest /domain_trusts,1520,10688,cmd.exe 7380 CloseFile C:\ SUCCESS None 4/18/2022 10:56:50 AM File System C:\Windows\system32\cmd.exe BLUETEAM\ezk cmd.exe /C nltest /domain_trusts 1520 10688,benign
cmd.exe,7380,RegQueryValue,HKLM\SOFTWARE\Microsoft\Windows\CurrentVersion\SideBySide\PreferExternalManifest,NAME NOT FOUND,Length: 20,4/18/2022 10:56:50 AM,Registry,C:\Windows\system32\cmd.exe,BLUETEAM\ezk,cmd.exe /C nltest /domain_trusts,1520,10688,cmd.exe 7380 RegQueryValue HKLM\SOFTWARE\Microsoft\Windows\CurrentVersion\SideBySide\PreferExternalManifest NAME NOT FOUND Length: 20 4/18/2022 10:56:50 AM Registry C:\Windows\system32\cmd.exe BLUETEAM\ezk cmd.exe /C nltest /domain_trusts 1520 10688,benign
cmd.exe,7380,RegOpenKey,HKLM\Software\Microsoft\Windows\CurrentVersion\SideBySide,SUCCESS,Desired Access: Read,4/18/2022 10:56:50 AM,Registry,C:\Windows\system32\cmd.exe,BLUETEAM\ezk,cmd.exe /C nltest /domain_trusts,1520,10688,cmd.exe 7380 RegOpenKey HKLM\Software\Microsoft\Windows\CurrentVersion\SideBySide SUCCESS Desired Access: Read 4/18/2022 10:56:50 AM Registry C:\Windows\system32\cmd.exe BLUETEAM\ezk cmd.exe /C nltest /domain_trusts 1520 10688,benign
cmd.exe,7380,QueryBasicInformationFile,C:\Windows\System32\nltest.exe,SUCCESS,"CreationTime: 9/22/2021 5:23:19 PM, LastAccessTime: 4/18/2022 10:56:50 AM, LastWriteTime: 9/22/2021 5:23:19 PM, ChangeTime: 10/15/2021 2:25:24 PM, FileAttributes: A",4/18/2022 10:56:50 AM,File System,C:\Windows\system32\cmd.exe,BLUETEAM\ezk,cmd.exe /C nltest /domain_trusts,1520,10688,"cmd.exe 7380 QueryBasicInformationFile C:\Windows\System32\nltest.exe SUCCESS CreationTime: 9/22/2021 5:23:19 PM, LastAccessTime: 4/18/2022 10:56:50 AM, LastWriteTime: 9/22/2021 5:23:19 PM, ChangeTime: 10/15/2021 2:25:24 PM, FileAttributes: A 4/18/2022 10:56:50 AM File System C:\Windows\system32\cmd.exe BLUETEAM\ezk cmd.exe /C nltest /domain_trusts 1520 10688",benign
cmd.exe,7380,CloseFile,C:\Windows\apppatch\sysmain.sdb,SUCCESS,,4/18/2022 10:56:50 AM,File System,C:\Windows\system32\cmd.exe,BLUETEAM\ezk,cmd.exe /C nltest /domain_trusts,1520,10688,cmd.exe 7380 CloseFile C:\Windows\apppatch\sysmain.sdb SUCCESS None 4/18/2022 10:56:50 AM File System C:\Windows\system32\cmd.exe BLUETEAM\ezk cmd.exe /C nltest /domain_trusts 1520 10688,benign
cmd.exe,7380,QueryBasicInformationFile,C:\Windows\apppatch\sysmain.sdb,SUCCESS,"CreationTime: 9/22/2021 5:21:28 PM, LastAccessTime: 4/18/2022 10:56:43 AM, LastWriteTime: 9/22/2021 5:21:28 PM, ChangeTime: 10/15/2021 2:23:18 PM, FileAttributes: A",4/18/2022 10:56:50 AM,File System,C:\Windows\system32\cmd.exe,BLUETEAM\ezk,cmd.exe /C nltest /domain_trusts,1520,10688,"cmd.exe 7380 QueryBasicInformationFile C:\Windows\apppatch\sysmain.sdb SUCCESS CreationTime: 9/22/2021 5:21:28 PM, LastAccessTime: 4/18/2022 10:56:43 AM, LastWriteTime: 9/22/2021 5:21:28 PM, ChangeTime: 10/15/2021 2:23:18 PM, FileAttributes: A 4/18/2022 10:56:50 AM File System C:\Windows\system32\cmd.exe BLUETEAM\ezk cmd.exe /C nltest /domain_trusts 1520 10688",benign
cmd.exe,7380,CreateFile,C:\Windows\apppatch\sysmain.sdb,SUCCESS,"Desired Access: Generic Read, Disposition: Open, Options: Synchronous IO Non-Alert, Non-Directory File, Attributes: N, ShareMode: Read, AllocationSize: n/a, OpenResult: Opened",4/18/2022 10:56:50 AM,File System,C:\Windows\system32\cmd.exe,BLUETEAM\ezk,cmd.exe /C nltest /domain_trusts,1520,10688,"cmd.exe 7380 CreateFile C:\Windows\apppatch\sysmain.sdb SUCCESS Desired Access: Generic Read, Disposition: Open, Options: Synchronous IO Non-Alert, Non-Directory File, Attributes: N, ShareMode: Read, AllocationSize: n/a, OpenResult: Opened 4/18/2022 10:56:50 AM File System C:\Windows\system32\cmd.exe BLUETEAM\ezk cmd.exe /C nltest /domain_trusts 1520 10688",benign
cmd.exe,7380,RegOpenKey,HKCU\SOFTWARE\Microsoft\Windows NT\CurrentVersion\AppCompatFlags\Layers,NAME NOT FOUND,Desired Access: Query Value,4/18/2022 10:56:50 AM,Registry,C:\Windows\system32\cmd.exe,BLUETEAM\ezk,cmd.exe /C nltest /domain_trusts,1520,10688,cmd.exe 7380 RegOpenKey HKCU\SOFTWARE\Microsoft\Windows NT\CurrentVersion\AppCompatFlags\Layers NAME NOT FOUND Desired Access: Query Value 4/18/2022 10:56:50 AM Registry C:\Windows\system32\cmd.exe BLUETEAM\ezk cmd.exe /C nltest /domain_trusts 1520 10688,benign
cmd.exe,7380,RegOpenKey,HKCU\Software\Microsoft\Windows NT\CurrentVersion,SUCCESS,Desired Access: Enumerate Sub Keys,4/18/2022 10:56:50 AM,Registry,C:\Windows\system32\cmd.exe,BLUETEAM\ezk,cmd.exe /C nltest /domain_trusts,1520,10688,cmd.exe 7380 RegOpenKey HKCU\Software\Microsoft\Windows NT\CurrentVersion SUCCESS Desired Access: Enumerate Sub Keys 4/18/2022 10:56:50 AM Registry C:\Windows\system32\cmd.exe BLUETEAM\ezk cmd.exe /C nltest /domain_trusts 1520 10688,benign
cmd.exe,7380,RegCloseKey,HKCU\SOFTWARE\Microsoft\Windows\CurrentVersion\Explorer\Shell Folders,SUCCESS,,4/18/2022 10:56:50 AM,Registry,C:\Windows\system32\cmd.exe,BLUETEAM\ezk,cmd.exe /C nltest /domain_trusts,1520,10688,cmd.exe 7380 RegCloseKey HKCU\SOFTWARE\Microsoft\Windows\CurrentVersion\Explorer\Shell Folders SUCCESS None 4/18/2022 10:56:50 AM Registry C:\Windows\system32\cmd.exe BLUETEAM\ezk cmd.exe /C nltest /domain_trusts 1520 10688,benign
cmd.exe,7380,RegQueryValue,HKCU\SOFTWARE\Microsoft\Windows\CurrentVersion\Explorer\Shell Folders\Cache,SUCCESS,"Type: REG_SZ, Length: 110, Data: C:\Users\ezk\AppData\Local\Microsoft\Windows\INetCache",4/18/2022 10:56:50 AM,Registry,C:\Windows\system32\cmd.exe,BLUETEAM\ezk,cmd.exe /C nltest /domain_trusts,1520,10688,"cmd.exe 7380 RegQueryValue HKCU\SOFTWARE\Microsoft\Windows\CurrentVersion\Explorer\Shell Folders\Cache SUCCESS Type: REG_SZ, Length: 110, Data: C:\Users\ezk\AppData\Local\Microsoft\Windows\INetCache 4/18/2022 10:56:50 AM Registry C:\Windows\system32\cmd.exe BLUETEAM\ezk cmd.exe /C nltest /domain_trusts 1520 10688",benign
cmd.exe,7380,RegOpenKey,HKCU\Software\Microsoft\Windows\CurrentVersion\Explorer\Shell Folders,SUCCESS,Desired Access: Query Value,4/18/2022 10:56:50 AM,Registry,C:\Windows\system32\cmd.exe,BLUETEAM\ezk,cmd.exe /C nltest /domain_trusts,1520,10688,cmd.exe 7380 RegOpenKey HKCU\Software\Microsoft\Windows\CurrentVersion\Explorer\Shell Folders SUCCESS Desired Access: Query Value 4/18/2022 10:56:50 AM Registry C:\Windows\system32\cmd.exe BLUETEAM\ezk cmd.exe /C nltest /domain_trusts 1520 10688,benign
cmd.exe,7380,RegCloseKey,HKLM\SOFTWARE\Microsoft\Windows\CurrentVersion\SideBySide,SUCCESS,,4/18/2022 10:56:50 AM,Registry,C:\Windows\system32\cmd.exe,BLUETEAM\ezk,cmd.exe /C nltest /domain_trusts,1520,10688,cmd.exe 7380 RegCloseKey HKLM\SOFTWARE\Microsoft\Windows\CurrentVersion\SideBySide SUCCESS None 4/18/2022 10:56:50 AM Registry C:\Windows\system32\cmd.exe BLUETEAM\ezk cmd.exe /C nltest /domain_trusts 1520 10688,benign
cmd.exe,7380,RegOpenKey,HKCU\Software\Policies\Microsoft\Windows\Safer\CodeIdentifiers,NAME NOT FOUND,Desired Access: Query Value,4/18/2022 10:56:50 AM,Registry,C:\Windows\system32\cmd.exe,BLUETEAM\ezk,cmd.exe /C nltest /domain_trusts,1520,10688,cmd.exe 7380 RegOpenKey HKCU\Software\Policies\Microsoft\Windows\Safer\CodeIdentifiers NAME NOT FOUND Desired Access: Query Value 4/18/2022 10:56:50 AM Registry C:\Windows\system32\cmd.exe BLUETEAM\ezk cmd.exe /C nltest /domain_trusts 1520 10688,benign
cmd.exe,7380,RegQueryValue,HKLM\SOFTWARE\Policies\Microsoft\Windows\safer\codeidentifiers\AuthenticodeEnabled,SUCCESS,"Type: REG_DWORD, Length: 4, Data: 0",4/18/2022 10:56:50 AM,Registry,C:\Windows\system32\cmd.exe,BLUETEAM\ezk,cmd.exe /C nltest /domain_trusts,1520,10688,"cmd.exe 7380 RegQueryValue HKLM\SOFTWARE\Policies\Microsoft\Windows\safer\codeidentifiers\AuthenticodeEnabled SUCCESS Type: REG_DWORD, Length: 4, Data: 0 4/18/2022 10:56:50 AM Registry C:\Windows\system32\cmd.exe BLUETEAM\ezk cmd.exe /C nltest /domain_trusts 1520 10688",benign
cmd.exe,7380,RegQueryValue,HKLM\SOFTWARE\Policies\Microsoft\Windows\safer\codeidentifiers\TransparentEnabled,NAME NOT FOUND,Length: 80,4/18/2022 10:56:50 AM,Registry,C:\Windows\system32\cmd.exe,BLUETEAM\ezk,cmd.exe /C nltest /domain_trusts,1520,10688,cmd.exe 7380 RegQueryValue HKLM\SOFTWARE\Policies\Microsoft\Windows\safer\codeidentifiers\TransparentEnabled NAME NOT FOUND Length: 80 4/18/2022 10:56:50 AM Registry C:\Windows\system32\cmd.exe BLUETEAM\ezk cmd.exe /C nltest /domain_trusts 1520 10688,benign
cmd.exe,7380,RegOpenKey,HKLM\Software\Policies\Microsoft\Windows\Safer\CodeIdentifiers,SUCCESS,Desired Access: Query Value,4/18/2022 10:56:50 AM,Registry,C:\Windows\system32\cmd.exe,BLUETEAM\ezk,cmd.exe /C nltest /domain_trusts,1520,10688,cmd.exe 7380 RegOpenKey HKLM\Software\Policies\Microsoft\Windows\Safer\CodeIdentifiers SUCCESS Desired Access: Query Value 4/18/2022 10:56:50 AM Registry C:\Windows\system32\cmd.exe BLUETEAM\ezk cmd.exe /C nltest /domain_trusts 1520 10688,benign
cmd.exe,7380,RegOpenKey,HKLM\System\CurrentControlSet\Control\SafeBoot\Option,NAME NOT FOUND,"Desired Access: Query Value, Set Value",4/18/2022 10:56:50 AM,Registry,C:\Windows\system32\cmd.exe,BLUETEAM\ezk,cmd.exe /C nltest /domain_trusts,1520,10688,"cmd.exe 7380 RegOpenKey HKLM\System\CurrentControlSet\Control\SafeBoot\Option NAME NOT FOUND Desired Access: Query Value, Set Value 4/18/2022 10:56:50 AM Registry C:\Windows\system32\cmd.exe BLUETEAM\ezk cmd.exe /C nltest /domain_trusts 1520 10688",benign
cmd.exe,7380,RegOpenKey,HKLM\System\CurrentControlSet\Control\SafeBoot\Option,REPARSE,"Desired Access: Query Value, Set Value",4/18/2022 10:56:50 AM,Registry,C:\Windows\system32\cmd.exe,BLUETEAM\ezk,cmd.exe /C nltest /domain_trusts,1520,10688,"cmd.exe 7380 RegOpenKey HKLM\System\CurrentControlSet\Control\SafeBoot\Option REPARSE Desired Access: Query Value, Set Value 4/18/2022 10:56:50 AM Registry C:\Windows\system32\cmd.exe BLUETEAM\ezk cmd.exe /C nltest /domain_trusts 1520 10688",benign
cmd.exe,7380,RegOpenKey,HKLM\System\CurrentControlSet\Control\Session Manager\AppCertDlls,NAME NOT FOUND,Desired Access: Query Value,4/18/2022 10:56:50 AM,Registry,C:\Windows\system32\cmd.exe,BLUETEAM\ezk,cmd.exe /C nltest /domain_trusts,1520,10688,cmd.exe 7380 RegOpenKey HKLM\System\CurrentControlSet\Control\Session Manager\AppCertDlls NAME NOT FOUND Desired Access: Query Value 4/18/2022 10:56:50 AM Registry C:\Windows\system32\cmd.exe BLUETEAM\ezk cmd.exe /C nltest /domain_trusts 1520 10688,benign
cmd.exe,7380,RegOpenKey,HKLM\System\CurrentControlSet\Control\Session Manager\AppCertDlls,REPARSE,Desired Access: Query Value,4/18/2022 10:56:50 AM,Registry,C:\Windows\system32\cmd.exe,BLUETEAM\ezk,cmd.exe /C nltest /domain_trusts,1520,10688,cmd.exe 7380 RegOpenKey HKLM\System\CurrentControlSet\Control\Session Manager\AppCertDlls REPARSE Desired Access: Query Value 4/18/2022 10:56:50 AM Registry C:\Windows\system32\cmd.exe BLUETEAM\ezk cmd.exe /C nltest /domain_trusts 1520 10688,benign
cmd.exe,7380,Process Create,C:\Windows\system32\nltest.exe,SUCCESS,"PID: 11004, Command line: nltest  /domain_trusts",4/18/2022 10:56:50 AM,Process,C:\Windows\system32\cmd.exe,BLUETEAM\ezk,cmd.exe /C nltest /domain_trusts,1520,10688,"cmd.exe 7380 Process Create C:\Windows\system32\nltest.exe SUCCESS PID: 11004, Command line: nltest  /domain_trusts 4/18/2022 10:56:50 AM Process C:\Windows\system32\cmd.exe BLUETEAM\ezk cmd.exe /C nltest /domain_trusts 1520 10688",benign
cmd.exe,7380,CloseFile,C:\Windows\System32\nltest.exe,SUCCESS,,4/18/2022 10:56:50 AM,File System,C:\Windows\system32\cmd.exe,BLUETEAM\ezk,cmd.exe /C nltest /domain_trusts,1520,10688,cmd.exe 7380 CloseFile C:\Windows\System32\nltest.exe SUCCESS None 4/18/2022 10:56:50 AM File System C:\Windows\system32\cmd.exe BLUETEAM\ezk cmd.exe /C nltest /domain_trusts 1520 10688,benign
cmd.exe,7380,ReadFile,C:\Windows\System32\nltest.exe,SUCCESS,"Offset: 524,288, Length: 10,240, I/O Flags: Non-cached, Paging I/O, Synchronous Paging I/O, Priority: Normal",4/18/2022 10:56:50 AM,File System,C:\Windows\system32\cmd.exe,BLUETEAM\ezk,cmd.exe /C nltest /domain_trusts,1520,10688,"cmd.exe 7380 ReadFile C:\Windows\System32\nltest.exe SUCCESS Offset: 524,288, Length: 10,240, I/O Flags: Non-cached, Paging I/O, Synchronous Paging I/O, Priority: Normal 4/18/2022 10:56:50 AM File System C:\Windows\system32\cmd.exe BLUETEAM\ezk cmd.exe /C nltest /domain_trusts 1520 10688",benign
cmd.exe,7380,ReadFile,C:\Windows\System32\nltest.exe,SUCCESS,"Offset: 262,144, Length: 262,144, I/O Flags: Non-cached, Paging I/O, Synchronous Paging I/O, Priority: Normal",4/18/2022 10:56:50 AM,File System,C:\Windows\system32\cmd.exe,BLUETEAM\ezk,cmd.exe /C nltest /domain_trusts,1520,10688,"cmd.exe 7380 ReadFile C:\Windows\System32\nltest.exe SUCCESS Offset: 262,144, Length: 262,144, I/O Flags: Non-cached, Paging I/O, Synchronous Paging I/O, Priority: Normal 4/18/2022 10:56:50 AM File System C:\Windows\system32\cmd.exe BLUETEAM\ezk cmd.exe /C nltest /domain_trusts 1520 10688",benign
cmd.exe,7380,RegCloseKey,HKLM\SOFTWARE\Policies\Microsoft\Windows\safer\codeidentifiers,SUCCESS,,4/18/2022 10:56:50 AM,Registry,C:\Windows\system32\cmd.exe,BLUETEAM\ezk,cmd.exe /C nltest /domain_trusts,1520,10688,cmd.exe 7380 RegCloseKey HKLM\SOFTWARE\Policies\Microsoft\Windows\safer\codeidentifiers SUCCESS None 4/18/2022 10:56:50 AM Registry C:\Windows\system32\cmd.exe BLUETEAM\ezk cmd.exe /C nltest /domain_trusts 1520 10688,benign
cmd.exe,7380,CloseFile,C:\Windows\System32\nltest.exe,SUCCESS,,4/18/2022 10:56:50 AM,File System,C:\Windows\system32\cmd.exe,BLUETEAM\ezk,cmd.exe /C nltest /domain_trusts,1520,10688,cmd.exe 7380 CloseFile C:\Windows\System32\nltest.exe SUCCESS None 4/18/2022 10:56:50 AM File System C:\Windows\system32\cmd.exe BLUETEAM\ezk cmd.exe /C nltest /domain_trusts 1520 10688,benign
cmd.exe,7380,RegCloseKey,HKLM\SOFTWARE\Microsoft\Ole,SUCCESS,,4/18/2022 10:56:50 AM,Registry,C:\Windows\system32\cmd.exe,BLUETEAM\ezk,cmd.exe /C nltest /domain_trusts,1520,10688,cmd.exe 7380 RegCloseKey HKLM\SOFTWARE\Microsoft\Ole SUCCESS None 4/18/2022 10:56:50 AM Registry C:\Windows\system32\cmd.exe BLUETEAM\ezk cmd.exe /C nltest /domain_trusts 1520 10688,benign
cmd.exe,7380,RegCloseKey,HKLM,SUCCESS,,4/18/2022 10:56:50 AM,Registry,C:\Windows\system32\cmd.exe,BLUETEAM\ezk,cmd.exe /C nltest /domain_trusts,1520,10688,cmd.exe 7380 RegCloseKey HKLM SUCCESS None 4/18/2022 10:56:50 AM Registry C:\Windows\system32\cmd.exe BLUETEAM\ezk cmd.exe /C nltest /domain_trusts 1520 10688,benign
nltest.exe,11004,RegOpenKey,HKLM\System\CurrentControlSet\Control\SafeBoot\Option,REPARSE,"Desired Access: Query Value, Set Value",4/18/2022 10:56:50 AM,Registry,C:\Windows\system32\nltest.exe,BLUETEAM\ezk,nltest  /domain_trusts,10848,7380,"nltest.exe 11004 RegOpenKey HKLM\System\CurrentControlSet\Control\SafeBoot\Option REPARSE Desired Access: Query Value, Set Value 4/18/2022 10:56:50 AM Registry C:\Windows\system32\nltest.exe BLUETEAM\ezk nltest  /domain_trusts 10848 7380",benign
nltest.exe,11004,CreateFile,C:\Windows\System32,SUCCESS,"Desired Access: Execute/Traverse, Synchronize, Disposition: Open, Options: Directory, Synchronous IO Non-Alert, Attributes: n/a, ShareMode: Read, Write, AllocationSize: n/a, OpenResult: Opened",4/18/2022 10:56:50 AM,File System,C:\Windows\system32\nltest.exe,BLUETEAM\ezk,nltest  /domain_trusts,10848,7380,"nltest.exe 11004 CreateFile C:\Windows\System32 SUCCESS Desired Access: Execute/Traverse, Synchronize, Disposition: Open, Options: Directory, Synchronous IO Non-Alert, Attributes: n/a, ShareMode: Read, Write, AllocationSize: n/a, OpenResult: Opened 4/18/2022 10:56:50 AM File System C:\Windows\system32\nltest.exe BLUETEAM\ezk nltest  /domain_trusts 10848 7380",benign
nltest.exe,11004,RegCloseKey,HKLM\System\CurrentControlSet\Control\Session Manager,SUCCESS,,4/18/2022 10:56:50 AM,Registry,C:\Windows\system32\nltest.exe,BLUETEAM\ezk,nltest  /domain_trusts,10848,7380,nltest.exe 11004 RegCloseKey HKLM\System\CurrentControlSet\Control\Session Manager SUCCESS None 4/18/2022 10:56:50 AM Registry C:\Windows\system32\nltest.exe BLUETEAM\ezk nltest  /domain_trusts 10848 7380,benign
nltest.exe,11004,RegQueryValue,HKLM\System\CurrentControlSet\Control\Session Manager\ResourcePolicies,NAME NOT FOUND,Length: 24,4/18/2022 10:56:50 AM,Registry,C:\Windows\system32\nltest.exe,BLUETEAM\ezk,nltest  /domain_trusts,10848,7380,nltest.exe 11004 RegQueryValue HKLM\System\CurrentControlSet\Control\Session Manager\ResourcePolicies NAME NOT FOUND Length: 24 4/18/2022 10:56:50 AM Registry C:\Windows\system32\nltest.exe BLUETEAM\ezk nltest  /domain_trusts 10848 7380,benign
nltest.exe,11004,RegOpenKey,HKLM\System\CurrentControlSet\Control\Session Manager,SUCCESS,"Desired Access: Query Value, Enumerate Sub Keys",4/18/2022 10:56:50 AM,Registry,C:\Windows\system32\nltest.exe,BLUETEAM\ezk,nltest  /domain_trusts,10848,7380,"nltest.exe 11004 RegOpenKey HKLM\System\CurrentControlSet\Control\Session Manager SUCCESS Desired Access: Query Value, Enumerate Sub Keys 4/18/2022 10:56:50 AM Registry C:\Windows\system32\nltest.exe BLUETEAM\ezk nltest  /domain_trusts 10848 7380",benign
nltest.exe,11004,RegOpenKey,HKLM\SYSTEM\CurrentControlSet\Control\Session Manager,REPARSE,"Desired Access: Query Value, Enumerate Sub Keys",4/18/2022 10:56:50 AM,Registry,C:\Windows\system32\nltest.exe,BLUETEAM\ezk,nltest  /domain_trusts,10848,7380,"nltest.exe 11004 RegOpenKey HKLM\SYSTEM\CurrentControlSet\Control\Session Manager REPARSE Desired Access: Query Value, Enumerate Sub Keys 4/18/2022 10:56:50 AM Registry C:\Windows\system32\nltest.exe BLUETEAM\ezk nltest  /domain_trusts 10848 7380",benign
nltest.exe,11004,RegOpenKey,HKLM\System\CurrentControlSet\Control\Session Manager\Segment Heap,NAME NOT FOUND,Desired Access: Query Value,4/18/2022 10:56:50 AM,Registry,C:\Windows\system32\nltest.exe,BLUETEAM\ezk,nltest  /domain_trusts,10848,7380,nltest.exe 11004 RegOpenKey HKLM\System\CurrentControlSet\Control\Session Manager\Segment Heap NAME NOT FOUND Desired Access: Query Value 4/18/2022 10:56:50 AM Registry C:\Windows\system32\nltest.exe BLUETEAM\ezk nltest  /domain_trusts 10848 7380,benign
nltest.exe,11004,RegOpenKey,HKLM\SYSTEM\CurrentControlSet\Control\Session Manager\Segment Heap,REPARSE,Desired Access: Query Value,4/18/2022 10:56:50 AM,Registry,C:\Windows\system32\nltest.exe,BLUETEAM\ezk,nltest  /domain_trusts,10848,7380,nltest.exe 11004 RegOpenKey HKLM\SYSTEM\CurrentControlSet\Control\Session Manager\Segment Heap REPARSE Desired Access: Query Value 4/18/2022 10:56:50 AM Registry C:\Windows\system32\nltest.exe BLUETEAM\ezk nltest  /domain_trusts 10848 7380,benign
nltest.exe,11004,RegCloseKey,HKLM\System\CurrentControlSet\Control\Session Manager,SUCCESS,,4/18/2022 10:56:50 AM,Registry,C:\Windows\system32\nltest.exe,BLUETEAM\ezk,nltest  /domain_trusts,10848,7380,nltest.exe 11004 RegCloseKey HKLM\System\CurrentControlSet\Control\Session Manager SUCCESS None 4/18/2022 10:56:50 AM Registry C:\Windows\system32\nltest.exe BLUETEAM\ezk nltest  /domain_trusts 10848 7380,benign
nltest.exe,11004,RegQueryValue,HKLM\System\CurrentControlSet\Control\Session Manager\RaiseExceptionOnPossibleDeadlock,NAME NOT FOUND,Length: 80,4/18/2022 10:56:50 AM,Registry,C:\Windows\system32\nltest.exe,BLUETEAM\ezk,nltest  /domain_trusts,10848,7380,nltest.exe 11004 RegQueryValue HKLM\System\CurrentControlSet\Control\Session Manager\RaiseExceptionOnPossibleDeadlock NAME NOT FOUND Length: 80 4/18/2022 10:56:50 AM Registry C:\Windows\system32\nltest.exe BLUETEAM\ezk nltest  /domain_trusts 10848 7380,benign
nltest.exe,11004,RegOpenKey,HKLM\System\CurrentControlSet\Control\Session Manager,SUCCESS,Desired Access: Query Value,4/18/2022 10:56:50 AM,Registry,C:\Windows\system32\nltest.exe,BLUETEAM\ezk,nltest  /domain_trusts,10848,7380,nltest.exe 11004 RegOpenKey HKLM\System\CurrentControlSet\Control\Session Manager SUCCESS Desired Access: Query Value 4/18/2022 10:56:50 AM Registry C:\Windows\system32\nltest.exe BLUETEAM\ezk nltest  /domain_trusts 10848 7380,benign
nltest.exe,11004,RegOpenKey,HKLM\System\CurrentControlSet\Control\Session Manager,REPARSE,Desired Access: Query Value,4/18/2022 10:56:50 AM,Registry,C:\Windows\system32\nltest.exe,BLUETEAM\ezk,nltest  /domain_trusts,10848,7380,nltest.exe 11004 RegOpenKey HKLM\System\CurrentControlSet\Control\Session Manager REPARSE Desired Access: Query Value 4/18/2022 10:56:50 AM Registry C:\Windows\system32\nltest.exe BLUETEAM\ezk nltest  /domain_trusts 10848 7380,benign
nltest.exe,11004,CreateFile,C:\Windows\Prefetch\NLTEST.EXE-E3335D27.pf,NAME NOT FOUND,"Desired Access: Generic Read, Disposition: Open, Options: Synchronous IO Non-Alert, Attributes: n/a, ShareMode: None, AllocationSize: n/a",4/18/2022 10:56:50 AM,File System,C:\Windows\system32\nltest.exe,BLUETEAM\ezk,nltest  /domain_trusts,10848,7380,"nltest.exe 11004 CreateFile C:\Windows\Prefetch\NLTEST.EXE-E3335D27.pf NAME NOT FOUND Desired Access: Generic Read, Disposition: Open, Options: Synchronous IO Non-Alert, Attributes: n/a, ShareMode: None, AllocationSize: n/a 4/18/2022 10:56:50 AM File System C:\Windows\system32\nltest.exe BLUETEAM\ezk nltest  /domain_trusts 10848 7380",benign
nltest.exe,11004,Process Start,,SUCCESS,"Parent PID: 7380, Command line: nltest  /domain_trusts, Current directory: C:\Windows\system32\, Environment: ;	=C:=C:\Windows\System32;	ALLUSERSPROFILE=C:\ProgramData;	APPDATA=C:\Users\ezk\AppData\Roaming;	CommonProgramFiles=C:\Program Files\Common Files;	CommonProgramFiles(x86)=C:\Program Files (x86)\Common Files;	CommonProgramW6432=C:\Program Files\Common Files;	COMPUTERNAME=DESKTOP-BA1RQFC;	ComSpec=C:\Windows\system32\cmd.exe;	DriverData=C:\Windows\System32\Drivers\DriverData;	HOMEDRIVE=C:;	HOMEPATH=\Users\ezk;	LOCALAPPDATA=C:\Users\ezk\AppData\Local;	LOGONSERVER=\\DC02;	NUMBER_OF_PROCESSORS=2;	OneDrive=C:\Users\ezk\OneDrive;	OS=Windows_NT;	Path=C:\Windows\system32;C:\Windows;C:\Windows\System32\Wbem;C:\Windows\System32\WindowsPowerShell\v1.0\;C:\Windows\System32\OpenSSH\;C:\Users\ezk\AppData\Local\Microsoft\WindowsApps;	PATHEXT=.COM;.EXE;.BAT;.CMD;.VBS;.VBE;.JS;.JSE;.WSF;.WSH;.MSC;.CPL;	PROCESSOR_ARCHITECTURE=AMD64;	PROCESSOR_IDENTIFIER=Intel64 Family 6 Model 165 Stepping 5, GenuineIntel;	PROCESSOR_LEVEL=6;	PROCESSOR_REVISION=a505;	ProgramData=C:\ProgramData;	ProgramFiles=C:\Program Files;	ProgramFiles(x86)=C:\Program Files (x86);	ProgramW6432=C:\Program Files;	PROMPT=$P$G;	PSModulePath=C:\Users\ezk\Documents\WindowsPowerShell\Modules;C:\Program Files\WindowsPowerShell\Modules;C:\Windows\system32\WindowsPowerShell\v1.0\Modules;	PUBLIC=C:\Users\Public;	SystemDrive=C:;	SystemRoot=C:\Windows;	TEMP=C:\Users\ezk\AppData\Local\Temp;	TMP=C:\Users\ezk\AppData\Local\Temp;	USERDNSDOMAIN=BLUETEAM.COM;	USERDOMAIN=BLUETEAM;	USERDOMAIN_ROAMINGPROFILE=BLUETEAM;	USERNAME=ezk;	USERPROFILE=C:\Users\ezk;	windir=C:\Windows",4/18/2022 10:56:50 AM,Process,C:\Windows\system32\nltest.exe,BLUETEAM\ezk,nltest  /domain_trusts,1520,7380,"nltest.exe 11004 Process Start None SUCCESS Parent PID: 7380, Command line: nltest  /domain_trusts, Current directory: C:\Windows\system32\, Environment: ;	=C:=C:\Windows\System32;	ALLUSERSPROFILE=C:\ProgramData;	APPDATA=C:\Users\ezk\AppData\Roaming;	CommonProgramFiles=C:\Program Files\Common Files;	CommonProgramFiles(x86)=C:\Program Files (x86)\Common Files;	CommonProgramW6432=C:\Program Files\Common Files;	COMPUTERNAME=DESKTOP-BA1RQFC;	ComSpec=C:\Windows\system32\cmd.exe;	DriverData=C:\Windows\System32\Drivers\DriverData;	HOMEDRIVE=C:;	HOMEPATH=\Users\ezk;	LOCALAPPDATA=C:\Users\ezk\AppData\Local;	LOGONSERVER=\\DC02;	NUMBER_OF_PROCESSORS=2;	OneDrive=C:\Users\ezk\OneDrive;	OS=Windows_NT;	Path=C:\Windows\system32;C:\Windows;C:\Windows\System32\Wbem;C:\Windows\System32\WindowsPowerShell\v1.0\;C:\Windows\System32\OpenSSH\;C:\Users\ezk\AppData\Local\Microsoft\WindowsApps;	PATHEXT=.COM;.EXE;.BAT;.CMD;.VBS;.VBE;.JS;.JSE;.WSF;.WSH;.MSC;.CPL;	PROCESSOR_ARCHITECTURE=AMD64;	PROCESSOR_IDENTIFIER=Intel64 Family 6 Model 165 Stepping 5, GenuineIntel;	PROCESSOR_LEVEL=6;	PROCESSOR_REVISION=a505;	ProgramData=C:\ProgramData;	ProgramFiles=C:\Program Files;	ProgramFiles(x86)=C:\Program Files (x86);	ProgramW6432=C:\Program Files;	PROMPT=$P$G;	PSModulePath=C:\Users\ezk\Documents\WindowsPowerShell\Modules;C:\Program Files\WindowsPowerShell\Modules;C:\Windows\system32\WindowsPowerShell\v1.0\Modules;	PUBLIC=C:\Users\Public;	SystemDrive=C:;	SystemRoot=C:\Windows;	TEMP=C:\Users\ezk\AppData\Local\Temp;	TMP=C:\Users\ezk\AppData\Local\Temp;	USERDNSDOMAIN=BLUETEAM.COM;	USERDOMAIN=BLUETEAM;	USERDOMAIN_ROAMINGPROFILE=BLUETEAM;	USERNAME=ezk;	USERPROFILE=C:\Users\ezk;	windir=C:\Windows 4/18/2022 10:56:50 AM Process C:\Windows\system32\nltest.exe BLUETEAM\ezk nltest  /domain_trusts 1520 7380",malicious
cmd.exe,7380,RegCloseKey,HKCU\SOFTWARE\Microsoft\Windows NT\CurrentVersion,SUCCESS,,4/18/2022 10:56:50 AM,Registry,C:\Windows\system32\cmd.exe,BLUETEAM\ezk,cmd.exe /C nltest /domain_trusts,1520,10688,cmd.exe 7380 RegCloseKey HKCU\SOFTWARE\Microsoft\Windows NT\CurrentVersion SUCCESS None 4/18/2022 10:56:50 AM Registry C:\Windows\system32\cmd.exe BLUETEAM\ezk cmd.exe /C nltest /domain_trusts 1520 10688,benign
cmd.exe,7380,RegCloseKey,HKLM\SOFTWARE\Microsoft\Windows NT\CurrentVersion\Image File Execution Options,SUCCESS,,4/18/2022 10:56:50 AM,Registry,C:\Windows\system32\cmd.exe,BLUETEAM\ezk,cmd.exe /C nltest /domain_trusts,1520,10688,cmd.exe 7380 RegCloseKey HKLM\SOFTWARE\Microsoft\Windows NT\CurrentVersion\Image File Execution Options SUCCESS None 4/18/2022 10:56:50 AM Registry C:\Windows\system32\cmd.exe BLUETEAM\ezk cmd.exe /C nltest /domain_trusts 1520 10688,benign
cmd.exe,7380,RegCloseKey,HKLM\System\CurrentControlSet\Control\Nls\Sorting\Ids,SUCCESS,,4/18/2022 10:56:50 AM,Registry,C:\Windows\system32\cmd.exe,BLUETEAM\ezk,cmd.exe /C nltest /domain_trusts,1520,10688,cmd.exe 7380 RegCloseKey HKLM\System\CurrentControlSet\Control\Nls\Sorting\Ids SUCCESS None 4/18/2022 10:56:50 AM Registry C:\Windows\system32\cmd.exe BLUETEAM\ezk cmd.exe /C nltest /domain_trusts 1520 10688,benign
cmd.exe,7380,RegCloseKey,HKCU,SUCCESS,,4/18/2022 10:56:50 AM,Registry,C:\Windows\system32\cmd.exe,BLUETEAM\ezk,cmd.exe /C nltest /domain_trusts,1520,10688,cmd.exe 7380 RegCloseKey HKCU SUCCESS None 4/18/2022 10:56:50 AM Registry C:\Windows\system32\cmd.exe BLUETEAM\ezk cmd.exe /C nltest /domain_trusts 1520 10688,benign
cmd.exe,7380,RegCloseKey,HKLM\System\CurrentControlSet\Control\Nls\Sorting\Versions,SUCCESS,,4/18/2022 10:56:50 AM,Registry,C:\Windows\system32\cmd.exe,BLUETEAM\ezk,cmd.exe /C nltest /domain_trusts,1520,10688,cmd.exe 7380 RegCloseKey HKLM\System\CurrentControlSet\Control\Nls\Sorting\Versions SUCCESS None 4/18/2022 10:56:50 AM Registry C:\Windows\system32\cmd.exe BLUETEAM\ezk cmd.exe /C nltest /domain_trusts 1520 10688,benign
cmd.exe,7380,RegCloseKey,HKLM,SUCCESS,,4/18/2022 10:56:50 AM,Registry,C:\Windows\system32\cmd.exe,BLUETEAM\ezk,cmd.exe /C nltest /domain_trusts,1520,10688,cmd.exe 7380 RegCloseKey HKLM SUCCESS None 4/18/2022 10:56:50 AM Registry C:\Windows\system32\cmd.exe BLUETEAM\ezk cmd.exe /C nltest /domain_trusts 1520 10688,benign
cmd.exe,7380,CloseFile,C:\Windows\System32,SUCCESS,,4/18/2022 10:56:50 AM,File System,C:\Windows\system32\cmd.exe,BLUETEAM\ezk,cmd.exe /C nltest /domain_trusts,1520,10688,cmd.exe 7380 CloseFile C:\Windows\System32 SUCCESS None 4/18/2022 10:56:50 AM File System C:\Windows\system32\cmd.exe BLUETEAM\ezk cmd.exe /C nltest /domain_trusts 1520 10688,benign
cmd.exe,7380,RegCloseKey,HKLM\System\CurrentControlSet\Services\bam\State\UserSettings\S-1-5-21-4065680934-2604657585-3199708412-1106,SUCCESS,,4/18/2022 10:56:50 AM,Registry,C:\Windows\system32\cmd.exe,BLUETEAM\ezk,cmd.exe /C nltest /domain_trusts,1520,10688,cmd.exe 7380 RegCloseKey HKLM\System\CurrentControlSet\Services\bam\State\UserSettings\S-1-5-21-4065680934-2604657585-3199708412-1106 SUCCESS None 4/18/2022 10:56:50 AM Registry C:\Windows\system32\cmd.exe BLUETEAM\ezk cmd.exe /C nltest /domain_trusts 1520 10688,benign
cmd.exe,7380,RegSetValue,HKLM\System\CurrentControlSet\Services\bam\State\UserSettings\S-1-5-21-4065680934-2604657585-3199708412-1106\\Device\HarddiskVolume3\Windows\System32\cmd.exe,SUCCESS,"Type: REG_BINARY, Length: 24, Data: 7D 95 74 F3 CF 52 D8 01 00 00 00 00 00 00 00 00",4/18/2022 10:56:50 AM,Registry,C:\Windows\system32\cmd.exe,BLUETEAM\ezk,cmd.exe /C nltest /domain_trusts,1520,10688,"cmd.exe 7380 RegSetValue HKLM\System\CurrentControlSet\Services\bam\State\UserSettings\S-1-5-21-4065680934-2604657585-3199708412-1106\\Device\HarddiskVolume3\Windows\System32\cmd.exe SUCCESS Type: REG_BINARY, Length: 24, Data: 7D 95 74 F3 CF 52 D8 01 00 00 00 00 00 00 00 00 4/18/2022 10:56:50 AM Registry C:\Windows\system32\cmd.exe BLUETEAM\ezk cmd.exe /C nltest /domain_trusts 1520 10688",benign
cmd.exe,7380,RegQueryValue,HKLM\System\CurrentControlSet\Services\bam\State\UserSettings\S-1-5-21-4065680934-2604657585-3199708412-1106\\Device\HarddiskVolume3\Windows\System32\cmd.exe,SUCCESS,"Type: REG_BINARY, Length: 24, Data: C0 42 4C F3 CF 52 D8 01 00 00 00 00 00 00 00 00",4/18/2022 10:56:50 AM,Registry,C:\Windows\system32\cmd.exe,BLUETEAM\ezk,cmd.exe /C nltest /domain_trusts,1520,10688,"cmd.exe 7380 RegQueryValue HKLM\System\CurrentControlSet\Services\bam\State\UserSettings\S-1-5-21-4065680934-2604657585-3199708412-1106\\Device\HarddiskVolume3\Windows\System32\cmd.exe SUCCESS Type: REG_BINARY, Length: 24, Data: C0 42 4C F3 CF 52 D8 01 00 00 00 00 00 00 00 00 4/18/2022 10:56:50 AM Registry C:\Windows\system32\cmd.exe BLUETEAM\ezk cmd.exe /C nltest /domain_trusts 1520 10688",benign
cmd.exe,7380,RegOpenKey,HKLM\System\CurrentControlSet\Services\bam\State\UserSettings\S-1-5-21-4065680934-2604657585-3199708412-1106,SUCCESS,Desired Access: All Access,4/18/2022 10:56:50 AM,Registry,C:\Windows\system32\cmd.exe,BLUETEAM\ezk,cmd.exe /C nltest /domain_trusts,1520,10688,cmd.exe 7380 RegOpenKey HKLM\System\CurrentControlSet\Services\bam\State\UserSettings\S-1-5-21-4065680934-2604657585-3199708412-1106 SUCCESS Desired Access: All Access 4/18/2022 10:56:50 AM Registry C:\Windows\system32\cmd.exe BLUETEAM\ezk cmd.exe /C nltest /domain_trusts 1520 10688,benign
cmd.exe,7380,ReadFile,C:\Windows\System32\nltest.exe,SUCCESS,"Offset: 131,072, Length: 131,072, I/O Flags: Non-cached, Paging I/O, Synchronous Paging I/O, Priority: Normal",4/18/2022 10:56:50 AM,File System,C:\Windows\system32\cmd.exe,BLUETEAM\ezk,cmd.exe /C nltest /domain_trusts,1520,10688,"cmd.exe 7380 ReadFile C:\Windows\System32\nltest.exe SUCCESS Offset: 131,072, Length: 131,072, I/O Flags: Non-cached, Paging I/O, Synchronous Paging I/O, Priority: Normal 4/18/2022 10:56:50 AM File System C:\Windows\system32\cmd.exe BLUETEAM\ezk cmd.exe /C nltest /domain_trusts 1520 10688",benign
cmd.exe,7380,QueryDirectory,C:\Windows,SUCCESS,"FileInformationClass: FileBothDirectoryInformation, Filter: Windows, 2: Windows",4/18/2022 10:56:50 AM,File System,C:\Windows\system32\cmd.exe,BLUETEAM\ezk,cmd.exe /C nltest /domain_trusts,1520,10688,"cmd.exe 7380 QueryDirectory C:\Windows SUCCESS FileInformationClass: FileBothDirectoryInformation, Filter: Windows, 2: Windows 4/18/2022 10:56:50 AM File System C:\Windows\system32\cmd.exe BLUETEAM\ezk cmd.exe /C nltest /domain_trusts 1520 10688",benign
cmd.exe,7380,ReadFile,C:\Windows\System32\nltest.exe,SUCCESS,"Offset: 65,536, Length: 65,536, I/O Flags: Non-cached, Paging I/O, Synchronous Paging I/O, Priority: Normal",4/18/2022 10:56:50 AM,File System,C:\Windows\system32\cmd.exe,BLUETEAM\ezk,cmd.exe /C nltest /domain_trusts,1520,10688,"cmd.exe 7380 ReadFile C:\Windows\System32\nltest.exe SUCCESS Offset: 65,536, Length: 65,536, I/O Flags: Non-cached, Paging I/O, Synchronous Paging I/O, Priority: Normal 4/18/2022 10:56:50 AM File System C:\Windows\system32\cmd.exe BLUETEAM\ezk cmd.exe /C nltest /domain_trusts 1520 10688",benign
cmd.exe,7380,ReadFile,C:\Windows\System32\nltest.exe,SUCCESS,"Offset: 0, Length: 32,768, I/O Flags: Non-cached, Paging I/O, Synchronous Paging I/O, Priority: Normal",4/18/2022 10:56:50 AM,File System,C:\Windows\system32\cmd.exe,BLUETEAM\ezk,cmd.exe /C nltest /domain_trusts,1520,10688,"cmd.exe 7380 ReadFile C:\Windows\System32\nltest.exe SUCCESS Offset: 0, Length: 32,768, I/O Flags: Non-cached, Paging I/O, Synchronous Paging I/O, Priority: Normal 4/18/2022 10:56:50 AM File System C:\Windows\system32\cmd.exe BLUETEAM\ezk cmd.exe /C nltest /domain_trusts 1520 10688",benign
cmd.exe,7380,RegQueryValue,HKLM\System\CurrentControlSet\Control\Nls\Sorting\Versions\000603xx,SUCCESS,"Type: REG_SZ, Length: 26, Data: kernel32.dll",4/18/2022 10:56:50 AM,Registry,C:\Windows\system32\cmd.exe,BLUETEAM\ezk,cmd.exe /C nltest /domain_trusts,1520,10688,"cmd.exe 7380 RegQueryValue HKLM\System\CurrentControlSet\Control\Nls\Sorting\Versions\000603xx SUCCESS Type: REG_SZ, Length: 26, Data: kernel32.dll 4/18/2022 10:56:50 AM Registry C:\Windows\system32\cmd.exe BLUETEAM\ezk cmd.exe /C nltest /domain_trusts 1520 10688",benign
cmd.exe,7380,CloseFile,C:\Windows\System32,SUCCESS,,4/18/2022 10:56:50 AM,File System,C:\Windows\system32\cmd.exe,BLUETEAM\ezk,cmd.exe /C nltest /domain_trusts,1520,10688,cmd.exe 7380 CloseFile C:\Windows\System32 SUCCESS None 4/18/2022 10:56:50 AM File System C:\Windows\system32\cmd.exe BLUETEAM\ezk cmd.exe /C nltest /domain_trusts 1520 10688,benign
cmd.exe,7380,QueryDirectory,C:\Windows\System32\nltest.EXE,SUCCESS,"FileInformationClass: FileFullDirectoryInformation, Filter: nltest.EXE, 2: nltest.exe",4/18/2022 10:56:50 AM,File System,C:\Windows\system32\cmd.exe,BLUETEAM\ezk,cmd.exe /C nltest /domain_trusts,1520,10688,"cmd.exe 7380 QueryDirectory C:\Windows\System32\nltest.EXE SUCCESS FileInformationClass: FileFullDirectoryInformation, Filter: nltest.EXE, 2: nltest.exe 4/18/2022 10:56:50 AM File System C:\Windows\system32\cmd.exe BLUETEAM\ezk cmd.exe /C nltest /domain_trusts 1520 10688",benign
cmd.exe,7380,CreateFile,C:\Windows\System32,SUCCESS,"Desired Access: Read Data/List Directory, Synchronize, Disposition: Open, Options: Directory, Synchronous IO Non-Alert, Attributes: n/a, ShareMode: Read, Write, Delete, AllocationSize: n/a, OpenResult: Opened",4/18/2022 10:56:50 AM,File System,C:\Windows\system32\cmd.exe,BLUETEAM\ezk,cmd.exe /C nltest /domain_trusts,1520,10688,"cmd.exe 7380 CreateFile C:\Windows\System32 SUCCESS Desired Access: Read Data/List Directory, Synchronize, Disposition: Open, Options: Directory, Synchronous IO Non-Alert, Attributes: n/a, ShareMode: Read, Write, Delete, AllocationSize: n/a, OpenResult: Opened 4/18/2022 10:56:50 AM File System C:\Windows\system32\cmd.exe BLUETEAM\ezk cmd.exe /C nltest /domain_trusts 1520 10688",benign
cmd.exe,7380,CloseFile,C:\Windows\System32,SUCCESS,,4/18/2022 10:56:50 AM,File System,C:\Windows\system32\cmd.exe,BLUETEAM\ezk,cmd.exe /C nltest /domain_trusts,1520,10688,cmd.exe 7380 CloseFile C:\Windows\System32 SUCCESS None 4/18/2022 10:56:50 AM File System C:\Windows\system32\cmd.exe BLUETEAM\ezk cmd.exe /C nltest /domain_trusts 1520 10688,benign
cmd.exe,7380,QueryDirectory,C:\Windows\System32\nltest.COM,NO SUCH FILE,"FileInformationClass: FileFullDirectoryInformation, Filter: nltest.COM",4/18/2022 10:56:50 AM,File System,C:\Windows\system32\cmd.exe,BLUETEAM\ezk,cmd.exe /C nltest /domain_trusts,1520,10688,"cmd.exe 7380 QueryDirectory C:\Windows\System32\nltest.COM NO SUCH FILE FileInformationClass: FileFullDirectoryInformation, Filter: nltest.COM 4/18/2022 10:56:50 AM File System C:\Windows\system32\cmd.exe BLUETEAM\ezk cmd.exe /C nltest /domain_trusts 1520 10688",benign
cmd.exe,7380,CreateFile,C:\Windows\System32,SUCCESS,"Desired Access: Read Data/List Directory, Synchronize, Disposition: Open, Options: Directory, Synchronous IO Non-Alert, Attributes: n/a, ShareMode: Read, Write, Delete, AllocationSize: n/a, OpenResult: Opened",4/18/2022 10:56:50 AM,File System,C:\Windows\system32\cmd.exe,BLUETEAM\ezk,cmd.exe /C nltest /domain_trusts,1520,10688,"cmd.exe 7380 CreateFile C:\Windows\System32 SUCCESS Desired Access: Read Data/List Directory, Synchronize, Disposition: Open, Options: Directory, Synchronous IO Non-Alert, Attributes: n/a, ShareMode: Read, Write, Delete, AllocationSize: n/a, OpenResult: Opened 4/18/2022 10:56:50 AM File System C:\Windows\system32\cmd.exe BLUETEAM\ezk cmd.exe /C nltest /domain_trusts 1520 10688",benign
cmd.exe,7380,CloseFile,C:\Windows\System32,SUCCESS,,4/18/2022 10:56:50 AM,File System,C:\Windows\system32\cmd.exe,BLUETEAM\ezk,cmd.exe /C nltest /domain_trusts,1520,10688,cmd.exe 7380 CloseFile C:\Windows\System32 SUCCESS None 4/18/2022 10:56:50 AM File System C:\Windows\system32\cmd.exe BLUETEAM\ezk cmd.exe /C nltest /domain_trusts 1520 10688,benign
cmd.exe,7380,QueryDirectory,C:\Windows\System32\nltest.*,SUCCESS,"FileInformationClass: FileFullDirectoryInformation, Filter: nltest.*, 2: nltest.exe",4/18/2022 10:56:50 AM,File System,C:\Windows\system32\cmd.exe,BLUETEAM\ezk,cmd.exe /C nltest /domain_trusts,1520,10688,"cmd.exe 7380 QueryDirectory C:\Windows\System32\nltest.* SUCCESS FileInformationClass: FileFullDirectoryInformation, Filter: nltest.*, 2: nltest.exe 4/18/2022 10:56:50 AM File System C:\Windows\system32\cmd.exe BLUETEAM\ezk cmd.exe /C nltest /domain_trusts 1520 10688",benign
cmd.exe,7380,CreateFile,C:\Windows\System32,SUCCESS,"Desired Access: Read Data/List Directory, Synchronize, Disposition: Open, Options: Directory, Synchronous IO Non-Alert, Attributes: n/a, ShareMode: Read, Write, Delete, AllocationSize: n/a, OpenResult: Opened",4/18/2022 10:56:50 AM,File System,C:\Windows\system32\cmd.exe,BLUETEAM\ezk,cmd.exe /C nltest /domain_trusts,1520,10688,"cmd.exe 7380 CreateFile C:\Windows\System32 SUCCESS Desired Access: Read Data/List Directory, Synchronize, Disposition: Open, Options: Directory, Synchronous IO Non-Alert, Attributes: n/a, ShareMode: Read, Write, Delete, AllocationSize: n/a, OpenResult: Opened 4/18/2022 10:56:50 AM File System C:\Windows\system32\cmd.exe BLUETEAM\ezk cmd.exe /C nltest /domain_trusts 1520 10688",benign
cmd.exe,7380,RegCloseKey,HKLM\System\CurrentControlSet\Control\Nls\ExtendedLocale,SUCCESS,,4/18/2022 10:56:50 AM,Registry,C:\Windows\system32\cmd.exe,BLUETEAM\ezk,cmd.exe /C nltest /domain_trusts,1520,10688,cmd.exe 7380 RegCloseKey HKLM\System\CurrentControlSet\Control\Nls\ExtendedLocale SUCCESS None 4/18/2022 10:56:50 AM Registry C:\Windows\system32\cmd.exe BLUETEAM\ezk cmd.exe /C nltest /domain_trusts 1520 10688,benign
cmd.exe,7380,CreateFile,C:\Windows\Globalization\Sorting\SortDefault.nls,SUCCESS,"Desired Access: Generic Read, Disposition: Open, Options: Synchronous IO Non-Alert, Non-Directory File, Attributes: N, ShareMode: Read, AllocationSize: n/a, OpenResult: Opened",4/18/2022 10:56:50 AM,File System,C:\Windows\system32\cmd.exe,BLUETEAM\ezk,cmd.exe /C nltest /domain_trusts,1520,10688,"cmd.exe 7380 CreateFile C:\Windows\Globalization\Sorting\SortDefault.nls SUCCESS Desired Access: Generic Read, Disposition: Open, Options: Synchronous IO Non-Alert, Non-Directory File, Attributes: N, ShareMode: Read, AllocationSize: n/a, OpenResult: Opened 4/18/2022 10:56:50 AM File System C:\Windows\system32\cmd.exe BLUETEAM\ezk cmd.exe /C nltest /domain_trusts 1520 10688",benign
cmd.exe,7380,RegQueryValue,HKLM\System\CurrentControlSet\Control\Nls\ExtendedLocale\en-US,NAME NOT FOUND,Length: 532,4/18/2022 10:56:50 AM,Registry,C:\Windows\system32\cmd.exe,BLUETEAM\ezk,cmd.exe /C nltest /domain_trusts,1520,10688,cmd.exe 7380 RegQueryValue HKLM\System\CurrentControlSet\Control\Nls\ExtendedLocale\en-US NAME NOT FOUND Length: 532 4/18/2022 10:56:50 AM Registry C:\Windows\system32\cmd.exe BLUETEAM\ezk cmd.exe /C nltest /domain_trusts 1520 10688,benign
cmd.exe,7380,RegOpenKey,HKLM\System\CurrentControlSet\Control\Nls\ExtendedLocale,REPARSE,Desired Access: Read,4/18/2022 10:56:50 AM,Registry,C:\Windows\system32\cmd.exe,BLUETEAM\ezk,cmd.exe /C nltest /domain_trusts,1520,10688,cmd.exe 7380 RegOpenKey HKLM\System\CurrentControlSet\Control\Nls\ExtendedLocale REPARSE Desired Access: Read 4/18/2022 10:56:50 AM Registry C:\Windows\system32\cmd.exe BLUETEAM\ezk cmd.exe /C nltest /domain_trusts 1520 10688,benign
cmd.exe,7380,RegCloseKey,HKLM\System\CurrentControlSet\Control\Nls\CustomLocale,SUCCESS,,4/18/2022 10:56:50 AM,Registry,C:\Windows\system32\cmd.exe,BLUETEAM\ezk,cmd.exe /C nltest /domain_trusts,1520,10688,cmd.exe 7380 RegCloseKey HKLM\System\CurrentControlSet\Control\Nls\CustomLocale SUCCESS None 4/18/2022 10:56:50 AM Registry C:\Windows\system32\cmd.exe BLUETEAM\ezk cmd.exe /C nltest /domain_trusts 1520 10688,benign
cmd.exe,7380,RegQueryValue,HKLM\System\CurrentControlSet\Control\Nls\CustomLocale\en-US,NAME NOT FOUND,Length: 532,4/18/2022 10:56:50 AM,Registry,C:\Windows\system32\cmd.exe,BLUETEAM\ezk,cmd.exe /C nltest /domain_trusts,1520,10688,cmd.exe 7380 RegQueryValue HKLM\System\CurrentControlSet\Control\Nls\CustomLocale\en-US NAME NOT FOUND Length: 532 4/18/2022 10:56:50 AM Registry C:\Windows\system32\cmd.exe BLUETEAM\ezk cmd.exe /C nltest /domain_trusts 1520 10688,benign
cmd.exe,7380,RegOpenKey,HKLM\System\CurrentControlSet\Control\Nls\CustomLocale,SUCCESS,Desired Access: Read,4/18/2022 10:56:50 AM,Registry,C:\Windows\system32\cmd.exe,BLUETEAM\ezk,cmd.exe /C nltest /domain_trusts,1520,10688,cmd.exe 7380 RegOpenKey HKLM\System\CurrentControlSet\Control\Nls\CustomLocale SUCCESS Desired Access: Read 4/18/2022 10:56:50 AM Registry C:\Windows\system32\cmd.exe BLUETEAM\ezk cmd.exe /C nltest /domain_trusts 1520 10688,benign
cmd.exe,7380,RegOpenKey,HKLM\System\CurrentControlSet\Control\Nls\CustomLocale,REPARSE,Desired Access: Read,4/18/2022 10:56:50 AM,Registry,C:\Windows\system32\cmd.exe,BLUETEAM\ezk,cmd.exe /C nltest /domain_trusts,1520,10688,cmd.exe 7380 RegOpenKey HKLM\System\CurrentControlSet\Control\Nls\CustomLocale REPARSE Desired Access: Read 4/18/2022 10:56:50 AM Registry C:\Windows\system32\cmd.exe BLUETEAM\ezk cmd.exe /C nltest /domain_trusts 1520 10688,benign
cmd.exe,7380,CloseFile,C:\Windows\System32,SUCCESS,,4/18/2022 10:56:50 AM,File System,C:\Windows\system32\cmd.exe,BLUETEAM\ezk,cmd.exe /C nltest /domain_trusts,1520,10688,cmd.exe 7380 CloseFile C:\Windows\System32 SUCCESS None 4/18/2022 10:56:50 AM File System C:\Windows\system32\cmd.exe BLUETEAM\ezk cmd.exe /C nltest /domain_trusts 1520 10688,benign
cmd.exe,7380,QueryBasicInformationFile,C:\Windows\System32,SUCCESS,"CreationTime: 12/7/2019 5:03:44 PM, LastAccessTime: 4/18/2022 10:56:50 AM, LastWriteTime: 4/18/2022 10:56:10 AM, ChangeTime: 4/18/2022 10:56:10 AM, FileAttributes: D",4/18/2022 10:56:50 AM,File System,C:\Windows\system32\cmd.exe,BLUETEAM\ezk,cmd.exe /C nltest /domain_trusts,1520,10688,"cmd.exe 7380 QueryBasicInformationFile C:\Windows\System32 SUCCESS CreationTime: 12/7/2019 5:03:44 PM, LastAccessTime: 4/18/2022 10:56:50 AM, LastWriteTime: 4/18/2022 10:56:10 AM, ChangeTime: 4/18/2022 10:56:10 AM, FileAttributes: D 4/18/2022 10:56:50 AM File System C:\Windows\system32\cmd.exe BLUETEAM\ezk cmd.exe /C nltest /domain_trusts 1520 10688",benign
cmd.exe,7380,CreateFile,C:\Windows\System32,SUCCESS,"Desired Access: Read Attributes, Disposition: Open, Options: Open Reparse Point, Attributes: n/a, ShareMode: Read, Write, Delete, AllocationSize: n/a, OpenResult: Opened",4/18/2022 10:56:50 AM,File System,C:\Windows\system32\cmd.exe,BLUETEAM\ezk,cmd.exe /C nltest /domain_trusts,1520,10688,"cmd.exe 7380 CreateFile C:\Windows\System32 SUCCESS Desired Access: Read Attributes, Disposition: Open, Options: Open Reparse Point, Attributes: n/a, ShareMode: Read, Write, Delete, AllocationSize: n/a, OpenResult: Opened 4/18/2022 10:56:50 AM File System C:\Windows\system32\cmd.exe BLUETEAM\ezk cmd.exe /C nltest /domain_trusts 1520 10688",benign
cmd.exe,7380,CloseFile,C:\Windows,SUCCESS,,4/18/2022 10:56:50 AM,File System,C:\Windows\system32\cmd.exe,BLUETEAM\ezk,cmd.exe /C nltest /domain_trusts,1520,10688,cmd.exe 7380 CloseFile C:\Windows SUCCESS None 4/18/2022 10:56:50 AM File System C:\Windows\system32\cmd.exe BLUETEAM\ezk cmd.exe /C nltest /domain_trusts 1520 10688,benign
cmd.exe,7380,QueryDirectory,C:\Windows\system32,SUCCESS,"FileInformationClass: FileBothDirectoryInformation, Filter: system32, 2: System32",4/18/2022 10:56:50 AM,File System,C:\Windows\system32\cmd.exe,BLUETEAM\ezk,cmd.exe /C nltest /domain_trusts,1520,10688,"cmd.exe 7380 QueryDirectory C:\Windows\system32 SUCCESS FileInformationClass: FileBothDirectoryInformation, Filter: system32, 2: System32 4/18/2022 10:56:50 AM File System C:\Windows\system32\cmd.exe BLUETEAM\ezk cmd.exe /C nltest /domain_trusts 1520 10688",benign
cmd.exe,7380,CreateFile,C:\Windows,SUCCESS,"Desired Access: Read Data/List Directory, Synchronize, Disposition: Open, Options: Directory, Synchronous IO Non-Alert, Attributes: n/a, ShareMode: Read, Write, Delete, AllocationSize: n/a, OpenResult: Opened",4/18/2022 10:56:50 AM,File System,C:\Windows\system32\cmd.exe,BLUETEAM\ezk,cmd.exe /C nltest /domain_trusts,1520,10688,"cmd.exe 7380 CreateFile C:\Windows SUCCESS Desired Access: Read Data/List Directory, Synchronize, Disposition: Open, Options: Directory, Synchronous IO Non-Alert, Attributes: n/a, ShareMode: Read, Write, Delete, AllocationSize: n/a, OpenResult: Opened 4/18/2022 10:56:50 AM File System C:\Windows\system32\cmd.exe BLUETEAM\ezk cmd.exe /C nltest /domain_trusts 1520 10688",benign
cmd.exe,7380,RegOpenKey,HKLM\System\CurrentControlSet\Control\Nls\ExtendedLocale,SUCCESS,Desired Access: Read,4/18/2022 10:56:50 AM,Registry,C:\Windows\system32\cmd.exe,BLUETEAM\ezk,cmd.exe /C nltest /domain_trusts,1520,10688,cmd.exe 7380 RegOpenKey HKLM\System\CurrentControlSet\Control\Nls\ExtendedLocale SUCCESS Desired Access: Read 4/18/2022 10:56:50 AM Registry C:\Windows\system32\cmd.exe BLUETEAM\ezk cmd.exe /C nltest /domain_trusts 1520 10688,benign
cmd.exe,7380,CloseFile,C:\Windows\Globalization\Sorting\SortDefault.nls,SUCCESS,,4/18/2022 10:56:50 AM,File System,C:\Windows\system32\cmd.exe,BLUETEAM\ezk,cmd.exe /C nltest /domain_trusts,1520,10688,cmd.exe 7380 CloseFile C:\Windows\Globalization\Sorting\SortDefault.nls SUCCESS None 4/18/2022 10:56:50 AM File System C:\Windows\system32\cmd.exe BLUETEAM\ezk cmd.exe /C nltest /domain_trusts 1520 10688,benign
cmd.exe,7380,RegOpenKey,HKLM\System\CurrentControlSet\Control\Nls\Sorting\Ids,REPARSE,Desired Access: Read,4/18/2022 10:56:50 AM,Registry,C:\Windows\system32\cmd.exe,BLUETEAM\ezk,cmd.exe /C nltest /domain_trusts,1520,10688,cmd.exe 7380 RegOpenKey HKLM\System\CurrentControlSet\Control\Nls\Sorting\Ids REPARSE Desired Access: Read 4/18/2022 10:56:50 AM Registry C:\Windows\system32\cmd.exe BLUETEAM\ezk cmd.exe /C nltest /domain_trusts 1520 10688,benign
cmd.exe,7380,RegOpenKey,HKLM\System\CurrentControlSet\Control\Nls\Sorting\Ids,SUCCESS,Desired Access: Read,4/18/2022 10:56:50 AM,Registry,C:\Windows\system32\cmd.exe,BLUETEAM\ezk,cmd.exe /C nltest /domain_trusts,1520,10688,cmd.exe 7380 RegOpenKey HKLM\System\CurrentControlSet\Control\Nls\Sorting\Ids SUCCESS Desired Access: Read 4/18/2022 10:56:50 AM Registry C:\Windows\system32\cmd.exe BLUETEAM\ezk cmd.exe /C nltest /domain_trusts 1520 10688,benign
cmd.exe,7380,QueryAllInformationFile,C:\Windows\System32\nltest.exe,SUCCESS,"CreationTime: 9/22/2021 5:23:19 PM, LastAccessTime: 9/24/2021 9:41:36 AM, LastWriteTime: 9/22/2021 5:23:19 PM, ChangeTime: 10/15/2021 2:25:24 PM, FileAttributes: A, AllocationSize: 536,576, EndOfFile: 534,528, NumberOfLinks: 2, DeletePending: False, Directory: False, IndexNumber: 0x1000000038a01, EaSize: 248, Access: Read Data/List Directory, Read Attributes, Synchronize, Position: 0, Mode: Sequential Access, Synchronous IO Alert, AlignmentRequirement: Long",4/18/2022 10:56:50 AM,File System,C:\Windows\system32\cmd.exe,BLUETEAM\ezk,cmd.exe /C nltest /domain_trusts,1520,10688,"cmd.exe 7380 QueryAllInformationFile C:\Windows\System32\nltest.exe SUCCESS CreationTime: 9/22/2021 5:23:19 PM, LastAccessTime: 9/24/2021 9:41:36 AM, LastWriteTime: 9/22/2021 5:23:19 PM, ChangeTime: 10/15/2021 2:25:24 PM, FileAttributes: A, AllocationSize: 536,576, EndOfFile: 534,528, NumberOfLinks: 2, DeletePending: False, Directory: False, IndexNumber: 0x1000000038a01, EaSize: 248, Access: Read Data/List Directory, Read Attributes, Synchronize, Position: 0, Mode: Sequential Access, Synchronous IO Alert, AlignmentRequirement: Long 4/18/2022 10:56:50 AM File System C:\Windows\system32\cmd.exe BLUETEAM\ezk cmd.exe /C nltest /domain_trusts 1520 10688",benign
cmd.exe,7380,CreateFile,C:\Windows\System32\nltest.exe,SUCCESS,"Desired Access: Read Data/List Directory, Read Attributes, Synchronize, Disposition: Open, Options: Sequential Access, Synchronous IO Alert, Non-Directory File, Attributes: N, ShareMode: Read, Delete, AllocationSize: n/a, OpenResult: Opened",4/18/2022 10:56:50 AM,File System,C:\Windows\system32\cmd.exe,BLUETEAM\ezk,cmd.exe /C nltest /domain_trusts,1520,10688,"cmd.exe 7380 CreateFile C:\Windows\System32\nltest.exe SUCCESS Desired Access: Read Data/List Directory, Read Attributes, Synchronize, Disposition: Open, Options: Sequential Access, Synchronous IO Alert, Non-Directory File, Attributes: N, ShareMode: Read, Delete, AllocationSize: n/a, OpenResult: Opened 4/18/2022 10:56:50 AM File System C:\Windows\system32\cmd.exe BLUETEAM\ezk cmd.exe /C nltest /domain_trusts 1520 10688",benign
cmd.exe,7380,CloseFile,C:\Windows\System32\nltest.exe,SUCCESS,,4/18/2022 10:56:50 AM,File System,C:\Windows\system32\cmd.exe,BLUETEAM\ezk,cmd.exe /C nltest /domain_trusts,1520,10688,cmd.exe 7380 CloseFile C:\Windows\System32\nltest.exe SUCCESS None 4/18/2022 10:56:50 AM File System C:\Windows\system32\cmd.exe BLUETEAM\ezk cmd.exe /C nltest /domain_trusts 1520 10688,benign
cmd.exe,7380,CreateFile,C:\Windows\System32\nltest.exe,SUCCESS,"Desired Access: Read Attributes, Disposition: Open, Options: Non-Directory File, Attributes: n/a, ShareMode: Read, Write, AllocationSize: n/a, OpenResult: Opened",4/18/2022 10:56:50 AM,File System,C:\Windows\system32\cmd.exe,BLUETEAM\ezk,cmd.exe /C nltest /domain_trusts,1520,10688,"cmd.exe 7380 CreateFile C:\Windows\System32\nltest.exe SUCCESS Desired Access: Read Attributes, Disposition: Open, Options: Non-Directory File, Attributes: n/a, ShareMode: Read, Write, AllocationSize: n/a, OpenResult: Opened 4/18/2022 10:56:50 AM File System C:\Windows\system32\cmd.exe BLUETEAM\ezk cmd.exe /C nltest /domain_trusts 1520 10688",benign
cmd.exe,7380,RegOpenKey,HKLM\System\CurrentControlSet\Control\Session Manager\BAM,NAME NOT FOUND,Desired Access: Query Value,4/18/2022 10:56:50 AM,Registry,C:\Windows\system32\cmd.exe,BLUETEAM\ezk,cmd.exe /C nltest /domain_trusts,1520,10688,cmd.exe 7380 RegOpenKey HKLM\System\CurrentControlSet\Control\Session Manager\BAM NAME NOT FOUND Desired Access: Query Value 4/18/2022 10:56:50 AM Registry C:\Windows\system32\cmd.exe BLUETEAM\ezk cmd.exe /C nltest /domain_trusts 1520 10688,benign
cmd.exe,7380,RegOpenKey,HKLM\SYSTEM\CurrentControlSet\Control\Session Manager\BAM,REPARSE,Desired Access: Query Value,4/18/2022 10:56:50 AM,Registry,C:\Windows\system32\cmd.exe,BLUETEAM\ezk,cmd.exe /C nltest /domain_trusts,1520,10688,cmd.exe 7380 RegOpenKey HKLM\SYSTEM\CurrentControlSet\Control\Session Manager\BAM REPARSE Desired Access: Query Value 4/18/2022 10:56:50 AM Registry C:\Windows\system32\cmd.exe BLUETEAM\ezk cmd.exe /C nltest /domain_trusts 1520 10688,benign
cmd.exe,7380,RegCloseKey,HKLM\System\CurrentControlSet\Services\bam\State\UserSettings\S-1-5-21-4065680934-2604657585-3199708412-1106,SUCCESS,,4/18/2022 10:56:50 AM,Registry,C:\Windows\system32\cmd.exe,BLUETEAM\ezk,cmd.exe /C nltest /domain_trusts,1520,10688,cmd.exe 7380 RegCloseKey HKLM\System\CurrentControlSet\Services\bam\State\UserSettings\S-1-5-21-4065680934-2604657585-3199708412-1106 SUCCESS None 4/18/2022 10:56:50 AM Registry C:\Windows\system32\cmd.exe BLUETEAM\ezk cmd.exe /C nltest /domain_trusts 1520 10688,benign
cmd.exe,7380,RegQueryValue,HKLM\System\CurrentControlSet\Services\bam\State\UserSettings\S-1-5-21-4065680934-2604657585-3199708412-1106\\Device\HarddiskVolume3\Windows\System32\nltest.exe,NAME NOT FOUND,Length: 40,4/18/2022 10:56:50 AM,Registry,C:\Windows\system32\cmd.exe,BLUETEAM\ezk,cmd.exe /C nltest /domain_trusts,1520,10688,cmd.exe 7380 RegQueryValue HKLM\System\CurrentControlSet\Services\bam\State\UserSettings\S-1-5-21-4065680934-2604657585-3199708412-1106\\Device\HarddiskVolume3\Windows\System32\nltest.exe NAME NOT FOUND Length: 40 4/18/2022 10:56:50 AM Registry C:\Windows\system32\cmd.exe BLUETEAM\ezk cmd.exe /C nltest /domain_trusts 1520 10688,benign
cmd.exe,7380,RegOpenKey,HKLM\System\CurrentControlSet\Services\bam\State\UserSettings\S-1-5-21-4065680934-2604657585-3199708412-1106,SUCCESS,Desired Access: All Access,4/18/2022 10:56:50 AM,Registry,C:\Windows\system32\cmd.exe,BLUETEAM\ezk,cmd.exe /C nltest /domain_trusts,1520,10688,cmd.exe 7380 RegOpenKey HKLM\System\CurrentControlSet\Services\bam\State\UserSettings\S-1-5-21-4065680934-2604657585-3199708412-1106 SUCCESS Desired Access: All Access 4/18/2022 10:56:50 AM Registry C:\Windows\system32\cmd.exe BLUETEAM\ezk cmd.exe /C nltest /domain_trusts 1520 10688,benign
cmd.exe,7380,ReadFile,C:\Windows\System32\nltest.exe,SUCCESS,"Offset: 512,512, Length: 2,560, I/O Flags: Non-cached, Paging I/O, Synchronous Paging I/O, Priority: Normal",4/18/2022 10:56:50 AM,File System,C:\Windows\system32\cmd.exe,BLUETEAM\ezk,cmd.exe /C nltest /domain_trusts,1520,10688,"cmd.exe 7380 ReadFile C:\Windows\System32\nltest.exe SUCCESS Offset: 512,512, Length: 2,560, I/O Flags: Non-cached, Paging I/O, Synchronous Paging I/O, Priority: Normal 4/18/2022 10:56:50 AM File System C:\Windows\system32\cmd.exe BLUETEAM\ezk cmd.exe /C nltest /domain_trusts 1520 10688",benign
cmd.exe,7380,RegOpenKey,HKLM\SOFTWARE\Microsoft\Windows NT\CurrentVersion\Image File Execution Options\nltest.exe,NAME NOT FOUND,"Desired Access: Query Value, Enumerate Sub Keys",4/18/2022 10:56:50 AM,Registry,C:\Windows\system32\cmd.exe,BLUETEAM\ezk,cmd.exe /C nltest /domain_trusts,1520,10688,"cmd.exe 7380 RegOpenKey HKLM\SOFTWARE\Microsoft\Windows NT\CurrentVersion\Image File Execution Options\nltest.exe NAME NOT FOUND Desired Access: Query Value, Enumerate Sub Keys 4/18/2022 10:56:50 AM Registry C:\Windows\system32\cmd.exe BLUETEAM\ezk cmd.exe /C nltest /domain_trusts 1520 10688",benign
cmd.exe,7380,ReadFile,C:\Windows\System32\nltest.exe,SUCCESS,"Offset: 531,456, Length: 3,072, I/O Flags: Non-cached, Paging I/O, Synchronous Paging I/O, Priority: Normal",4/18/2022 10:56:50 AM,File System,C:\Windows\system32\cmd.exe,BLUETEAM\ezk,cmd.exe /C nltest /domain_trusts,1520,10688,"cmd.exe 7380 ReadFile C:\Windows\System32\nltest.exe SUCCESS Offset: 531,456, Length: 3,072, I/O Flags: Non-cached, Paging I/O, Synchronous Paging I/O, Priority: Normal 4/18/2022 10:56:50 AM File System C:\Windows\system32\cmd.exe BLUETEAM\ezk cmd.exe /C nltest /domain_trusts 1520 10688",benign
cmd.exe,7380,ReadFile,C:\Windows\System32\nltest.exe,SUCCESS,"Offset: 515,072, Length: 16,384, I/O Flags: Non-cached, Paging I/O, Synchronous Paging I/O, Priority: Normal",4/18/2022 10:56:50 AM,File System,C:\Windows\system32\cmd.exe,BLUETEAM\ezk,cmd.exe /C nltest /domain_trusts,1520,10688,"cmd.exe 7380 ReadFile C:\Windows\System32\nltest.exe SUCCESS Offset: 515,072, Length: 16,384, I/O Flags: Non-cached, Paging I/O, Synchronous Paging I/O, Priority: Normal 4/18/2022 10:56:50 AM File System C:\Windows\system32\cmd.exe BLUETEAM\ezk cmd.exe /C nltest /domain_trusts 1520 10688",benign
cmd.exe,7380,ReadFile,C:\Windows\System32\nltest.exe,SUCCESS,"Offset: 37,888, Length: 16,384, I/O Flags: Non-cached, Paging I/O, Synchronous Paging I/O, Priority: Normal",4/18/2022 10:56:50 AM,File System,C:\Windows\system32\cmd.exe,BLUETEAM\ezk,cmd.exe /C nltest /domain_trusts,1520,10688,"cmd.exe 7380 ReadFile C:\Windows\System32\nltest.exe SUCCESS Offset: 37,888, Length: 16,384, I/O Flags: Non-cached, Paging I/O, Synchronous Paging I/O, Priority: Normal 4/18/2022 10:56:50 AM File System C:\Windows\system32\cmd.exe BLUETEAM\ezk cmd.exe /C nltest /domain_trusts 1520 10688",benign
cmd.exe,7380,ReadFile,C:\Windows\System32\nltest.exe,SUCCESS,"Offset: 345,088, Length: 15,360, I/O Flags: Non-cached, Paging I/O, Synchronous Paging I/O, Priority: Normal",4/18/2022 10:56:50 AM,File System,C:\Windows\system32\cmd.exe,BLUETEAM\ezk,cmd.exe /C nltest /domain_trusts,1520,10688,"cmd.exe 7380 ReadFile C:\Windows\System32\nltest.exe SUCCESS Offset: 345,088, Length: 15,360, I/O Flags: Non-cached, Paging I/O, Synchronous Paging I/O, Priority: Normal 4/18/2022 10:56:50 AM File System C:\Windows\system32\cmd.exe BLUETEAM\ezk cmd.exe /C nltest /domain_trusts 1520 10688",benign
cmd.exe,7380,ReadFile,C:\Windows\System32\nltest.exe,SUCCESS,"Offset: 0, Length: 4,096, I/O Flags: Non-cached, Paging I/O, Synchronous Paging I/O, Priority: Normal",4/18/2022 10:56:50 AM,File System,C:\Windows\system32\cmd.exe,BLUETEAM\ezk,cmd.exe /C nltest /domain_trusts,1520,10688,"cmd.exe 7380 ReadFile C:\Windows\System32\nltest.exe SUCCESS Offset: 0, Length: 4,096, I/O Flags: Non-cached, Paging I/O, Synchronous Paging I/O, Priority: Normal 4/18/2022 10:56:50 AM File System C:\Windows\system32\cmd.exe BLUETEAM\ezk cmd.exe /C nltest /domain_trusts 1520 10688",benign
cmd.exe,7380,CreateFile,C:\Windows\System32\nltest.exe,SUCCESS,"Desired Access: Read Data/List Directory, Execute/Traverse, Read Attributes, Synchronize, Disposition: Open, Options: Synchronous IO Non-Alert, Non-Directory File, Attributes: N, ShareMode: Read, Delete, AllocationSize: n/a, OpenResult: Opened",4/18/2022 10:56:50 AM,File System,C:\Windows\system32\cmd.exe,BLUETEAM\ezk,cmd.exe /C nltest /domain_trusts,1520,10688,"cmd.exe 7380 CreateFile C:\Windows\System32\nltest.exe SUCCESS Desired Access: Read Data/List Directory, Execute/Traverse, Read Attributes, Synchronize, Disposition: Open, Options: Synchronous IO Non-Alert, Non-Directory File, Attributes: N, ShareMode: Read, Delete, AllocationSize: n/a, OpenResult: Opened 4/18/2022 10:56:50 AM File System C:\Windows\system32\cmd.exe BLUETEAM\ezk cmd.exe /C nltest /domain_trusts 1520 10688",benign
cmd.exe,7380,RegOpenKey,HKLM\Software\Microsoft\Wow64\x86\xtajit,NAME NOT FOUND,Desired Access: Query Value,4/18/2022 10:56:50 AM,Registry,C:\Windows\system32\cmd.exe,BLUETEAM\ezk,cmd.exe /C nltest /domain_trusts,1520,10688,cmd.exe 7380 RegOpenKey HKLM\Software\Microsoft\Wow64\x86\xtajit NAME NOT FOUND Desired Access: Query Value 4/18/2022 10:56:50 AM Registry C:\Windows\system32\cmd.exe BLUETEAM\ezk cmd.exe /C nltest /domain_trusts 1520 10688,benign
cmd.exe,7380,RegOpenKey,HKLM\SOFTWARE\Microsoft\Windows NT\CurrentVersion\Image File Execution Options\nltest.exe,NAME NOT FOUND,"Desired Access: Query Value, Enumerate Sub Keys",4/18/2022 10:56:50 AM,Registry,C:\Windows\system32\cmd.exe,BLUETEAM\ezk,cmd.exe /C nltest /domain_trusts,1520,10688,"cmd.exe 7380 RegOpenKey HKLM\SOFTWARE\Microsoft\Windows NT\CurrentVersion\Image File Execution Options\nltest.exe NAME NOT FOUND Desired Access: Query Value, Enumerate Sub Keys 4/18/2022 10:56:50 AM Registry C:\Windows\system32\cmd.exe BLUETEAM\ezk cmd.exe /C nltest /domain_trusts 1520 10688",benign
cmd.exe,7380,RegOpenKey,HKLM\Software\Microsoft\Windows NT\CurrentVersion\Image File Execution Options,SUCCESS,"Desired Access: Query Value, Enumerate Sub Keys",4/18/2022 10:56:50 AM,Registry,C:\Windows\system32\cmd.exe,BLUETEAM\ezk,cmd.exe /C nltest /domain_trusts,1520,10688,"cmd.exe 7380 RegOpenKey HKLM\Software\Microsoft\Windows NT\CurrentVersion\Image File Execution Options SUCCESS Desired Access: Query Value, Enumerate Sub Keys 4/18/2022 10:56:50 AM Registry C:\Windows\system32\cmd.exe BLUETEAM\ezk cmd.exe /C nltest /domain_trusts 1520 10688",benign
cmd.exe,7380,CloseFile,C:\Windows\System32,SUCCESS,,4/18/2022 10:56:50 AM,File System,C:\Windows\system32\cmd.exe,BLUETEAM\ezk,cmd.exe /C nltest /domain_trusts,1520,10688,cmd.exe 7380 CloseFile C:\Windows\System32 SUCCESS None 4/18/2022 10:56:50 AM File System C:\Windows\system32\cmd.exe BLUETEAM\ezk cmd.exe /C nltest /domain_trusts 1520 10688,benign
cmd.exe,7380,QueryBasicInformationFile,C:\Windows\System32,SUCCESS,"CreationTime: 12/7/2019 5:03:44 PM, LastAccessTime: 4/18/2022 10:56:50 AM, LastWriteTime: 4/18/2022 10:56:10 AM, ChangeTime: 4/18/2022 10:56:10 AM, FileAttributes: D",4/18/2022 10:56:50 AM,File System,C:\Windows\system32\cmd.exe,BLUETEAM\ezk,cmd.exe /C nltest /domain_trusts,1520,10688,"cmd.exe 7380 QueryBasicInformationFile C:\Windows\System32 SUCCESS CreationTime: 12/7/2019 5:03:44 PM, LastAccessTime: 4/18/2022 10:56:50 AM, LastWriteTime: 4/18/2022 10:56:10 AM, ChangeTime: 4/18/2022 10:56:10 AM, FileAttributes: D 4/18/2022 10:56:50 AM File System C:\Windows\system32\cmd.exe BLUETEAM\ezk cmd.exe /C nltest /domain_trusts 1520 10688",benign
cmd.exe,7380,CreateFile,C:\Windows\System32,SUCCESS,"Desired Access: Read Attributes, Disposition: Open, Options: Open Reparse Point, Attributes: n/a, ShareMode: Read, Write, Delete, AllocationSize: n/a, OpenResult: Opened",4/18/2022 10:56:50 AM,File System,C:\Windows\system32\cmd.exe,BLUETEAM\ezk,cmd.exe /C nltest /domain_trusts,1520,10688,"cmd.exe 7380 CreateFile C:\Windows\System32 SUCCESS Desired Access: Read Attributes, Disposition: Open, Options: Open Reparse Point, Attributes: n/a, ShareMode: Read, Write, Delete, AllocationSize: n/a, OpenResult: Opened 4/18/2022 10:56:50 AM File System C:\Windows\system32\cmd.exe BLUETEAM\ezk cmd.exe /C nltest /domain_trusts 1520 10688",benign
cmd.exe,7380,RegQueryValue,HKLM\System\CurrentControlSet\Control\Nls\Sorting\Ids\en,NAME NOT FOUND,Length: 90,4/18/2022 10:56:50 AM,Registry,C:\Windows\system32\cmd.exe,BLUETEAM\ezk,cmd.exe /C nltest /domain_trusts,1520,10688,cmd.exe 7380 RegQueryValue HKLM\System\CurrentControlSet\Control\Nls\Sorting\Ids\en NAME NOT FOUND Length: 90 4/18/2022 10:56:50 AM Registry C:\Windows\system32\cmd.exe BLUETEAM\ezk cmd.exe /C nltest /domain_trusts 1520 10688,benign
cmd.exe,7380,RegQueryValue,HKLM\System\CurrentControlSet\Control\Nls\Sorting\Ids\en-US,NAME NOT FOUND,Length: 90,4/18/2022 10:56:50 AM,Registry,C:\Windows\system32\cmd.exe,BLUETEAM\ezk,cmd.exe /C nltest /domain_trusts,1520,10688,cmd.exe 7380 RegQueryValue HKLM\System\CurrentControlSet\Control\Nls\Sorting\Ids\en-US NAME NOT FOUND Length: 90 4/18/2022 10:56:50 AM Registry C:\Windows\system32\cmd.exe BLUETEAM\ezk cmd.exe /C nltest /domain_trusts 1520 10688,benign
cmd.exe,7380,ReadFile,C:\Windows\System32\nltest.exe,SUCCESS,"Offset: 32,768, Length: 32,768, I/O Flags: Non-cached, Paging I/O, Synchronous Paging I/O, Priority: Normal",4/18/2022 10:56:50 AM,File System,C:\Windows\system32\cmd.exe,BLUETEAM\ezk,cmd.exe /C nltest /domain_trusts,1520,10688,"cmd.exe 7380 ReadFile C:\Windows\System32\nltest.exe SUCCESS Offset: 32,768, Length: 32,768, I/O Flags: Non-cached, Paging I/O, Synchronous Paging I/O, Priority: Normal 4/18/2022 10:56:50 AM File System C:\Windows\system32\cmd.exe BLUETEAM\ezk cmd.exe /C nltest /domain_trusts 1520 10688",benign
nltest.exe,11004,RegCloseKey,HKLM\System\CurrentControlSet\Control\Nls\Sorting\Ids,SUCCESS,,4/18/2022 10:56:50 AM,Registry,C:\Windows\system32\nltest.exe,BLUETEAM\ezk,nltest  /domain_trusts,10848,7380,nltest.exe 11004 RegCloseKey HKLM\System\CurrentControlSet\Control\Nls\Sorting\Ids SUCCESS None 4/18/2022 10:56:50 AM Registry C:\Windows\system32\nltest.exe BLUETEAM\ezk nltest  /domain_trusts 10848 7380,benign
